Python CI / lint-format	UNKNOWN STEP	﻿2026-09-09T07:12:20.1279698Z Current runner version: '2.337.0'
Python CI / lint-format	UNKNOWN STEP	2026-09-09T07:12:20.1302367Z ##[group]Runner Image Provisioner
Python CI / lint-format	UNKNOWN STEP	2026-09-09T07:12:20.1303459Z Hosted Compute Agent
Python CI / lint-format	UNKNOWN STEP	2026-09-09T07:12:20.1304118Z Version: 20260828.587
Python CI / lint-format	UNKNOWN STEP	2026-09-09T07:12:20.1304873Z Commit: abac92662cab4cc7352de4f9f9d2e2419aad9c29
Python CI / lint-format	UNKNOWN STEP	2026-09-09T07:12:20.1305950Z Build Date: 2026-08-28T16:44:25Z
Python CI / lint-format	UNKNOWN STEP	2026-09-09T07:12:20.1306696Z Worker ID: {dc75785c-0a94-4304-8682-8846af8b435b}
Python CI / lint-format	UNKNOWN STEP	2026-09-09T07:12:20.1307475Z Azure Region: centralus
Python CI / lint-format	UNKNOWN STEP	2026-09-09T07:12:20.1308103Z ##[endgroup]
Python CI / lint-format	UNKNOWN STEP	2026-09-09T07:12:20.1309352Z ##[group]Operating System
Python CI / lint-format	UNKNOWN STEP	2026-09-09T07:12:20.1310047Z Ubuntu
Python CI / lint-format	UNKNOWN STEP	2026-09-09T07:12:20.1310631Z 24.04.4
Python CI / lint-format	UNKNOWN STEP	2026-09-09T07:12:20.1311189Z LTS
Python CI / lint-format	UNKNOWN STEP	2026-09-09T07:12:20.1311802Z ##[endgroup]
Python CI / lint-format	UNKNOWN STEP	2026-09-09T07:12:20.1312399Z ##[group]Runner Image
Python CI / lint-format	UNKNOWN STEP	2026-09-09T07:12:20.1313036Z Image: ubuntu-24.04
Python CI / lint-format	UNKNOWN STEP	2026-09-09T07:12:20.1313689Z Version: 20260831.293.1
Python CI / lint-format	UNKNOWN STEP	2026-09-09T07:12:20.1314862Z Included Software: https://github.com/actions/runner-images/blob/ubuntu24/20260831.293/images/ubuntu/Ubuntu2404-Readme.md
Python CI / lint-format	UNKNOWN STEP	2026-09-09T07:12:20.1316539Z Image Release: https://github.com/actions/runner-images/releases/tag/ubuntu24%2F20260831.293
Python CI / lint-format	UNKNOWN STEP	2026-09-09T07:12:20.1317452Z ##[endgroup]
Python CI / lint-format	UNKNOWN STEP	2026-09-09T07:12:20.1318589Z ##[group]GITHUB_TOKEN Permissions
Python CI / lint-format	UNKNOWN STEP	2026-09-09T07:12:20.1320633Z Contents: read
Python CI / lint-format	UNKNOWN STEP	2026-09-09T07:12:20.1321275Z Metadata: read
Python CI / lint-format	UNKNOWN STEP	2026-09-09T07:12:20.1321987Z ##[endgroup]
Python CI / lint-format	UNKNOWN STEP	2026-09-09T07:12:20.1324104Z Secret source: Actions
Python CI / lint-format	UNKNOWN STEP	2026-09-09T07:12:20.1325666Z Prepare workflow directory
Python CI / lint-format	UNKNOWN STEP	2026-09-09T07:12:20.1750500Z Prepare all required actions
Python CI / lint-format	UNKNOWN STEP	2026-09-09T07:12:20.1791139Z Getting action download info
Python CI / lint-format	UNKNOWN STEP	2026-09-09T07:12:20.4161484Z Download action repository 'actions/checkout@v7' (SHA:3d3c42e5aac5ba805825da76410c181273ba90b1)
Python CI / lint-format	UNKNOWN STEP	2026-09-09T07:12:20.5256138Z Download action repository 'actions/setup-python@v7' (SHA:5fda3b95a4ea91299a34e894583c3862153e4b97)
Python CI / lint-format	UNKNOWN STEP	2026-09-09T07:12:20.6893787Z Download action repository 'actions/setup-node@820762786026740c76f36085b0efc47a31fe5020' (SHA:820762786026740c76f36085b0efc47a31fe5020)
Python CI / lint-format	UNKNOWN STEP	2026-09-09T07:12:20.9717554Z Download action repository 'actions/cache@55cc8345863c7cc4c66a329aec7e433d2d1c52a9' (SHA:55cc8345863c7cc4c66a329aec7e433d2d1c52a9)
Python CI / lint-format	UNKNOWN STEP	2026-09-09T07:12:21.4833325Z Uses: stranske/Workflows/.github/workflows/reusable-10-ci-python.yml@refs/heads/main (afb75079055d61f864dc76ecedfde06aea9dd562)
Python CI / lint-format	UNKNOWN STEP	2026-09-09T07:12:21.4838935Z ##[group] Inputs
Python CI / lint-format	UNKNOWN STEP	2026-09-09T07:12:21.4840094Z   working-directory: .
Python CI / lint-format	UNKNOWN STEP	2026-09-09T07:12:21.4841180Z   workflows_ref: main
Python CI / lint-format	UNKNOWN STEP	2026-09-09T07:12:21.4842249Z   python-version: 3.12
Python CI / lint-format	UNKNOWN STEP	2026-09-09T07:12:21.4843362Z   python-versions: ["3.12", "3.13"]
Python CI / lint-format	UNKNOWN STEP	2026-09-09T07:12:21.4844547Z   changed-files-json: []
Python CI / lint-format	UNKNOWN STEP	2026-09-09T07:12:21.4846075Z   force-full: false
Python CI / lint-format	UNKNOWN STEP	2026-09-09T07:12:21.4847197Z   primary-python-version: 3.12
Python CI / lint-format	UNKNOWN STEP	2026-09-09T07:12:21.4848308Z   marker: 
Python CI / lint-format	UNKNOWN STEP	2026-09-09T07:12:21.4849323Z   pytest_markers: 
Python CI / lint-format	UNKNOWN STEP	2026-09-09T07:12:21.4850354Z   pytest_args: 
Python CI / lint-format	UNKNOWN STEP	2026-09-09T07:12:21.4851364Z   coverage-min: 80
Python CI / lint-format	UNKNOWN STEP	2026-09-09T07:12:21.4852421Z   lint: true
Python CI / lint-format	UNKNOWN STEP	2026-09-09T07:12:21.4853450Z   format_check: true
Python CI / lint-format	UNKNOWN STEP	2026-09-09T07:12:21.4854541Z   typecheck: true
Python CI / lint-format	UNKNOWN STEP	2026-09-09T07:12:21.4855711Z   run-mypy: true
Python CI / lint-format	UNKNOWN STEP	2026-09-09T07:12:21.4857075Z   coverage: true
Python CI / lint-format	UNKNOWN STEP	2026-09-09T07:12:21.4858099Z   cache: true
Python CI / lint-format	UNKNOWN STEP	2026-09-09T07:12:21.4859083Z   enable-metrics: false
Python CI / lint-format	UNKNOWN STEP	2026-09-09T07:12:21.4860143Z   slow-test-top: 15
Python CI / lint-format	UNKNOWN STEP	2026-09-09T07:12:21.4861203Z   slow-test-min-seconds: 1
Python CI / lint-format	UNKNOWN STEP	2026-09-09T07:12:21.4862279Z   enable-history: false
Python CI / lint-format	UNKNOWN STEP	2026-09-09T07:12:21.4863370Z   enable-classification: false
Python CI / lint-format	UNKNOWN STEP	2026-09-09T07:12:21.4864566Z   history-artifact-name: metrics-history.ndjson
Python CI / lint-format	UNKNOWN STEP	2026-09-09T07:12:21.4866070Z   enable-coverage-delta: false
Python CI / lint-format	UNKNOWN STEP	2026-09-09T07:12:21.4867234Z   baseline-coverage: 0
Python CI / lint-format	UNKNOWN STEP	2026-09-09T07:12:21.4868312Z   coverage-alert-drop: 1
Python CI / lint-format	UNKNOWN STEP	2026-09-09T07:12:21.4869407Z   fail-on-coverage-drop: false
Python CI / lint-format	UNKNOWN STEP	2026-09-09T07:12:21.4870580Z   coverage-drop-label: coverage-drop
Python CI / lint-format	UNKNOWN STEP	2026-09-09T07:12:21.4871753Z   enable-soft-gate: false
Python CI / lint-format	UNKNOWN STEP	2026-09-09T07:12:21.4872845Z   artifact-prefix: gate-
Python CI / lint-format	UNKNOWN STEP	2026-09-09T07:12:21.4873896Z ##[endgroup]
Python CI / lint-format	UNKNOWN STEP	2026-09-09T07:12:21.4875354Z Complete job name: Python CI / lint-format
Python CI / lint-format	UNKNOWN STEP	2026-09-09T07:12:21.5572199Z ##[group]Run actions/checkout@v7
Python CI / lint-format	UNKNOWN STEP	2026-09-09T07:12:21.5573584Z with:
Python CI / lint-format	UNKNOWN STEP	2026-09-09T07:12:21.5574572Z   repository: stranske/Workflows
Python CI / lint-format	UNKNOWN STEP	2026-09-09T07:12:21.5575995Z   ref: main
Python CI / lint-format	UNKNOWN STEP	2026-09-09T07:12:21.5577000Z   path: .workflows-lib
Python CI / lint-format	UNKNOWN STEP	2026-09-09T07:12:21.5578234Z   sparse-checkout: .github/actions/setup-api-client
Python CI / lint-format	UNKNOWN STEP	
Python CI / lint-format	UNKNOWN STEP	2026-09-09T07:12:21.5579678Z   sparse-checkout-cone-mode: false
Python CI / lint-format	UNKNOWN STEP	2026-09-09T07:12:21.5586026Z   token: ***
Python CI / lint-format	UNKNOWN STEP	2026-09-09T07:12:21.5587080Z   ssh-strict: true
Python CI / lint-format	UNKNOWN STEP	2026-09-09T07:12:21.5588080Z   ssh-user: git
Python CI / lint-format	UNKNOWN STEP	2026-09-09T07:12:21.5589084Z   persist-credentials: true
Python CI / lint-format	UNKNOWN STEP	2026-09-09T07:12:21.5590174Z   clean: true
Python CI / lint-format	UNKNOWN STEP	2026-09-09T07:12:21.5591143Z   fetch-depth: 1
Python CI / lint-format	UNKNOWN STEP	2026-09-09T07:12:21.5592127Z   fetch-tags: false
Python CI / lint-format	UNKNOWN STEP	2026-09-09T07:12:21.5593167Z   show-progress: true
Python CI / lint-format	UNKNOWN STEP	2026-09-09T07:12:21.5594180Z   lfs: false
Python CI / lint-format	UNKNOWN STEP	2026-09-09T07:12:21.5595193Z   submodules: false
Python CI / lint-format	UNKNOWN STEP	2026-09-09T07:12:21.5596397Z   set-safe-directory: true
Python CI / lint-format	UNKNOWN STEP	2026-09-09T07:12:21.5597502Z   allow-unsafe-pr-checkout: false
Python CI / lint-format	UNKNOWN STEP	2026-09-09T07:12:21.5598879Z env:
Python CI / lint-format	UNKNOWN STEP	2026-09-09T07:12:21.5599967Z   WORKDIR: .
Python CI / lint-format	UNKNOWN STEP	2026-09-09T07:12:21.5601010Z   WORKSPACE_ROOT: /home/runner/work/Ready/Ready
Python CI / lint-format	UNKNOWN STEP	2026-09-09T07:12:21.5602352Z   PROJECT_ROOT: /home/runner/work/Ready/Ready
Python CI / lint-format	UNKNOWN STEP	2026-09-09T07:12:21.5603609Z ##[endgroup]
Python CI / lint-format	UNKNOWN STEP	2026-09-09T07:12:21.6487931Z Syncing repository: stranske/Workflows
Python CI / lint-format	UNKNOWN STEP	2026-09-09T07:12:21.6490787Z ##[group]Getting Git version info
Python CI / lint-format	UNKNOWN STEP	2026-09-09T07:12:21.6492240Z Working directory is '/home/runner/work/Ready/Ready/.workflows-lib'
Python CI / lint-format	UNKNOWN STEP	2026-09-09T07:12:21.6494384Z [command]/usr/bin/git version
Python CI / lint-format	UNKNOWN STEP	2026-09-09T07:12:21.6532433Z git version 2.55.0
Python CI / lint-format	UNKNOWN STEP	2026-09-09T07:12:21.6548010Z ##[endgroup]
Python CI / lint-format	UNKNOWN STEP	2026-09-09T07:12:21.6556465Z Temporarily overriding HOME='/home/runner/work/_temp/6ec66081-dba7-4413-9417-63080fe450a7' before making global git config changes
Python CI / lint-format	UNKNOWN STEP	2026-09-09T07:12:21.6559739Z Adding repository directory to the temporary git global config as a safe directory
Python CI / lint-format	UNKNOWN STEP	2026-09-09T07:12:21.6562478Z [command]/usr/bin/git config --global --add safe.directory /home/runner/work/Ready/Ready/.workflows-lib
Python CI / lint-format	UNKNOWN STEP	2026-09-09T07:12:21.6598993Z ##[group]Determining repository object format
Python CI / lint-format	UNKNOWN STEP	2026-09-09T07:12:21.8857039Z ##[endgroup]
Python CI / lint-format	UNKNOWN STEP	2026-09-09T07:12:21.8859164Z ##[group]Initializing the repository
Python CI / lint-format	UNKNOWN STEP	2026-09-09T07:12:21.8863997Z [command]/usr/bin/git init /home/runner/work/Ready/Ready/.workflows-lib
Python CI / lint-format	UNKNOWN STEP	2026-09-09T07:12:21.8963525Z hint: Using 'master' as the name for the initial branch. This default branch name
Python CI / lint-format	UNKNOWN STEP	2026-09-09T07:12:21.8966053Z hint: will change to "main" in Git 3.0. To configure the initial branch name
Python CI / lint-format	UNKNOWN STEP	2026-09-09T07:12:21.8968415Z hint: to use in all of your new repositories, which will suppress this warning,
Python CI / lint-format	UNKNOWN STEP	2026-09-09T07:12:21.8970599Z hint: call:
Python CI / lint-format	UNKNOWN STEP	2026-09-09T07:12:21.8971686Z hint:
Python CI / lint-format	UNKNOWN STEP	2026-09-09T07:12:21.8972946Z hint: 	git config --global init.defaultBranch <name>
Python CI / lint-format	UNKNOWN STEP	2026-09-09T07:12:21.8974281Z hint:
Python CI / lint-format	UNKNOWN STEP	2026-09-09T07:12:21.8975789Z hint: Names commonly chosen instead of 'master' are 'main', 'trunk' and
Python CI / lint-format	UNKNOWN STEP	2026-09-09T07:12:21.8978103Z hint: 'development'. The just-created branch can be renamed via this command:
Python CI / lint-format	UNKNOWN STEP	2026-09-09T07:12:21.8980002Z hint:
Python CI / lint-format	UNKNOWN STEP	2026-09-09T07:12:21.8981125Z hint: 	git branch -m <name>
Python CI / lint-format	UNKNOWN STEP	2026-09-09T07:12:21.8982208Z hint:
Python CI / lint-format	UNKNOWN STEP	2026-09-09T07:12:21.8983652Z hint: Disable this message with "git config set advice.defaultBranchName false"
Python CI / lint-format	UNKNOWN STEP	2026-09-09T07:12:21.8986460Z Initialized empty Git repository in /home/runner/work/Ready/Ready/.workflows-lib/.git/
Python CI / lint-format	UNKNOWN STEP	2026-09-09T07:12:21.8992668Z [command]/usr/bin/git remote add origin https://github.com/stranske/Workflows
Python CI / lint-format	UNKNOWN STEP	2026-09-09T07:12:21.9032459Z ##[endgroup]
Python CI / lint-format	UNKNOWN STEP	2026-09-09T07:12:21.9034381Z ##[group]Disabling automatic garbage collection
Python CI / lint-format	UNKNOWN STEP	2026-09-09T07:12:21.9036006Z [command]/usr/bin/git config --local gc.auto 0
Python CI / lint-format	UNKNOWN STEP	2026-09-09T07:12:21.9059735Z ##[endgroup]
Python CI / lint-format	UNKNOWN STEP	2026-09-09T07:12:21.9061805Z ##[group]Setting up auth
Python CI / lint-format	UNKNOWN STEP	2026-09-09T07:12:21.9063308Z Removing SSH command configuration
Python CI / lint-format	UNKNOWN STEP	2026-09-09T07:12:21.9065054Z [command]/usr/bin/git config --local --name-only --get-regexp core\.sshCommand
Python CI / lint-format	UNKNOWN STEP	2026-09-09T07:12:21.9088318Z [command]/usr/bin/git submodule foreach --recursive sh -c "git config --local --name-only --get-regexp 'core\.sshCommand' && git config --local --unset-all 'core.sshCommand' || :"
Python CI / lint-format	UNKNOWN STEP	2026-09-09T07:12:21.9368700Z Removing HTTP extra header
Python CI / lint-format	UNKNOWN STEP	2026-09-09T07:12:21.9371244Z [command]/usr/bin/git config --local --name-only --get-regexp http\.https\:\/\/github\.com\/\.extraheader
Python CI / lint-format	UNKNOWN STEP	2026-09-09T07:12:21.9399270Z [command]/usr/bin/git submodule foreach --recursive sh -c "git config --local --name-only --get-regexp 'http\.https\:\/\/github\.com\/\.extraheader' && git config --local --unset-all 'http.https://github.com/.extraheader' || :"
Python CI / lint-format	UNKNOWN STEP	2026-09-09T07:12:21.9546431Z Removing includeIf entries pointing to credentials config files
Python CI / lint-format	UNKNOWN STEP	2026-09-09T07:12:21.9549303Z [command]/usr/bin/git config --local --name-only --get-regexp ^includeIf\.gitdir:
Python CI / lint-format	UNKNOWN STEP	2026-09-09T07:12:21.9572520Z [command]/usr/bin/git submodule foreach --recursive git config --local --show-origin --name-only --get-regexp remote.origin.url
Python CI / lint-format	UNKNOWN STEP	2026-09-09T07:12:21.9727176Z [command]/usr/bin/git config --file /home/runner/work/_temp/git-credentials-f73d4faf-d5d9-432c-8931-1b1653d42315.config http.https://github.com/.extraheader AUTHORIZATION: basic ***
Python CI / lint-format	UNKNOWN STEP	2026-09-09T07:12:21.9758433Z [command]/usr/bin/git config --local includeIf.gitdir:/home/runner/work/Ready/Ready/.workflows-lib/.git.path /home/runner/work/_temp/git-credentials-f73d4faf-d5d9-432c-8931-1b1653d42315.config
Python CI / lint-format	UNKNOWN STEP	2026-09-09T07:12:21.9779660Z [command]/usr/bin/git config --local includeIf.gitdir:/home/runner/work/Ready/Ready/.workflows-lib/.git/worktrees/*.path /home/runner/work/_temp/git-credentials-f73d4faf-d5d9-432c-8931-1b1653d42315.config
Python CI / lint-format	UNKNOWN STEP	2026-09-09T07:12:21.9802566Z [command]/usr/bin/git config --local includeIf.gitdir:/github/workspace/.workflows-lib/.git.path /github/runner_temp/git-credentials-f73d4faf-d5d9-432c-8931-1b1653d42315.config
Python CI / lint-format	UNKNOWN STEP	2026-09-09T07:12:21.9822644Z [command]/usr/bin/git config --local includeIf.gitdir:/github/workspace/.workflows-lib/.git/worktrees/*.path /github/runner_temp/git-credentials-f73d4faf-d5d9-432c-8931-1b1653d42315.config
Python CI / lint-format	UNKNOWN STEP	2026-09-09T07:12:21.9841349Z ##[endgroup]
Python CI / lint-format	UNKNOWN STEP	2026-09-09T07:12:21.9843025Z ##[group]Fetching the repository
Python CI / lint-format	UNKNOWN STEP	2026-09-09T07:12:21.9845963Z [command]/usr/bin/git -c protocol.version=2 fetch --no-tags --prune --no-recurse-submodules --filter=blob:none --depth=1 origin +refs/heads/main*:refs/remotes/origin/main* +refs/tags/main*:refs/tags/main*
Python CI / lint-format	UNKNOWN STEP	2026-09-09T07:12:22.5109698Z From https://github.com/stranske/Workflows
Python CI / lint-format	UNKNOWN STEP	2026-09-09T07:12:22.5110728Z  * [new branch]      main       -> origin/main
Python CI / lint-format	UNKNOWN STEP	2026-09-09T07:12:22.5117789Z ##[endgroup]
Python CI / lint-format	UNKNOWN STEP	2026-09-09T07:12:22.5119062Z ##[group]Determining the checkout info
Python CI / lint-format	UNKNOWN STEP	2026-09-09T07:12:22.5120383Z [command]/usr/bin/git branch --list --remote origin/main
Python CI / lint-format	UNKNOWN STEP	2026-09-09T07:12:22.5147839Z   origin/main
Python CI / lint-format	UNKNOWN STEP	2026-09-09T07:12:22.5150728Z ##[endgroup]
Python CI / lint-format	UNKNOWN STEP	2026-09-09T07:12:22.5152303Z ##[group]Setting up sparse checkout
Python CI / lint-format	UNKNOWN STEP	2026-09-09T07:12:22.5153411Z [command]/usr/bin/git config core.sparseCheckout true
Python CI / lint-format	UNKNOWN STEP	2026-09-09T07:12:22.5178095Z [command]/usr/bin/git rev-parse --git-path info/sparse-checkout
Python CI / lint-format	UNKNOWN STEP	2026-09-09T07:12:22.5243803Z .git/info/sparse-checkout
Python CI / lint-format	UNKNOWN STEP	2026-09-09T07:12:22.5272394Z ##[endgroup]
Python CI / lint-format	UNKNOWN STEP	2026-09-09T07:12:22.5273696Z ##[group]Checking out the ref
Python CI / lint-format	UNKNOWN STEP	2026-09-09T07:12:22.5274943Z [command]/usr/bin/git checkout --progress --force -B main refs/remotes/origin/main
Python CI / lint-format	UNKNOWN STEP	2026-09-09T07:12:23.1451417Z Switched to a new branch 'main'
Python CI / lint-format	UNKNOWN STEP	2026-09-09T07:12:23.1458355Z branch 'main' set up to track 'origin/main'.
Python CI / lint-format	UNKNOWN STEP	2026-09-09T07:12:23.1465129Z ##[endgroup]
Python CI / lint-format	UNKNOWN STEP	2026-09-09T07:12:23.1497424Z [command]/usr/bin/git log -1 --format=%H
Python CI / lint-format	UNKNOWN STEP	2026-09-09T07:12:23.1517501Z afb75079055d61f864dc76ecedfde06aea9dd562
Python CI / lint-format	UNKNOWN STEP	2026-09-09T07:12:23.1970564Z Prepare all required actions
Python CI / lint-format	UNKNOWN STEP	2026-09-09T07:12:23.2185053Z ##[group]Run ./.workflows-lib/.github/actions/setup-api-client
Python CI / lint-format	UNKNOWN STEP	2026-09-09T07:12:23.2185805Z with:
Python CI / lint-format	UNKNOWN STEP	2026-09-09T07:12:23.2188496Z   github_token: ***
Python CI / lint-format	UNKNOWN STEP	2026-09-09T07:12:23.2188977Z   workflows_app_id: ***
Python CI / lint-format	UNKNOWN STEP	2026-09-09T07:12:23.2194009Z   workflows_app_private_key: ***
Python CI / lint-format	UNKNOWN STEP	2026-09-09T07:12:23.2194536Z   skip_deps: false
Python CI / lint-format	UNKNOWN STEP	2026-09-09T07:12:23.2194951Z   verbose: false
Python CI / lint-format	UNKNOWN STEP	2026-09-09T07:12:23.2195348Z env:
Python CI / lint-format	UNKNOWN STEP	2026-09-09T07:12:23.2195944Z   WORKDIR: .
Python CI / lint-format	UNKNOWN STEP	2026-09-09T07:12:23.2196568Z   WORKSPACE_ROOT: /home/runner/work/Ready/Ready
Python CI / lint-format	UNKNOWN STEP	2026-09-09T07:12:23.2197063Z   PROJECT_ROOT: /home/runner/work/Ready/Ready
Python CI / lint-format	UNKNOWN STEP	2026-09-09T07:12:23.2197599Z ##[endgroup]
Python CI / lint-format	UNKNOWN STEP	2026-09-09T07:12:23.2250631Z ##[start-action display=Install API client dependencies;id=__self.__run]
Python CI / lint-format	UNKNOWN STEP	2026-09-09T07:12:23.2306164Z ##[group]Run set -euo pipefail
Python CI / lint-format	UNKNOWN STEP	2026-09-09T07:12:23.2307448Z ^[[36;1mset -euo pipefail^[[0m
Python CI / lint-format	UNKNOWN STEP	2026-09-09T07:12:23.2307906Z ^[[36;1m^[[0m
Python CI / lint-format	UNKNOWN STEP	2026-09-09T07:12:23.2308463Z ^[[36;1m# Use dedicated scripts dir, create if needed^[[0m
Python CI / lint-format	UNKNOWN STEP	2026-09-09T07:12:23.2308972Z ^[[36;1mINSTALL_DIR=""^[[0m
Python CI / lint-format	UNKNOWN STEP	2026-09-09T07:12:23.2309393Z ^[[36;1mif [ -z "$INSTALL_DIR" ]; then^[[0m
Python CI / lint-format	UNKNOWN STEP	2026-09-09T07:12:23.2309890Z ^[[36;1m  INSTALL_DIR="${GITHUB_WORKSPACE}/.github/scripts"^[[0m
Python CI / lint-format	UNKNOWN STEP	2026-09-09T07:12:23.2310400Z ^[[36;1mfi^[[0m
Python CI / lint-format	UNKNOWN STEP	2026-09-09T07:12:23.2310809Z ^[[36;1mmkdir -p "$INSTALL_DIR"^[[0m
Python CI / lint-format	UNKNOWN STEP	2026-09-09T07:12:23.2311253Z ^[[36;1m^[[0m
Python CI / lint-format	UNKNOWN STEP	2026-09-09T07:12:23.2311767Z ^[[36;1mecho "📦 Installing @octokit dependencies in $INSTALL_DIR..."^[[0m
Python CI / lint-format	UNKNOWN STEP	2026-09-09T07:12:23.2312374Z ^[[36;1mcd "$INSTALL_DIR"^[[0m
Python CI / lint-format	UNKNOWN STEP	2026-09-09T07:12:23.2312751Z ^[[36;1m^[[0m
Python CI / lint-format	UNKNOWN STEP	2026-09-09T07:12:23.2313183Z ^[[36;1mdeclare -a VENDORED_ALIAS_DIRS=()^[[0m
Python CI / lint-format	UNKNOWN STEP	2026-09-09T07:12:23.2313661Z ^[[36;1m^[[0m
Python CI / lint-format	UNKNOWN STEP	2026-09-09T07:12:23.2314031Z ^[[36;1mcleanup_vendor_aliases() {^[[0m
Python CI / lint-format	UNKNOWN STEP	2026-09-09T07:12:23.2314543Z ^[[36;1m  if [ "${#VENDORED_ALIAS_DIRS[@]}" -eq 0 ]; then^[[0m
Python CI / lint-format	UNKNOWN STEP	2026-09-09T07:12:23.2315042Z ^[[36;1m    return 0^[[0m
Python CI / lint-format	UNKNOWN STEP	2026-09-09T07:12:23.2315419Z ^[[36;1m  fi^[[0m
Python CI / lint-format	UNKNOWN STEP	2026-09-09T07:12:23.2315967Z ^[[36;1m^[[0m
Python CI / lint-format	UNKNOWN STEP	2026-09-09T07:12:23.2316423Z ^[[36;1m  local cleanup_dir="$INSTALL_DIR"^[[0m
Python CI / lint-format	UNKNOWN STEP	2026-09-09T07:12:23.2316883Z ^[[36;1m  if [ -z "$cleanup_dir" ]; then^[[0m
Python CI / lint-format	UNKNOWN STEP	2026-09-09T07:12:23.2317435Z ^[[36;1m    echo "::warning::Install dir is empty, skipping vendored alias cleanup"^[[0m
Python CI / lint-format	UNKNOWN STEP	2026-09-09T07:12:23.2317995Z ^[[36;1m    return 0^[[0m
Python CI / lint-format	UNKNOWN STEP	2026-09-09T07:12:23.2318381Z ^[[36;1m  fi^[[0m
Python CI / lint-format	UNKNOWN STEP	2026-09-09T07:12:23.2318777Z ^[[36;1m^[[0m
Python CI / lint-format	UNKNOWN STEP	2026-09-09T07:12:23.2319224Z ^[[36;1m  if ! pushd "$cleanup_dir" >/dev/null 2>&1; then^[[0m
Python CI / lint-format	UNKNOWN STEP	2026-09-09T07:12:23.2319826Z ^[[36;1m    echo "::warning::Failed to enter install dir \"$cleanup_dir\"; skipping vendored alias cleanup"^[[0m
Python CI / lint-format	UNKNOWN STEP	2026-09-09T07:12:23.2320433Z ^[[36;1m    return 0^[[0m
Python CI / lint-format	UNKNOWN STEP	2026-09-09T07:12:23.2321139Z ^[[36;1m  fi^[[0m
Python CI / lint-format	UNKNOWN STEP	2026-09-09T07:12:23.2321525Z ^[[36;1m^[[0m
Python CI / lint-format	UNKNOWN STEP	2026-09-09T07:12:23.2322010Z ^[[36;1m  for vendored_alias in "${VENDORED_ALIAS_DIRS[@]}"; do^[[0m
Python CI / lint-format	UNKNOWN STEP	2026-09-09T07:12:23.2322516Z ^[[36;1m    if [ -z "$vendored_alias" ]; then^[[0m
Python CI / lint-format	UNKNOWN STEP	2026-09-09T07:12:23.2322960Z ^[[36;1m      continue^[[0m
Python CI / lint-format	UNKNOWN STEP	2026-09-09T07:12:23.2323417Z ^[[36;1m    fi^[[0m
Python CI / lint-format	UNKNOWN STEP	2026-09-09T07:12:23.2323832Z ^[[36;1m    rm -rf -- "$vendored_alias" || true^[[0m
Python CI / lint-format	UNKNOWN STEP	2026-09-09T07:12:23.2324328Z ^[[36;1m    local parent_dir^[[0m
Python CI / lint-format	UNKNOWN STEP	2026-09-09T07:12:23.2324779Z ^[[36;1m    parent_dir=$(dirname "$vendored_alias")^[[0m
Python CI / lint-format	UNKNOWN STEP	2026-09-09T07:12:23.2325360Z ^[[36;1m    # Remove empty parent directories that may have been created for scoped packages^[[0m
Python CI / lint-format	UNKNOWN STEP	2026-09-09T07:12:23.2326204Z ^[[36;1m    while [ "$parent_dir" != "." ] && [ "$parent_dir" != "/" ]; do^[[0m
Python CI / lint-format	UNKNOWN STEP	2026-09-09T07:12:23.2326737Z ^[[36;1m      rmdir -- "$parent_dir" 2>/dev/null || break^[[0m
Python CI / lint-format	UNKNOWN STEP	2026-09-09T07:12:23.2327251Z ^[[36;1m      parent_dir=$(dirname "$parent_dir")^[[0m
Python CI / lint-format	UNKNOWN STEP	2026-09-09T07:12:23.2327745Z ^[[36;1m    done^[[0m
Python CI / lint-format	UNKNOWN STEP	2026-09-09T07:12:23.2328130Z ^[[36;1m  done^[[0m
Python CI / lint-format	UNKNOWN STEP	2026-09-09T07:12:23.2328523Z ^[[36;1m^[[0m
Python CI / lint-format	UNKNOWN STEP	2026-09-09T07:12:23.2328952Z ^[[36;1m  popd >/dev/null 2>&1 || true^[[0m
Python CI / lint-format	UNKNOWN STEP	2026-09-09T07:12:23.2329422Z ^[[36;1m}^[[0m
Python CI / lint-format	UNKNOWN STEP	2026-09-09T07:12:23.2329893Z ^[[36;1m^[[0m
Python CI / lint-format	UNKNOWN STEP	2026-09-09T07:12:23.2330283Z ^[[36;1mtrap cleanup_vendor_aliases EXIT^[[0m
Python CI / lint-format	UNKNOWN STEP	2026-09-09T07:12:23.2330911Z ^[[36;1m^[[0m
Python CI / lint-format	UNKNOWN STEP	2026-09-09T07:12:23.2331355Z ^[[36;1mcreate_vendor_aliases() {^[[0m
Python CI / lint-format	UNKNOWN STEP	2026-09-09T07:12:23.2331804Z ^[[36;1m  if [ ! -f "package.json" ]; then^[[0m
Python CI / lint-format	UNKNOWN STEP	2026-09-09T07:12:23.2332280Z ^[[36;1m    return 0^[[0m
Python CI / lint-format	UNKNOWN STEP	2026-09-09T07:12:23.2332692Z ^[[36;1m  fi^[[0m
Python CI / lint-format	UNKNOWN STEP	2026-09-09T07:12:23.2333063Z ^[[36;1m^[[0m
Python CI / lint-format	UNKNOWN STEP	2026-09-09T07:12:23.2333474Z ^[[36;1m  local alias_tmp^[[0m
Python CI / lint-format	UNKNOWN STEP	2026-09-09T07:12:23.2333908Z ^[[36;1m  alias_tmp=$(mktemp)^[[0m
Python CI / lint-format	UNKNOWN STEP	2026-09-09T07:12:23.2334306Z ^[[36;1m^[[0m
Python CI / lint-format	UNKNOWN STEP	2026-09-09T07:12:23.2334856Z ^[[36;1m  local helper_root="${GITHUB_ACTION_PATH:-${GITHUB_WORKSPACE}/.github/actions/setup-api-client}"^[[0m
Python CI / lint-format	UNKNOWN STEP	2026-09-09T07:12:23.2335845Z ^[[36;1m  local alias_helper="${helper_root}/create_vendor_aliases.js"^[[0m
Python CI / lint-format	UNKNOWN STEP	2026-09-09T07:12:23.2336365Z ^[[36;1m  if [ ! -f "$alias_helper" ]; then^[[0m
Python CI / lint-format	UNKNOWN STEP	2026-09-09T07:12:23.2336931Z ^[[36;1m    echo "::error::Missing vendored alias helper: $alias_helper"^[[0m
Python CI / lint-format	UNKNOWN STEP	2026-09-09T07:12:23.2337438Z ^[[36;1m    rm -f "$alias_tmp"^[[0m
Python CI / lint-format	UNKNOWN STEP	2026-09-09T07:12:23.2337894Z ^[[36;1m    return 1^[[0m
Python CI / lint-format	UNKNOWN STEP	2026-09-09T07:12:23.2338306Z ^[[36;1m  fi^[[0m
Python CI / lint-format	UNKNOWN STEP	2026-09-09T07:12:23.2338683Z ^[[36;1m^[[0m
Python CI / lint-format	UNKNOWN STEP	2026-09-09T07:12:23.2339156Z ^[[36;1m  if node "$alias_helper" "$INSTALL_DIR" >"$alias_tmp"; then^[[0m
Python CI / lint-format	UNKNOWN STEP	2026-09-09T07:12:23.2339638Z ^[[36;1m    :^[[0m
Python CI / lint-format	UNKNOWN STEP	2026-09-09T07:12:23.2340017Z ^[[36;1m  else^[[0m
Python CI / lint-format	UNKNOWN STEP	2026-09-09T07:12:23.2340504Z ^[[36;1m    echo "::error::Failed to prepare vendored dependency aliases"^[[0m
Python CI / lint-format	UNKNOWN STEP	2026-09-09T07:12:23.2341015Z ^[[36;1m    rm -f "$alias_tmp"^[[0m
Python CI / lint-format	UNKNOWN STEP	2026-09-09T07:12:23.2341448Z ^[[36;1m    return 1^[[0m
Python CI / lint-format	UNKNOWN STEP	2026-09-09T07:12:23.2341871Z ^[[36;1m  fi^[[0m
Python CI / lint-format	UNKNOWN STEP	2026-09-09T07:12:23.2342268Z ^[[36;1m^[[0m
Python CI / lint-format	UNKNOWN STEP	2026-09-09T07:12:23.2342676Z ^[[36;1m  while IFS= read -r vendored_alias; do^[[0m
Python CI / lint-format	UNKNOWN STEP	2026-09-09T07:12:23.2343181Z ^[[36;1m    if [ -z "$vendored_alias" ]; then^[[0m
Python CI / lint-format	UNKNOWN STEP	2026-09-09T07:12:23.2343636Z ^[[36;1m      continue^[[0m
Python CI / lint-format	UNKNOWN STEP	2026-09-09T07:12:23.2344048Z ^[[36;1m    fi^[[0m
Python CI / lint-format	UNKNOWN STEP	2026-09-09T07:12:23.2344495Z ^[[36;1m    VENDORED_ALIAS_DIRS+=("$vendored_alias")^[[0m
Python CI / lint-format	UNKNOWN STEP	2026-09-09T07:12:23.2344968Z ^[[36;1m  done <"$alias_tmp"^[[0m
Python CI / lint-format	UNKNOWN STEP	2026-09-09T07:12:23.2345397Z ^[[36;1m^[[0m
Python CI / lint-format	UNKNOWN STEP	2026-09-09T07:12:23.2345916Z ^[[36;1m  rm -f "$alias_tmp"^[[0m
Python CI / lint-format	UNKNOWN STEP	2026-09-09T07:12:23.2346339Z ^[[36;1m}^[[0m
Python CI / lint-format	UNKNOWN STEP	2026-09-09T07:12:23.2346742Z ^[[36;1m^[[0m
Python CI / lint-format	UNKNOWN STEP	2026-09-09T07:12:23.2347131Z ^[[36;1mcreate_vendor_aliases^[[0m
Python CI / lint-format	UNKNOWN STEP	2026-09-09T07:12:23.2347543Z ^[[36;1m^[[0m
Python CI / lint-format	UNKNOWN STEP	2026-09-09T07:12:23.2348047Z ^[[36;1m# Strip unresolvable file: dependencies from package.json so npm install^[[0m
Python CI / lint-format	UNKNOWN STEP	2026-09-09T07:12:23.2348688Z ^[[36;1m# doesn't choke when vendored packages are missing (e.g. sparse checkout^[[0m
Python CI / lint-format	UNKNOWN STEP	2026-09-09T07:12:23.2349279Z ^[[36;1m# that doesn't include node_modules/).  Back up the original first so we^[[0m
Python CI / lint-format	UNKNOWN STEP	2026-09-09T07:12:23.2349921Z ^[[36;1m# can restore it after npm install — avoids leaking modified state into^[[0m
Python CI / lint-format	UNKNOWN STEP	2026-09-09T07:12:23.2350494Z ^[[36;1m# downstream steps that expect a clean workspace.^[[0m
Python CI / lint-format	UNKNOWN STEP	2026-09-09T07:12:23.2350977Z ^[[36;1mSTRIPPED_PKG_JSON=false^[[0m
Python CI / lint-format	UNKNOWN STEP	2026-09-09T07:12:23.2351434Z ^[[36;1mif [ -f "package.json" ]; then^[[0m
Python CI / lint-format	UNKNOWN STEP	2026-09-09T07:12:23.2351889Z ^[[36;1m  node -e '^[[0m
Python CI / lint-format	UNKNOWN STEP	2026-09-09T07:12:23.2352314Z ^[[36;1m    const fs = require("fs");^[[0m
Python CI / lint-format	UNKNOWN STEP	2026-09-09T07:12:23.2352784Z ^[[36;1m    const path = require("path");^[[0m
Python CI / lint-format	UNKNOWN STEP	2026-09-09T07:12:23.2353306Z ^[[36;1m    const raw = fs.readFileSync("package.json", "utf8");^[[0m
Python CI / lint-format	UNKNOWN STEP	2026-09-09T07:12:23.2353815Z ^[[36;1m    const pkg = JSON.parse(raw);^[[0m
Python CI / lint-format	UNKNOWN STEP	2026-09-09T07:12:23.2354283Z ^[[36;1m    let changed = false;^[[0m
Python CI / lint-format	UNKNOWN STEP	2026-09-09T07:12:23.2354805Z ^[[36;1m    for (const section of ["dependencies", "devDependencies"]) {^[[0m
Python CI / lint-format	UNKNOWN STEP	2026-09-09T07:12:23.2355330Z ^[[36;1m      if (!pkg[section]) continue;^[[0m
Python CI / lint-format	UNKNOWN STEP	2026-09-09T07:12:23.2355959Z ^[[36;1m      for (const [name, spec] of Object.entries(pkg[section])) {^[[0m
Python CI / lint-format	UNKNOWN STEP	2026-09-09T07:12:23.2356584Z ^[[36;1m        if (typeof spec === "string" && spec.startsWith("file:")) {^[[0m
Python CI / lint-format	UNKNOWN STEP	2026-09-09T07:12:23.2357116Z ^[[36;1m          const target = path.resolve(spec.slice(5));^[[0m
Python CI / lint-format	UNKNOWN STEP	2026-09-09T07:12:23.2357628Z ^[[36;1m          if (!fs.existsSync(target)) {^[[0m
Python CI / lint-format	UNKNOWN STEP	2026-09-09T07:12:23.2358145Z ^[[36;1m            delete pkg[section][name];^[[0m
Python CI / lint-format	UNKNOWN STEP	2026-09-09T07:12:23.2358689Z ^[[36;1m            changed = true;^[[0m
Python CI / lint-format	UNKNOWN STEP	2026-09-09T07:12:23.2359330Z ^[[36;1m            console.log("::notice::Stripped unresolvable vendored dep: " + name + " (" + spec + ")");^[[0m
Python CI / lint-format	UNKNOWN STEP	2026-09-09T07:12:23.2359896Z ^[[36;1m          }^[[0m
Python CI / lint-format	UNKNOWN STEP	2026-09-09T07:12:23.2360271Z ^[[36;1m        }^[[0m
Python CI / lint-format	UNKNOWN STEP	2026-09-09T07:12:23.2360720Z ^[[36;1m      }^[[0m
Python CI / lint-format	UNKNOWN STEP	2026-09-09T07:12:23.2361178Z ^[[36;1m      if (pkg[section] && Object.keys(pkg[section]).length === 0) {^[[0m
Python CI / lint-format	UNKNOWN STEP	2026-09-09T07:12:23.2361662Z ^[[36;1m        delete pkg[section];^[[0m
Python CI / lint-format	UNKNOWN STEP	2026-09-09T07:12:23.2362148Z ^[[36;1m      }^[[0m
Python CI / lint-format	UNKNOWN STEP	2026-09-09T07:12:23.2362624Z ^[[36;1m    }^[[0m
Python CI / lint-format	UNKNOWN STEP	2026-09-09T07:12:23.2362991Z ^[[36;1m    if (changed) {^[[0m
Python CI / lint-format	UNKNOWN STEP	2026-09-09T07:12:23.2363537Z ^[[36;1m      fs.copyFileSync("package.json", "package.json.bak");^[[0m
Python CI / lint-format	UNKNOWN STEP	2026-09-09T07:12:23.2364122Z ^[[36;1m      fs.writeFileSync("package.json", JSON.stringify(pkg, null, 2) + "\n");^[[0m
Python CI / lint-format	UNKNOWN STEP	2026-09-09T07:12:23.2364690Z ^[[36;1m      process.stdout.write("STRIPPED");^[[0m
Python CI / lint-format	UNKNOWN STEP	2026-09-09T07:12:23.2365163Z ^[[36;1m    }^[[0m
Python CI / lint-format	UNKNOWN STEP	2026-09-09T07:12:23.2365731Z ^[[36;1m  '^[[0m
Python CI / lint-format	UNKNOWN STEP	2026-09-09T07:12:23.2366191Z ^[[36;1m  if [ -f "package.json.bak" ]; then^[[0m
Python CI / lint-format	UNKNOWN STEP	2026-09-09T07:12:23.2366674Z ^[[36;1m    STRIPPED_PKG_JSON=true^[[0m
Python CI / lint-format	UNKNOWN STEP	2026-09-09T07:12:23.2367100Z ^[[36;1m  fi^[[0m
Python CI / lint-format	UNKNOWN STEP	2026-09-09T07:12:23.2367566Z ^[[36;1mfi^[[0m
Python CI / lint-format	UNKNOWN STEP	2026-09-09T07:12:23.2367979Z ^[[36;1m^[[0m
Python CI / lint-format	UNKNOWN STEP	2026-09-09T07:12:23.2368495Z ^[[36;1m# Vendored packages often ship lifecycle scripts (tshy builds, custom bundlers, etc.)^[[0m
Python CI / lint-format	UNKNOWN STEP	2026-09-09T07:12:23.2369207Z ^[[36;1m# that expect repo-specific tooling. Disable lifecycle scripts globally so npm install^[[0m
Python CI / lint-format	UNKNOWN STEP	2026-09-09T07:12:23.2369789Z ^[[36;1m# never invokes those hooks inside CI.^[[0m
Python CI / lint-format	UNKNOWN STEP	2026-09-09T07:12:23.2370296Z ^[[36;1mexport npm_config_ignore_scripts=true^[[0m
Python CI / lint-format	UNKNOWN STEP	2026-09-09T07:12:23.2370753Z ^[[36;1m^[[0m
Python CI / lint-format	UNKNOWN STEP	2026-09-09T07:12:23.2371200Z ^[[36;1m# Track if we create package.json so we can clean it up^[[0m
Python CI / lint-format	UNKNOWN STEP	2026-09-09T07:12:23.2371722Z ^[[36;1mCREATED_PACKAGE_JSON=false^[[0m
Python CI / lint-format	UNKNOWN STEP	2026-09-09T07:12:23.2372181Z ^[[36;1mif [ ! -f "package.json" ]; then^[[0m
Python CI / lint-format	UNKNOWN STEP	2026-09-09T07:12:23.2372661Z ^[[36;1m  echo '{"private":true}' > package.json^[[0m
Python CI / lint-format	UNKNOWN STEP	2026-09-09T07:12:23.2373156Z ^[[36;1m  CREATED_PACKAGE_JSON=true^[[0m
Python CI / lint-format	UNKNOWN STEP	2026-09-09T07:12:23.2373597Z ^[[36;1mfi^[[0m
Python CI / lint-format	UNKNOWN STEP	2026-09-09T07:12:23.2373976Z ^[[36;1m^[[0m
Python CI / lint-format	UNKNOWN STEP	2026-09-09T07:12:23.2374465Z ^[[36;1m# Check if already installed (including lru-cache@10.4.3, a required^[[0m
Python CI / lint-format	UNKNOWN STEP	2026-09-09T07:12:23.2375071Z ^[[36;1m# transitive dep of @octokit/auth-app used for GitHub App token minting).^[[0m
Python CI / lint-format	UNKNOWN STEP	2026-09-09T07:12:23.2375833Z ^[[36;1mif [ -d "node_modules/@octokit/rest" ] && [ -d "node_modules/lru-cache" ]; then^[[0m
Python CI / lint-format	UNKNOWN STEP	2026-09-09T07:12:23.2376460Z ^[[36;1m  echo "✅ @octokit/rest already installed"^[[0m
Python CI / lint-format	UNKNOWN STEP	2026-09-09T07:12:23.2376935Z ^[[36;1melse^[[0m
Python CI / lint-format	UNKNOWN STEP	2026-09-09T07:12:23.2377500Z ^[[36;1m  # Snapshot vendored package metadata before npm install.^[[0m
Python CI / lint-format	UNKNOWN STEP	2026-09-09T07:12:23.2378065Z ^[[36;1m  # npm may overwrite transitive deps (e.g. minimatch) that are^[[0m
Python CI / lint-format	UNKNOWN STEP	2026-09-09T07:12:23.2378636Z ^[[36;1m  # committed as vendored packages with intentional version pins.^[[0m
Python CI / lint-format	UNKNOWN STEP	2026-09-09T07:12:23.2379170Z ^[[36;1m  VENDORED_SNAPSHOT=""^[[0m
Python CI / lint-format	UNKNOWN STEP	2026-09-09T07:12:23.2379659Z ^[[36;1m  if [ -f "node_modules/minimatch/package.json" ]; then^[[0m
Python CI / lint-format	UNKNOWN STEP	2026-09-09T07:12:23.2380195Z ^[[36;1m    VENDORED_SNAPSHOT=$(mktemp -d)^[[0m
Python CI / lint-format	UNKNOWN STEP	2026-09-09T07:12:23.2380659Z ^[[36;1m    for pkg_dir in node_modules/*/; do^[[0m
Python CI / lint-format	UNKNOWN STEP	2026-09-09T07:12:23.2381137Z ^[[36;1m      if [ -f "${pkg_dir}package.json" ]; then^[[0m
Python CI / lint-format	UNKNOWN STEP	2026-09-09T07:12:23.2381678Z ^[[36;1m        pkg_name=$(basename "$pkg_dir")^[[0m
Python CI / lint-format	UNKNOWN STEP	2026-09-09T07:12:23.2382161Z ^[[36;1m        mkdir -p "${VENDORED_SNAPSHOT}/${pkg_name}"^[[0m
Python CI / lint-format	UNKNOWN STEP	2026-09-09T07:12:23.2382742Z ^[[36;1m        cp "${pkg_dir}package.json" "${VENDORED_SNAPSHOT}/${pkg_name}/package.json"^[[0m
Python CI / lint-format	UNKNOWN STEP	2026-09-09T07:12:23.2383296Z ^[[36;1m      fi^[[0m
Python CI / lint-format	UNKNOWN STEP	2026-09-09T07:12:23.2383684Z ^[[36;1m    done^[[0m
Python CI / lint-format	UNKNOWN STEP	2026-09-09T07:12:23.2384159Z ^[[36;1m    echo "📸 Snapshotted vendored package metadata"^[[0m
Python CI / lint-format	UNKNOWN STEP	2026-09-09T07:12:23.2384634Z ^[[36;1m  fi^[[0m
Python CI / lint-format	UNKNOWN STEP	2026-09-09T07:12:23.2385008Z ^[[36;1m^[[0m
Python CI / lint-format	UNKNOWN STEP	2026-09-09T07:12:23.2385561Z ^[[36;1m  # Install with pinned versions for consistency.^[[0m
Python CI / lint-format	UNKNOWN STEP	2026-09-09T07:12:23.2386257Z ^[[36;1m  # lru-cache is an explicit transitive dep of @octokit/auth-app required for^[[0m
Python CI / lint-format	UNKNOWN STEP	2026-09-09T07:12:23.2386932Z ^[[36;1m  # GitHub App token minting; pin it here so npm always hoists a specific version^[[0m
Python CI / lint-format	UNKNOWN STEP	2026-09-09T07:12:23.2387575Z ^[[36;1m  # even if a prior cached node_modules state is missing it.^[[0m
Python CI / lint-format	UNKNOWN STEP	2026-09-09T07:12:23.2388076Z ^[[36;1m  #^[[0m
Python CI / lint-format	UNKNOWN STEP	2026-09-09T07:12:23.2388569Z ^[[36;1m  # Retry with exponential backoff to survive transient npm registry errors^[[0m
Python CI / lint-format	UNKNOWN STEP	2026-09-09T07:12:23.2389219Z ^[[36;1m  # (e.g. 403 Forbidden from CDN/rate-limit on safe-buffer, undici, etc.).^[[0m
Python CI / lint-format	UNKNOWN STEP	2026-09-09T07:12:23.2389810Z ^[[36;1m  NPM_PACKAGES=(^[[0m
Python CI / lint-format	UNKNOWN STEP	2026-09-09T07:12:23.2390256Z ^[[36;1m    @octokit/rest@20.0.2^[[0m
Python CI / lint-format	UNKNOWN STEP	2026-09-09T07:12:23.2390716Z ^[[36;1m    @octokit/plugin-retry@6.0.1^[[0m
Python CI / lint-format	UNKNOWN STEP	2026-09-09T07:12:23.2391191Z ^[[36;1m    @octokit/plugin-paginate-rest@9.1.5^[[0m
Python CI / lint-format	UNKNOWN STEP	2026-09-09T07:12:23.2391685Z ^[[36;1m    @octokit/auth-app@6.0.3^[[0m
Python CI / lint-format	UNKNOWN STEP	2026-09-09T07:12:23.2392148Z ^[[36;1m    lru-cache@10.4.3^[[0m
Python CI / lint-format	UNKNOWN STEP	2026-09-09T07:12:23.2392600Z ^[[36;1m  )^[[0m
Python CI / lint-format	UNKNOWN STEP	2026-09-09T07:12:23.2393000Z ^[[36;1m  NPM_MAX_RETRIES=3^[[0m
Python CI / lint-format	UNKNOWN STEP	2026-09-09T07:12:23.2393528Z ^[[36;1m  NPM_BACKOFF=5  # seconds; doubles each retry (5, 10)^[[0m
Python CI / lint-format	UNKNOWN STEP	2026-09-09T07:12:23.2394019Z ^[[36;1m  npm_installed=false^[[0m
Python CI / lint-format	UNKNOWN STEP	2026-09-09T07:12:23.2394437Z ^[[36;1m^[[0m
Python CI / lint-format	UNKNOWN STEP	2026-09-09T07:12:23.2394945Z ^[[36;1m  for (( attempt=1; attempt<=NPM_MAX_RETRIES; attempt++ )); do^[[0m
Python CI / lint-format	UNKNOWN STEP	2026-09-09T07:12:23.2395447Z ^[[36;1m    npm_output=$(mktemp)^[[0m
Python CI / lint-format	UNKNOWN STEP	2026-09-09T07:12:23.2396010Z ^[[36;1m^[[0m
Python CI / lint-format	UNKNOWN STEP	2026-09-09T07:12:23.2396527Z ^[[36;1m    if npm install --no-save --location=project "${NPM_PACKAGES[@]}" 2>"$npm_output"; then^[[0m
Python CI / lint-format	UNKNOWN STEP	2026-09-09T07:12:23.2397093Z ^[[36;1m      rm -f "$npm_output"^[[0m
Python CI / lint-format	UNKNOWN STEP	2026-09-09T07:12:23.2397570Z ^[[36;1m      npm_installed=true^[[0m
Python CI / lint-format	UNKNOWN STEP	2026-09-09T07:12:23.2397997Z ^[[36;1m      break^[[0m
Python CI / lint-format	UNKNOWN STEP	2026-09-09T07:12:23.2398389Z ^[[36;1m    fi^[[0m
Python CI / lint-format	UNKNOWN STEP	2026-09-09T07:12:23.2398814Z ^[[36;1m^[[0m
Python CI / lint-format	UNKNOWN STEP	2026-09-09T07:12:23.2399212Z ^[[36;1m    npm_err=$(cat "$npm_output")^[[0m
Python CI / lint-format	UNKNOWN STEP	2026-09-09T07:12:23.2399667Z ^[[36;1m    rm -f "$npm_output"^[[0m
Python CI / lint-format	UNKNOWN STEP	2026-09-09T07:12:23.2400244Z ^[[36;1m    echo "::warning::npm install attempt $attempt/$NPM_MAX_RETRIES failed (see logs)"^[[0m
Python CI / lint-format	UNKNOWN STEP	2026-09-09T07:12:23.2400818Z ^[[36;1m    echo "::group::npm stderr (attempt $attempt)"^[[0m
Python CI / lint-format	UNKNOWN STEP	2026-09-09T07:12:23.2401335Z ^[[36;1m    echo "$npm_err"^[[0m
Python CI / lint-format	UNKNOWN STEP	2026-09-09T07:12:23.2401743Z ^[[36;1m    echo "::endgroup::"^[[0m
Python CI / lint-format	UNKNOWN STEP	2026-09-09T07:12:23.2402168Z ^[[36;1m^[[0m
Python CI / lint-format	UNKNOWN STEP	2026-09-09T07:12:23.2402674Z ^[[36;1m    # On peer-dep / ERESOLVE failures, also try --legacy-peer-deps^[[0m
Python CI / lint-format	UNKNOWN STEP	2026-09-09T07:12:23.2403297Z ^[[36;1m    if echo "$npm_err" | grep -qiE 'ERESOLVE|peer dep|Could not resolve dependency'; then^[[0m
Python CI / lint-format	UNKNOWN STEP	2026-09-09T07:12:23.2403968Z ^[[36;1m      echo "::warning::Detected peer dependency conflict, retrying with --legacy-peer-deps"^[[0m
Python CI / lint-format	UNKNOWN STEP	2026-09-09T07:12:23.2404582Z ^[[36;1m      npm_output=$(mktemp)^[[0m
Python CI / lint-format	UNKNOWN STEP	2026-09-09T07:12:23.2405175Z ^[[36;1m      if npm install --no-save --legacy-peer-deps --location=project "${NPM_PACKAGES[@]}" 2>"$npm_output"; then^[[0m
Python CI / lint-format	UNKNOWN STEP	2026-09-09T07:12:23.2405993Z ^[[36;1m        rm -f "$npm_output"^[[0m
Python CI / lint-format	UNKNOWN STEP	2026-09-09T07:12:23.2406471Z ^[[36;1m        npm_installed=true^[[0m
Python CI / lint-format	UNKNOWN STEP	2026-09-09T07:12:23.2406894Z ^[[36;1m        break^[[0m
Python CI / lint-format	UNKNOWN STEP	2026-09-09T07:12:23.2407327Z ^[[36;1m      fi^[[0m
Python CI / lint-format	UNKNOWN STEP	2026-09-09T07:12:23.2407807Z ^[[36;1m      npm_err_legacy=$(cat "$npm_output")^[[0m
Python CI / lint-format	UNKNOWN STEP	2026-09-09T07:12:23.2408258Z ^[[36;1m      rm -f "$npm_output"^[[0m
Python CI / lint-format	UNKNOWN STEP	2026-09-09T07:12:23.2408803Z ^[[36;1m      echo "::warning::npm install with --legacy-peer-deps failed (see logs)"^[[0m
Python CI / lint-format	UNKNOWN STEP	2026-09-09T07:12:23.2409375Z ^[[36;1m      echo "::group::npm stderr (--legacy-peer-deps)"^[[0m
Python CI / lint-format	UNKNOWN STEP	2026-09-09T07:12:23.2409889Z ^[[36;1m      echo "$npm_err_legacy"^[[0m
Python CI / lint-format	UNKNOWN STEP	2026-09-09T07:12:23.2410314Z ^[[36;1m      echo "::endgroup::"^[[0m
Python CI / lint-format	UNKNOWN STEP	2026-09-09T07:12:23.2410748Z ^[[36;1m    fi^[[0m
Python CI / lint-format	UNKNOWN STEP	2026-09-09T07:12:23.2411159Z ^[[36;1m^[[0m
Python CI / lint-format	UNKNOWN STEP	2026-09-09T07:12:23.2411560Z ^[[36;1m    if [ "$attempt" -lt "$NPM_MAX_RETRIES" ]; then^[[0m
Python CI / lint-format	UNKNOWN STEP	2026-09-09T07:12:23.2412109Z ^[[36;1m      echo "::notice::Waiting ${NPM_BACKOFF}s before retry..."^[[0m
Python CI / lint-format	UNKNOWN STEP	2026-09-09T07:12:23.2412638Z ^[[36;1m      sleep "$NPM_BACKOFF"^[[0m
Python CI / lint-format	UNKNOWN STEP	2026-09-09T07:12:23.2413187Z ^[[36;1m      NPM_BACKOFF=$((NPM_BACKOFF * 2))^[[0m
Python CI / lint-format	UNKNOWN STEP	2026-09-09T07:12:23.2413638Z ^[[36;1m    fi^[[0m
Python CI / lint-format	UNKNOWN STEP	2026-09-09T07:12:23.2414056Z ^[[36;1m  done^[[0m
Python CI / lint-format	UNKNOWN STEP	2026-09-09T07:12:23.2414447Z ^[[36;1m^[[0m
Python CI / lint-format	UNKNOWN STEP	2026-09-09T07:12:23.2414850Z ^[[36;1m  if [ "$npm_installed" != "true" ]; then^[[0m
Python CI / lint-format	UNKNOWN STEP	2026-09-09T07:12:23.2415416Z ^[[36;1m    echo "::error::npm install failed after $NPM_MAX_RETRIES attempts"^[[0m
Python CI / lint-format	UNKNOWN STEP	2026-09-09T07:12:23.2416167Z ^[[36;1m    exit 1^[[0m
Python CI / lint-format	UNKNOWN STEP	2026-09-09T07:12:23.2416648Z ^[[36;1m  fi^[[0m
Python CI / lint-format	UNKNOWN STEP	2026-09-09T07:12:23.2417036Z ^[[36;1m^[[0m
Python CI / lint-format	UNKNOWN STEP	2026-09-09T07:12:23.2417605Z ^[[36;1m  # Restore vendored package metadata that npm may have overwritten^[[0m
Python CI / lint-format	UNKNOWN STEP	2026-09-09T07:12:23.2418265Z ^[[36;1m  if [ -n "${VENDORED_SNAPSHOT:-}" ] && [ -d "${VENDORED_SNAPSHOT}" ]; then^[[0m
Python CI / lint-format	UNKNOWN STEP	2026-09-09T07:12:23.2418820Z ^[[36;1m    for pkg_backup in "${VENDORED_SNAPSHOT}"/*/; do^[[0m
Python CI / lint-format	UNKNOWN STEP	2026-09-09T07:12:23.2419323Z ^[[36;1m      pkg_name=$(basename "$pkg_backup")^[[0m
Python CI / lint-format	UNKNOWN STEP	2026-09-09T07:12:23.2419867Z ^[[36;1m      if [ -f "node_modules/${pkg_name}/package.json" ] && \^[[0m
Python CI / lint-format	UNKNOWN STEP	2026-09-09T07:12:23.2420402Z ^[[36;1m         [ -f "${pkg_backup}package.json" ]; then^[[0m
Python CI / lint-format	UNKNOWN STEP	2026-09-09T07:12:23.2420976Z ^[[36;1m        cp "${pkg_backup}package.json" "node_modules/${pkg_name}/package.json"^[[0m
Python CI / lint-format	UNKNOWN STEP	2026-09-09T07:12:23.2421506Z ^[[36;1m      fi^[[0m
Python CI / lint-format	UNKNOWN STEP	2026-09-09T07:12:23.2421894Z ^[[36;1m    done^[[0m
Python CI / lint-format	UNKNOWN STEP	2026-09-09T07:12:23.2422328Z ^[[36;1m    rm -rf "${VENDORED_SNAPSHOT}"^[[0m
Python CI / lint-format	UNKNOWN STEP	2026-09-09T07:12:23.2422847Z ^[[36;1m    echo "📸 Restored vendored package metadata"^[[0m
Python CI / lint-format	UNKNOWN STEP	2026-09-09T07:12:23.2423322Z ^[[36;1m  fi^[[0m
Python CI / lint-format	UNKNOWN STEP	2026-09-09T07:12:23.2423715Z ^[[36;1m^[[0m
Python CI / lint-format	UNKNOWN STEP	2026-09-09T07:12:23.2424140Z ^[[36;1m  echo "✅ @octokit dependencies installed"^[[0m
Python CI / lint-format	UNKNOWN STEP	2026-09-09T07:12:23.2424605Z ^[[36;1mfi^[[0m
Python CI / lint-format	UNKNOWN STEP	2026-09-09T07:12:23.2424996Z ^[[36;1m^[[0m
Python CI / lint-format	UNKNOWN STEP	2026-09-09T07:12:23.2425572Z ^[[36;1m# Restore original package.json if we stripped file: deps earlier,^[[0m
Python CI / lint-format	UNKNOWN STEP	2026-09-09T07:12:23.2426179Z ^[[36;1m# so downstream steps see an unmodified workspace.^[[0m
Python CI / lint-format	UNKNOWN STEP	2026-09-09T07:12:23.2426728Z ^[[36;1mif [ "$STRIPPED_PKG_JSON" = "true" ] && [ -f "package.json.bak" ]; then^[[0m
Python CI / lint-format	UNKNOWN STEP	2026-09-09T07:12:23.2427289Z ^[[36;1m  mv "package.json.bak" "package.json"^[[0m
Python CI / lint-format	UNKNOWN STEP	2026-09-09T07:12:23.2427782Z ^[[36;1mfi^[[0m
Python CI / lint-format	UNKNOWN STEP	2026-09-09T07:12:23.2428139Z ^[[36;1m^[[0m
Python CI / lint-format	UNKNOWN STEP	2026-09-09T07:12:23.2428598Z ^[[36;1mcleanup_vendor_aliases^[[0m
Python CI / lint-format	UNKNOWN STEP	2026-09-09T07:12:23.2429084Z ^[[36;1mtrap - EXIT^[[0m
Python CI / lint-format	UNKNOWN STEP	2026-09-09T07:12:23.2452707Z shell: /usr/bin/bash --noprofile --norc -e -o pipefail {0}
Python CI / lint-format	UNKNOWN STEP	2026-09-09T07:12:23.2453308Z env:
Python CI / lint-format	UNKNOWN STEP	2026-09-09T07:12:23.2453687Z   WORKDIR: .
Python CI / lint-format	UNKNOWN STEP	2026-09-09T07:12:23.2454137Z   WORKSPACE_ROOT: /home/runner/work/Ready/Ready
Python CI / lint-format	UNKNOWN STEP	2026-09-09T07:12:23.2454687Z   PROJECT_ROOT: /home/runner/work/Ready/Ready
Python CI / lint-format	UNKNOWN STEP	2026-09-09T07:12:23.2455129Z ##[endgroup]
Python CI / lint-format	UNKNOWN STEP	2026-09-09T07:12:23.2526895Z 📦 Installing @octokit dependencies in /home/runner/work/Ready/Ready/.github/scripts...
Python CI / lint-format	UNKNOWN STEP	2026-09-09T07:12:34.7523570Z 
Python CI / lint-format	UNKNOWN STEP	2026-09-09T07:12:34.7524862Z added 66 packages, and audited 67 packages in 6s
Python CI / lint-format	UNKNOWN STEP	2026-09-09T07:12:34.7528478Z 
Python CI / lint-format	UNKNOWN STEP	2026-09-09T07:12:34.7529045Z 1 package is looking for funding
Python CI / lint-format	UNKNOWN STEP	2026-09-09T07:12:34.7529848Z   run `npm fund` for details
Python CI / lint-format	UNKNOWN STEP	2026-09-09T07:12:34.7539975Z 
Python CI / lint-format	UNKNOWN STEP	2026-09-09T07:12:34.7540529Z 1 moderate severity vulnerability
Python CI / lint-format	UNKNOWN STEP	2026-09-09T07:12:34.7540883Z 
Python CI / lint-format	UNKNOWN STEP	2026-09-09T07:12:34.7541245Z To address all issues, run:
Python CI / lint-format	UNKNOWN STEP	2026-09-09T07:12:34.7541735Z   npm audit fix --force
Python CI / lint-format	UNKNOWN STEP	2026-09-09T07:12:34.7542025Z 
Python CI / lint-format	UNKNOWN STEP	2026-09-09T07:12:34.7542197Z Run `npm audit` for details.
Python CI / lint-format	UNKNOWN STEP	2026-09-09T07:12:34.7749037Z ✅ @octokit dependencies installed
Python CI / lint-format	UNKNOWN STEP	2026-09-09T07:12:34.7766303Z ##[end-action id=__self.__run;outcome=success;conclusion=success;duration_ms=11551]
Python CI / lint-format	UNKNOWN STEP	2026-09-09T07:12:34.7770314Z ##[start-action display=Export NODE_PATH for shared deps;id=__self.__run_2]
Python CI / lint-format	UNKNOWN STEP	2026-09-09T07:12:34.7791260Z ##[group]Run set -euo pipefail
Python CI / lint-format	UNKNOWN STEP	2026-09-09T07:12:34.7791711Z ^[[36;1mset -euo pipefail^[[0m
Python CI / lint-format	UNKNOWN STEP	2026-09-09T07:12:34.7792130Z ^[[36;1mINSTALL_DIR=""^[[0m
Python CI / lint-format	UNKNOWN STEP	2026-09-09T07:12:34.7792594Z ^[[36;1mif [ -z "$INSTALL_DIR" ]; then^[[0m
Python CI / lint-format	UNKNOWN STEP	2026-09-09T07:12:34.7793107Z ^[[36;1m  INSTALL_DIR="${GITHUB_WORKSPACE}/.github/scripts"^[[0m
Python CI / lint-format	UNKNOWN STEP	2026-09-09T07:12:34.7793606Z ^[[36;1mfi^[[0m
Python CI / lint-format	UNKNOWN STEP	2026-09-09T07:12:34.7794130Z ^[[36;1mif [ -d "${INSTALL_DIR}/node_modules" ]; then^[[0m
Python CI / lint-format	UNKNOWN STEP	2026-09-09T07:12:34.7794607Z ^[[36;1m  if [ -n "${NODE_PATH:-}" ]; then^[[0m
Python CI / lint-format	UNKNOWN STEP	2026-09-09T07:12:34.7795107Z ^[[36;1m    echo "NODE_PATH=${INSTALL_DIR}/node_modules:${NODE_PATH}" >> "$GITHUB_ENV"^[[0m
Python CI / lint-format	UNKNOWN STEP	2026-09-09T07:12:34.7795755Z ^[[36;1m  else^[[0m
Python CI / lint-format	UNKNOWN STEP	2026-09-09T07:12:34.7796289Z ^[[36;1m    echo "NODE_PATH=${INSTALL_DIR}/node_modules" >> "$GITHUB_ENV"^[[0m
Python CI / lint-format	UNKNOWN STEP	2026-09-09T07:12:34.7796805Z ^[[36;1m  fi^[[0m
Python CI / lint-format	UNKNOWN STEP	2026-09-09T07:12:34.7797250Z ^[[36;1melse^[[0m
Python CI / lint-format	UNKNOWN STEP	2026-09-09T07:12:34.7797851Z ^[[36;1m  echo "::notice::setup-api-client: ${INSTALL_DIR}/node_modules not found; skipping NODE_PATH export."^[[0m
Python CI / lint-format	UNKNOWN STEP	2026-09-09T07:12:34.7798548Z ^[[36;1mfi^[[0m
Python CI / lint-format	UNKNOWN STEP	2026-09-09T07:12:34.7820681Z shell: /usr/bin/bash --noprofile --norc -e -o pipefail {0}
Python CI / lint-format	UNKNOWN STEP	2026-09-09T07:12:34.7821175Z env:
Python CI / lint-format	UNKNOWN STEP	2026-09-09T07:12:34.7821566Z   WORKDIR: .
Python CI / lint-format	UNKNOWN STEP	2026-09-09T07:12:34.7821980Z   WORKSPACE_ROOT: /home/runner/work/Ready/Ready
Python CI / lint-format	UNKNOWN STEP	2026-09-09T07:12:34.7822409Z   PROJECT_ROOT: /home/runner/work/Ready/Ready
Python CI / lint-format	UNKNOWN STEP	2026-09-09T07:12:34.7822823Z ##[endgroup]
Python CI / lint-format	UNKNOWN STEP	2026-09-09T07:12:34.7870911Z ##[end-action id=__self.__run_2;outcome=success;conclusion=success;duration_ms=9]
Python CI / lint-format	UNKNOWN STEP	2026-09-09T07:12:34.7877705Z ##[start-action display=Export load balancer tokens;id=__self.export-tokens]
Python CI / lint-format	UNKNOWN STEP	2026-09-09T07:12:34.7895229Z ##[group]Run set -euo pipefail
Python CI / lint-format	UNKNOWN STEP	2026-09-09T07:12:34.7896664Z ^[[36;1mset -euo pipefail^[[0m
Python CI / lint-format	UNKNOWN STEP	2026-09-09T07:12:34.7897152Z ^[[36;1m^[[0m
Python CI / lint-format	UNKNOWN STEP	2026-09-09T07:12:34.7897579Z ^[[36;1mtoken_count=0^[[0m
Python CI / lint-format	UNKNOWN STEP	2026-09-09T07:12:34.7897966Z ^[[36;1mavailable_tokens=""^[[0m
Python CI / lint-format	UNKNOWN STEP	2026-09-09T07:12:34.7898395Z ^[[36;1m^[[0m
Python CI / lint-format	UNKNOWN STEP	2026-09-09T07:12:34.7898812Z ^[[36;1m# Export a variable to GITHUB_ENV^[[0m
Python CI / lint-format	UNKNOWN STEP	2026-09-09T07:12:34.7899316Z ^[[36;1m# Note: Empty values are intentionally not counted as available tokens^[[0m
Python CI / lint-format	UNKNOWN STEP	2026-09-09T07:12:34.7899849Z ^[[36;1mexport_var() {^[[0m
Python CI / lint-format	UNKNOWN STEP	2026-09-09T07:12:34.7900249Z ^[[36;1m  local name="$1"^[[0m
Python CI / lint-format	UNKNOWN STEP	2026-09-09T07:12:34.7900622Z ^[[36;1m  local value="${2-}"^[[0m
Python CI / lint-format	UNKNOWN STEP	2026-09-09T07:12:34.7901066Z ^[[36;1m  if [ -z "${value}" ]; then^[[0m
Python CI / lint-format	UNKNOWN STEP	2026-09-09T07:12:34.7901501Z ^[[36;1m    return 0^[[0m
Python CI / lint-format	UNKNOWN STEP	2026-09-09T07:12:34.7901854Z ^[[36;1m  fi^[[0m
Python CI / lint-format	UNKNOWN STEP	2026-09-09T07:12:34.7902398Z ^[[36;1m^[[0m
Python CI / lint-format	UNKNOWN STEP	2026-09-09T07:12:34.7902864Z ^[[36;1m  # Handle multiline values (like private keys)^[[0m
Python CI / lint-format	UNKNOWN STEP	2026-09-09T07:12:34.7903302Z ^[[36;1m  if [[ "${value}" == *$'\n'* ]]; then^[[0m
Python CI / lint-format	UNKNOWN STEP	2026-09-09T07:12:34.7903727Z ^[[36;1m    {^[[0m
Python CI / lint-format	UNKNOWN STEP	2026-09-09T07:12:34.7904093Z ^[[36;1m      echo "${name}<<EOF"^[[0m
Python CI / lint-format	UNKNOWN STEP	2026-09-09T07:12:34.7904478Z ^[[36;1m      printf '%s\n' "${value}"^[[0m
Python CI / lint-format	UNKNOWN STEP	2026-09-09T07:12:34.7904912Z ^[[36;1m      echo "EOF"^[[0m
Python CI / lint-format	UNKNOWN STEP	2026-09-09T07:12:34.7905295Z ^[[36;1m    } >>"${GITHUB_ENV}"^[[0m
Python CI / lint-format	UNKNOWN STEP	2026-09-09T07:12:34.7905867Z ^[[36;1m  else^[[0m
Python CI / lint-format	UNKNOWN STEP	2026-09-09T07:12:34.7906334Z ^[[36;1m    printf '%s=%s\n' "${name}" "${value}" >>"${GITHUB_ENV}"^[[0m
Python CI / lint-format	UNKNOWN STEP	2026-09-09T07:12:34.7906791Z ^[[36;1m  fi^[[0m
Python CI / lint-format	UNKNOWN STEP	2026-09-09T07:12:34.7907137Z ^[[36;1m^[[0m
Python CI / lint-format	UNKNOWN STEP	2026-09-09T07:12:34.7907518Z ^[[36;1m  token_count=$((token_count + 1))^[[0m
Python CI / lint-format	UNKNOWN STEP	2026-09-09T07:12:34.7907954Z ^[[36;1m  if [ -n "$available_tokens" ]; then^[[0m
Python CI / lint-format	UNKNOWN STEP	2026-09-09T07:12:34.7908395Z ^[[36;1m    available_tokens="${available_tokens},${name}"^[[0m
Python CI / lint-format	UNKNOWN STEP	2026-09-09T07:12:34.7908846Z ^[[36;1m  else^[[0m
Python CI / lint-format	UNKNOWN STEP	2026-09-09T07:12:34.7909213Z ^[[36;1m    available_tokens="${name}"^[[0m
Python CI / lint-format	UNKNOWN STEP	2026-09-09T07:12:34.7909601Z ^[[36;1m  fi^[[0m
Python CI / lint-format	UNKNOWN STEP	2026-09-09T07:12:34.7909965Z ^[[36;1m^[[0m
Python CI / lint-format	UNKNOWN STEP	2026-09-09T07:12:34.7910321Z ^[[36;1m  if [ "${INPUT_VERBOSE}" = "true" ]; then^[[0m
Python CI / lint-format	UNKNOWN STEP	2026-09-09T07:12:34.7910760Z ^[[36;1m    echo "  ✅ ${name} exported"^[[0m
Python CI / lint-format	UNKNOWN STEP	2026-09-09T07:12:34.7911178Z ^[[36;1m  fi^[[0m
Python CI / lint-format	UNKNOWN STEP	2026-09-09T07:12:34.7911538Z ^[[36;1m}^[[0m
Python CI / lint-format	UNKNOWN STEP	2026-09-09T07:12:34.7911852Z ^[[36;1m^[[0m
Python CI / lint-format	UNKNOWN STEP	2026-09-09T07:12:34.7912723Z ^[[36;1mecho "🔐 Exporting tokens to environment..."^[[0m
Python CI / lint-format	UNKNOWN STEP	2026-09-09T07:12:34.7913177Z ^[[36;1m^[[0m
Python CI / lint-format	UNKNOWN STEP	2026-09-09T07:12:34.7913533Z ^[[36;1m# Try to extract from JSON secrets first (requires jq)^[[0m
Python CI / lint-format	UNKNOWN STEP	2026-09-09T07:12:34.7914082Z ^[[36;1mif [ -n "${INPUT_SECRETS:-}" ] && [ "${INPUT_SECRETS}" != "null" ]; then^[[0m
Python CI / lint-format	UNKNOWN STEP	2026-09-09T07:12:34.7914600Z ^[[36;1m  if ! command -v jq >/dev/null 2>&1; then^[[0m
Python CI / lint-format	UNKNOWN STEP	2026-09-09T07:12:34.7915311Z ^[[36;1m    echo "::warning::'jq' is not installed; falling back to individual token inputs instead of parsing JSON secrets."^[[0m
Python CI / lint-format	UNKNOWN STEP	2026-09-09T07:12:34.7916348Z ^[[36;1m    # Fall back to individual inputs when jq is unavailable^[[0m
Python CI / lint-format	UNKNOWN STEP	2026-09-09T07:12:34.7916841Z ^[[36;1m    SERVICE_BOT_PAT="${INPUT_SERVICE_BOT_PAT:-}"^[[0m
Python CI / lint-format	UNKNOWN STEP	2026-09-09T07:12:34.7917281Z ^[[36;1m    ACTIONS_BOT_PAT="${INPUT_ACTIONS_BOT_PAT:-}"^[[0m
Python CI / lint-format	UNKNOWN STEP	2026-09-09T07:12:34.7917791Z ^[[36;1m    OWNER_PR_PAT="${INPUT_OWNER_PR_PAT:-}"^[[0m
Python CI / lint-format	UNKNOWN STEP	2026-09-09T07:12:34.7918283Z ^[[36;1m    AGENTS_AUTOMATION_PAT="${INPUT_AGENTS_AUTOMATION_PAT:-}"^[[0m
Python CI / lint-format	UNKNOWN STEP	2026-09-09T07:12:34.7918749Z ^[[36;1m    WORKFLOWS_APP_ID="${INPUT_WORKFLOWS_APP_ID:-}"^[[0m
Python CI / lint-format	UNKNOWN STEP	2026-09-09T07:12:34.7919414Z ^[[36;1m    WORKFLOWS_APP_PRIVATE_KEY="${INPUT_WORKFLOWS_APP_PRIVATE_KEY:-}"^[[0m
Python CI / lint-format	UNKNOWN STEP	2026-09-09T07:12:34.7919930Z ^[[36;1m    KEEPALIVE_APP_ID="${INPUT_KEEPALIVE_APP_ID:-}"^[[0m
Python CI / lint-format	UNKNOWN STEP	2026-09-09T07:12:34.7920473Z ^[[36;1m    KEEPALIVE_APP_PRIVATE_KEY="${INPUT_KEEPALIVE_APP_PRIVATE_KEY:-}"^[[0m
Python CI / lint-format	UNKNOWN STEP	2026-09-09T07:12:34.7920952Z ^[[36;1m    GH_APP_ID="${INPUT_GH_APP_ID:-}"^[[0m
Python CI / lint-format	UNKNOWN STEP	2026-09-09T07:12:34.7921416Z ^[[36;1m    GH_APP_PRIVATE_KEY="${INPUT_GH_APP_PRIVATE_KEY:-}"^[[0m
Python CI / lint-format	UNKNOWN STEP	2026-09-09T07:12:34.7921900Z ^[[36;1m    APP_1_ID="${INPUT_APP_1_ID:-}"^[[0m
Python CI / lint-format	UNKNOWN STEP	2026-09-09T07:12:34.7922349Z ^[[36;1m    APP_1_PRIVATE_KEY="${INPUT_APP_1_PRIVATE_KEY:-}"^[[0m
Python CI / lint-format	UNKNOWN STEP	2026-09-09T07:12:34.7922828Z ^[[36;1m    APP_2_ID="${INPUT_APP_2_ID:-}"^[[0m
Python CI / lint-format	UNKNOWN STEP	2026-09-09T07:12:34.7923261Z ^[[36;1m    APP_2_PRIVATE_KEY="${INPUT_APP_2_PRIVATE_KEY:-}"^[[0m
Python CI / lint-format	UNKNOWN STEP	2026-09-09T07:12:34.7923688Z ^[[36;1m  else^[[0m
Python CI / lint-format	UNKNOWN STEP	2026-09-09T07:12:34.7924083Z ^[[36;1m    # Parse JSON secrets using jq^[[0m
Python CI / lint-format	UNKNOWN STEP	2026-09-09T07:12:34.7924499Z ^[[36;1m    extract_secret() {^[[0m
Python CI / lint-format	UNKNOWN STEP	2026-09-09T07:12:34.7924894Z ^[[36;1m      local key="$1"^[[0m
Python CI / lint-format	UNKNOWN STEP	2026-09-09T07:12:34.7925396Z ^[[36;1m      echo "${INPUT_SECRETS}" | jq -r ".${key} // empty" 2>/dev/null || echo ""^[[0m
Python CI / lint-format	UNKNOWN STEP	2026-09-09T07:12:34.7926117Z ^[[36;1m    }^[[0m
Python CI / lint-format	UNKNOWN STEP	2026-09-09T07:12:34.7926471Z ^[[36;1m^[[0m
Python CI / lint-format	UNKNOWN STEP	2026-09-09T07:12:34.7926890Z ^[[36;1m    SERVICE_BOT_PAT=$(extract_secret "SERVICE_BOT_PAT")^[[0m
Python CI / lint-format	UNKNOWN STEP	2026-09-09T07:12:34.7927389Z ^[[36;1m    ACTIONS_BOT_PAT=$(extract_secret "ACTIONS_BOT_PAT")^[[0m
Python CI / lint-format	UNKNOWN STEP	2026-09-09T07:12:34.7927890Z ^[[36;1m    OWNER_PR_PAT=$(extract_secret "OWNER_PR_PAT")^[[0m
Python CI / lint-format	UNKNOWN STEP	2026-09-09T07:12:34.7928403Z ^[[36;1m    AGENTS_AUTOMATION_PAT=$(extract_secret "AGENTS_AUTOMATION_PAT")^[[0m
Python CI / lint-format	UNKNOWN STEP	2026-09-09T07:12:34.7928937Z ^[[36;1m    WORKFLOWS_APP_ID=$(extract_secret "WORKFLOWS_APP_ID")^[[0m
Python CI / lint-format	UNKNOWN STEP	2026-09-09T07:12:34.7929504Z ^[[36;1m    WORKFLOWS_APP_PRIVATE_KEY=$(extract_secret "WORKFLOWS_APP_PRIVATE_KEY")^[[0m
Python CI / lint-format	UNKNOWN STEP	2026-09-09T07:12:34.7930049Z ^[[36;1m    KEEPALIVE_APP_ID=$(extract_secret "KEEPALIVE_APP_ID")^[[0m
Python CI / lint-format	UNKNOWN STEP	2026-09-09T07:12:34.7930623Z ^[[36;1m    KEEPALIVE_APP_PRIVATE_KEY=$(extract_secret "KEEPALIVE_APP_PRIVATE_KEY")^[[0m
Python CI / lint-format	UNKNOWN STEP	2026-09-09T07:12:34.7931118Z ^[[36;1m    GH_APP_ID=$(extract_secret "GH_APP_ID")^[[0m
Python CI / lint-format	UNKNOWN STEP	2026-09-09T07:12:34.7931608Z ^[[36;1m    GH_APP_PRIVATE_KEY=$(extract_secret "GH_APP_PRIVATE_KEY")^[[0m
Python CI / lint-format	UNKNOWN STEP	2026-09-09T07:12:34.7932100Z ^[[36;1m    APP_1_ID=$(extract_secret "APP_1_ID")^[[0m
Python CI / lint-format	UNKNOWN STEP	2026-09-09T07:12:34.7932564Z ^[[36;1m    APP_1_PRIVATE_KEY=$(extract_secret "APP_1_PRIVATE_KEY")^[[0m
Python CI / lint-format	UNKNOWN STEP	2026-09-09T07:12:34.7933066Z ^[[36;1m    APP_2_ID=$(extract_secret "APP_2_ID")^[[0m
Python CI / lint-format	UNKNOWN STEP	2026-09-09T07:12:34.7933555Z ^[[36;1m    APP_2_PRIVATE_KEY=$(extract_secret "APP_2_PRIVATE_KEY")^[[0m
Python CI / lint-format	UNKNOWN STEP	2026-09-09T07:12:34.7933976Z ^[[36;1m  fi^[[0m
Python CI / lint-format	UNKNOWN STEP	2026-09-09T07:12:34.7934371Z ^[[36;1melse^[[0m
Python CI / lint-format	UNKNOWN STEP	2026-09-09T07:12:34.7934729Z ^[[36;1m  # Fall back to individual inputs^[[0m
Python CI / lint-format	UNKNOWN STEP	2026-09-09T07:12:34.7935161Z ^[[36;1m  SERVICE_BOT_PAT="${INPUT_SERVICE_BOT_PAT:-}"^[[0m
Python CI / lint-format	UNKNOWN STEP	2026-09-09T07:12:34.7936718Z ^[[36;1m  ACTIONS_BOT_PAT="${INPUT_ACTIONS_BOT_PAT:-}"^[[0m
Python CI / lint-format	UNKNOWN STEP	2026-09-09T07:12:34.7937186Z ^[[36;1m  OWNER_PR_PAT="${INPUT_OWNER_PR_PAT:-}"^[[0m
Python CI / lint-format	UNKNOWN STEP	2026-09-09T07:12:34.7937655Z ^[[36;1m  AGENTS_AUTOMATION_PAT="${INPUT_AGENTS_AUTOMATION_PAT:-}"^[[0m
Python CI / lint-format	UNKNOWN STEP	2026-09-09T07:12:34.7938194Z ^[[36;1m  WORKFLOWS_APP_ID="${INPUT_WORKFLOWS_APP_ID:-}"^[[0m
Python CI / lint-format	UNKNOWN STEP	2026-09-09T07:12:34.7938703Z ^[[36;1m  WORKFLOWS_APP_PRIVATE_KEY="${INPUT_WORKFLOWS_APP_PRIVATE_KEY:-}"^[[0m
Python CI / lint-format	UNKNOWN STEP	2026-09-09T07:12:34.7939201Z ^[[36;1m  KEEPALIVE_APP_ID="${INPUT_KEEPALIVE_APP_ID:-}"^[[0m
Python CI / lint-format	UNKNOWN STEP	2026-09-09T07:12:34.7939834Z ^[[36;1m  KEEPALIVE_APP_PRIVATE_KEY="${INPUT_KEEPALIVE_APP_PRIVATE_KEY:-}"^[[0m
Python CI / lint-format	UNKNOWN STEP	2026-09-09T07:12:34.7940376Z ^[[36;1m  GH_APP_ID="${INPUT_GH_APP_ID:-}"^[[0m
Python CI / lint-format	UNKNOWN STEP	2026-09-09T07:12:34.7940837Z ^[[36;1m  GH_APP_PRIVATE_KEY="${INPUT_GH_APP_PRIVATE_KEY:-}"^[[0m
Python CI / lint-format	UNKNOWN STEP	2026-09-09T07:12:34.7941299Z ^[[36;1m  APP_1_ID="${INPUT_APP_1_ID:-}"^[[0m
Python CI / lint-format	UNKNOWN STEP	2026-09-09T07:12:34.7941746Z ^[[36;1m  APP_1_PRIVATE_KEY="${INPUT_APP_1_PRIVATE_KEY:-}"^[[0m
Python CI / lint-format	UNKNOWN STEP	2026-09-09T07:12:34.7942202Z ^[[36;1m  APP_2_ID="${INPUT_APP_2_ID:-}"^[[0m
Python CI / lint-format	UNKNOWN STEP	2026-09-09T07:12:34.8065358Z ^[[36;1m  APP_2_PRIVATE_KEY="${INPUT_APP_2_PRIVATE_KEY:-}"^[[0m
Python CI / lint-format	UNKNOWN STEP	2026-09-09T07:12:34.8066262Z ^[[36;1mfi^[[0m
Python CI / lint-format	UNKNOWN STEP	2026-09-09T07:12:34.8066536Z ^[[36;1m^[[0m
Python CI / lint-format	UNKNOWN STEP	2026-09-09T07:12:34.8066942Z ^[[36;1m# Export GITHUB_TOKEN (GH_TOKEN is the same value, only count once)^[[0m
Python CI / lint-format	UNKNOWN STEP	2026-09-09T07:12:34.8067520Z ^[[36;1mif [ -n "${INPUT_GITHUB_TOKEN:-}" ]; then^[[0m
Python CI / lint-format	UNKNOWN STEP	2026-09-09T07:12:34.8068006Z ^[[36;1m  export_var "GITHUB_TOKEN" "${INPUT_GITHUB_TOKEN}"^[[0m
Python CI / lint-format	UNKNOWN STEP	2026-09-09T07:12:34.8068501Z ^[[36;1m  # GH_TOKEN is exported but not double-counted^[[0m
Python CI / lint-format	UNKNOWN STEP	2026-09-09T07:12:34.8069013Z ^[[36;1m  printf '%s=%s\n' "GH_TOKEN" "${INPUT_GITHUB_TOKEN}" >>"${GITHUB_ENV}"^[[0m
Python CI / lint-format	UNKNOWN STEP	2026-09-09T07:12:34.8069471Z ^[[36;1mfi^[[0m
Python CI / lint-format	UNKNOWN STEP	2026-09-09T07:12:34.8069763Z ^[[36;1m^[[0m
Python CI / lint-format	UNKNOWN STEP	2026-09-09T07:12:34.8070063Z ^[[36;1m# Export PATs^[[0m
Python CI / lint-format	UNKNOWN STEP	2026-09-09T07:12:34.8070488Z ^[[36;1mexport_var "SERVICE_BOT_PAT" "${SERVICE_BOT_PAT:-}"^[[0m
Python CI / lint-format	UNKNOWN STEP	2026-09-09T07:12:34.8071030Z ^[[36;1mexport_var "ACTIONS_BOT_PAT" "${ACTIONS_BOT_PAT:-}"^[[0m
Python CI / lint-format	UNKNOWN STEP	2026-09-09T07:12:34.8071541Z ^[[36;1mexport_var "OWNER_PR_PAT" "${OWNER_PR_PAT:-}"^[[0m
Python CI / lint-format	UNKNOWN STEP	2026-09-09T07:12:34.8072006Z ^[[36;1mexport_var "AGENTS_AUTOMATION_PAT" "${AGENTS_AUTOMATION_PAT:-}"^[[0m
Python CI / lint-format	UNKNOWN STEP	2026-09-09T07:12:34.8072434Z ^[[36;1m^[[0m
Python CI / lint-format	UNKNOWN STEP	2026-09-09T07:12:34.8072700Z ^[[36;1m# Export App credentials^[[0m
Python CI / lint-format	UNKNOWN STEP	2026-09-09T07:12:34.8073127Z ^[[36;1mexport_var "WORKFLOWS_APP_ID" "${WORKFLOWS_APP_ID:-}"^[[0m
Python CI / lint-format	UNKNOWN STEP	2026-09-09T07:12:34.8073719Z ^[[36;1mexport_var "WORKFLOWS_APP_PRIVATE_KEY" "${WORKFLOWS_APP_PRIVATE_KEY:-}"^[[0m
Python CI / lint-format	UNKNOWN STEP	2026-09-09T07:12:34.8074287Z ^[[36;1mexport_var "KEEPALIVE_APP_ID" "${KEEPALIVE_APP_ID:-}"^[[0m
Python CI / lint-format	UNKNOWN STEP	2026-09-09T07:12:34.8074929Z ^[[36;1mexport_var "KEEPALIVE_APP_PRIVATE_KEY" "${KEEPALIVE_APP_PRIVATE_KEY:-}"^[[0m
Python CI / lint-format	UNKNOWN STEP	2026-09-09T07:12:34.8075742Z ^[[36;1mexport_var "GH_APP_ID" "${GH_APP_ID:-}"^[[0m
Python CI / lint-format	UNKNOWN STEP	2026-09-09T07:12:34.8076294Z ^[[36;1mexport_var "GH_APP_PRIVATE_KEY" "${GH_APP_PRIVATE_KEY:-}"^[[0m
Python CI / lint-format	UNKNOWN STEP	2026-09-09T07:12:34.8076818Z ^[[36;1mexport_var "APP_1_ID" "${APP_1_ID:-}"^[[0m
Python CI / lint-format	UNKNOWN STEP	2026-09-09T07:12:34.8077322Z ^[[36;1mexport_var "APP_1_PRIVATE_KEY" "${APP_1_PRIVATE_KEY:-}"^[[0m
Python CI / lint-format	UNKNOWN STEP	2026-09-09T07:12:34.8077825Z ^[[36;1mexport_var "APP_2_ID" "${APP_2_ID:-}"^[[0m
Python CI / lint-format	UNKNOWN STEP	2026-09-09T07:12:34.8078339Z ^[[36;1mexport_var "APP_2_PRIVATE_KEY" "${APP_2_PRIVATE_KEY:-}"^[[0m
Python CI / lint-format	UNKNOWN STEP	2026-09-09T07:12:34.8078836Z ^[[36;1m^[[0m
Python CI / lint-format	UNKNOWN STEP	2026-09-09T07:12:34.8079160Z ^[[36;1m# Output summary^[[0m
Python CI / lint-format	UNKNOWN STEP	2026-09-09T07:12:34.8079600Z ^[[36;1mecho "token_count=${token_count}" >> "$GITHUB_OUTPUT"^[[0m
Python CI / lint-format	UNKNOWN STEP	2026-09-09T07:12:34.8080221Z ^[[36;1mecho "available_tokens=${available_tokens}" >> "$GITHUB_OUTPUT"^[[0m
Python CI / lint-format	UNKNOWN STEP	2026-09-09T07:12:34.8080699Z ^[[36;1m^[[0m
Python CI / lint-format	UNKNOWN STEP	2026-09-09T07:12:34.8081063Z ^[[36;1minstall_dir="${INPUT_INSTALL_DIR:-}"^[[0m
Python CI / lint-format	UNKNOWN STEP	2026-09-09T07:12:34.8081537Z ^[[36;1mif [ -z "$install_dir" ]; then^[[0m
Python CI / lint-format	UNKNOWN STEP	2026-09-09T07:12:34.8081973Z ^[[36;1m  install_dir="${GITHUB_WORKSPACE}/.github/scripts"^[[0m
Python CI / lint-format	UNKNOWN STEP	2026-09-09T07:12:34.8082385Z ^[[36;1mfi^[[0m
Python CI / lint-format	UNKNOWN STEP	2026-09-09T07:12:34.8082706Z ^[[36;1msetup_contract="$(^[[0m
Python CI / lint-format	UNKNOWN STEP	2026-09-09T07:12:34.8083096Z ^[[36;1m  AVAILABLE_TOKENS="${available_tokens}" \^[[0m
Python CI / lint-format	UNKNOWN STEP	2026-09-09T07:12:34.8083534Z ^[[36;1m  TOKEN_COUNT="${token_count}" \^[[0m
Python CI / lint-format	UNKNOWN STEP	2026-09-09T07:12:34.8083960Z ^[[36;1m  INSTALL_DIR="${install_dir}" \^[[0m
Python CI / lint-format	UNKNOWN STEP	2026-09-09T07:12:34.8084368Z ^[[36;1m  node <<'NODE'^[[0m
Python CI / lint-format	UNKNOWN STEP	2026-09-09T07:12:34.8084753Z ^[[36;1mconst fs = require('node:fs');^[[0m
Python CI / lint-format	UNKNOWN STEP	2026-09-09T07:12:34.8085177Z ^[[36;1mconst path = require('node:path');^[[0m
Python CI / lint-format	UNKNOWN STEP	2026-09-09T07:12:34.8086282Z ^[[36;1m^[[0m
Python CI / lint-format	UNKNOWN STEP	2026-09-09T07:12:34.8086698Z ^[[36;1mconst installDir = process.env.INSTALL_DIR || '';^[[0m
Python CI / lint-format	UNKNOWN STEP	2026-09-09T07:12:34.8087309Z ^[[36;1mconst tokenNames = (process.env.AVAILABLE_TOKENS || '')^[[0m
Python CI / lint-format	UNKNOWN STEP	2026-09-09T07:12:34.8087832Z ^[[36;1m  .split(',')^[[0m
Python CI / lint-format	UNKNOWN STEP	2026-09-09T07:12:34.8088466Z ^[[36;1m  .map((value) => value.trim())^[[0m
Python CI / lint-format	UNKNOWN STEP	2026-09-09T07:12:34.8088905Z ^[[36;1m  .filter(Boolean);^[[0m
Python CI / lint-format	UNKNOWN STEP	2026-09-09T07:12:34.8089306Z ^[[36;1mconst tokenSet = new Set(tokenNames);^[[0m
Python CI / lint-format	UNKNOWN STEP	2026-09-09T07:12:34.8089732Z ^[[36;1mconst appPairs = [^[[0m
Python CI / lint-format	UNKNOWN STEP	2026-09-09T07:12:34.8090225Z ^[[36;1m  ['WORKFLOWS_APP', 'WORKFLOWS_APP_ID', 'WORKFLOWS_APP_PRIVATE_KEY'],^[[0m
Python CI / lint-format	UNKNOWN STEP	2026-09-09T07:12:34.8090869Z ^[[36;1m  ['KEEPALIVE_APP', 'KEEPALIVE_APP_ID', 'KEEPALIVE_APP_PRIVATE_KEY'],^[[0m
Python CI / lint-format	UNKNOWN STEP	2026-09-09T07:12:34.8091455Z ^[[36;1m  ['GH_APP', 'GH_APP_ID', 'GH_APP_PRIVATE_KEY'],^[[0m
Python CI / lint-format	UNKNOWN STEP	2026-09-09T07:12:34.8092083Z ^[[36;1m  ['APP_1', 'APP_1_ID', 'APP_1_PRIVATE_KEY'],^[[0m
Python CI / lint-format	UNKNOWN STEP	2026-09-09T07:12:34.8092562Z ^[[36;1m  ['APP_2', 'APP_2_ID', 'APP_2_PRIVATE_KEY'],^[[0m
Python CI / lint-format	UNKNOWN STEP	2026-09-09T07:12:34.8093017Z ^[[36;1m];^[[0m
Python CI / lint-format	UNKNOWN STEP	2026-09-09T07:12:34.8093332Z ^[[36;1mconst authModes = [];^[[0m
Python CI / lint-format	UNKNOWN STEP	2026-09-09T07:12:34.8093703Z ^[[36;1mif (tokenSet.has('GITHUB_TOKEN')) {^[[0m
Python CI / lint-format	UNKNOWN STEP	2026-09-09T07:12:34.8094233Z ^[[36;1m  authModes.push({ source: 'GITHUB_TOKEN', mode: 'github-token' });^[[0m
Python CI / lint-format	UNKNOWN STEP	2026-09-09T07:12:34.8094747Z ^[[36;1m}^[[0m
Python CI / lint-format	UNKNOWN STEP	2026-09-09T07:12:34.8095084Z ^[[36;1mfor (const name of tokenNames) {^[[0m
Python CI / lint-format	UNKNOWN STEP	2026-09-09T07:12:34.8095705Z ^[[36;1m  if (name.endsWith('_PAT')) {^[[0m
Python CI / lint-format	UNKNOWN STEP	2026-09-09T07:12:34.8096160Z ^[[36;1m    authModes.push({ source: name, mode: 'pat' });^[[0m
Python CI / lint-format	UNKNOWN STEP	2026-09-09T07:12:34.8096586Z ^[[36;1m  }^[[0m
Python CI / lint-format	UNKNOWN STEP	2026-09-09T07:12:34.8096860Z ^[[36;1m}^[[0m
Python CI / lint-format	UNKNOWN STEP	2026-09-09T07:12:34.8097211Z ^[[36;1mfor (const [source, idName, keyName] of appPairs) {^[[0m
Python CI / lint-format	UNKNOWN STEP	2026-09-09T07:12:34.8097743Z ^[[36;1m  if (tokenSet.has(idName) && tokenSet.has(keyName)) {^[[0m
Python CI / lint-format	UNKNOWN STEP	2026-09-09T07:12:34.8098183Z ^[[36;1m    authModes.push({^[[0m
Python CI / lint-format	UNKNOWN STEP	2026-09-09T07:12:34.8098560Z ^[[36;1m      source,^[[0m
Python CI / lint-format	UNKNOWN STEP	2026-09-09T07:12:34.8099068Z ^[[36;1m      mode: 'github-app',^[[0m
Python CI / lint-format	UNKNOWN STEP	2026-09-09T07:12:34.8099482Z ^[[36;1m      credential_names: [idName, keyName],^[[0m
Python CI / lint-format	UNKNOWN STEP	2026-09-09T07:12:34.8099930Z ^[[36;1m    });^[[0m
Python CI / lint-format	UNKNOWN STEP	2026-09-09T07:12:34.8100218Z ^[[36;1m  }^[[0m
Python CI / lint-format	UNKNOWN STEP	2026-09-09T07:12:34.8100503Z ^[[36;1m}^[[0m
Python CI / lint-format	UNKNOWN STEP	2026-09-09T07:12:34.8100793Z ^[[36;1m^[[0m
Python CI / lint-format	UNKNOWN STEP	2026-09-09T07:12:34.8101221Z ^[[36;1mconst moduleDir = path.join(installDir, 'node_modules');^[[0m
Python CI / lint-format	UNKNOWN STEP	2026-09-09T07:12:34.8101859Z ^[[36;1mconst hasModule = (name) => fs.existsSync(path.join(moduleDir, ...name.split('/')));^[[0m
Python CI / lint-format	UNKNOWN STEP	2026-09-09T07:12:34.8102419Z ^[[36;1mconst contract = {^[[0m
Python CI / lint-format	UNKNOWN STEP	2026-09-09T07:12:34.8102817Z ^[[36;1m  schema: 'workflows-api-client-setup/v1',^[[0m
Python CI / lint-format	UNKNOWN STEP	2026-09-09T07:12:34.8103377Z ^[[36;1m  token_count: Number.parseInt(process.env.TOKEN_COUNT || '0', 10) || 0,^[[0m
Python CI / lint-format	UNKNOWN STEP	2026-09-09T07:12:34.8103940Z ^[[36;1m  available_token_names: tokenNames,^[[0m
Python CI / lint-format	UNKNOWN STEP	2026-09-09T07:12:34.8104343Z ^[[36;1m  auth_modes: authModes,^[[0m
Python CI / lint-format	UNKNOWN STEP	2026-09-09T07:12:34.8104731Z ^[[36;1m  dependency_state: {^[[0m
Python CI / lint-format	UNKNOWN STEP	2026-09-09T07:12:34.8105148Z ^[[36;1m    node_path_ready: fs.existsSync(moduleDir),^[[0m
Python CI / lint-format	UNKNOWN STEP	2026-09-09T07:12:34.8105882Z ^[[36;1m    octokit_rest_ready: hasModule('@octokit/rest'),^[[0m
Python CI / lint-format	UNKNOWN STEP	2026-09-09T07:12:34.8106387Z ^[[36;1m    octokit_auth_app_ready: hasModule('@octokit/auth-app'),^[[0m
Python CI / lint-format	UNKNOWN STEP	2026-09-09T07:12:34.8106883Z ^[[36;1m    lru_cache_ready: hasModule('lru-cache'),^[[0m
Python CI / lint-format	UNKNOWN STEP	2026-09-09T07:12:34.8107286Z ^[[36;1m  },^[[0m
Python CI / lint-format	UNKNOWN STEP	2026-09-09T07:12:34.8107588Z ^[[36;1m};^[[0m
Python CI / lint-format	UNKNOWN STEP	2026-09-09T07:12:34.8107979Z ^[[36;1mprocess.stdout.write(JSON.stringify(contract));^[[0m
Python CI / lint-format	UNKNOWN STEP	2026-09-09T07:12:34.8108425Z ^[[36;1mNODE^[[0m
Python CI / lint-format	UNKNOWN STEP	2026-09-09T07:12:34.8108705Z ^[[36;1m)"^[[0m
Python CI / lint-format	UNKNOWN STEP	2026-09-09T07:12:34.8109129Z ^[[36;1mprintf 'setup_contract=%s\n' "$setup_contract" >> "$GITHUB_OUTPUT"^[[0m
Python CI / lint-format	UNKNOWN STEP	2026-09-09T07:12:34.8109609Z ^[[36;1m^[[0m
Python CI / lint-format	UNKNOWN STEP	2026-09-09T07:12:34.8109939Z ^[[36;1mecho ""^[[0m
Python CI / lint-format	UNKNOWN STEP	2026-09-09T07:12:34.8110261Z ^[[36;1mecho "📊 Token Setup Summary:"^[[0m
Python CI / lint-format	UNKNOWN STEP	2026-09-09T07:12:34.8110658Z ^[[36;1mecho "  Total tokens exported: ${token_count}"^[[0m
Python CI / lint-format	UNKNOWN STEP	2026-09-09T07:12:34.8111185Z ^[[36;1mecho "  Setup contract schema: workflows-api-client-setup/v1"^[[0m
Python CI / lint-format	UNKNOWN STEP	2026-09-09T07:12:34.8111699Z ^[[36;1mif [ "${INPUT_VERBOSE}" = "true" ]; then^[[0m
Python CI / lint-format	UNKNOWN STEP	2026-09-09T07:12:34.8112140Z ^[[36;1m  echo "  Available: ${available_tokens}"^[[0m
Python CI / lint-format	UNKNOWN STEP	2026-09-09T07:12:34.8112594Z ^[[36;1m  echo "  Setup contract: ${setup_contract}"^[[0m
Python CI / lint-format	UNKNOWN STEP	2026-09-09T07:12:34.8113005Z ^[[36;1mfi^[[0m
Python CI / lint-format	UNKNOWN STEP	2026-09-09T07:12:34.8113307Z ^[[36;1m^[[0m
Python CI / lint-format	UNKNOWN STEP	2026-09-09T07:12:34.8113837Z ^[[36;1m# Warn if no tokens were exported^[[0m
Python CI / lint-format	UNKNOWN STEP	2026-09-09T07:12:34.8114270Z ^[[36;1mif [ "${token_count}" -eq 0 ]; then^[[0m
Python CI / lint-format	UNKNOWN STEP	2026-09-09T07:12:34.8114806Z ^[[36;1m  echo "::warning::No tokens were exported! API calls may fail."^[[0m
Python CI / lint-format	UNKNOWN STEP	2026-09-09T07:12:34.8115364Z ^[[36;1m  echo "::warning::Ensure secrets are passed to this action."^[[0m
Python CI / lint-format	UNKNOWN STEP	2026-09-09T07:12:34.8115975Z ^[[36;1mfi^[[0m
Python CI / lint-format	UNKNOWN STEP	2026-09-09T07:12:34.8136918Z shell: /usr/bin/bash --noprofile --norc -e -o pipefail {0}
Python CI / lint-format	UNKNOWN STEP	2026-09-09T07:12:34.8137261Z env:
Python CI / lint-format	UNKNOWN STEP	2026-09-09T07:12:34.8137604Z   WORKDIR: .
Python CI / lint-format	UNKNOWN STEP	2026-09-09T07:12:34.8137869Z   WORKSPACE_ROOT: /home/runner/work/Ready/Ready
Python CI / lint-format	UNKNOWN STEP	2026-09-09T07:12:34.8138186Z   PROJECT_ROOT: /home/runner/work/Ready/Ready
Python CI / lint-format	UNKNOWN STEP	2026-09-09T07:12:34.8138557Z   NODE_PATH: /home/runner/work/Ready/Ready/.github/scripts/node_modules
Python CI / lint-format	UNKNOWN STEP	2026-09-09T07:12:34.8138901Z   INPUT_SECRETS: 
Python CI / lint-format	UNKNOWN STEP	2026-09-09T07:12:34.8140813Z   INPUT_GITHUB_TOKEN: ***
Python CI / lint-format	UNKNOWN STEP	2026-09-09T07:12:34.8141072Z   INPUT_SERVICE_BOT_PAT: 
Python CI / lint-format	UNKNOWN STEP	2026-09-09T07:12:34.8141335Z   INPUT_ACTIONS_BOT_PAT: 
Python CI / lint-format	UNKNOWN STEP	2026-09-09T07:12:34.8141596Z   INPUT_OWNER_PR_PAT: 
Python CI / lint-format	UNKNOWN STEP	2026-09-09T07:12:34.8141841Z   INPUT_AGENTS_AUTOMATION_PAT: 
Python CI / lint-format	UNKNOWN STEP	2026-09-09T07:12:34.8142121Z   INPUT_WORKFLOWS_APP_ID: ***
Python CI / lint-format	UNKNOWN STEP	2026-09-09T07:12:34.8146990Z   INPUT_WORKFLOWS_APP_PRIVATE_KEY: ***
Python CI / lint-format	UNKNOWN STEP	2026-09-09T07:12:34.8147355Z   INPUT_KEEPALIVE_APP_ID: 
Python CI / lint-format	UNKNOWN STEP	2026-09-09T07:12:34.8147676Z   INPUT_KEEPALIVE_APP_PRIVATE_KEY: 
Python CI / lint-format	UNKNOWN STEP	2026-09-09T07:12:34.8148050Z   INPUT_GH_APP_ID: 
Python CI / lint-format	UNKNOWN STEP	2026-09-09T07:12:34.8148356Z   INPUT_GH_APP_PRIVATE_KEY: 
Python CI / lint-format	UNKNOWN STEP	2026-09-09T07:12:34.8148649Z   INPUT_APP_1_ID: 
Python CI / lint-format	UNKNOWN STEP	2026-09-09T07:12:34.8149029Z   INPUT_APP_1_PRIVATE_KEY: 
Python CI / lint-format	UNKNOWN STEP	2026-09-09T07:12:34.8149275Z   INPUT_APP_2_ID: 
Python CI / lint-format	UNKNOWN STEP	2026-09-09T07:12:34.8149517Z   INPUT_APP_2_PRIVATE_KEY: 
Python CI / lint-format	UNKNOWN STEP	2026-09-09T07:12:34.8149778Z   INPUT_INSTALL_DIR: 
Python CI / lint-format	UNKNOWN STEP	2026-09-09T07:12:34.8150031Z   INPUT_VERBOSE: false
Python CI / lint-format	UNKNOWN STEP	2026-09-09T07:12:34.8150282Z ##[endgroup]
Python CI / lint-format	UNKNOWN STEP	2026-09-09T07:12:34.8188128Z 🔐 Exporting tokens to environment...
Python CI / lint-format	UNKNOWN STEP	2026-09-09T07:12:34.9176473Z 
Python CI / lint-format	UNKNOWN STEP	2026-09-09T07:12:34.9177769Z 📊 Token Setup Summary:
Python CI / lint-format	UNKNOWN STEP	2026-09-09T07:12:34.9178181Z   Total tokens exported: 3
Python CI / lint-format	UNKNOWN STEP	2026-09-09T07:12:34.9178580Z   Setup contract schema: workflows-api-client-setup/v1
Python CI / lint-format	UNKNOWN STEP	2026-09-09T07:12:34.9203159Z ##[end-action id=__self.export-tokens;outcome=success;conclusion=success;duration_ms=132]
Python CI / lint-format	UNKNOWN STEP	2026-09-09T07:12:34.9304472Z ##[group]Run actions/checkout@v7
Python CI / lint-format	UNKNOWN STEP	2026-09-09T07:12:34.9304791Z with:
Python CI / lint-format	UNKNOWN STEP	2026-09-09T07:12:34.9305038Z   submodules: false
Python CI / lint-format	UNKNOWN STEP	2026-09-09T07:12:34.9305295Z   fetch-depth: 1
Python CI / lint-format	UNKNOWN STEP	2026-09-09T07:12:34.9305769Z   repository: stranske/Ready
Python CI / lint-format	UNKNOWN STEP	2026-09-09T07:12:34.9307713Z   token: ***
Python CI / lint-format	UNKNOWN STEP	2026-09-09T07:12:34.9307981Z   ssh-strict: true
Python CI / lint-format	UNKNOWN STEP	2026-09-09T07:12:34.9308264Z   ssh-user: git
Python CI / lint-format	UNKNOWN STEP	2026-09-09T07:12:34.9308533Z   persist-credentials: true
Python CI / lint-format	UNKNOWN STEP	2026-09-09T07:12:34.9308822Z   clean: true
Python CI / lint-format	UNKNOWN STEP	2026-09-09T07:12:34.9309088Z   sparse-checkout-cone-mode: true
Python CI / lint-format	UNKNOWN STEP	2026-09-09T07:12:34.9309398Z   fetch-tags: false
Python CI / lint-format	UNKNOWN STEP	2026-09-09T07:12:34.9309670Z   show-progress: true
Python CI / lint-format	UNKNOWN STEP	2026-09-09T07:12:34.9309929Z   lfs: false
Python CI / lint-format	UNKNOWN STEP	2026-09-09T07:12:34.9310185Z   set-safe-directory: true
Python CI / lint-format	UNKNOWN STEP	2026-09-09T07:12:34.9310511Z   allow-unsafe-pr-checkout: false
Python CI / lint-format	UNKNOWN STEP	2026-09-09T07:12:34.9310781Z env:
Python CI / lint-format	UNKNOWN STEP	2026-09-09T07:12:34.9311007Z   WORKDIR: .
Python CI / lint-format	UNKNOWN STEP	2026-09-09T07:12:34.9311281Z   WORKSPACE_ROOT: /home/runner/work/Ready/Ready
Python CI / lint-format	UNKNOWN STEP	2026-09-09T07:12:34.9311662Z   PROJECT_ROOT: /home/runner/work/Ready/Ready
Python CI / lint-format	UNKNOWN STEP	2026-09-09T07:12:34.9312052Z   NODE_PATH: /home/runner/work/Ready/Ready/.github/scripts/node_modules
Python CI / lint-format	UNKNOWN STEP	2026-09-09T07:12:34.9313904Z   GITHUB_TOKEN: ***
Python CI / lint-format	UNKNOWN STEP	2026-09-09T07:12:34.9315776Z   GH_TOKEN: ***
Python CI / lint-format	UNKNOWN STEP	2026-09-09T07:12:34.9316051Z   WORKFLOWS_APP_ID: ***
Python CI / lint-format	UNKNOWN STEP	2026-09-09T07:12:34.9320996Z   WORKFLOWS_APP_PRIVATE_KEY: ***
Python CI / lint-format	UNKNOWN STEP	2026-09-09T07:12:34.9321271Z ##[endgroup]
Python CI / lint-format	UNKNOWN STEP	2026-09-09T07:12:34.9969002Z Syncing repository: stranske/Ready
Python CI / lint-format	UNKNOWN STEP	2026-09-09T07:12:34.9969521Z ##[group]Getting Git version info
Python CI / lint-format	UNKNOWN STEP	2026-09-09T07:12:34.9969825Z Working directory is '/home/runner/work/Ready/Ready'
Python CI / lint-format	UNKNOWN STEP	2026-09-09T07:12:34.9991979Z [command]/usr/bin/git version
Python CI / lint-format	UNKNOWN STEP	2026-09-09T07:12:35.0027428Z git version 2.55.0
Python CI / lint-format	UNKNOWN STEP	2026-09-09T07:12:35.0040397Z ##[endgroup]
Python CI / lint-format	UNKNOWN STEP	2026-09-09T07:12:35.0048513Z Temporarily overriding HOME='/home/runner/work/_temp/1194b54f-1a21-49d5-85f7-750cc57b027e' before making global git config changes
Python CI / lint-format	UNKNOWN STEP	2026-09-09T07:12:35.0049395Z Adding repository directory to the temporary git global config as a safe directory
Python CI / lint-format	UNKNOWN STEP	2026-09-09T07:12:35.0052744Z [command]/usr/bin/git config --global --add safe.directory /home/runner/work/Ready/Ready
Python CI / lint-format	UNKNOWN STEP	2026-09-09T07:12:35.0076689Z Deleting the contents of '/home/runner/work/Ready/Ready'
Python CI / lint-format	UNKNOWN STEP	2026-09-09T07:12:35.0331852Z ##[group]Determining repository object format
Python CI / lint-format	UNKNOWN STEP	2026-09-09T07:12:35.0332513Z ##[endgroup]
Python CI / lint-format	UNKNOWN STEP	2026-09-09T07:12:35.0333009Z ##[group]Initializing the repository
Python CI / lint-format	UNKNOWN STEP	2026-09-09T07:12:35.0336133Z [command]/usr/bin/git init /home/runner/work/Ready/Ready
Python CI / lint-format	UNKNOWN STEP	2026-09-09T07:12:35.0368769Z hint: Using 'master' as the name for the initial branch. This default branch name
Python CI / lint-format	UNKNOWN STEP	2026-09-09T07:12:35.0369432Z hint: will change to "main" in Git 3.0. To configure the initial branch name
Python CI / lint-format	UNKNOWN STEP	2026-09-09T07:12:35.0369974Z hint: to use in all of your new repositories, which will suppress this warning,
Python CI / lint-format	UNKNOWN STEP	2026-09-09T07:12:35.0370399Z hint: call:
Python CI / lint-format	UNKNOWN STEP	2026-09-09T07:12:35.0370671Z hint:
Python CI / lint-format	UNKNOWN STEP	2026-09-09T07:12:35.0370992Z hint: 	git config --global init.defaultBranch <name>
Python CI / lint-format	UNKNOWN STEP	2026-09-09T07:12:35.0371359Z hint:
Python CI / lint-format	UNKNOWN STEP	2026-09-09T07:12:35.0371737Z hint: Names commonly chosen instead of 'master' are 'main', 'trunk' and
Python CI / lint-format	UNKNOWN STEP	2026-09-09T07:12:35.0372266Z hint: 'development'. The just-created branch can be renamed via this command:
Python CI / lint-format	UNKNOWN STEP	2026-09-09T07:12:35.0372716Z hint:
Python CI / lint-format	UNKNOWN STEP	2026-09-09T07:12:35.0372987Z hint: 	git branch -m <name>
Python CI / lint-format	UNKNOWN STEP	2026-09-09T07:12:35.0373271Z hint:
Python CI / lint-format	UNKNOWN STEP	2026-09-09T07:12:35.0373576Z hint: Disable this message with "git config set advice.defaultBranchName false"
Python CI / lint-format	UNKNOWN STEP	2026-09-09T07:12:35.0374027Z Initialized empty Git repository in /home/runner/work/Ready/Ready/.git/
Python CI / lint-format	UNKNOWN STEP	2026-09-09T07:12:35.0377994Z [command]/usr/bin/git remote add origin https://github.com/stranske/Ready
Python CI / lint-format	UNKNOWN STEP	2026-09-09T07:12:35.0404027Z ##[endgroup]
Python CI / lint-format	UNKNOWN STEP	2026-09-09T07:12:35.0404452Z ##[group]Disabling automatic garbage collection
Python CI / lint-format	UNKNOWN STEP	2026-09-09T07:12:35.0407062Z [command]/usr/bin/git config --local gc.auto 0
Python CI / lint-format	UNKNOWN STEP	2026-09-09T07:12:35.0429858Z ##[endgroup]
Python CI / lint-format	UNKNOWN STEP	2026-09-09T07:12:35.0430309Z ##[group]Setting up auth
Python CI / lint-format	UNKNOWN STEP	2026-09-09T07:12:35.0430617Z Removing SSH command configuration
Python CI / lint-format	UNKNOWN STEP	2026-09-09T07:12:35.0435231Z [command]/usr/bin/git config --local --name-only --get-regexp core\.sshCommand
Python CI / lint-format	UNKNOWN STEP	2026-09-09T07:12:35.0459158Z [command]/usr/bin/git submodule foreach --recursive sh -c "git config --local --name-only --get-regexp 'core\.sshCommand' && git config --local --unset-all 'core.sshCommand' || :"
Python CI / lint-format	UNKNOWN STEP	2026-09-09T07:12:35.0608709Z Removing HTTP extra header
Python CI / lint-format	UNKNOWN STEP	2026-09-09T07:12:35.0612291Z [command]/usr/bin/git config --local --name-only --get-regexp http\.https\:\/\/github\.com\/\.extraheader
Python CI / lint-format	UNKNOWN STEP	2026-09-09T07:12:35.0636022Z [command]/usr/bin/git submodule foreach --recursive sh -c "git config --local --name-only --get-regexp 'http\.https\:\/\/github\.com\/\.extraheader' && git config --local --unset-all 'http.https://github.com/.extraheader' || :"
Python CI / lint-format	UNKNOWN STEP	2026-09-09T07:12:35.0780883Z Removing includeIf entries pointing to credentials config files
Python CI / lint-format	UNKNOWN STEP	2026-09-09T07:12:35.0784721Z [command]/usr/bin/git config --local --name-only --get-regexp ^includeIf\.gitdir:
Python CI / lint-format	UNKNOWN STEP	2026-09-09T07:12:35.0807402Z [command]/usr/bin/git submodule foreach --recursive git config --local --show-origin --name-only --get-regexp remote.origin.url
Python CI / lint-format	UNKNOWN STEP	2026-09-09T07:12:35.0953970Z [command]/usr/bin/git config --file /home/runner/work/_temp/git-credentials-4e7990b8-6d3e-4b45-b84d-1bfceda804c9.config http.https://github.com/.extraheader AUTHORIZATION: basic ***
Python CI / lint-format	UNKNOWN STEP	2026-09-09T07:12:35.0980716Z [command]/usr/bin/git config --local includeIf.gitdir:/home/runner/work/Ready/Ready/.git.path /home/runner/work/_temp/git-credentials-4e7990b8-6d3e-4b45-b84d-1bfceda804c9.config
Python CI / lint-format	UNKNOWN STEP	2026-09-09T07:12:35.1001230Z [command]/usr/bin/git config --local includeIf.gitdir:/home/runner/work/Ready/Ready/.git/worktrees/*.path /home/runner/work/_temp/git-credentials-4e7990b8-6d3e-4b45-b84d-1bfceda804c9.config
Python CI / lint-format	UNKNOWN STEP	2026-09-09T07:12:35.1310281Z [command]/usr/bin/git config --local includeIf.gitdir:/github/workspace/.git.path /github/runner_temp/git-credentials-4e7990b8-6d3e-4b45-b84d-1bfceda804c9.config
Python CI / lint-format	UNKNOWN STEP	2026-09-09T07:12:35.1336644Z [command]/usr/bin/git config --local includeIf.gitdir:/github/workspace/.git/worktrees/*.path /github/runner_temp/git-credentials-4e7990b8-6d3e-4b45-b84d-1bfceda804c9.config
Python CI / lint-format	UNKNOWN STEP	2026-09-09T07:12:35.1356416Z ##[endgroup]
Python CI / lint-format	UNKNOWN STEP	2026-09-09T07:12:35.1356831Z ##[group]Fetching the repository
Python CI / lint-format	UNKNOWN STEP	2026-09-09T07:12:35.1361704Z [command]/usr/bin/git -c protocol.version=2 fetch --no-tags --prune --no-recurse-submodules --depth=1 origin +ae25ff4ae863037cc674b963380b06d8137a6204:refs/remotes/origin/main
Python CI / lint-format	UNKNOWN STEP	2026-09-09T07:12:36.2670603Z From https://github.com/stranske/Ready
Python CI / lint-format	UNKNOWN STEP	2026-09-09T07:12:36.2671095Z  * [new ref]         ae25ff4ae863037cc674b963380b06d8137a6204 -> origin/main
Python CI / lint-format	UNKNOWN STEP	2026-09-09T07:12:36.2679641Z [command]/usr/bin/git branch --list --remote origin/main
Python CI / lint-format	UNKNOWN STEP	2026-09-09T07:12:36.2704268Z   origin/main
Python CI / lint-format	UNKNOWN STEP	2026-09-09T07:12:36.2710016Z [command]/usr/bin/git rev-parse refs/remotes/origin/main
Python CI / lint-format	UNKNOWN STEP	2026-09-09T07:12:36.2729071Z ae25ff4ae863037cc674b963380b06d8137a6204
Python CI / lint-format	UNKNOWN STEP	2026-09-09T07:12:36.2731028Z ##[endgroup]
Python CI / lint-format	UNKNOWN STEP	2026-09-09T07:12:36.2731561Z ##[group]Determining the checkout info
Python CI / lint-format	UNKNOWN STEP	2026-09-09T07:12:36.2732235Z ##[endgroup]
Python CI / lint-format	UNKNOWN STEP	2026-09-09T07:12:36.2736389Z [command]/usr/bin/git sparse-checkout disable
Python CI / lint-format	UNKNOWN STEP	2026-09-09T07:12:36.3137231Z [command]/usr/bin/git config --local --unset-all extensions.worktreeConfig
Python CI / lint-format	UNKNOWN STEP	2026-09-09T07:12:36.3161752Z ##[group]Checking out the ref
Python CI / lint-format	UNKNOWN STEP	2026-09-09T07:12:36.3165049Z [command]/usr/bin/git checkout --progress --force -B main refs/remotes/origin/main
Python CI / lint-format	UNKNOWN STEP	2026-09-09T07:12:36.4816829Z Switched to a new branch 'main'
Python CI / lint-format	UNKNOWN STEP	2026-09-09T07:12:36.4817463Z branch 'main' set up to track 'origin/main'.
Python CI / lint-format	UNKNOWN STEP	2026-09-09T07:12:36.4824010Z ##[endgroup]
Python CI / lint-format	UNKNOWN STEP	2026-09-09T07:12:36.4860425Z [command]/usr/bin/git log -1 --format=%H
Python CI / lint-format	UNKNOWN STEP	2026-09-09T07:12:36.4880213Z ae25ff4ae863037cc674b963380b06d8137a6204
Python CI / lint-format	UNKNOWN STEP	2026-09-09T07:12:36.5002448Z ##[group]Run actions/setup-python@v7
Python CI / lint-format	UNKNOWN STEP	2026-09-09T07:12:36.5002761Z with:
Python CI / lint-format	UNKNOWN STEP	2026-09-09T07:12:36.5003018Z   python-version: 3.12
Python CI / lint-format	UNKNOWN STEP	2026-09-09T07:12:36.5003275Z   check-latest: false
Python CI / lint-format	UNKNOWN STEP	2026-09-09T07:12:36.5005138Z   token: ***
Python CI / lint-format	UNKNOWN STEP	2026-09-09T07:12:36.5005392Z   update-environment: true
Python CI / lint-format	UNKNOWN STEP	2026-09-09T07:12:36.5005998Z   allow-prereleases: false
Python CI / lint-format	UNKNOWN STEP	2026-09-09T07:12:36.5006286Z   freethreaded: false
Python CI / lint-format	UNKNOWN STEP	2026-09-09T07:12:36.5006531Z env:
Python CI / lint-format	UNKNOWN STEP	2026-09-09T07:12:36.5006759Z   WORKDIR: .
Python CI / lint-format	UNKNOWN STEP	2026-09-09T07:12:36.5007033Z   WORKSPACE_ROOT: /home/runner/work/Ready/Ready
Python CI / lint-format	UNKNOWN STEP	2026-09-09T07:12:36.5007370Z   PROJECT_ROOT: /home/runner/work/Ready/Ready
Python CI / lint-format	UNKNOWN STEP	2026-09-09T07:12:36.5007759Z   NODE_PATH: /home/runner/work/Ready/Ready/.github/scripts/node_modules
Python CI / lint-format	UNKNOWN STEP	2026-09-09T07:12:36.5009666Z   GITHUB_TOKEN: ***
Python CI / lint-format	UNKNOWN STEP	2026-09-09T07:12:36.5011394Z   GH_TOKEN: ***
Python CI / lint-format	UNKNOWN STEP	2026-09-09T07:12:36.5011655Z   WORKFLOWS_APP_ID: ***
Python CI / lint-format	UNKNOWN STEP	2026-09-09T07:12:36.5017091Z   WORKFLOWS_APP_PRIVATE_KEY: ***
Python CI / lint-format	UNKNOWN STEP	2026-09-09T07:12:36.5017453Z ##[endgroup]
Python CI / lint-format	UNKNOWN STEP	2026-09-09T07:12:36.5986110Z ##[group]Installed versions
Python CI / lint-format	UNKNOWN STEP	2026-09-09T07:12:36.6880433Z Successfully set up CPython (3.12.14)
Python CI / lint-format	UNKNOWN STEP	2026-09-09T07:12:36.6881238Z ##[endgroup]
Python CI / lint-format	UNKNOWN STEP	2026-09-09T07:12:36.6987024Z ##[group]Run actions/setup-node@820762786026740c76f36085b0efc47a31fe5020
Python CI / lint-format	UNKNOWN STEP	2026-09-09T07:12:36.6987422Z with:
Python CI / lint-format	UNKNOWN STEP	2026-09-09T07:12:36.6987693Z   node-version: 24
Python CI / lint-format	UNKNOWN STEP	2026-09-09T07:12:36.6987959Z   check-latest: false
Python CI / lint-format	UNKNOWN STEP	2026-09-09T07:12:36.6989815Z   token: ***
Python CI / lint-format	UNKNOWN STEP	2026-09-09T07:12:36.6990077Z   package-manager-cache: true
Python CI / lint-format	UNKNOWN STEP	2026-09-09T07:12:36.6990372Z env:
Python CI / lint-format	UNKNOWN STEP	2026-09-09T07:12:36.6990624Z   WORKDIR: .
Python CI / lint-format	UNKNOWN STEP	2026-09-09T07:12:36.6990895Z   WORKSPACE_ROOT: /home/runner/work/Ready/Ready
Python CI / lint-format	UNKNOWN STEP	2026-09-09T07:12:36.6991235Z   PROJECT_ROOT: /home/runner/work/Ready/Ready
Python CI / lint-format	UNKNOWN STEP	2026-09-09T07:12:36.6991636Z   NODE_PATH: /home/runner/work/Ready/Ready/.github/scripts/node_modules
Python CI / lint-format	UNKNOWN STEP	2026-09-09T07:12:36.6993544Z   GITHUB_TOKEN: ***
Python CI / lint-format	UNKNOWN STEP	2026-09-09T07:12:36.6995277Z   GH_TOKEN: ***
Python CI / lint-format	UNKNOWN STEP	2026-09-09T07:12:36.6995747Z   WORKFLOWS_APP_ID: ***
Python CI / lint-format	UNKNOWN STEP	2026-09-09T07:12:36.7000859Z   WORKFLOWS_APP_PRIVATE_KEY: ***
Python CI / lint-format	UNKNOWN STEP	2026-09-09T07:12:36.7001193Z   pythonLocation: /opt/hostedtoolcache/Python/3.12.14/x64
Python CI / lint-format	UNKNOWN STEP	2026-09-09T07:12:36.7001685Z   PKG_CONFIG_PATH: /opt/hostedtoolcache/Python/3.12.14/x64/lib/pkgconfig
Python CI / lint-format	UNKNOWN STEP	2026-09-09T07:12:36.7002106Z   Python_ROOT_DIR: /opt/hostedtoolcache/Python/3.12.14/x64
Python CI / lint-format	UNKNOWN STEP	2026-09-09T07:12:36.7002507Z   Python2_ROOT_DIR: /opt/hostedtoolcache/Python/3.12.14/x64
Python CI / lint-format	UNKNOWN STEP	2026-09-09T07:12:36.7002905Z   Python3_ROOT_DIR: /opt/hostedtoolcache/Python/3.12.14/x64
Python CI / lint-format	UNKNOWN STEP	2026-09-09T07:12:36.7003305Z   LD_LIBRARY_PATH: /opt/hostedtoolcache/Python/3.12.14/x64/lib
Python CI / lint-format	UNKNOWN STEP	2026-09-09T07:12:36.7003658Z ##[endgroup]
Python CI / lint-format	UNKNOWN STEP	2026-09-09T07:12:36.9300708Z Found in cache @ /opt/hostedtoolcache/node/24.20.0/x64
Python CI / lint-format	UNKNOWN STEP	2026-09-09T07:12:36.9302718Z ##[group]Environment details
Python CI / lint-format	UNKNOWN STEP	2026-09-09T07:12:38.6484973Z node: v24.20.0
Python CI / lint-format	UNKNOWN STEP	2026-09-09T07:12:38.6485767Z npm: 11.19.0
Python CI / lint-format	UNKNOWN STEP	2026-09-09T07:12:38.6486150Z yarn: 1.22.22
Python CI / lint-format	UNKNOWN STEP	2026-09-09T07:12:38.6487468Z ##[endgroup]
Python CI / lint-format	UNKNOWN STEP	2026-09-09T07:12:38.6581101Z ##[group]Run curl -LsSf https://astral.sh/uv/install.sh | sh
Python CI / lint-format	UNKNOWN STEP	2026-09-09T07:12:38.6581576Z ^[[36;1mcurl -LsSf https://astral.sh/uv/install.sh | sh^[[0m
Python CI / lint-format	UNKNOWN STEP	2026-09-09T07:12:38.6581955Z ^[[36;1mecho "$HOME/.local/bin" >> "$GITHUB_PATH"^[[0m
Python CI / lint-format	UNKNOWN STEP	2026-09-09T07:12:38.6617433Z shell: /usr/bin/bash --noprofile --norc -e -o pipefail {0}
Python CI / lint-format	UNKNOWN STEP	2026-09-09T07:12:38.6617833Z env:
Python CI / lint-format	UNKNOWN STEP	2026-09-09T07:12:38.6618094Z   WORKDIR: .
Python CI / lint-format	UNKNOWN STEP	2026-09-09T07:12:38.6618382Z   WORKSPACE_ROOT: /home/runner/work/Ready/Ready
Python CI / lint-format	UNKNOWN STEP	2026-09-09T07:12:38.6618725Z   PROJECT_ROOT: /home/runner/work/Ready/Ready
Python CI / lint-format	UNKNOWN STEP	2026-09-09T07:12:38.6619131Z   NODE_PATH: /home/runner/work/Ready/Ready/.github/scripts/node_modules
Python CI / lint-format	UNKNOWN STEP	2026-09-09T07:12:38.6621220Z   GITHUB_TOKEN: ***
Python CI / lint-format	UNKNOWN STEP	2026-09-09T07:12:38.6623022Z   GH_TOKEN: ***
Python CI / lint-format	UNKNOWN STEP	2026-09-09T07:12:38.6623291Z   WORKFLOWS_APP_ID: ***
Python CI / lint-format	UNKNOWN STEP	2026-09-09T07:12:38.6628821Z   WORKFLOWS_APP_PRIVATE_KEY: ***
Python CI / lint-format	UNKNOWN STEP	2026-09-09T07:12:38.6629197Z   pythonLocation: /opt/hostedtoolcache/Python/3.12.14/x64
Python CI / lint-format	UNKNOWN STEP	2026-09-09T07:12:38.6629719Z   PKG_CONFIG_PATH: /opt/hostedtoolcache/Python/3.12.14/x64/lib/pkgconfig
Python CI / lint-format	UNKNOWN STEP	2026-09-09T07:12:38.6630185Z   Python_ROOT_DIR: /opt/hostedtoolcache/Python/3.12.14/x64
Python CI / lint-format	UNKNOWN STEP	2026-09-09T07:12:38.6630611Z   Python2_ROOT_DIR: /opt/hostedtoolcache/Python/3.12.14/x64
Python CI / lint-format	UNKNOWN STEP	2026-09-09T07:12:38.6631059Z   Python3_ROOT_DIR: /opt/hostedtoolcache/Python/3.12.14/x64
Python CI / lint-format	UNKNOWN STEP	2026-09-09T07:12:38.6631485Z   LD_LIBRARY_PATH: /opt/hostedtoolcache/Python/3.12.14/x64/lib
Python CI / lint-format	UNKNOWN STEP	2026-09-09T07:12:38.6631840Z ##[endgroup]
Python CI / lint-format	UNKNOWN STEP	2026-09-09T07:12:38.8856405Z downloading uv 0.12.11 x86_64-unknown-linux-gnu
Python CI / lint-format	UNKNOWN STEP	2026-09-09T07:12:39.4234589Z installing to /home/runner/.local/bin
Python CI / lint-format	UNKNOWN STEP	2026-09-09T07:12:39.4271947Z   uv
Python CI / lint-format	UNKNOWN STEP	2026-09-09T07:12:39.4284750Z   uvx
Python CI / lint-format	UNKNOWN STEP	2026-09-09T07:12:39.4309658Z everything's installed!
Python CI / lint-format	UNKNOWN STEP	2026-09-09T07:12:39.5258626Z ##[group]Run actions/cache@55cc8345863c7cc4c66a329aec7e433d2d1c52a9
Python CI / lint-format	UNKNOWN STEP	2026-09-09T07:12:39.5258999Z with:
Python CI / lint-format	UNKNOWN STEP	2026-09-09T07:12:39.5259258Z   path: ~/.cache/uv
Python CI / lint-format	UNKNOWN STEP	
Python CI / lint-format	UNKNOWN STEP	2026-09-09T07:12:39.5259816Z   key: uv-Linux-3.12-207e3610e8779eaffffdd3bda9afb628da5cec7b985adab394c688a08278d797-fe3bb89833759f0fed833213997e1272e8ff2363d4e938309a1ce8b5961ab82c
Python CI / lint-format	UNKNOWN STEP	2026-09-09T07:12:39.5260387Z   restore-keys: uv-Linux-
Python CI / lint-format	UNKNOWN STEP	
Python CI / lint-format	UNKNOWN STEP	2026-09-09T07:12:39.5260648Z   enableCrossOsArchive: false
Python CI / lint-format	UNKNOWN STEP	2026-09-09T07:12:39.5261082Z   fail-on-cache-miss: false
Python CI / lint-format	UNKNOWN STEP	2026-09-09T07:12:39.5261557Z   lookup-only: false
Python CI / lint-format	UNKNOWN STEP	2026-09-09T07:12:39.5261799Z   save-always: false
Python CI / lint-format	UNKNOWN STEP	2026-09-09T07:12:39.5262068Z env:
Python CI / lint-format	UNKNOWN STEP	2026-09-09T07:12:39.5262277Z   WORKDIR: .
Python CI / lint-format	UNKNOWN STEP	2026-09-09T07:12:39.5262527Z   WORKSPACE_ROOT: /home/runner/work/Ready/Ready
Python CI / lint-format	UNKNOWN STEP	2026-09-09T07:12:39.5262840Z   PROJECT_ROOT: /home/runner/work/Ready/Ready
Python CI / lint-format	UNKNOWN STEP	2026-09-09T07:12:39.5263193Z   NODE_PATH: /home/runner/work/Ready/Ready/.github/scripts/node_modules
Python CI / lint-format	UNKNOWN STEP	2026-09-09T07:12:39.5264987Z   GITHUB_TOKEN: ***
Python CI / lint-format	UNKNOWN STEP	2026-09-09T07:12:39.5266774Z   GH_TOKEN: ***
Python CI / lint-format	UNKNOWN STEP	2026-09-09T07:12:39.5267031Z   WORKFLOWS_APP_ID: ***
Python CI / lint-format	UNKNOWN STEP	2026-09-09T07:12:39.5271643Z   WORKFLOWS_APP_PRIVATE_KEY: ***
Python CI / lint-format	UNKNOWN STEP	2026-09-09T07:12:39.5271997Z   pythonLocation: /opt/hostedtoolcache/Python/3.12.14/x64
Python CI / lint-format	UNKNOWN STEP	2026-09-09T07:12:39.5272497Z   PKG_CONFIG_PATH: /opt/hostedtoolcache/Python/3.12.14/x64/lib/pkgconfig
Python CI / lint-format	UNKNOWN STEP	2026-09-09T07:12:39.5272942Z   Python_ROOT_DIR: /opt/hostedtoolcache/Python/3.12.14/x64
Python CI / lint-format	UNKNOWN STEP	2026-09-09T07:12:39.5273371Z   Python2_ROOT_DIR: /opt/hostedtoolcache/Python/3.12.14/x64
Python CI / lint-format	UNKNOWN STEP	2026-09-09T07:12:39.5273838Z   Python3_ROOT_DIR: /opt/hostedtoolcache/Python/3.12.14/x64
Python CI / lint-format	UNKNOWN STEP	2026-09-09T07:12:39.5274262Z   LD_LIBRARY_PATH: /opt/hostedtoolcache/Python/3.12.14/x64/lib
Python CI / lint-format	UNKNOWN STEP	2026-09-09T07:12:39.5274662Z ##[endgroup]
Python CI / lint-format	UNKNOWN STEP	2026-09-09T07:12:39.7819088Z Cache hit for: uv-Linux-3.12-207e3610e8779eaffffdd3bda9afb628da5cec7b985adab394c688a08278d797-fe3bb89833759f0fed833213997e1272e8ff2363d4e938309a1ce8b5961ab82c
Python CI / lint-format	UNKNOWN STEP	2026-09-09T07:12:40.9233189Z Received 113246208 of 336157658 (33.7%), 108.0 MBs/sec
Python CI / lint-format	UNKNOWN STEP	2026-09-09T07:12:41.9263887Z Received 289406976 of 336157658 (86.1%), 137.9 MBs/sec
Python CI / lint-format	UNKNOWN STEP	2026-09-09T07:12:42.1818174Z Received 336157658 of 336157658 (100.0%), 141.9 MBs/sec
Python CI / lint-format	UNKNOWN STEP	2026-09-09T07:12:42.1820432Z Cache Size: ~321 MB (336157658 B)
Python CI / lint-format	UNKNOWN STEP	2026-09-09T07:12:42.1886642Z [command]/usr/bin/tar -xf /home/runner/work/_temp/cf4b9b89-4f64-4a27-b326-a19fa7bc0646/cache.tzst -P -C /home/runner/work/Ready/Ready --use-compress-program unzstd
Python CI / lint-format	UNKNOWN STEP	2026-09-09T07:12:43.4772225Z Cache restored successfully
Python CI / lint-format	UNKNOWN STEP	2026-09-09T07:12:43.4942698Z Cache restored from key: uv-Linux-3.12-207e3610e8779eaffffdd3bda9afb628da5cec7b985adab394c688a08278d797-fe3bb89833759f0fed833213997e1272e8ff2363d4e938309a1ce8b5961ab82c
Python CI / lint-format	UNKNOWN STEP	2026-09-09T07:12:43.5028748Z ##[group]Run set -euo pipefail
Python CI / lint-format	UNKNOWN STEP	2026-09-09T07:12:43.5029351Z ^[[36;1mset -euo pipefail^[[0m
Python CI / lint-format	UNKNOWN STEP	2026-09-09T07:12:43.5029608Z ^[[36;1mstart_ts=$(date +%s)^[[0m
Python CI / lint-format	UNKNOWN STEP	2026-09-09T07:12:43.5029897Z ^[[36;1m^[[0m
Python CI / lint-format	UNKNOWN STEP	2026-09-09T07:12:43.5030146Z ^[[36;1mto_bool() {^[[0m
Python CI / lint-format	UNKNOWN STEP	2026-09-09T07:12:43.5030500Z ^[[36;1m  case "$(printf '%s' "${1:-}" | tr '[:upper:]' '[:lower:]')" in^[[0m
Python CI / lint-format	UNKNOWN STEP	2026-09-09T07:12:43.5030913Z ^[[36;1m    1|true|yes|y|on) echo "true" ;;^[[0m
Python CI / lint-format	UNKNOWN STEP	2026-09-09T07:12:43.5031236Z ^[[36;1m    *) echo "false" ;;^[[0m
Python CI / lint-format	UNKNOWN STEP	2026-09-09T07:12:43.5031520Z ^[[36;1m  esac^[[0m
Python CI / lint-format	UNKNOWN STEP	2026-09-09T07:12:43.5031788Z ^[[36;1m}^[[0m
Python CI / lint-format	UNKNOWN STEP	2026-09-09T07:12:43.5032029Z ^[[36;1m^[[0m
Python CI / lint-format	UNKNOWN STEP	2026-09-09T07:12:43.5032275Z ^[[36;1mlint_enabled=$(to_bool "$INPUT_LINT")^[[0m
Python CI / lint-format	UNKNOWN STEP	2026-09-09T07:12:43.5032613Z ^[[36;1mformat_enabled=$(to_bool "$INPUT_FORMAT_CHECK")^[[0m
Python CI / lint-format	UNKNOWN STEP	2026-09-09T07:12:43.5032968Z ^[[36;1mtypecheck_enabled=$(to_bool "$INPUT_TYPECHECK")^[[0m
Python CI / lint-format	UNKNOWN STEP	2026-09-09T07:12:43.5033308Z ^[[36;1mrun_mypy_enabled=$(to_bool "$INPUT_RUN_MYPY")^[[0m
Python CI / lint-format	UNKNOWN STEP	2026-09-09T07:12:43.5033725Z ^[[36;1mcoverage_enabled=$(to_bool "$INPUT_COVERAGE")^[[0m
Python CI / lint-format	UNKNOWN STEP	2026-09-09T07:12:43.5034111Z ^[[36;1minstall_project_deps=$(to_bool "${INPUT_INSTALL_PROJECT_DEPS:-true}")^[[0m
Python CI / lint-format	UNKNOWN STEP	2026-09-09T07:12:43.5034484Z ^[[36;1mmypy_enabled="false"^[[0m
Python CI / lint-format	UNKNOWN STEP	2026-09-09T07:12:43.5034859Z ^[[36;1mif [ "$typecheck_enabled" = "true" ] && [ "$run_mypy_enabled" = "true" ]; then^[[0m
Python CI / lint-format	UNKNOWN STEP	2026-09-09T07:12:43.5035261Z ^[[36;1m  mypy_enabled="true"^[[0m
Python CI / lint-format	UNKNOWN STEP	2026-09-09T07:12:43.5035715Z ^[[36;1mfi^[[0m
Python CI / lint-format	UNKNOWN STEP	2026-09-09T07:12:43.5035996Z ^[[36;1m^[[0m
Python CI / lint-format	UNKNOWN STEP	2026-09-09T07:12:43.5036247Z ^[[36;1madd_tool() {^[[0m
Python CI / lint-format	UNKNOWN STEP	2026-09-09T07:12:43.5036537Z ^[[36;1m  specs+=("$1")^[[0m
Python CI / lint-format	UNKNOWN STEP	2026-09-09T07:12:43.5036818Z ^[[36;1m  tools_installed+=("$2")^[[0m
Python CI / lint-format	UNKNOWN STEP	2026-09-09T07:12:43.5037111Z ^[[36;1m}^[[0m
Python CI / lint-format	UNKNOWN STEP	2026-09-09T07:12:43.5037354Z ^[[36;1m^[[0m
Python CI / lint-format	UNKNOWN STEP	2026-09-09T07:12:43.5037594Z ^[[36;1mskip_tool() {^[[0m
Python CI / lint-format	UNKNOWN STEP	2026-09-09T07:12:43.5037914Z ^[[36;1m  tools_skipped+=("$1")^[[0m
Python CI / lint-format	UNKNOWN STEP	2026-09-09T07:12:43.5038201Z ^[[36;1m}^[[0m
Python CI / lint-format	UNKNOWN STEP	2026-09-09T07:12:43.5038427Z ^[[36;1m^[[0m
Python CI / lint-format	UNKNOWN STEP	2026-09-09T07:12:43.5038742Z ^[[36;1m# A pyproject.toml that only carries tool configuration (e.g.^[[0m
Python CI / lint-format	UNKNOWN STEP	2026-09-09T07:12:43.5039166Z ^[[36;1m# [tool.coverage]) is not an installable distribution. Treat the repo^[[0m
Python CI / lint-format	UNKNOWN STEP	2026-09-09T07:12:43.5039564Z ^[[36;1m# as a package only when it declares [project] (PEP 621),^[[0m
Python CI / lint-format	UNKNOWN STEP	2026-09-09T07:12:43.5039977Z ^[[36;1m# [build-system], or [tool.poetry]; otherwise `-e .[app,dev]` fails^[[0m
Python CI / lint-format	UNKNOWN STEP	2026-09-09T07:12:43.5040415Z ^[[36;1m# for a consumer that merely wants somewhere to keep tool config.^[[0m
Python CI / lint-format	UNKNOWN STEP	2026-09-09T07:12:43.5040800Z ^[[36;1mpyproject_declares_distribution() {^[[0m
Python CI / lint-format	UNKNOWN STEP	2026-09-09T07:12:43.5041135Z ^[[36;1m  [ -f pyproject.toml ] || return 1^[[0m
Python CI / lint-format	UNKNOWN STEP	2026-09-09T07:12:43.5041456Z ^[[36;1m  grep -Eq \^[[0m
Python CI / lint-format	UNKNOWN STEP	2026-09-09T07:12:43.5041834Z ^[[36;1m    '^[[:space:]]*\[[[:space:]]*(project|build-system|tool\.poetry)[[:space:]]*\]' \^[[0m
Python CI / lint-format	UNKNOWN STEP	2026-09-09T07:12:43.5042251Z ^[[36;1m    pyproject.toml^[[0m
Python CI / lint-format	UNKNOWN STEP	2026-09-09T07:12:43.5042518Z ^[[36;1m}^[[0m
Python CI / lint-format	UNKNOWN STEP	2026-09-09T07:12:43.5042752Z ^[[36;1m^[[0m
Python CI / lint-format	UNKNOWN STEP	2026-09-09T07:12:43.5043018Z ^[[36;1mif [ -n "${PRIVATE_PYPI_TOKEN:-}" ]; then^[[0m
Python CI / lint-format	UNKNOWN STEP	2026-09-09T07:12:43.5043525Z ^[[36;1m  export PIP_INDEX_URL="https://__token__:${PRIVATE_PYPI_TOKEN}@pypi.org/simple"^[[0m
Python CI / lint-format	UNKNOWN STEP	2026-09-09T07:12:43.5043881Z ^[[36;1mfi^[[0m
Python CI / lint-format	UNKNOWN STEP	2026-09-09T07:12:43.5044103Z ^[[36;1mspecs=()^[[0m
Python CI / lint-format	UNKNOWN STEP	2026-09-09T07:12:43.5044333Z ^[[36;1mtools_installed=()^[[0m
Python CI / lint-format	UNKNOWN STEP	2026-09-09T07:12:43.5044585Z ^[[36;1mtools_skipped=()^[[0m
Python CI / lint-format	UNKNOWN STEP	2026-09-09T07:12:43.5044822Z ^[[36;1m^[[0m
Python CI / lint-format	UNKNOWN STEP	2026-09-09T07:12:43.5045070Z ^[[36;1mif [ "$install_project_deps" = "true" ]; then^[[0m
Python CI / lint-format	UNKNOWN STEP	2026-09-09T07:12:43.5045382Z ^[[36;1m  if [ -f requirements.lock ]; then^[[0m
Python CI / lint-format	UNKNOWN STEP	2026-09-09T07:12:43.5045906Z ^[[36;1m    specs+=('-r' 'requirements.lock')^[[0m
Python CI / lint-format	UNKNOWN STEP	2026-09-09T07:12:43.5046393Z ^[[36;1m  fi^[[0m
Python CI / lint-format	UNKNOWN STEP	2026-09-09T07:12:43.5046652Z ^[[36;1m^[[0m
Python CI / lint-format	UNKNOWN STEP	2026-09-09T07:12:43.5046928Z ^[[36;1m  if pyproject_declares_distribution \^[[0m
Python CI / lint-format	UNKNOWN STEP	2026-09-09T07:12:43.5047305Z ^[[36;1m    || [ -f setup.cfg ] || [ -f setup.py ]; then^[[0m
Python CI / lint-format	UNKNOWN STEP	2026-09-09T07:12:43.5047775Z ^[[36;1m    specs+=('-e' '.[app,dev]')^[[0m
Python CI / lint-format	UNKNOWN STEP	2026-09-09T07:12:43.5048079Z ^[[36;1m  fi^[[0m
Python CI / lint-format	UNKNOWN STEP	2026-09-09T07:12:43.5048295Z ^[[36;1mfi^[[0m
Python CI / lint-format	UNKNOWN STEP	2026-09-09T07:12:43.5048602Z ^[[36;1m^[[0m
Python CI / lint-format	UNKNOWN STEP	2026-09-09T07:12:43.5048832Z ^[[36;1mblack_spec="black"^[[0m
Python CI / lint-format	UNKNOWN STEP	2026-09-09T07:12:43.5049105Z ^[[36;1mdocformatter_spec="docformatter"^[[0m
Python CI / lint-format	UNKNOWN STEP	2026-09-09T07:12:43.5049419Z ^[[36;1misort_spec="isort"^[[0m
Python CI / lint-format	UNKNOWN STEP	2026-09-09T07:12:43.5049725Z ^[[36;1mruff_spec="ruff"^[[0m
Python CI / lint-format	UNKNOWN STEP	2026-09-09T07:12:43.5049992Z ^[[36;1mmypy_spec="mypy"^[[0m
Python CI / lint-format	UNKNOWN STEP	2026-09-09T07:12:43.5050268Z ^[[36;1mpytest_spec=""^[[0m
Python CI / lint-format	UNKNOWN STEP	2026-09-09T07:12:43.5050539Z ^[[36;1mpytest_cov_spec=""^[[0m
Python CI / lint-format	UNKNOWN STEP	2026-09-09T07:12:43.5050821Z ^[[36;1mcoverage_spec=""^[[0m
Python CI / lint-format	UNKNOWN STEP	2026-09-09T07:12:43.5051098Z ^[[36;1mpytest_xdist_spec=""^[[0m
Python CI / lint-format	UNKNOWN STEP	2026-09-09T07:12:43.5051475Z ^[[36;1m# Do not install heavyweight "baseline" test deps implicitly.^[[0m
Python CI / lint-format	UNKNOWN STEP	2026-09-09T07:12:43.5051874Z ^[[36;1m# Repos should declare their own runtime/test dependencies.^[[0m
Python CI / lint-format	UNKNOWN STEP	2026-09-09T07:12:43.5052198Z ^[[36;1m^[[0m
Python CI / lint-format	UNKNOWN STEP	2026-09-09T07:12:43.5052449Z ^[[36;1mresolve_spec() {^[[0m
Python CI / lint-format	UNKNOWN STEP	2026-09-09T07:12:43.5052704Z ^[[36;1m  local package=$1^[[0m
Python CI / lint-format	UNKNOWN STEP	2026-09-09T07:12:43.5052938Z ^[[36;1m  local version=${2:-}^[[0m
Python CI / lint-format	UNKNOWN STEP	2026-09-09T07:12:43.5053213Z ^[[36;1m  local default_version=${3:-}^[[0m
Python CI / lint-format	UNKNOWN STEP	2026-09-09T07:12:43.5053492Z ^[[36;1m  if [ -n "$version" ]; then^[[0m
Python CI / lint-format	UNKNOWN STEP	2026-09-09T07:12:43.5053778Z ^[[36;1m    echo "${package}==${version}"^[[0m
Python CI / lint-format	UNKNOWN STEP	2026-09-09T07:12:43.5054087Z ^[[36;1m  elif [ -n "$default_version" ]; then^[[0m
Python CI / lint-format	UNKNOWN STEP	2026-09-09T07:12:43.5054451Z ^[[36;1m    echo "${package}>=${default_version}"^[[0m
Python CI / lint-format	UNKNOWN STEP	2026-09-09T07:12:43.5054773Z ^[[36;1m  else^[[0m
Python CI / lint-format	UNKNOWN STEP	2026-09-09T07:12:43.5055034Z ^[[36;1m    echo "$package"^[[0m
Python CI / lint-format	UNKNOWN STEP	2026-09-09T07:12:43.5055313Z ^[[36;1m  fi^[[0m
Python CI / lint-format	UNKNOWN STEP	2026-09-09T07:12:43.5056023Z ^[[36;1m}^[[0m
Python CI / lint-format	UNKNOWN STEP	2026-09-09T07:12:43.5056339Z ^[[36;1m^[[0m
Python CI / lint-format	UNKNOWN STEP	2026-09-09T07:12:43.5056693Z ^[[36;1mautofix_env="${GITHUB_WORKSPACE}/.github/workflows/autofix-versions.env"^[[0m
Python CI / lint-format	UNKNOWN STEP	2026-09-09T07:12:43.5057107Z ^[[36;1mrequire_exact_pin() {^[[0m
Python CI / lint-format	UNKNOWN STEP	2026-09-09T07:12:43.5057393Z ^[[36;1m  local tool=$1^[[0m
Python CI / lint-format	UNKNOWN STEP	2026-09-09T07:12:43.5057643Z ^[[36;1m  local spec=${2:-}^[[0m
Python CI / lint-format	UNKNOWN STEP	2026-09-09T07:12:43.5057937Z ^[[36;1m  if [ -z "$spec" ] || [ "${spec#*==}" = "$spec" ]; then^[[0m
Python CI / lint-format	UNKNOWN STEP	2026-09-09T07:12:43.5058397Z ^[[36;1m    echo "Error: ${tool} must be pinned in ${autofix_env}; refusing to install unpinned tooling." >&2^[[0m
Python CI / lint-format	UNKNOWN STEP	2026-09-09T07:12:43.5058797Z ^[[36;1m    exit 1^[[0m
Python CI / lint-format	UNKNOWN STEP	2026-09-09T07:12:43.5059053Z ^[[36;1m  fi^[[0m
Python CI / lint-format	UNKNOWN STEP	2026-09-09T07:12:43.5059289Z ^[[36;1m}^[[0m
Python CI / lint-format	UNKNOWN STEP	2026-09-09T07:12:43.5059670Z ^[[36;1m# Always honor tool pins when present. Lock files typically only capture runtime deps.^[[0m
Python CI / lint-format	UNKNOWN STEP	2026-09-09T07:12:43.5060115Z ^[[36;1mif [ -f "$autofix_env" ]; then^[[0m
Python CI / lint-format	UNKNOWN STEP	2026-09-09T07:12:43.5060495Z ^[[36;1m  # shellcheck source=.github/workflows/autofix-versions.env^[[0m
Python CI / lint-format	UNKNOWN STEP	2026-09-09T07:12:43.5060906Z ^[[36;1m  source "$autofix_env"^[[0m
Python CI / lint-format	UNKNOWN STEP	2026-09-09T07:12:43.5061273Z ^[[36;1m  black_spec=$(resolve_spec "black" "${BLACK_VERSION:-}" "")^[[0m
Python CI / lint-format	UNKNOWN STEP	2026-09-09T07:12:43.5061750Z ^[[36;1m  docformatter_spec=$(resolve_spec "docformatter" "${DOCFORMATTER_VERSION:-}" "")^[[0m
Python CI / lint-format	UNKNOWN STEP	2026-09-09T07:12:43.5062216Z ^[[36;1m  isort_spec=$(resolve_spec "isort" "${ISORT_VERSION:-}" "")^[[0m
Python CI / lint-format	UNKNOWN STEP	2026-09-09T07:12:43.5062618Z ^[[36;1m  ruff_spec=$(resolve_spec "ruff" "${RUFF_VERSION:-}" "")^[[0m
Python CI / lint-format	UNKNOWN STEP	2026-09-09T07:12:43.5063034Z ^[[36;1m  mypy_spec=$(resolve_spec "mypy" "${MYPY_VERSION:-}" "")^[[0m
Python CI / lint-format	UNKNOWN STEP	2026-09-09T07:12:43.5063464Z ^[[36;1m  pytest_spec=$(resolve_spec "pytest" "${PYTEST_VERSION:-}" "")^[[0m
Python CI / lint-format	UNKNOWN STEP	2026-09-09T07:12:43.5063951Z ^[[36;1m  pytest_cov_spec=$(resolve_spec "pytest-cov" "${PYTEST_COV_VERSION:-}" "")^[[0m
Python CI / lint-format	UNKNOWN STEP	2026-09-09T07:12:43.5064440Z ^[[36;1m  coverage_spec=$(resolve_spec "coverage" "${COVERAGE_VERSION:-}" "")^[[0m
Python CI / lint-format	UNKNOWN STEP	2026-09-09T07:12:43.5064964Z ^[[36;1m  pytest_xdist_spec=$(resolve_spec "pytest-xdist" "${PYTEST_XDIST_VERSION:-}" "")^[[0m
Python CI / lint-format	UNKNOWN STEP	2026-09-09T07:12:43.5065420Z ^[[36;1melse^[[0m
Python CI / lint-format	UNKNOWN STEP	2026-09-09T07:12:43.5066117Z ^[[36;1m  echo "Error: ${autofix_env} is required; refusing to install unpinned tooling." >&2^[[0m
Python CI / lint-format	UNKNOWN STEP	2026-09-09T07:12:43.5066637Z ^[[36;1m  exit 1^[[0m
Python CI / lint-format	UNKNOWN STEP	2026-09-09T07:12:43.5066901Z ^[[36;1mfi^[[0m
Python CI / lint-format	UNKNOWN STEP	2026-09-09T07:12:43.5067138Z ^[[36;1m^[[0m
Python CI / lint-format	UNKNOWN STEP	2026-09-09T07:12:43.5067414Z ^[[36;1mrequire_exact_pin "pytest" "$pytest_spec"^[[0m
Python CI / lint-format	UNKNOWN STEP	2026-09-09T07:12:43.5067800Z ^[[36;1mrequire_exact_pin "pytest-xdist" "$pytest_xdist_spec"^[[0m
Python CI / lint-format	UNKNOWN STEP	2026-09-09T07:12:43.5068258Z ^[[36;1mif [ "$coverage_enabled" = "true" ]; then^[[0m
Python CI / lint-format	UNKNOWN STEP	2026-09-09T07:12:43.5068638Z ^[[36;1m  require_exact_pin "pytest-cov" "$pytest_cov_spec"^[[0m
Python CI / lint-format	UNKNOWN STEP	2026-09-09T07:12:43.5069044Z ^[[36;1m  require_exact_pin "coverage" "$coverage_spec"^[[0m
Python CI / lint-format	UNKNOWN STEP	2026-09-09T07:12:43.5069383Z ^[[36;1mfi^[[0m
Python CI / lint-format	UNKNOWN STEP	2026-09-09T07:12:43.5069639Z ^[[36;1m^[[0m
Python CI / lint-format	UNKNOWN STEP	2026-09-09T07:12:43.5070092Z ^[[36;1m# Always install dev tools - lock files only contain runtime deps, not dev tools^[[0m
Python CI / lint-format	UNKNOWN STEP	2026-09-09T07:12:43.5070513Z ^[[36;1mif [ "$format_enabled" = "true" ]; then^[[0m
Python CI / lint-format	UNKNOWN STEP	2026-09-09T07:12:43.5070828Z ^[[36;1m  add_tool "$black_spec" "black"^[[0m
Python CI / lint-format	UNKNOWN STEP	2026-09-09T07:12:43.5071168Z ^[[36;1m  add_tool "$docformatter_spec" "docformatter"^[[0m
Python CI / lint-format	UNKNOWN STEP	2026-09-09T07:12:43.5071509Z ^[[36;1m  add_tool "$isort_spec" "isort"^[[0m
Python CI / lint-format	UNKNOWN STEP	2026-09-09T07:12:43.5071815Z ^[[36;1melse^[[0m
Python CI / lint-format	UNKNOWN STEP	2026-09-09T07:12:43.5072100Z ^[[36;1m  skip_tool "black (format_check disabled)"^[[0m
Python CI / lint-format	UNKNOWN STEP	2026-09-09T07:12:43.5072481Z ^[[36;1m  skip_tool "docformatter (format_check disabled)"^[[0m
Python CI / lint-format	UNKNOWN STEP	2026-09-09T07:12:43.5072861Z ^[[36;1m  skip_tool "isort (format_check disabled)"^[[0m
Python CI / lint-format	UNKNOWN STEP	2026-09-09T07:12:43.5073191Z ^[[36;1mfi^[[0m
Python CI / lint-format	UNKNOWN STEP	2026-09-09T07:12:43.5073435Z ^[[36;1m^[[0m
Python CI / lint-format	UNKNOWN STEP	2026-09-09T07:12:43.5073698Z ^[[36;1mif [ "$lint_enabled" = "true" ]; then^[[0m
Python CI / lint-format	UNKNOWN STEP	2026-09-09T07:12:43.5074029Z ^[[36;1m  add_tool "$ruff_spec" "ruff"^[[0m
Python CI / lint-format	UNKNOWN STEP	2026-09-09T07:12:43.5074344Z ^[[36;1melse^[[0m
Python CI / lint-format	UNKNOWN STEP	2026-09-09T07:12:43.5074610Z ^[[36;1m  skip_tool "ruff (lint disabled)"^[[0m
Python CI / lint-format	UNKNOWN STEP	2026-09-09T07:12:43.5074899Z ^[[36;1mfi^[[0m
Python CI / lint-format	UNKNOWN STEP	2026-09-09T07:12:43.5075137Z ^[[36;1m^[[0m
Python CI / lint-format	UNKNOWN STEP	2026-09-09T07:12:43.5075382Z ^[[36;1mif [ "$mypy_enabled" = "true" ]; then^[[0m
Python CI / lint-format	UNKNOWN STEP	2026-09-09T07:12:43.5075887Z ^[[36;1m  add_tool "$mypy_spec" "mypy"^[[0m
Python CI / lint-format	UNKNOWN STEP	2026-09-09T07:12:43.5076186Z ^[[36;1melse^[[0m
Python CI / lint-format	UNKNOWN STEP	2026-09-09T07:12:43.5076472Z ^[[36;1m  skip_tool "mypy (typecheck disabled)"^[[0m
Python CI / lint-format	UNKNOWN STEP	2026-09-09T07:12:43.5076936Z ^[[36;1mfi^[[0m
Python CI / lint-format	UNKNOWN STEP	2026-09-09T07:12:43.5077207Z ^[[36;1m^[[0m
Python CI / lint-format	UNKNOWN STEP	2026-09-09T07:12:43.5077459Z ^[[36;1madd_tool "$pytest_spec" "pytest"^[[0m
Python CI / lint-format	UNKNOWN STEP	2026-09-09T07:12:43.5077813Z ^[[36;1madd_tool "$pytest_xdist_spec" "pytest-xdist"^[[0m
Python CI / lint-format	UNKNOWN STEP	2026-09-09T07:12:43.5078133Z ^[[36;1m^[[0m
Python CI / lint-format	UNKNOWN STEP	2026-09-09T07:12:43.5078408Z ^[[36;1mif [ "$coverage_enabled" = "true" ]; then^[[0m
Python CI / lint-format	UNKNOWN STEP	2026-09-09T07:12:43.5078781Z ^[[36;1m  add_tool "$pytest_cov_spec" "pytest-cov"^[[0m
Python CI / lint-format	UNKNOWN STEP	2026-09-09T07:12:43.5079131Z ^[[36;1m  add_tool "$coverage_spec" "coverage"^[[0m
Python CI / lint-format	UNKNOWN STEP	2026-09-09T07:12:43.5079429Z ^[[36;1melse^[[0m
Python CI / lint-format	UNKNOWN STEP	2026-09-09T07:12:43.5079700Z ^[[36;1m  skip_tool "pytest-cov (coverage disabled)"^[[0m
Python CI / lint-format	UNKNOWN STEP	2026-09-09T07:12:43.5080050Z ^[[36;1m  skip_tool "coverage (coverage disabled)"^[[0m
Python CI / lint-format	UNKNOWN STEP	2026-09-09T07:12:43.5080367Z ^[[36;1mfi^[[0m
Python CI / lint-format	UNKNOWN STEP	2026-09-09T07:12:43.5080618Z ^[[36;1m^[[0m
Python CI / lint-format	UNKNOWN STEP	2026-09-09T07:12:43.5080877Z ^[[36;1mif [ ${#specs[@]} -eq 0 ]; then^[[0m
Python CI / lint-format	UNKNOWN STEP	2026-09-09T07:12:43.5081280Z ^[[36;1m  echo "No install targets found; skipping dependency installation."^[[0m
Python CI / lint-format	UNKNOWN STEP	2026-09-09T07:12:43.5081660Z ^[[36;1melse^[[0m
Python CI / lint-format	UNKNOWN STEP	2026-09-09T07:12:43.5081951Z ^[[36;1m  uv pip install --system "${specs[@]}"^[[0m
Python CI / lint-format	UNKNOWN STEP	2026-09-09T07:12:43.5082263Z ^[[36;1mfi^[[0m
Python CI / lint-format	UNKNOWN STEP	2026-09-09T07:12:43.5082513Z ^[[36;1m^[[0m
Python CI / lint-format	UNKNOWN STEP	2026-09-09T07:12:43.5082744Z ^[[36;1mend_ts=$(date +%s)^[[0m
Python CI / lint-format	UNKNOWN STEP	2026-09-09T07:12:43.5083039Z ^[[36;1mduration=$((end_ts - start_ts))^[[0m
Python CI / lint-format	UNKNOWN STEP	2026-09-09T07:12:43.5083770Z ^[[36;1mif [ -n "${GITHUB_STEP_SUMMARY:-}" ]; then^[[0m
Python CI / lint-format	UNKNOWN STEP	2026-09-09T07:12:43.5084097Z ^[[36;1m  installed_label="none"^[[0m
Python CI / lint-format	UNKNOWN STEP	2026-09-09T07:12:43.5084390Z ^[[36;1m  skipped_label="none"^[[0m
Python CI / lint-format	UNKNOWN STEP	2026-09-09T07:12:43.5084699Z ^[[36;1m  if [ ${#tools_installed[@]} -gt 0 ]; then^[[0m
Python CI / lint-format	UNKNOWN STEP	2026-09-09T07:12:43.5085089Z ^[[36;1m    installed_label=$(printf '%s, ' "${tools_installed[@]}")^[[0m
Python CI / lint-format	UNKNOWN STEP	2026-09-09T07:12:43.5085623Z ^[[36;1m    installed_label=${installed_label%, }^[[0m
Python CI / lint-format	UNKNOWN STEP	2026-09-09T07:12:43.5085999Z ^[[36;1m  fi^[[0m
Python CI / lint-format	UNKNOWN STEP	2026-09-09T07:12:43.5086398Z ^[[36;1m  if [ ${#tools_skipped[@]} -gt 0 ]; then^[[0m
Python CI / lint-format	UNKNOWN STEP	2026-09-09T07:12:43.5086785Z ^[[36;1m    skipped_label=$(printf '%s, ' "${tools_skipped[@]}")^[[0m
Python CI / lint-format	UNKNOWN STEP	2026-09-09T07:12:43.5087158Z ^[[36;1m    skipped_label=${skipped_label%, }^[[0m
Python CI / lint-format	UNKNOWN STEP	2026-09-09T07:12:43.5087447Z ^[[36;1m  fi^[[0m
Python CI / lint-format	UNKNOWN STEP	2026-09-09T07:12:43.5087682Z ^[[36;1m  {^[[0m
Python CI / lint-format	UNKNOWN STEP	2026-09-09T07:12:43.5087957Z ^[[36;1m    printf '## Dependency installation timing\n'^[[0m
Python CI / lint-format	UNKNOWN STEP	2026-09-09T07:12:43.5088392Z ^[[36;1m    printf -- '- Duration: %ss\n' "$duration"^[[0m
Python CI / lint-format	UNKNOWN STEP	2026-09-09T07:12:43.5088778Z ^[[36;1m    printf -- '- Tools installed: %s\n' "$installed_label"^[[0m
Python CI / lint-format	UNKNOWN STEP	2026-09-09T07:12:43.5089291Z ^[[36;1m    printf -- '- Tools skipped (disabled): %s\n' "$skipped_label"^[[0m
Python CI / lint-format	UNKNOWN STEP	2026-09-09T07:12:43.5089676Z ^[[36;1m    if [ ${#tools_skipped[@]} -gt 0 ]; then^[[0m
Python CI / lint-format	UNKNOWN STEP	2026-09-09T07:12:43.5090134Z ^[[36;1m      printf -- '- Note: skipping %d tool(s) avoids extra setup time when disabled.\n' \^[[0m
Python CI / lint-format	UNKNOWN STEP	2026-09-09T07:12:43.5090562Z ^[[36;1m        "${#tools_skipped[@]}"^[[0m
Python CI / lint-format	UNKNOWN STEP	2026-09-09T07:12:43.5090870Z ^[[36;1m    fi^[[0m
Python CI / lint-format	UNKNOWN STEP	2026-09-09T07:12:43.5091254Z ^[[36;1m    req_hash=$(sha256sum requirements.lock 2>/dev/null | cut -d' ' -f1 || echo none)^[[0m
Python CI / lint-format	UNKNOWN STEP	2026-09-09T07:12:43.5091817Z ^[[36;1m    pyproject_hash=$(sha256sum pyproject.toml 2>/dev/null | cut -d' ' -f1 || echo none)^[[0m
Python CI / lint-format	UNKNOWN STEP	2026-09-09T07:12:43.5092278Z ^[[36;1m    printf -- '- Cache key: uv-%s-%s-%s-%s\n' \^[[0m
Python CI / lint-format	UNKNOWN STEP	2026-09-09T07:12:43.5092625Z ^[[36;1m      "Linux" \^[[0m
Python CI / lint-format	UNKNOWN STEP	2026-09-09T07:12:43.5092908Z ^[[36;1m      "$INPUT_PYTHON_VERSION" \^[[0m
Python CI / lint-format	UNKNOWN STEP	2026-09-09T07:12:43.5093254Z ^[[36;1m      "$req_hash" \^[[0m
Python CI / lint-format	UNKNOWN STEP	2026-09-09T07:12:43.5093523Z ^[[36;1m      "$pyproject_hash"^[[0m
Python CI / lint-format	UNKNOWN STEP	2026-09-09T07:12:43.5093808Z ^[[36;1m  } >>"${GITHUB_STEP_SUMMARY}"^[[0m
Python CI / lint-format	UNKNOWN STEP	2026-09-09T07:12:43.5094093Z ^[[36;1mfi^[[0m
Python CI / lint-format	UNKNOWN STEP	2026-09-09T07:12:43.5117100Z shell: /usr/bin/bash --noprofile --norc -e -o pipefail {0}
Python CI / lint-format	UNKNOWN STEP	2026-09-09T07:12:43.5117464Z env:
Python CI / lint-format	UNKNOWN STEP	2026-09-09T07:12:43.5117759Z   WORKDIR: .
Python CI / lint-format	UNKNOWN STEP	2026-09-09T07:12:43.5118043Z   WORKSPACE_ROOT: /home/runner/work/Ready/Ready
Python CI / lint-format	UNKNOWN STEP	2026-09-09T07:12:43.5118400Z   PROJECT_ROOT: /home/runner/work/Ready/Ready
Python CI / lint-format	UNKNOWN STEP	2026-09-09T07:12:43.5118808Z   NODE_PATH: /home/runner/work/Ready/Ready/.github/scripts/node_modules
Python CI / lint-format	UNKNOWN STEP	2026-09-09T07:12:43.5120820Z   GITHUB_TOKEN: ***
Python CI / lint-format	UNKNOWN STEP	2026-09-09T07:12:43.5122653Z   GH_TOKEN: ***
Python CI / lint-format	UNKNOWN STEP	2026-09-09T07:12:43.5122932Z   WORKFLOWS_APP_ID: ***
Python CI / lint-format	UNKNOWN STEP	2026-09-09T07:12:43.5128519Z   WORKFLOWS_APP_PRIVATE_KEY: ***
Python CI / lint-format	UNKNOWN STEP	2026-09-09T07:12:43.5128888Z   pythonLocation: /opt/hostedtoolcache/Python/3.12.14/x64
Python CI / lint-format	UNKNOWN STEP	2026-09-09T07:12:43.5129375Z   PKG_CONFIG_PATH: /opt/hostedtoolcache/Python/3.12.14/x64/lib/pkgconfig
Python CI / lint-format	UNKNOWN STEP	2026-09-09T07:12:43.5129839Z   Python_ROOT_DIR: /opt/hostedtoolcache/Python/3.12.14/x64
Python CI / lint-format	UNKNOWN STEP	2026-09-09T07:12:43.5130276Z   Python2_ROOT_DIR: /opt/hostedtoolcache/Python/3.12.14/x64
Python CI / lint-format	UNKNOWN STEP	2026-09-09T07:12:43.5130678Z   Python3_ROOT_DIR: /opt/hostedtoolcache/Python/3.12.14/x64
Python CI / lint-format	UNKNOWN STEP	2026-09-09T07:12:43.5131136Z   LD_LIBRARY_PATH: /opt/hostedtoolcache/Python/3.12.14/x64/lib
Python CI / lint-format	UNKNOWN STEP	2026-09-09T07:12:43.5131493Z   PRIVATE_PYPI_TOKEN: 
Python CI / lint-format	UNKNOWN STEP	2026-09-09T07:12:43.5131758Z   INPUT_LINT: true
Python CI / lint-format	UNKNOWN STEP	2026-09-09T07:12:43.5132008Z   INPUT_FORMAT_CHECK: true
Python CI / lint-format	UNKNOWN STEP	2026-09-09T07:12:43.5132294Z   INPUT_INSTALL_PROJECT_DEPS: false
Python CI / lint-format	UNKNOWN STEP	2026-09-09T07:12:43.5132588Z   INPUT_TYPECHECK: false
Python CI / lint-format	UNKNOWN STEP	2026-09-09T07:12:43.5132866Z   INPUT_RUN_MYPY: false
Python CI / lint-format	UNKNOWN STEP	2026-09-09T07:12:43.5133139Z   INPUT_COVERAGE: false
Python CI / lint-format	UNKNOWN STEP	2026-09-09T07:12:43.5133424Z   INPUT_PYTHON_VERSION: 3.12
Python CI / lint-format	UNKNOWN STEP	2026-09-09T07:12:43.5133710Z ##[endgroup]
Python CI / lint-format	UNKNOWN STEP	2026-09-09T07:12:43.5393528Z Using Python 3.12.14 environment at: /opt/hostedtoolcache/Python/3.12.14/x64
Python CI / lint-format	UNKNOWN STEP	2026-09-09T07:12:43.9060135Z Resolved 17 packages in 208ms
Python CI / lint-format	UNKNOWN STEP	2026-09-09T07:12:43.9333093Z Downloading pygments (1.2MiB)
Python CI / lint-format	UNKNOWN STEP	2026-09-09T07:12:44.0044792Z  Downloaded pygments
Python CI / lint-format	UNKNOWN STEP	2026-09-09T07:12:44.0045596Z Prepared 7 packages in 97ms
Python CI / lint-format	UNKNOWN STEP	2026-09-09T07:12:44.1114568Z Installed 17 packages in 106ms
Python CI / lint-format	UNKNOWN STEP	2026-09-09T07:12:44.1115187Z  + black==26.5.1
Python CI / lint-format	UNKNOWN STEP	2026-09-09T07:12:44.1115780Z  + charset-normalizer==3.5.1
Python CI / lint-format	UNKNOWN STEP	2026-09-09T07:12:44.1116200Z  + click==8.5.0
Python CI / lint-format	UNKNOWN STEP	2026-09-09T07:12:44.1116569Z  + docformatter==1.7.8
Python CI / lint-format	UNKNOWN STEP	2026-09-09T07:12:44.1116972Z  + execnet==2.1.2
Python CI / lint-format	UNKNOWN STEP	2026-09-09T07:12:44.1117364Z  + iniconfig==2.3.0
Python CI / lint-format	UNKNOWN STEP	2026-09-09T07:12:44.1118021Z  + isort==8.0.1
Python CI / lint-format	UNKNOWN STEP	2026-09-09T07:12:44.1118421Z  + mypy-extensions==1.1.0
Python CI / lint-format	UNKNOWN STEP	2026-09-09T07:12:44.1118828Z  + packaging==26.3
Python CI / lint-format	UNKNOWN STEP	2026-09-09T07:12:44.1119218Z  + pathspec==1.1.1
Python CI / lint-format	UNKNOWN STEP	2026-09-09T07:12:44.1119572Z  + platformdirs==4.11.8
Python CI / lint-format	UNKNOWN STEP	2026-09-09T07:12:44.1120208Z  + pluggy==1.6.0
Python CI / lint-format	UNKNOWN STEP	2026-09-09T07:12:44.1120758Z  + pygments==2.21.0
Python CI / lint-format	UNKNOWN STEP	2026-09-09T07:12:44.1121316Z  + pytest==9.1.1
Python CI / lint-format	UNKNOWN STEP	2026-09-09T07:12:44.1121845Z  + pytest-xdist==3.8.0
Python CI / lint-format	UNKNOWN STEP	2026-09-09T07:12:44.1122647Z  + pytokens==0.4.1
Python CI / lint-format	UNKNOWN STEP	2026-09-09T07:12:44.1122988Z  + ruff==0.16.5
Python CI / lint-format	UNKNOWN STEP	2026-09-09T07:12:44.1256190Z ##[group]Run set -euo pipefail
Python CI / lint-format	UNKNOWN STEP	2026-09-09T07:12:44.1256576Z ^[[36;1mset -euo pipefail^[[0m
Python CI / lint-format	UNKNOWN STEP	2026-09-09T07:12:44.1257005Z ^[[36;1m# Exclude repo-local tooling directories created during CI setup.^[[0m
Python CI / lint-format	UNKNOWN STEP	2026-09-09T07:12:44.1257540Z ^[[36;1mblack --check --line-length 100 --exclude '(\.venv|\.workflows-lib|node_modules)' .^[[0m
Python CI / lint-format	UNKNOWN STEP	2026-09-09T07:12:44.1282574Z shell: /usr/bin/bash --noprofile --norc -e -o pipefail {0}
Python CI / lint-format	UNKNOWN STEP	2026-09-09T07:12:44.1282958Z env:
Python CI / lint-format	UNKNOWN STEP	2026-09-09T07:12:44.1283236Z   WORKDIR: .
Python CI / lint-format	UNKNOWN STEP	2026-09-09T07:12:44.1283536Z   WORKSPACE_ROOT: /home/runner/work/Ready/Ready
Python CI / lint-format	UNKNOWN STEP	2026-09-09T07:12:44.1283890Z   PROJECT_ROOT: /home/runner/work/Ready/Ready
Python CI / lint-format	UNKNOWN STEP	2026-09-09T07:12:44.1284319Z   NODE_PATH: /home/runner/work/Ready/Ready/.github/scripts/node_modules
Python CI / lint-format	UNKNOWN STEP	2026-09-09T07:12:44.1286889Z   GITHUB_TOKEN: ***
Python CI / lint-format	UNKNOWN STEP	2026-09-09T07:12:44.1289119Z   GH_TOKEN: ***
Python CI / lint-format	UNKNOWN STEP	2026-09-09T07:12:44.1289546Z   WORKFLOWS_APP_ID: ***
Python CI / lint-format	UNKNOWN STEP	2026-09-09T07:12:44.1295693Z   WORKFLOWS_APP_PRIVATE_KEY: ***
Python CI / lint-format	UNKNOWN STEP	2026-09-09T07:12:44.1296160Z   pythonLocation: /opt/hostedtoolcache/Python/3.12.14/x64
Python CI / lint-format	UNKNOWN STEP	2026-09-09T07:12:44.1296679Z   PKG_CONFIG_PATH: /opt/hostedtoolcache/Python/3.12.14/x64/lib/pkgconfig
Python CI / lint-format	UNKNOWN STEP	2026-09-09T07:12:44.1297168Z   Python_ROOT_DIR: /opt/hostedtoolcache/Python/3.12.14/x64
Python CI / lint-format	UNKNOWN STEP	2026-09-09T07:12:44.1297658Z   Python2_ROOT_DIR: /opt/hostedtoolcache/Python/3.12.14/x64
Python CI / lint-format	UNKNOWN STEP	2026-09-09T07:12:44.1298112Z   Python3_ROOT_DIR: /opt/hostedtoolcache/Python/3.12.14/x64
Python CI / lint-format	UNKNOWN STEP	2026-09-09T07:12:44.1298566Z   LD_LIBRARY_PATH: /opt/hostedtoolcache/Python/3.12.14/x64/lib
Python CI / lint-format	UNKNOWN STEP	2026-09-09T07:12:44.1298988Z ##[endgroup]
Python CI / lint-format	UNKNOWN STEP	2026-09-09T07:12:45.4877425Z would reformat /home/runner/work/Ready/Ready/research-program/artifacts/audits/Counter_Risk-2026-09-08-evidence/finalize_report.py
Python CI / lint-format	UNKNOWN STEP	2026-09-09T07:12:45.4997485Z would reformat /home/runner/work/Ready/Ready/research-program/artifacts/audits/Counter_Risk-2026-09-08-evidence/write_core_bodies.py
Python CI / lint-format	UNKNOWN STEP	2026-09-09T07:12:45.5026989Z would reformat /home/runner/work/Ready/Ready/research-program/artifacts/audits/Counter_Risk-2026-09-08-evidence/verify_ops.py
Python CI / lint-format	UNKNOWN STEP	2026-09-09T07:12:45.5037063Z would reformat /home/runner/work/Ready/Ready/research-program/artifacts/audits/Counter_Risk-2026-09-08-evidence/verify_core.py
Python CI / lint-format	UNKNOWN STEP	2026-09-09T07:12:45.5259402Z would reformat /home/runner/work/Ready/Ready/research-program/artifacts/audits/Counter_Risk-2026-09-08-evidence/write_support.py
Python CI / lint-format	UNKNOWN STEP	2026-09-09T07:12:45.5637505Z would reformat /home/runner/work/Ready/Ready/research-program/artifacts/audits/Travel-Plan-Permission-2026-09-05-assets/expense-proof.py
Python CI / lint-format	UNKNOWN STEP	2026-09-09T07:12:45.5964838Z would reformat /home/runner/work/Ready/Ready/research-program/artifacts/audits/Fine-Art-Archive-2026-09-05-resume/finalize.py
Python CI / lint-format	UNKNOWN STEP	2026-09-09T07:12:45.6097114Z would reformat /home/runner/work/Ready/Ready/research-program/artifacts/audits/Fine-Art-Archive-2026-09-05-resume/reproduce.py
Python CI / lint-format	UNKNOWN STEP	2026-09-09T07:12:45.6147050Z would reformat /home/runner/work/Ready/Ready/research-program/artifacts/audits/Travel-Plan-Permission-2026-09-05-assets/run-panel.py
Python CI / lint-format	UNKNOWN STEP	2026-09-09T07:12:45.6206945Z would reformat /home/runner/work/Ready/Ready/research-program/artifacts/audits/Travel-Plan-Permission-2026-09-05-assets/serve.py
Python CI / lint-format	UNKNOWN STEP	2026-09-09T07:12:45.6306725Z would reformat /home/runner/work/Ready/Ready/research-program/artifacts/audits/Travel-Plan-Permission-2026-09-05-assets/finalize.py
Python CI / lint-format	UNKNOWN STEP	2026-09-09T07:12:45.6319961Z would reformat /home/runner/work/Ready/Ready/research-program/artifacts/audits/Travel-Plan-Permission-2026-09-05-assets/serve-seeded.py
Python CI / lint-format	UNKNOWN STEP	2026-09-09T07:12:45.7035952Z would reformat /home/runner/work/Ready/Ready/research-program/artifacts/audits/Travel-Plan-Permission-2026-09-05-assets/write-issues.py
Python CI / lint-format	UNKNOWN STEP	2026-09-09T07:12:45.7066876Z would reformat /home/runner/work/Ready/Ready/research-program/artifacts/audits/paem-20260907/finalize_report.py
Python CI / lint-format	UNKNOWN STEP	2026-09-09T07:12:45.7176903Z would reformat /home/runner/work/Ready/Ready/research-program/artifacts/audits/lms-20260908-reconciliation/reproduce.py
Python CI / lint-format	UNKNOWN STEP	2026-09-09T07:12:45.7286717Z would reformat /home/runner/work/Ready/Ready/research-program/artifacts/audits/paem-20260907/probe_cli_plotly7.py
Python CI / lint-format	UNKNOWN STEP	2026-09-09T07:12:45.7387186Z would reformat /home/runner/work/Ready/Ready/research-program/artifacts/audits/paem-20260907/probe_installed_sample.py
Python CI / lint-format	UNKNOWN STEP	2026-09-09T07:12:45.7446606Z would reformat /home/runner/work/Ready/Ready/research-program/artifacts/audits/paem-20260907/probe_cli_bundle.py
Python CI / lint-format	UNKNOWN STEP	2026-09-09T07:12:45.7506622Z would reformat /home/runner/work/Ready/Ready/research-program/artifacts/audits/paem-20260907/probe_cvar_interval.py
Python CI / lint-format	UNKNOWN STEP	2026-09-09T07:12:45.7566599Z would reformat /home/runner/work/Ready/Ready/research-program/artifacts/audits/paem-20260907/numeric_repro.py
Python CI / lint-format	UNKNOWN STEP	2026-09-09T07:12:45.7596578Z would reformat /home/runner/work/Ready/Ready/research-program/artifacts/audits/paem-20260907/probe_run_logs_apptest.py
Python CI / lint-format	UNKNOWN STEP	2026-09-09T07:12:45.7597821Z would reformat /home/runner/work/Ready/Ready/research-program/artifacts/audits/paem-20260907/repros/repro_bundle_index_hash_verify.py
Python CI / lint-format	UNKNOWN STEP	2026-09-09T07:12:45.7686765Z would reformat /home/runner/work/Ready/Ready/research-program/artifacts/audits/paem-20260907/repros/repro_manifest_missing_data_files.py
Python CI / lint-format	UNKNOWN STEP	2026-09-09T07:12:45.7746589Z would reformat /home/runner/work/Ready/Ready/research-program/artifacts/audits/paem-20260907/repros/repro_pip_asset_sample_missing.py
Python CI / lint-format	UNKNOWN STEP	2026-09-09T07:12:45.7776587Z would reformat /home/runner/work/Ready/Ready/research-program/artifacts/audits/paem-20260907/repros/repro_bundle_manifest_stale.py
Python CI / lint-format	UNKNOWN STEP	2026-09-09T07:12:45.7777813Z would reformat /home/runner/work/Ready/Ready/research-program/artifacts/audits/paem-20260907/repros/repro_manifest_relative_cwd.py
Python CI / lint-format	UNKNOWN STEP	2026-09-09T07:12:45.7986852Z would reformat /home/runner/work/Ready/Ready/research-program/artifacts/audits/paem-20260907/repros/repro_run_logs_stale_manifest.py
Python CI / lint-format	UNKNOWN STEP	2026-09-09T07:12:45.8106748Z would reformat /home/runner/work/Ready/Ready/research-program/artifacts/audits/tpp-20260907-recovery/reproduce.py
Python CI / lint-format	UNKNOWN STEP	2026-09-09T07:12:45.8517378Z would reformat /home/runner/work/Ready/Ready/research-program/artifacts/audits/paem-20260907/write_issue_drafts.py
Python CI / lint-format	UNKNOWN STEP	2026-09-09T07:12:47.2887692Z 
Python CI / lint-format	UNKNOWN STEP	2026-09-09T07:12:47.2888879Z Oh no! 💥 💔 💥
Python CI / lint-format	UNKNOWN STEP	2026-09-09T07:12:47.3159184Z 29 files would be reformatted, 80 files would be left unchanged.
Python CI / lint-format	UNKNOWN STEP	2026-09-09T07:12:47.3168790Z ##[error]Process completed with exit code 1.
Python CI / lint-format	UNKNOWN STEP	2026-09-09T07:12:47.3208235Z ##[group]Run set -euo pipefail
Python CI / lint-format	UNKNOWN STEP	2026-09-09T07:12:47.3208572Z ^[[36;1mset -euo pipefail^[[0m
Python CI / lint-format	UNKNOWN STEP	2026-09-09T07:12:47.3208884Z ^[[36;1mecho "outcome=${FORMAT_OUTCOME}" >> "${GITHUB_OUTPUT}"^[[0m
Python CI / lint-format	UNKNOWN STEP	2026-09-09T07:12:47.3209253Z ^[[36;1mif [ -n "${GITHUB_STEP_SUMMARY:-}" ]; then^[[0m
Python CI / lint-format	UNKNOWN STEP	2026-09-09T07:12:47.3209571Z ^[[36;1m  {^[[0m
Python CI / lint-format	UNKNOWN STEP	2026-09-09T07:12:47.3209827Z ^[[36;1m    printf '## Format check\n'^[[0m
Python CI / lint-format	UNKNOWN STEP	2026-09-09T07:12:47.3210150Z ^[[36;1m    printf -- '- Outcome: %s\n' "${FORMAT_OUTCOME}"^[[0m
Python CI / lint-format	UNKNOWN STEP	2026-09-09T07:12:47.3210482Z ^[[36;1m  } >>"${GITHUB_STEP_SUMMARY}"^[[0m
Python CI / lint-format	UNKNOWN STEP	2026-09-09T07:12:47.3210760Z ^[[36;1mfi^[[0m
Python CI / lint-format	UNKNOWN STEP	2026-09-09T07:12:47.3211100Z ^[[36;1mif [ "${FORMAT_OUTCOME}" != "success" ] && [ "${FORMAT_OUTCOME}" != "skipped" ]; then^[[0m
Python CI / lint-format	UNKNOWN STEP	2026-09-09T07:12:47.3211565Z ^[[36;1m  printf 'Format check failed with outcome: %s\n' "${FORMAT_OUTCOME}" >&2^[[0m
Python CI / lint-format	UNKNOWN STEP	2026-09-09T07:12:47.3211928Z ^[[36;1m  exit 1^[[0m
Python CI / lint-format	UNKNOWN STEP	2026-09-09T07:12:47.3212151Z ^[[36;1mfi^[[0m
Python CI / lint-format	UNKNOWN STEP	2026-09-09T07:12:47.3233547Z shell: /usr/bin/bash --noprofile --norc -e -o pipefail {0}
Python CI / lint-format	UNKNOWN STEP	2026-09-09T07:12:47.3233874Z env:
Python CI / lint-format	UNKNOWN STEP	2026-09-09T07:12:47.3234103Z   WORKDIR: .
Python CI / lint-format	UNKNOWN STEP	2026-09-09T07:12:47.3234354Z   WORKSPACE_ROOT: /home/runner/work/Ready/Ready
Python CI / lint-format	UNKNOWN STEP	2026-09-09T07:12:47.3234676Z   PROJECT_ROOT: /home/runner/work/Ready/Ready
Python CI / lint-format	UNKNOWN STEP	2026-09-09T07:12:47.3235043Z   NODE_PATH: /home/runner/work/Ready/Ready/.github/scripts/node_modules
Python CI / lint-format	UNKNOWN STEP	2026-09-09T07:12:47.3237204Z   GITHUB_TOKEN: ***
Python CI / lint-format	UNKNOWN STEP	2026-09-09T07:12:47.3238790Z   GH_TOKEN: ***
Python CI / lint-format	UNKNOWN STEP	2026-09-09T07:12:47.3239036Z   WORKFLOWS_APP_ID: ***
Python CI / lint-format	UNKNOWN STEP	2026-09-09T07:12:47.3243744Z   WORKFLOWS_APP_PRIVATE_KEY: ***
Python CI / lint-format	UNKNOWN STEP	2026-09-09T07:12:47.3244144Z   pythonLocation: /opt/hostedtoolcache/Python/3.12.14/x64
Python CI / lint-format	UNKNOWN STEP	2026-09-09T07:12:47.3244655Z   PKG_CONFIG_PATH: /opt/hostedtoolcache/Python/3.12.14/x64/lib/pkgconfig
Python CI / lint-format	UNKNOWN STEP	2026-09-09T07:12:47.3245109Z   Python_ROOT_DIR: /opt/hostedtoolcache/Python/3.12.14/x64
Python CI / lint-format	UNKNOWN STEP	2026-09-09T07:12:47.3245664Z   Python2_ROOT_DIR: /opt/hostedtoolcache/Python/3.12.14/x64
Python CI / lint-format	UNKNOWN STEP	2026-09-09T07:12:47.3246112Z   Python3_ROOT_DIR: /opt/hostedtoolcache/Python/3.12.14/x64
Python CI / lint-format	UNKNOWN STEP	2026-09-09T07:12:47.3246579Z   LD_LIBRARY_PATH: /opt/hostedtoolcache/Python/3.12.14/x64/lib
Python CI / lint-format	UNKNOWN STEP	2026-09-09T07:12:47.3246973Z   FORMAT_OUTCOME: failure
Python CI / lint-format	UNKNOWN STEP	2026-09-09T07:12:47.3247283Z ##[endgroup]
Python CI / lint-format	UNKNOWN STEP	2026-09-09T07:12:47.3290197Z Format check failed with outcome: failure
Python CI / lint-format	UNKNOWN STEP	2026-09-09T07:12:47.3292868Z ##[error]Process completed with exit code 1.
Python CI / lint-format	UNKNOWN STEP	2026-09-09T07:12:47.3377608Z Post job cleanup.
Python CI / lint-format	UNKNOWN STEP	2026-09-09T07:12:47.4020417Z [command]/usr/bin/git version
Python CI / lint-format	UNKNOWN STEP	2026-09-09T07:12:47.4055049Z git version 2.55.0
Python CI / lint-format	UNKNOWN STEP	2026-09-09T07:12:47.4079157Z Temporarily overriding HOME='/home/runner/work/_temp/71e6913f-41bc-4692-83a1-6e3d310390fb' before making global git config changes
Python CI / lint-format	UNKNOWN STEP	2026-09-09T07:12:47.4080133Z Adding repository directory to the temporary git global config as a safe directory
Python CI / lint-format	UNKNOWN STEP	2026-09-09T07:12:47.4083680Z [command]/usr/bin/git config --global --add safe.directory /home/runner/work/Ready/Ready
Python CI / lint-format	UNKNOWN STEP	2026-09-09T07:12:47.4105421Z Removing SSH command configuration
Python CI / lint-format	UNKNOWN STEP	2026-09-09T07:12:47.4110564Z [command]/usr/bin/git config --local --name-only --get-regexp core\.sshCommand
Python CI / lint-format	UNKNOWN STEP	2026-09-09T07:12:47.4135820Z [command]/usr/bin/git submodule foreach --recursive sh -c "git config --local --name-only --get-regexp 'core\.sshCommand' && git config --local --unset-all 'core.sshCommand' || :"
Python CI / lint-format	UNKNOWN STEP	2026-09-09T07:12:47.4290221Z Removing HTTP extra header
Python CI / lint-format	UNKNOWN STEP	2026-09-09T07:12:47.4294484Z [command]/usr/bin/git config --local --name-only --get-regexp http\.https\:\/\/github\.com\/\.extraheader
Python CI / lint-format	UNKNOWN STEP	2026-09-09T07:12:47.4318520Z [command]/usr/bin/git submodule foreach --recursive sh -c "git config --local --name-only --get-regexp 'http\.https\:\/\/github\.com\/\.extraheader' && git config --local --unset-all 'http.https://github.com/.extraheader' || :"
Python CI / lint-format	UNKNOWN STEP	2026-09-09T07:12:47.4462676Z Removing includeIf entries pointing to credentials config files
Python CI / lint-format	UNKNOWN STEP	2026-09-09T07:12:47.4467263Z [command]/usr/bin/git config --local --name-only --get-regexp ^includeIf\.gitdir:
Python CI / lint-format	UNKNOWN STEP	2026-09-09T07:12:47.4753152Z includeif.gitdir:/home/runner/work/Ready/Ready/.git.path
Python CI / lint-format	UNKNOWN STEP	2026-09-09T07:12:47.4753686Z includeif.gitdir:/home/runner/work/Ready/Ready/.git/worktrees/*.path
Python CI / lint-format	UNKNOWN STEP	2026-09-09T07:12:47.4754184Z includeif.gitdir:/github/workspace/.git.path
Python CI / lint-format	UNKNOWN STEP	2026-09-09T07:12:47.4754635Z includeif.gitdir:/github/workspace/.git/worktrees/*.path
Python CI / lint-format	UNKNOWN STEP	2026-09-09T07:12:47.4759921Z [command]/usr/bin/git config --local --get-all includeif.gitdir:/home/runner/work/Ready/Ready/.git.path
Python CI / lint-format	UNKNOWN STEP	2026-09-09T07:12:47.4776767Z /home/runner/work/_temp/git-credentials-4e7990b8-6d3e-4b45-b84d-1bfceda804c9.config
Python CI / lint-format	UNKNOWN STEP	2026-09-09T07:12:47.4784069Z [command]/usr/bin/git config --local --unset includeif.gitdir:/home/runner/work/Ready/Ready/.git.path \/home\/runner\/work\/_temp\/git\-credentials\-4e7990b8\-6d3e\-4b45\-b84d\-1bfceda804c9\.config
Python CI / lint-format	UNKNOWN STEP	2026-09-09T07:12:47.4811058Z [command]/usr/bin/git config --local --get-all includeif.gitdir:/home/runner/work/Ready/Ready/.git/worktrees/*.path
Python CI / lint-format	UNKNOWN STEP	2026-09-09T07:12:47.4829928Z /home/runner/work/_temp/git-credentials-4e7990b8-6d3e-4b45-b84d-1bfceda804c9.config
Python CI / lint-format	UNKNOWN STEP	2026-09-09T07:12:47.4837130Z [command]/usr/bin/git config --local --unset includeif.gitdir:/home/runner/work/Ready/Ready/.git/worktrees/*.path \/home\/runner\/work\/_temp\/git\-credentials\-4e7990b8\-6d3e\-4b45\-b84d\-1bfceda804c9\.config
Python CI / lint-format	UNKNOWN STEP	2026-09-09T07:12:47.4859581Z [command]/usr/bin/git config --local --get-all includeif.gitdir:/github/workspace/.git.path
Python CI / lint-format	UNKNOWN STEP	2026-09-09T07:12:47.4874568Z /github/runner_temp/git-credentials-4e7990b8-6d3e-4b45-b84d-1bfceda804c9.config
Python CI / lint-format	UNKNOWN STEP	2026-09-09T07:12:47.4879833Z [command]/usr/bin/git config --local --unset includeif.gitdir:/github/workspace/.git.path \/github\/runner_temp\/git\-credentials\-4e7990b8\-6d3e\-4b45\-b84d\-1bfceda804c9\.config
Python CI / lint-format	UNKNOWN STEP	2026-09-09T07:12:47.4901057Z [command]/usr/bin/git config --local --get-all includeif.gitdir:/github/workspace/.git/worktrees/*.path
Python CI / lint-format	UNKNOWN STEP	2026-09-09T07:12:47.4916109Z /github/runner_temp/git-credentials-4e7990b8-6d3e-4b45-b84d-1bfceda804c9.config
Python CI / lint-format	UNKNOWN STEP	2026-09-09T07:12:47.4920771Z [command]/usr/bin/git config --local --unset includeif.gitdir:/github/workspace/.git/worktrees/*.path \/github\/runner_temp\/git\-credentials\-4e7990b8\-6d3e\-4b45\-b84d\-1bfceda804c9\.config
Python CI / lint-format	UNKNOWN STEP	2026-09-09T07:12:47.5200394Z [command]/usr/bin/git submodule foreach --recursive git config --local --show-origin --name-only --get-regexp remote.origin.url
Python CI / lint-format	UNKNOWN STEP	2026-09-09T07:12:47.5353778Z Removing credentials config '/home/runner/work/_temp/git-credentials-4e7990b8-6d3e-4b45-b84d-1bfceda804c9.config'
Python CI / lint-format	UNKNOWN STEP	2026-09-09T07:12:47.5494480Z Post job cleanup.
Python CI / lint-format	UNKNOWN STEP	2026-09-09T07:12:47.6284871Z Evaluate and set job outputs
Python CI / lint-format	UNKNOWN STEP	2026-09-09T07:12:47.6290933Z Set output 'format_outcome'
Python CI / lint-format	UNKNOWN STEP	2026-09-09T07:12:47.6292540Z Cleaning up orphan processes
