Python CI / lint-format	UNKNOWN STEP	﻿2026-09-12T08:16:24.3308537Z Current runner version: '2.337.0'
Python CI / lint-format	UNKNOWN STEP	2026-09-12T08:16:24.3339496Z ##[group]Runner Image Provisioner
Python CI / lint-format	UNKNOWN STEP	2026-09-12T08:16:24.3341011Z Hosted Compute Agent
Python CI / lint-format	UNKNOWN STEP	2026-09-12T08:16:24.3342166Z Version: 20260828.587
Python CI / lint-format	UNKNOWN STEP	2026-09-12T08:16:24.3343274Z Commit: abac92662cab4cc7352de4f9f9d2e2419aad9c29
Python CI / lint-format	UNKNOWN STEP	2026-09-12T08:16:24.3344444Z Build Date: 2026-08-28T16:44:25Z
Python CI / lint-format	UNKNOWN STEP	2026-09-12T08:16:24.3345714Z Worker ID: {9824119c-808f-4c10-89ff-fd60ff089152}
Python CI / lint-format	UNKNOWN STEP	2026-09-12T08:16:24.3346915Z Azure Region: centralus
Python CI / lint-format	UNKNOWN STEP	2026-09-12T08:16:24.3347900Z ##[endgroup]
Python CI / lint-format	UNKNOWN STEP	2026-09-12T08:16:24.3350110Z ##[group]Operating System
Python CI / lint-format	UNKNOWN STEP	2026-09-12T08:16:24.3351336Z Ubuntu
Python CI / lint-format	UNKNOWN STEP	2026-09-12T08:16:24.3352239Z 24.04.5
Python CI / lint-format	UNKNOWN STEP	2026-09-12T08:16:24.3353185Z LTS
Python CI / lint-format	UNKNOWN STEP	2026-09-12T08:16:24.3354069Z ##[endgroup]
Python CI / lint-format	UNKNOWN STEP	2026-09-12T08:16:24.3355004Z ##[group]Runner Image
Python CI / lint-format	UNKNOWN STEP	2026-09-12T08:16:24.3356044Z Image: ubuntu-24.04
Python CI / lint-format	UNKNOWN STEP	2026-09-12T08:16:24.3357113Z Version: 20260907.300.1
Python CI / lint-format	UNKNOWN STEP	2026-09-12T08:16:24.3359032Z Included Software: https://github.com/actions/runner-images/blob/ubuntu24/20260907.300/images/ubuntu/Ubuntu2404-Readme.md
Python CI / lint-format	UNKNOWN STEP	2026-09-12T08:16:24.3361363Z Image Release: https://github.com/actions/runner-images/releases/tag/ubuntu24%2F20260907.300
Python CI / lint-format	UNKNOWN STEP	2026-09-12T08:16:24.3362846Z ##[endgroup]
Python CI / lint-format	UNKNOWN STEP	2026-09-12T08:16:24.3364638Z ##[group]GITHUB_TOKEN Permissions
Python CI / lint-format	UNKNOWN STEP	2026-09-12T08:16:24.3367663Z Contents: read
Python CI / lint-format	UNKNOWN STEP	2026-09-12T08:16:24.3368720Z Metadata: read
Python CI / lint-format	UNKNOWN STEP	2026-09-12T08:16:24.3369697Z ##[endgroup]
Python CI / lint-format	UNKNOWN STEP	2026-09-12T08:16:24.3372749Z Secret source: Actions
Python CI / lint-format	UNKNOWN STEP	2026-09-12T08:16:24.3374373Z Cache mode: write
Python CI / lint-format	UNKNOWN STEP	2026-09-12T08:16:24.3375911Z Prepare workflow directory
Python CI / lint-format	UNKNOWN STEP	2026-09-12T08:16:24.3956208Z Prepare all required actions
Python CI / lint-format	UNKNOWN STEP	2026-09-12T08:16:24.4016334Z Getting action download info
Python CI / lint-format	UNKNOWN STEP	2026-09-12T08:16:24.6223133Z Download action repository 'actions/checkout@v7' (SHA:3d3c42e5aac5ba805825da76410c181273ba90b1)
Python CI / lint-format	UNKNOWN STEP	2026-09-12T08:16:24.8308848Z Download action repository 'actions/setup-python@v7' (SHA:5fda3b95a4ea91299a34e894583c3862153e4b97)
Python CI / lint-format	UNKNOWN STEP	2026-09-12T08:16:24.9413216Z Download action repository 'actions/setup-node@820762786026740c76f36085b0efc47a31fe5020' (SHA:820762786026740c76f36085b0efc47a31fe5020)
Python CI / lint-format	UNKNOWN STEP	2026-09-12T08:16:25.0373028Z Download action repository 'actions/cache@55cc8345863c7cc4c66a329aec7e433d2d1c52a9' (SHA:55cc8345863c7cc4c66a329aec7e433d2d1c52a9)
Python CI / lint-format	UNKNOWN STEP	2026-09-12T08:16:25.3088753Z Uses: stranske/Workflows/.github/workflows/reusable-10-ci-python.yml@refs/heads/main (afb75079055d61f864dc76ecedfde06aea9dd562)
Python CI / lint-format	UNKNOWN STEP	2026-09-12T08:16:25.3093089Z ##[group] Inputs
Python CI / lint-format	UNKNOWN STEP	2026-09-12T08:16:25.3093965Z   working-directory: .
Python CI / lint-format	UNKNOWN STEP	2026-09-12T08:16:25.3094764Z   workflows_ref: main
Python CI / lint-format	UNKNOWN STEP	2026-09-12T08:16:25.3095535Z   python-version: 3.12
Python CI / lint-format	UNKNOWN STEP	2026-09-12T08:16:25.3096318Z   python-versions: ["3.12", "3.13"]
Python CI / lint-format	UNKNOWN STEP	2026-09-12T08:16:25.3097178Z   changed-files-json: []
Python CI / lint-format	UNKNOWN STEP	2026-09-12T08:16:25.3098499Z   force-full: false
Python CI / lint-format	UNKNOWN STEP	2026-09-12T08:16:25.3099339Z   primary-python-version: 3.12
Python CI / lint-format	UNKNOWN STEP	2026-09-12T08:16:25.3100131Z   marker: 
Python CI / lint-format	UNKNOWN STEP	2026-09-12T08:16:25.3101113Z   pytest_markers: 
Python CI / lint-format	UNKNOWN STEP	2026-09-12T08:16:25.3102078Z   pytest_args: 
Python CI / lint-format	UNKNOWN STEP	2026-09-12T08:16:25.3102814Z   coverage-min: 80
Python CI / lint-format	UNKNOWN STEP	2026-09-12T08:16:25.3103543Z   lint: true
Python CI / lint-format	UNKNOWN STEP	2026-09-12T08:16:25.3104347Z   format_check: true
Python CI / lint-format	UNKNOWN STEP	2026-09-12T08:16:25.3105113Z   typecheck: true
Python CI / lint-format	UNKNOWN STEP	2026-09-12T08:16:25.3105845Z   run-mypy: true
Python CI / lint-format	UNKNOWN STEP	2026-09-12T08:16:25.3106858Z   coverage: true
Python CI / lint-format	UNKNOWN STEP	2026-09-12T08:16:25.3107649Z   cache: true
Python CI / lint-format	UNKNOWN STEP	2026-09-12T08:16:25.3108372Z   enable-metrics: false
Python CI / lint-format	UNKNOWN STEP	2026-09-12T08:16:25.3109175Z   slow-test-top: 15
Python CI / lint-format	UNKNOWN STEP	2026-09-12T08:16:25.3109921Z   slow-test-min-seconds: 1
Python CI / lint-format	UNKNOWN STEP	2026-09-12T08:16:25.3110779Z   enable-history: false
Python CI / lint-format	UNKNOWN STEP	2026-09-12T08:16:25.3111635Z   enable-classification: false
Python CI / lint-format	UNKNOWN STEP	2026-09-12T08:16:25.3112493Z   history-artifact-name: metrics-history.ndjson
Python CI / lint-format	UNKNOWN STEP	2026-09-12T08:16:25.3113437Z   enable-coverage-delta: false
Python CI / lint-format	UNKNOWN STEP	2026-09-12T08:16:25.3114244Z   baseline-coverage: 0
Python CI / lint-format	UNKNOWN STEP	2026-09-12T08:16:25.3115003Z   coverage-alert-drop: 1
Python CI / lint-format	UNKNOWN STEP	2026-09-12T08:16:25.3115825Z   fail-on-coverage-drop: false
Python CI / lint-format	UNKNOWN STEP	2026-09-12T08:16:25.3116655Z   coverage-drop-label: coverage-drop
Python CI / lint-format	UNKNOWN STEP	2026-09-12T08:16:25.3117536Z   enable-soft-gate: false
Python CI / lint-format	UNKNOWN STEP	2026-09-12T08:16:25.3118373Z   artifact-prefix: gate-
Python CI / lint-format	UNKNOWN STEP	2026-09-12T08:16:25.3119140Z ##[endgroup]
Python CI / lint-format	UNKNOWN STEP	2026-09-12T08:16:25.3120252Z Complete job name: Python CI / lint-format
Python CI / lint-format	UNKNOWN STEP	2026-09-12T08:16:25.3748190Z ##[group]Run actions/checkout@v7
Python CI / lint-format	UNKNOWN STEP	2026-09-12T08:16:25.3749257Z with:
Python CI / lint-format	UNKNOWN STEP	2026-09-12T08:16:25.3750043Z   repository: stranske/Workflows
Python CI / lint-format	UNKNOWN STEP	2026-09-12T08:16:25.3750999Z   ref: main
Python CI / lint-format	UNKNOWN STEP	2026-09-12T08:16:25.3751781Z   path: .workflows-lib
Python CI / lint-format	UNKNOWN STEP	2026-09-12T08:16:25.3752619Z   sparse-checkout: .github/actions/setup-api-client
Python CI / lint-format	UNKNOWN STEP	
Python CI / lint-format	UNKNOWN STEP	2026-09-12T08:16:25.3753584Z   sparse-checkout-cone-mode: false
Python CI / lint-format	UNKNOWN STEP	2026-09-12T08:16:25.3757580Z   token: ***
Python CI / lint-format	UNKNOWN STEP	2026-09-12T08:16:25.3758302Z   ssh-strict: true
Python CI / lint-format	UNKNOWN STEP	2026-09-12T08:16:25.3759061Z   ssh-user: git
Python CI / lint-format	UNKNOWN STEP	2026-09-12T08:16:25.3759806Z   persist-credentials: true
Python CI / lint-format	UNKNOWN STEP	2026-09-12T08:16:25.3760568Z   clean: true
Python CI / lint-format	UNKNOWN STEP	2026-09-12T08:16:25.3761619Z   fetch-depth: 1
Python CI / lint-format	UNKNOWN STEP	2026-09-12T08:16:25.3762364Z   fetch-tags: false
Python CI / lint-format	UNKNOWN STEP	2026-09-12T08:16:25.3763100Z   show-progress: true
Python CI / lint-format	UNKNOWN STEP	2026-09-12T08:16:25.3763869Z   lfs: false
Python CI / lint-format	UNKNOWN STEP	2026-09-12T08:16:25.3764584Z   submodules: false
Python CI / lint-format	UNKNOWN STEP	2026-09-12T08:16:25.3765333Z   set-safe-directory: true
Python CI / lint-format	UNKNOWN STEP	2026-09-12T08:16:25.3766146Z   allow-unsafe-pr-checkout: false
Python CI / lint-format	UNKNOWN STEP	2026-09-12T08:16:25.3767210Z env:
Python CI / lint-format	UNKNOWN STEP	2026-09-12T08:16:25.3768021Z   WORKDIR: .
Python CI / lint-format	UNKNOWN STEP	2026-09-12T08:16:25.3768832Z   WORKSPACE_ROOT: /home/runner/work/Ready/Ready
Python CI / lint-format	UNKNOWN STEP	2026-09-12T08:16:25.3769735Z   PROJECT_ROOT: /home/runner/work/Ready/Ready
Python CI / lint-format	UNKNOWN STEP	2026-09-12T08:16:25.3770612Z ##[endgroup]
Python CI / lint-format	UNKNOWN STEP	2026-09-12T08:16:25.4626503Z Syncing repository: stranske/Workflows
Python CI / lint-format	UNKNOWN STEP	2026-09-12T08:16:25.4628565Z ##[group]Getting Git version info
Python CI / lint-format	UNKNOWN STEP	2026-09-12T08:16:25.4629602Z Working directory is '/home/runner/work/Ready/Ready/.workflows-lib'
Python CI / lint-format	UNKNOWN STEP	2026-09-12T08:16:25.4631525Z [command]/usr/bin/git version
Python CI / lint-format	UNKNOWN STEP	2026-09-12T08:16:25.4677770Z git version 2.55.0
Python CI / lint-format	UNKNOWN STEP	2026-09-12T08:16:25.4694444Z ##[endgroup]
Python CI / lint-format	UNKNOWN STEP	2026-09-12T08:16:25.4702116Z Temporarily overriding HOME='/home/runner/work/_temp/549a971b-0760-4f67-9b77-507fe6dcccb5' before making global git config changes
Python CI / lint-format	UNKNOWN STEP	2026-09-12T08:16:25.4704428Z Adding repository directory to the temporary git global config as a safe directory
Python CI / lint-format	UNKNOWN STEP	2026-09-12T08:16:25.4706732Z [command]/usr/bin/git config --global --add safe.directory /home/runner/work/Ready/Ready/.workflows-lib
Python CI / lint-format	UNKNOWN STEP	2026-09-12T08:16:25.4741221Z ##[group]Determining repository object format
Python CI / lint-format	UNKNOWN STEP	2026-09-12T08:16:25.6812652Z ##[endgroup]
Python CI / lint-format	UNKNOWN STEP	2026-09-12T08:16:25.6814695Z ##[group]Initializing the repository
Python CI / lint-format	UNKNOWN STEP	2026-09-12T08:16:25.6818915Z [command]/usr/bin/git init /home/runner/work/Ready/Ready/.workflows-lib
Python CI / lint-format	UNKNOWN STEP	2026-09-12T08:16:25.7378620Z hint: Using 'master' as the name for the initial branch. This default branch name
Python CI / lint-format	UNKNOWN STEP	2026-09-12T08:16:25.7380200Z hint: will change to "main" in Git 3.0. To configure the initial branch name
Python CI / lint-format	UNKNOWN STEP	2026-09-12T08:16:25.7382048Z hint: to use in all of your new repositories, which will suppress this warning,
Python CI / lint-format	UNKNOWN STEP	2026-09-12T08:16:25.7383598Z hint: call:
Python CI / lint-format	UNKNOWN STEP	2026-09-12T08:16:25.7384582Z hint:
Python CI / lint-format	UNKNOWN STEP	2026-09-12T08:16:25.7385464Z hint: 	git config --global init.defaultBranch <name>
Python CI / lint-format	UNKNOWN STEP	2026-09-12T08:16:25.7386396Z hint:
Python CI / lint-format	UNKNOWN STEP	2026-09-12T08:16:25.7387272Z hint: Names commonly chosen instead of 'master' are 'main', 'trunk' and
Python CI / lint-format	UNKNOWN STEP	2026-09-12T08:16:25.7388903Z hint: 'development'. The just-created branch can be renamed via this command:
Python CI / lint-format	UNKNOWN STEP	2026-09-12T08:16:25.7390119Z hint:
Python CI / lint-format	UNKNOWN STEP	2026-09-12T08:16:25.7391056Z hint: 	git branch -m <name>
Python CI / lint-format	UNKNOWN STEP	2026-09-12T08:16:25.7391893Z hint:
Python CI / lint-format	UNKNOWN STEP	2026-09-12T08:16:25.7393106Z hint: Disable this message with "git config set advice.defaultBranchName false"
Python CI / lint-format	UNKNOWN STEP	2026-09-12T08:16:25.7394631Z Initialized empty Git repository in /home/runner/work/Ready/Ready/.workflows-lib/.git/
Python CI / lint-format	UNKNOWN STEP	2026-09-12T08:16:25.7397057Z [command]/usr/bin/git remote add origin https://github.com/stranske/Workflows
Python CI / lint-format	UNKNOWN STEP	2026-09-12T08:16:25.7433096Z ##[endgroup]
Python CI / lint-format	UNKNOWN STEP	2026-09-12T08:16:25.7434310Z ##[group]Disabling automatic garbage collection
Python CI / lint-format	UNKNOWN STEP	2026-09-12T08:16:25.7435751Z [command]/usr/bin/git config --local gc.auto 0
Python CI / lint-format	UNKNOWN STEP	2026-09-12T08:16:25.7459095Z ##[endgroup]
Python CI / lint-format	UNKNOWN STEP	2026-09-12T08:16:25.7460292Z ##[group]Setting up auth
Python CI / lint-format	UNKNOWN STEP	2026-09-12T08:16:25.7461307Z Removing SSH command configuration
Python CI / lint-format	UNKNOWN STEP	2026-09-12T08:16:25.7462666Z [command]/usr/bin/git config --local --name-only --get-regexp core\.sshCommand
Python CI / lint-format	UNKNOWN STEP	2026-09-12T08:16:25.7486739Z [command]/usr/bin/git submodule foreach --recursive sh -c "git config --local --name-only --get-regexp 'core\.sshCommand' && git config --local --unset-all 'core.sshCommand' || :"
Python CI / lint-format	UNKNOWN STEP	2026-09-12T08:16:25.7771883Z Removing HTTP extra header
Python CI / lint-format	UNKNOWN STEP	2026-09-12T08:16:25.7774678Z [command]/usr/bin/git config --local --name-only --get-regexp http\.https\:\/\/github\.com\/\.extraheader
Python CI / lint-format	UNKNOWN STEP	2026-09-12T08:16:25.7831763Z [command]/usr/bin/git submodule foreach --recursive sh -c "git config --local --name-only --get-regexp 'http\.https\:\/\/github\.com\/\.extraheader' && git config --local --unset-all 'http.https://github.com/.extraheader' || :"
Python CI / lint-format	UNKNOWN STEP	2026-09-12T08:16:25.7979326Z Removing includeIf entries pointing to credentials config files
Python CI / lint-format	UNKNOWN STEP	2026-09-12T08:16:25.7982951Z [command]/usr/bin/git config --local --name-only --get-regexp ^includeIf\.gitdir:
Python CI / lint-format	UNKNOWN STEP	2026-09-12T08:16:25.8005977Z [command]/usr/bin/git submodule foreach --recursive git config --local --show-origin --name-only --get-regexp remote.origin.url
Python CI / lint-format	UNKNOWN STEP	2026-09-12T08:16:25.8161124Z [command]/usr/bin/git config --file /home/runner/work/_temp/git-credentials-7f3f6428-7711-4202-8274-edc922b3ca35.config http.https://github.com/.extraheader AUTHORIZATION: basic ***
Python CI / lint-format	UNKNOWN STEP	2026-09-12T08:16:25.8187719Z [command]/usr/bin/git config --local includeIf.gitdir:/home/runner/work/Ready/Ready/.workflows-lib/.git.path /home/runner/work/_temp/git-credentials-7f3f6428-7711-4202-8274-edc922b3ca35.config
Python CI / lint-format	UNKNOWN STEP	2026-09-12T08:16:25.8208867Z [command]/usr/bin/git config --local includeIf.gitdir:/home/runner/work/Ready/Ready/.workflows-lib/.git/worktrees/*.path /home/runner/work/_temp/git-credentials-7f3f6428-7711-4202-8274-edc922b3ca35.config
Python CI / lint-format	UNKNOWN STEP	2026-09-12T08:16:25.8235184Z [command]/usr/bin/git config --local includeIf.gitdir:/github/workspace/.workflows-lib/.git.path /github/runner_temp/git-credentials-7f3f6428-7711-4202-8274-edc922b3ca35.config
Python CI / lint-format	UNKNOWN STEP	2026-09-12T08:16:25.8255991Z [command]/usr/bin/git config --local includeIf.gitdir:/github/workspace/.workflows-lib/.git/worktrees/*.path /github/runner_temp/git-credentials-7f3f6428-7711-4202-8274-edc922b3ca35.config
Python CI / lint-format	UNKNOWN STEP	2026-09-12T08:16:25.8274946Z ##[endgroup]
Python CI / lint-format	UNKNOWN STEP	2026-09-12T08:16:25.8276123Z ##[group]Fetching the repository
Python CI / lint-format	UNKNOWN STEP	2026-09-12T08:16:25.8279932Z [command]/usr/bin/git -c protocol.version=2 fetch --no-tags --prune --no-recurse-submodules --filter=blob:none --depth=1 origin +refs/heads/main*:refs/remotes/origin/main* +refs/tags/main*:refs/tags/main*
Python CI / lint-format	UNKNOWN STEP	2026-09-12T08:16:26.3398716Z From https://github.com/stranske/Workflows
Python CI / lint-format	UNKNOWN STEP	2026-09-12T08:16:26.3400989Z  * [new branch]      main       -> origin/main
Python CI / lint-format	UNKNOWN STEP	2026-09-12T08:16:26.3406226Z ##[endgroup]
Python CI / lint-format	UNKNOWN STEP	2026-09-12T08:16:26.3408646Z ##[group]Determining the checkout info
Python CI / lint-format	UNKNOWN STEP	2026-09-12T08:16:26.3411226Z [command]/usr/bin/git branch --list --remote origin/main
Python CI / lint-format	UNKNOWN STEP	2026-09-12T08:16:26.3433943Z   origin/main
Python CI / lint-format	UNKNOWN STEP	2026-09-12T08:16:26.3440381Z ##[endgroup]
Python CI / lint-format	UNKNOWN STEP	2026-09-12T08:16:26.3444499Z ##[group]Setting up sparse checkout
Python CI / lint-format	UNKNOWN STEP	2026-09-12T08:16:26.3447620Z [command]/usr/bin/git config core.sparseCheckout true
Python CI / lint-format	UNKNOWN STEP	2026-09-12T08:16:26.3473413Z [command]/usr/bin/git rev-parse --git-path info/sparse-checkout
Python CI / lint-format	UNKNOWN STEP	2026-09-12T08:16:26.3494027Z .git/info/sparse-checkout
Python CI / lint-format	UNKNOWN STEP	2026-09-12T08:16:26.3501503Z ##[endgroup]
Python CI / lint-format	UNKNOWN STEP	2026-09-12T08:16:26.3505254Z ##[group]Checking out the ref
Python CI / lint-format	UNKNOWN STEP	2026-09-12T08:16:26.3508648Z [command]/usr/bin/git checkout --progress --force -B main refs/remotes/origin/main
Python CI / lint-format	UNKNOWN STEP	2026-09-12T08:16:26.9172363Z Switched to a new branch 'main'
Python CI / lint-format	UNKNOWN STEP	2026-09-12T08:16:26.9182094Z branch 'main' set up to track 'origin/main'.
Python CI / lint-format	UNKNOWN STEP	2026-09-12T08:16:26.9189150Z ##[endgroup]
Python CI / lint-format	UNKNOWN STEP	2026-09-12T08:16:26.9226086Z [command]/usr/bin/git log -1 --format=%H
Python CI / lint-format	UNKNOWN STEP	2026-09-12T08:16:26.9248869Z afb75079055d61f864dc76ecedfde06aea9dd562
Python CI / lint-format	UNKNOWN STEP	2026-09-12T08:16:27.0104751Z Prepare all required actions
Python CI / lint-format	UNKNOWN STEP	2026-09-12T08:16:27.0671158Z ##[group]Run ./.workflows-lib/.github/actions/setup-api-client
Python CI / lint-format	UNKNOWN STEP	2026-09-12T08:16:27.0672839Z with:
Python CI / lint-format	UNKNOWN STEP	2026-09-12T08:16:27.0680102Z   github_token: ***
Python CI / lint-format	UNKNOWN STEP	2026-09-12T08:16:27.0681510Z   workflows_app_id: ***
Python CI / lint-format	UNKNOWN STEP	2026-09-12T08:16:27.0700256Z   workflows_app_private_key: ***
Python CI / lint-format	UNKNOWN STEP	2026-09-12T08:16:27.0701734Z   skip_deps: false
Python CI / lint-format	UNKNOWN STEP	2026-09-12T08:16:27.0703005Z   verbose: false
Python CI / lint-format	UNKNOWN STEP	2026-09-12T08:16:27.0704196Z env:
Python CI / lint-format	UNKNOWN STEP	2026-09-12T08:16:27.0705488Z   WORKDIR: .
Python CI / lint-format	UNKNOWN STEP	2026-09-12T08:16:27.0706835Z   WORKSPACE_ROOT: /home/runner/work/Ready/Ready
Python CI / lint-format	UNKNOWN STEP	2026-09-12T08:16:27.0708403Z   PROJECT_ROOT: /home/runner/work/Ready/Ready
Python CI / lint-format	UNKNOWN STEP	2026-09-12T08:16:27.0709815Z ##[endgroup]
Python CI / lint-format	UNKNOWN STEP	2026-09-12T08:16:27.0775174Z ##[start-action display=Install API client dependencies;id=__self.__run]
Python CI / lint-format	UNKNOWN STEP	2026-09-12T08:16:27.0864695Z ##[group]Run set -euo pipefail
Python CI / lint-format	UNKNOWN STEP	2026-09-12T08:16:27.0867080Z ^[[36;1mset -euo pipefail^[[0m
Python CI / lint-format	UNKNOWN STEP	2026-09-12T08:16:27.0868389Z ^[[36;1m^[[0m
Python CI / lint-format	UNKNOWN STEP	2026-09-12T08:16:27.0869833Z ^[[36;1m# Use dedicated scripts dir, create if needed^[[0m
Python CI / lint-format	UNKNOWN STEP	2026-09-12T08:16:27.0871649Z ^[[36;1mINSTALL_DIR=""^[[0m
Python CI / lint-format	UNKNOWN STEP	2026-09-12T08:16:27.0872980Z ^[[36;1mif [ -z "$INSTALL_DIR" ]; then^[[0m
Python CI / lint-format	UNKNOWN STEP	2026-09-12T08:16:27.0874573Z ^[[36;1m  INSTALL_DIR="${GITHUB_WORKSPACE}/.github/scripts"^[[0m
Python CI / lint-format	UNKNOWN STEP	2026-09-12T08:16:27.0876311Z ^[[36;1mfi^[[0m
Python CI / lint-format	UNKNOWN STEP	2026-09-12T08:16:27.0877615Z ^[[36;1mmkdir -p "$INSTALL_DIR"^[[0m
Python CI / lint-format	UNKNOWN STEP	2026-09-12T08:16:27.0879042Z ^[[36;1m^[[0m
Python CI / lint-format	UNKNOWN STEP	2026-09-12T08:16:27.0880768Z ^[[36;1mecho "📦 Installing @octokit dependencies in $INSTALL_DIR..."^[[0m
Python CI / lint-format	UNKNOWN STEP	2026-09-12T08:16:27.0882687Z ^[[36;1mcd "$INSTALL_DIR"^[[0m
Python CI / lint-format	UNKNOWN STEP	2026-09-12T08:16:27.0884044Z ^[[36;1m^[[0m
Python CI / lint-format	UNKNOWN STEP	2026-09-12T08:16:27.0885444Z ^[[36;1mdeclare -a VENDORED_ALIAS_DIRS=()^[[0m
Python CI / lint-format	UNKNOWN STEP	2026-09-12T08:16:27.0886957Z ^[[36;1m^[[0m
Python CI / lint-format	UNKNOWN STEP	2026-09-12T08:16:27.0888280Z ^[[36;1mcleanup_vendor_aliases() {^[[0m
Python CI / lint-format	UNKNOWN STEP	2026-09-12T08:16:27.0889868Z ^[[36;1m  if [ "${#VENDORED_ALIAS_DIRS[@]}" -eq 0 ]; then^[[0m
Python CI / lint-format	UNKNOWN STEP	2026-09-12T08:16:27.0891538Z ^[[36;1m    return 0^[[0m
Python CI / lint-format	UNKNOWN STEP	2026-09-12T08:16:27.0892865Z ^[[36;1m  fi^[[0m
Python CI / lint-format	UNKNOWN STEP	2026-09-12T08:16:27.0894038Z ^[[36;1m^[[0m
Python CI / lint-format	UNKNOWN STEP	2026-09-12T08:16:27.0895360Z ^[[36;1m  local cleanup_dir="$INSTALL_DIR"^[[0m
Python CI / lint-format	UNKNOWN STEP	2026-09-12T08:16:27.0897061Z ^[[36;1m  if [ -z "$cleanup_dir" ]; then^[[0m
Python CI / lint-format	UNKNOWN STEP	2026-09-12T08:16:27.0898881Z ^[[36;1m    echo "::warning::Install dir is empty, skipping vendored alias cleanup"^[[0m
Python CI / lint-format	UNKNOWN STEP	2026-09-12T08:16:27.0900839Z ^[[36;1m    return 0^[[0m
Python CI / lint-format	UNKNOWN STEP	2026-09-12T08:16:27.0902125Z ^[[36;1m  fi^[[0m
Python CI / lint-format	UNKNOWN STEP	2026-09-12T08:16:27.0903522Z ^[[36;1m^[[0m
Python CI / lint-format	UNKNOWN STEP	2026-09-12T08:16:27.0904880Z ^[[36;1m  if ! pushd "$cleanup_dir" >/dev/null 2>&1; then^[[0m
Python CI / lint-format	UNKNOWN STEP	2026-09-12T08:16:27.0907126Z ^[[36;1m    echo "::warning::Failed to enter install dir \"$cleanup_dir\"; skipping vendored alias cleanup"^[[0m
Python CI / lint-format	UNKNOWN STEP	2026-09-12T08:16:27.0909033Z ^[[36;1m    return 0^[[0m
Python CI / lint-format	UNKNOWN STEP	2026-09-12T08:16:27.0910280Z ^[[36;1m  fi^[[0m
Python CI / lint-format	UNKNOWN STEP	2026-09-12T08:16:27.0911536Z ^[[36;1m^[[0m
Python CI / lint-format	UNKNOWN STEP	2026-09-12T08:16:27.0912912Z ^[[36;1m  for vendored_alias in "${VENDORED_ALIAS_DIRS[@]}"; do^[[0m
Python CI / lint-format	UNKNOWN STEP	2026-09-12T08:16:27.0914608Z ^[[36;1m    if [ -z "$vendored_alias" ]; then^[[0m
Python CI / lint-format	UNKNOWN STEP	2026-09-12T08:16:27.0916087Z ^[[36;1m      continue^[[0m
Python CI / lint-format	UNKNOWN STEP	2026-09-12T08:16:27.0917318Z ^[[36;1m    fi^[[0m
Python CI / lint-format	UNKNOWN STEP	2026-09-12T08:16:27.0918626Z ^[[36;1m    rm -rf -- "$vendored_alias" || true^[[0m
Python CI / lint-format	UNKNOWN STEP	2026-09-12T08:16:27.0920145Z ^[[36;1m    local parent_dir^[[0m
Python CI / lint-format	UNKNOWN STEP	2026-09-12T08:16:27.0921628Z ^[[36;1m    parent_dir=$(dirname "$vendored_alias")^[[0m
Python CI / lint-format	UNKNOWN STEP	2026-09-12T08:16:27.0923730Z ^[[36;1m    # Remove empty parent directories that may have been created for scoped packages^[[0m
Python CI / lint-format	UNKNOWN STEP	2026-09-12T08:16:27.0925868Z ^[[36;1m    while [ "$parent_dir" != "." ] && [ "$parent_dir" != "/" ]; do^[[0m
Python CI / lint-format	UNKNOWN STEP	2026-09-12T08:16:27.0927703Z ^[[36;1m      rmdir -- "$parent_dir" 2>/dev/null || break^[[0m
Python CI / lint-format	UNKNOWN STEP	2026-09-12T08:16:27.0929295Z ^[[36;1m      parent_dir=$(dirname "$parent_dir")^[[0m
Python CI / lint-format	UNKNOWN STEP	2026-09-12T08:16:27.0930851Z ^[[36;1m    done^[[0m
Python CI / lint-format	UNKNOWN STEP	2026-09-12T08:16:27.0932055Z ^[[36;1m  done^[[0m
Python CI / lint-format	UNKNOWN STEP	2026-09-12T08:16:27.0933218Z ^[[36;1m^[[0m
Python CI / lint-format	UNKNOWN STEP	2026-09-12T08:16:27.0934450Z ^[[36;1m  popd >/dev/null 2>&1 || true^[[0m
Python CI / lint-format	UNKNOWN STEP	2026-09-12T08:16:27.0935854Z ^[[36;1m}^[[0m
Python CI / lint-format	UNKNOWN STEP	2026-09-12T08:16:27.0937010Z ^[[36;1m^[[0m
Python CI / lint-format	UNKNOWN STEP	2026-09-12T08:16:27.0938205Z ^[[36;1mtrap cleanup_vendor_aliases EXIT^[[0m
Python CI / lint-format	UNKNOWN STEP	2026-09-12T08:16:27.0939841Z ^[[36;1m^[[0m
Python CI / lint-format	UNKNOWN STEP	2026-09-12T08:16:27.0941213Z ^[[36;1mcreate_vendor_aliases() {^[[0m
Python CI / lint-format	UNKNOWN STEP	2026-09-12T08:16:27.0942700Z ^[[36;1m  if [ ! -f "package.json" ]; then^[[0m
Python CI / lint-format	UNKNOWN STEP	2026-09-12T08:16:27.0944207Z ^[[36;1m    return 0^[[0m
Python CI / lint-format	UNKNOWN STEP	2026-09-12T08:16:27.0945520Z ^[[36;1m  fi^[[0m
Python CI / lint-format	UNKNOWN STEP	2026-09-12T08:16:27.0946782Z ^[[36;1m^[[0m
Python CI / lint-format	UNKNOWN STEP	2026-09-12T08:16:27.0947955Z ^[[36;1m  local alias_tmp^[[0m
Python CI / lint-format	UNKNOWN STEP	2026-09-12T08:16:27.0949274Z ^[[36;1m  alias_tmp=$(mktemp)^[[0m
Python CI / lint-format	UNKNOWN STEP	2026-09-12T08:16:27.0950603Z ^[[36;1m^[[0m
Python CI / lint-format	UNKNOWN STEP	2026-09-12T08:16:27.0952602Z ^[[36;1m  local helper_root="${GITHUB_ACTION_PATH:-${GITHUB_WORKSPACE}/.github/actions/setup-api-client}"^[[0m
Python CI / lint-format	UNKNOWN STEP	2026-09-12T08:16:27.0954884Z ^[[36;1m  local alias_helper="${helper_root}/create_vendor_aliases.js"^[[0m
Python CI / lint-format	UNKNOWN STEP	2026-09-12T08:16:27.0956604Z ^[[36;1m  if [ ! -f "$alias_helper" ]; then^[[0m
Python CI / lint-format	UNKNOWN STEP	2026-09-12T08:16:27.0958274Z ^[[36;1m    echo "::error::Missing vendored alias helper: $alias_helper"^[[0m
Python CI / lint-format	UNKNOWN STEP	2026-09-12T08:16:27.0960018Z ^[[36;1m    rm -f "$alias_tmp"^[[0m
Python CI / lint-format	UNKNOWN STEP	2026-09-12T08:16:27.0961410Z ^[[36;1m    return 1^[[0m
Python CI / lint-format	UNKNOWN STEP	2026-09-12T08:16:27.0962633Z ^[[36;1m  fi^[[0m
Python CI / lint-format	UNKNOWN STEP	2026-09-12T08:16:27.0963840Z ^[[36;1m^[[0m
Python CI / lint-format	UNKNOWN STEP	2026-09-12T08:16:27.0965229Z ^[[36;1m  if node "$alias_helper" "$INSTALL_DIR" >"$alias_tmp"; then^[[0m
Python CI / lint-format	UNKNOWN STEP	2026-09-12T08:16:27.0967033Z ^[[36;1m    :^[[0m
Python CI / lint-format	UNKNOWN STEP	2026-09-12T08:16:27.0968225Z ^[[36;1m  else^[[0m
Python CI / lint-format	UNKNOWN STEP	2026-09-12T08:16:27.0969704Z ^[[36;1m    echo "::error::Failed to prepare vendored dependency aliases"^[[0m
Python CI / lint-format	UNKNOWN STEP	2026-09-12T08:16:27.0971506Z ^[[36;1m    rm -f "$alias_tmp"^[[0m
Python CI / lint-format	UNKNOWN STEP	2026-09-12T08:16:27.0972817Z ^[[36;1m    return 1^[[0m
Python CI / lint-format	UNKNOWN STEP	2026-09-12T08:16:27.0974038Z ^[[36;1m  fi^[[0m
Python CI / lint-format	UNKNOWN STEP	2026-09-12T08:16:27.0975291Z ^[[36;1m^[[0m
Python CI / lint-format	UNKNOWN STEP	2026-09-12T08:16:27.0976520Z ^[[36;1m  while IFS= read -r vendored_alias; do^[[0m
Python CI / lint-format	UNKNOWN STEP	2026-09-12T08:16:27.0978058Z ^[[36;1m    if [ -z "$vendored_alias" ]; then^[[0m
Python CI / lint-format	UNKNOWN STEP	2026-09-12T08:16:27.0979604Z ^[[36;1m      continue^[[0m
Python CI / lint-format	UNKNOWN STEP	2026-09-12T08:16:27.0980983Z ^[[36;1m    fi^[[0m
Python CI / lint-format	UNKNOWN STEP	2026-09-12T08:16:27.0982373Z ^[[36;1m    VENDORED_ALIAS_DIRS+=("$vendored_alias")^[[0m
Python CI / lint-format	UNKNOWN STEP	2026-09-12T08:16:27.0983982Z ^[[36;1m  done <"$alias_tmp"^[[0m
Python CI / lint-format	UNKNOWN STEP	2026-09-12T08:16:27.0985271Z ^[[36;1m^[[0m
Python CI / lint-format	UNKNOWN STEP	2026-09-12T08:16:27.0986506Z ^[[36;1m  rm -f "$alias_tmp"^[[0m
Python CI / lint-format	UNKNOWN STEP	2026-09-12T08:16:27.0987871Z ^[[36;1m}^[[0m
Python CI / lint-format	UNKNOWN STEP	2026-09-12T08:16:27.0988993Z ^[[36;1m^[[0m
Python CI / lint-format	UNKNOWN STEP	2026-09-12T08:16:27.0990179Z ^[[36;1mcreate_vendor_aliases^[[0m
Python CI / lint-format	UNKNOWN STEP	2026-09-12T08:16:27.0991642Z ^[[36;1m^[[0m
Python CI / lint-format	UNKNOWN STEP	2026-09-12T08:16:27.0993193Z ^[[36;1m# Strip unresolvable file: dependencies from package.json so npm install^[[0m
Python CI / lint-format	UNKNOWN STEP	2026-09-12T08:16:27.0995370Z ^[[36;1m# doesn't choke when vendored packages are missing (e.g. sparse checkout^[[0m
Python CI / lint-format	UNKNOWN STEP	2026-09-12T08:16:27.0997446Z ^[[36;1m# that doesn't include node_modules/).  Back up the original first so we^[[0m
Python CI / lint-format	UNKNOWN STEP	2026-09-12T08:16:27.0999502Z ^[[36;1m# can restore it after npm install — avoids leaking modified state into^[[0m
Python CI / lint-format	UNKNOWN STEP	2026-09-12T08:16:27.1001493Z ^[[36;1m# downstream steps that expect a clean workspace.^[[0m
Python CI / lint-format	UNKNOWN STEP	2026-09-12T08:16:27.1003095Z ^[[36;1mSTRIPPED_PKG_JSON=false^[[0m
Python CI / lint-format	UNKNOWN STEP	2026-09-12T08:16:27.1004486Z ^[[36;1mif [ -f "package.json" ]; then^[[0m
Python CI / lint-format	UNKNOWN STEP	2026-09-12T08:16:27.1005943Z ^[[36;1m  node -e '^[[0m
Python CI / lint-format	UNKNOWN STEP	2026-09-12T08:16:27.1007248Z ^[[36;1m    const fs = require("fs");^[[0m
Python CI / lint-format	UNKNOWN STEP	2026-09-12T08:16:27.1008741Z ^[[36;1m    const path = require("path");^[[0m
Python CI / lint-format	UNKNOWN STEP	2026-09-12T08:16:27.1010411Z ^[[36;1m    const raw = fs.readFileSync("package.json", "utf8");^[[0m
Python CI / lint-format	UNKNOWN STEP	2026-09-12T08:16:27.1012139Z ^[[36;1m    const pkg = JSON.parse(raw);^[[0m
Python CI / lint-format	UNKNOWN STEP	2026-09-12T08:16:27.1013573Z ^[[36;1m    let changed = false;^[[0m
Python CI / lint-format	UNKNOWN STEP	2026-09-12T08:16:27.1015221Z ^[[36;1m    for (const section of ["dependencies", "devDependencies"]) {^[[0m
Python CI / lint-format	UNKNOWN STEP	2026-09-12T08:16:27.1016946Z ^[[36;1m      if (!pkg[section]) continue;^[[0m
Python CI / lint-format	UNKNOWN STEP	2026-09-12T08:16:27.1018679Z ^[[36;1m      for (const [name, spec] of Object.entries(pkg[section])) {^[[0m
Python CI / lint-format	UNKNOWN STEP	2026-09-12T08:16:27.1020842Z ^[[36;1m        if (typeof spec === "string" && spec.startsWith("file:")) {^[[0m
Python CI / lint-format	UNKNOWN STEP	2026-09-12T08:16:27.1022685Z ^[[36;1m          const target = path.resolve(spec.slice(5));^[[0m
Python CI / lint-format	UNKNOWN STEP	2026-09-12T08:16:27.1024300Z ^[[36;1m          if (!fs.existsSync(target)) {^[[0m
Python CI / lint-format	UNKNOWN STEP	2026-09-12T08:16:27.1025840Z ^[[36;1m            delete pkg[section][name];^[[0m
Python CI / lint-format	UNKNOWN STEP	2026-09-12T08:16:27.1027559Z ^[[36;1m            changed = true;^[[0m
Python CI / lint-format	UNKNOWN STEP	2026-09-12T08:16:27.1029546Z ^[[36;1m            console.log("::notice::Stripped unresolvable vendored dep: " + name + " (" + spec + ")");^[[0m
Python CI / lint-format	UNKNOWN STEP	2026-09-12T08:16:27.1031823Z ^[[36;1m          }^[[0m
Python CI / lint-format	UNKNOWN STEP	2026-09-12T08:16:27.1033149Z ^[[36;1m        }^[[0m
Python CI / lint-format	UNKNOWN STEP	2026-09-12T08:16:27.1034393Z ^[[36;1m      }^[[0m
Python CI / lint-format	UNKNOWN STEP	2026-09-12T08:16:27.1036092Z ^[[36;1m      if (pkg[section] && Object.keys(pkg[section]).length === 0) {^[[0m
Python CI / lint-format	UNKNOWN STEP	2026-09-12T08:16:27.1037881Z ^[[36;1m        delete pkg[section];^[[0m
Python CI / lint-format	UNKNOWN STEP	2026-09-12T08:16:27.1039466Z ^[[36;1m      }^[[0m
Python CI / lint-format	UNKNOWN STEP	2026-09-12T08:16:27.1040794Z ^[[36;1m    }^[[0m
Python CI / lint-format	UNKNOWN STEP	2026-09-12T08:16:27.1041986Z ^[[36;1m    if (changed) {^[[0m
Python CI / lint-format	UNKNOWN STEP	2026-09-12T08:16:27.1043508Z ^[[36;1m      fs.copyFileSync("package.json", "package.json.bak");^[[0m
Python CI / lint-format	UNKNOWN STEP	2026-09-12T08:16:27.1045563Z ^[[36;1m      fs.writeFileSync("package.json", JSON.stringify(pkg, null, 2) + "\n");^[[0m
Python CI / lint-format	UNKNOWN STEP	2026-09-12T08:16:27.1047398Z ^[[36;1m      process.stdout.write("STRIPPED");^[[0m
Python CI / lint-format	UNKNOWN STEP	2026-09-12T08:16:27.1048855Z ^[[36;1m    }^[[0m
Python CI / lint-format	UNKNOWN STEP	2026-09-12T08:16:27.1050071Z ^[[36;1m  '^[[0m
Python CI / lint-format	UNKNOWN STEP	2026-09-12T08:16:27.1051508Z ^[[36;1m  if [ -f "package.json.bak" ]; then^[[0m
Python CI / lint-format	UNKNOWN STEP	2026-09-12T08:16:27.1053055Z ^[[36;1m    STRIPPED_PKG_JSON=true^[[0m
Python CI / lint-format	UNKNOWN STEP	2026-09-12T08:16:27.1054446Z ^[[36;1m  fi^[[0m
Python CI / lint-format	UNKNOWN STEP	2026-09-12T08:16:27.1055618Z ^[[36;1mfi^[[0m
Python CI / lint-format	UNKNOWN STEP	2026-09-12T08:16:27.1056812Z ^[[36;1m^[[0m
Python CI / lint-format	UNKNOWN STEP	2026-09-12T08:16:27.1058495Z ^[[36;1m# Vendored packages often ship lifecycle scripts (tshy builds, custom bundlers, etc.)^[[0m
Python CI / lint-format	UNKNOWN STEP	2026-09-12T08:16:27.1060995Z ^[[36;1m# that expect repo-specific tooling. Disable lifecycle scripts globally so npm install^[[0m
Python CI / lint-format	UNKNOWN STEP	2026-09-12T08:16:27.1063033Z ^[[36;1m# never invokes those hooks inside CI.^[[0m
Python CI / lint-format	UNKNOWN STEP	2026-09-12T08:16:27.1064608Z ^[[36;1mexport npm_config_ignore_scripts=true^[[0m
Python CI / lint-format	UNKNOWN STEP	2026-09-12T08:16:27.1066112Z ^[[36;1m^[[0m
Python CI / lint-format	UNKNOWN STEP	2026-09-12T08:16:27.1067535Z ^[[36;1m# Track if we create package.json so we can clean it up^[[0m
Python CI / lint-format	UNKNOWN STEP	2026-09-12T08:16:27.1069217Z ^[[36;1mCREATED_PACKAGE_JSON=false^[[0m
Python CI / lint-format	UNKNOWN STEP	2026-09-12T08:16:27.1070787Z ^[[36;1mif [ ! -f "package.json" ]; then^[[0m
Python CI / lint-format	UNKNOWN STEP	2026-09-12T08:16:27.1072353Z ^[[36;1m  echo '{"private":true}' > package.json^[[0m
Python CI / lint-format	UNKNOWN STEP	2026-09-12T08:16:27.1073870Z ^[[36;1m  CREATED_PACKAGE_JSON=true^[[0m
Python CI / lint-format	UNKNOWN STEP	2026-09-12T08:16:27.1075319Z ^[[36;1mfi^[[0m
Python CI / lint-format	UNKNOWN STEP	2026-09-12T08:16:27.1076485Z ^[[36;1m^[[0m
Python CI / lint-format	UNKNOWN STEP	2026-09-12T08:16:27.1077998Z ^[[36;1m# Check if already installed (including lru-cache@10.4.3, a required^[[0m
Python CI / lint-format	UNKNOWN STEP	2026-09-12T08:16:27.1080173Z ^[[36;1m# transitive dep of @octokit/auth-app used for GitHub App token minting).^[[0m
Python CI / lint-format	UNKNOWN STEP	2026-09-12T08:16:27.1082501Z ^[[36;1mif [ -d "node_modules/@octokit/rest" ] && [ -d "node_modules/lru-cache" ]; then^[[0m
Python CI / lint-format	UNKNOWN STEP	2026-09-12T08:16:27.1084521Z ^[[36;1m  echo "✅ @octokit/rest already installed"^[[0m
Python CI / lint-format	UNKNOWN STEP	2026-09-12T08:16:27.1086100Z ^[[36;1melse^[[0m
Python CI / lint-format	UNKNOWN STEP	2026-09-12T08:16:27.1087595Z ^[[36;1m  # Snapshot vendored package metadata before npm install.^[[0m
Python CI / lint-format	UNKNOWN STEP	2026-09-12T08:16:27.1089632Z ^[[36;1m  # npm may overwrite transitive deps (e.g. minimatch) that are^[[0m
Python CI / lint-format	UNKNOWN STEP	2026-09-12T08:16:27.1091726Z ^[[36;1m  # committed as vendored packages with intentional version pins.^[[0m
Python CI / lint-format	UNKNOWN STEP	2026-09-12T08:16:27.1093427Z ^[[36;1m  VENDORED_SNAPSHOT=""^[[0m
Python CI / lint-format	UNKNOWN STEP	2026-09-12T08:16:27.1095054Z ^[[36;1m  if [ -f "node_modules/minimatch/package.json" ]; then^[[0m
Python CI / lint-format	UNKNOWN STEP	2026-09-12T08:16:27.1096756Z ^[[36;1m    VENDORED_SNAPSHOT=$(mktemp -d)^[[0m
Python CI / lint-format	UNKNOWN STEP	2026-09-12T08:16:27.1098315Z ^[[36;1m    for pkg_dir in node_modules/*/; do^[[0m
Python CI / lint-format	UNKNOWN STEP	2026-09-12T08:16:27.1099887Z ^[[36;1m      if [ -f "${pkg_dir}package.json" ]; then^[[0m
Python CI / lint-format	UNKNOWN STEP	2026-09-12T08:16:27.1101648Z ^[[36;1m        pkg_name=$(basename "$pkg_dir")^[[0m
Python CI / lint-format	UNKNOWN STEP	2026-09-12T08:16:27.1103284Z ^[[36;1m        mkdir -p "${VENDORED_SNAPSHOT}/${pkg_name}"^[[0m
Python CI / lint-format	UNKNOWN STEP	2026-09-12T08:16:27.1105330Z ^[[36;1m        cp "${pkg_dir}package.json" "${VENDORED_SNAPSHOT}/${pkg_name}/package.json"^[[0m
Python CI / lint-format	UNKNOWN STEP	2026-09-12T08:16:27.1107056Z ^[[36;1m      fi^[[0m
Python CI / lint-format	UNKNOWN STEP	2026-09-12T08:16:27.1108274Z ^[[36;1m    done^[[0m
Python CI / lint-format	UNKNOWN STEP	2026-09-12T08:16:27.1109650Z ^[[36;1m    echo "📸 Snapshotted vendored package metadata"^[[0m
Python CI / lint-format	UNKNOWN STEP	2026-09-12T08:16:27.1111418Z ^[[36;1m  fi^[[0m
Python CI / lint-format	UNKNOWN STEP	2026-09-12T08:16:27.1112622Z ^[[36;1m^[[0m
Python CI / lint-format	UNKNOWN STEP	2026-09-12T08:16:27.1113955Z ^[[36;1m  # Install with pinned versions for consistency.^[[0m
Python CI / lint-format	UNKNOWN STEP	2026-09-12T08:16:27.1116516Z ^[[36;1m  # lru-cache is an explicit transitive dep of @octokit/auth-app required for^[[0m
Python CI / lint-format	UNKNOWN STEP	2026-09-12T08:16:27.1118721Z ^[[36;1m  # GitHub App token minting; pin it here so npm always hoists a specific version^[[0m
Python CI / lint-format	UNKNOWN STEP	2026-09-12T08:16:27.1120867Z ^[[36;1m  # even if a prior cached node_modules state is missing it.^[[0m
Python CI / lint-format	UNKNOWN STEP	2026-09-12T08:16:27.1122514Z ^[[36;1m  #^[[0m
Python CI / lint-format	UNKNOWN STEP	2026-09-12T08:16:27.1124112Z ^[[36;1m  # Retry with exponential backoff to survive transient npm registry errors^[[0m
Python CI / lint-format	UNKNOWN STEP	2026-09-12T08:16:27.1126360Z ^[[36;1m  # (e.g. 403 Forbidden from CDN/rate-limit on safe-buffer, undici, etc.).^[[0m
Python CI / lint-format	UNKNOWN STEP	2026-09-12T08:16:27.1128111Z ^[[36;1m  NPM_PACKAGES=(^[[0m
Python CI / lint-format	UNKNOWN STEP	2026-09-12T08:16:27.1129399Z ^[[36;1m    @octokit/rest@20.0.2^[[0m
Python CI / lint-format	UNKNOWN STEP	2026-09-12T08:16:27.1130909Z ^[[36;1m    @octokit/plugin-retry@6.0.1^[[0m
Python CI / lint-format	UNKNOWN STEP	2026-09-12T08:16:27.1132441Z ^[[36;1m    @octokit/plugin-paginate-rest@9.1.5^[[0m
Python CI / lint-format	UNKNOWN STEP	2026-09-12T08:16:27.1133953Z ^[[36;1m    @octokit/auth-app@6.0.3^[[0m
Python CI / lint-format	UNKNOWN STEP	2026-09-12T08:16:27.1135346Z ^[[36;1m    lru-cache@10.4.3^[[0m
Python CI / lint-format	UNKNOWN STEP	2026-09-12T08:16:27.1136608Z ^[[36;1m  )^[[0m
Python CI / lint-format	UNKNOWN STEP	2026-09-12T08:16:27.1137830Z ^[[36;1m  NPM_MAX_RETRIES=3^[[0m
Python CI / lint-format	UNKNOWN STEP	2026-09-12T08:16:27.1139303Z ^[[36;1m  NPM_BACKOFF=5  # seconds; doubles each retry (5, 10)^[[0m
Python CI / lint-format	UNKNOWN STEP	2026-09-12T08:16:27.1141013Z ^[[36;1m  npm_installed=false^[[0m
Python CI / lint-format	UNKNOWN STEP	2026-09-12T08:16:27.1142356Z ^[[36;1m^[[0m
Python CI / lint-format	UNKNOWN STEP	2026-09-12T08:16:27.1143804Z ^[[36;1m  for (( attempt=1; attempt<=NPM_MAX_RETRIES; attempt++ )); do^[[0m
Python CI / lint-format	UNKNOWN STEP	2026-09-12T08:16:27.1145531Z ^[[36;1m    npm_output=$(mktemp)^[[0m
Python CI / lint-format	UNKNOWN STEP	2026-09-12T08:16:27.1146944Z ^[[36;1m^[[0m
Python CI / lint-format	UNKNOWN STEP	2026-09-12T08:16:27.1148666Z ^[[36;1m    if npm install --no-save --location=project "${NPM_PACKAGES[@]}" 2>"$npm_output"; then^[[0m
Python CI / lint-format	UNKNOWN STEP	2026-09-12T08:16:27.1150688Z ^[[36;1m      rm -f "$npm_output"^[[0m
Python CI / lint-format	UNKNOWN STEP	2026-09-12T08:16:27.1152167Z ^[[36;1m      npm_installed=true^[[0m
Python CI / lint-format	UNKNOWN STEP	2026-09-12T08:16:27.1153560Z ^[[36;1m      break^[[0m
Python CI / lint-format	UNKNOWN STEP	2026-09-12T08:16:27.1154802Z ^[[36;1m    fi^[[0m
Python CI / lint-format	UNKNOWN STEP	2026-09-12T08:16:27.1155988Z ^[[36;1m^[[0m
Python CI / lint-format	UNKNOWN STEP	2026-09-12T08:16:27.1157200Z ^[[36;1m    npm_err=$(cat "$npm_output")^[[0m
Python CI / lint-format	UNKNOWN STEP	2026-09-12T08:16:27.1158620Z ^[[36;1m    rm -f "$npm_output"^[[0m
Python CI / lint-format	UNKNOWN STEP	2026-09-12T08:16:27.1160456Z ^[[36;1m    echo "::warning::npm install attempt $attempt/$NPM_MAX_RETRIES failed (see logs)"^[[0m
Python CI / lint-format	UNKNOWN STEP	2026-09-12T08:16:27.1162515Z ^[[36;1m    echo "::group::npm stderr (attempt $attempt)"^[[0m
Python CI / lint-format	UNKNOWN STEP	2026-09-12T08:16:27.1164058Z ^[[36;1m    echo "$npm_err"^[[0m
Python CI / lint-format	UNKNOWN STEP	2026-09-12T08:16:27.1165408Z ^[[36;1m    echo "::endgroup::"^[[0m
Python CI / lint-format	UNKNOWN STEP	2026-09-12T08:16:27.1166752Z ^[[36;1m^[[0m
Python CI / lint-format	UNKNOWN STEP	2026-09-12T08:16:27.1168203Z ^[[36;1m    # On peer-dep / ERESOLVE failures, also try --legacy-peer-deps^[[0m
Python CI / lint-format	UNKNOWN STEP	2026-09-12T08:16:27.1170375Z ^[[36;1m    if echo "$npm_err" | grep -qiE 'ERESOLVE|peer dep|Could not resolve dependency'; then^[[0m
Python CI / lint-format	UNKNOWN STEP	2026-09-12T08:16:27.1172746Z ^[[36;1m      echo "::warning::Detected peer dependency conflict, retrying with --legacy-peer-deps"^[[0m
Python CI / lint-format	UNKNOWN STEP	2026-09-12T08:16:27.1174657Z ^[[36;1m      npm_output=$(mktemp)^[[0m
Python CI / lint-format	UNKNOWN STEP	2026-09-12T08:16:27.1176701Z ^[[36;1m      if npm install --no-save --legacy-peer-deps --location=project "${NPM_PACKAGES[@]}" 2>"$npm_output"; then^[[0m
Python CI / lint-format	UNKNOWN STEP	2026-09-12T08:16:27.1178801Z ^[[36;1m        rm -f "$npm_output"^[[0m
Python CI / lint-format	UNKNOWN STEP	2026-09-12T08:16:27.1180297Z ^[[36;1m        npm_installed=true^[[0m
Python CI / lint-format	UNKNOWN STEP	2026-09-12T08:16:27.1181802Z ^[[36;1m        break^[[0m
Python CI / lint-format	UNKNOWN STEP	2026-09-12T08:16:27.1183024Z ^[[36;1m      fi^[[0m
Python CI / lint-format	UNKNOWN STEP	2026-09-12T08:16:27.1184353Z ^[[36;1m      npm_err_legacy=$(cat "$npm_output")^[[0m
Python CI / lint-format	UNKNOWN STEP	2026-09-12T08:16:27.1185880Z ^[[36;1m      rm -f "$npm_output"^[[0m
Python CI / lint-format	UNKNOWN STEP	2026-09-12T08:16:27.1187637Z ^[[36;1m      echo "::warning::npm install with --legacy-peer-deps failed (see logs)"^[[0m
Python CI / lint-format	UNKNOWN STEP	2026-09-12T08:16:27.1189579Z ^[[36;1m      echo "::group::npm stderr (--legacy-peer-deps)"^[[0m
Python CI / lint-format	UNKNOWN STEP	2026-09-12T08:16:27.1191362Z ^[[36;1m      echo "$npm_err_legacy"^[[0m
Python CI / lint-format	UNKNOWN STEP	2026-09-12T08:16:27.1192757Z ^[[36;1m      echo "::endgroup::"^[[0m
Python CI / lint-format	UNKNOWN STEP	2026-09-12T08:16:27.1194148Z ^[[36;1m    fi^[[0m
Python CI / lint-format	UNKNOWN STEP	2026-09-12T08:16:27.1195306Z ^[[36;1m^[[0m
Python CI / lint-format	UNKNOWN STEP	2026-09-12T08:16:27.1196608Z ^[[36;1m    if [ "$attempt" -lt "$NPM_MAX_RETRIES" ]; then^[[0m
Python CI / lint-format	UNKNOWN STEP	2026-09-12T08:16:27.1198392Z ^[[36;1m      echo "::notice::Waiting ${NPM_BACKOFF}s before retry..."^[[0m
Python CI / lint-format	UNKNOWN STEP	2026-09-12T08:16:27.1200040Z ^[[36;1m      sleep "$NPM_BACKOFF"^[[0m
Python CI / lint-format	UNKNOWN STEP	2026-09-12T08:16:27.1201823Z ^[[36;1m      NPM_BACKOFF=$((NPM_BACKOFF * 2))^[[0m
Python CI / lint-format	UNKNOWN STEP	2026-09-12T08:16:27.1203399Z ^[[36;1m    fi^[[0m
Python CI / lint-format	UNKNOWN STEP	2026-09-12T08:16:27.1204542Z ^[[36;1m  done^[[0m
Python CI / lint-format	UNKNOWN STEP	2026-09-12T08:16:27.1205793Z ^[[36;1m^[[0m
Python CI / lint-format	UNKNOWN STEP	2026-09-12T08:16:27.1207007Z ^[[36;1m  if [ "$npm_installed" != "true" ]; then^[[0m
Python CI / lint-format	UNKNOWN STEP	2026-09-12T08:16:27.1208778Z ^[[36;1m    echo "::error::npm install failed after $NPM_MAX_RETRIES attempts"^[[0m
Python CI / lint-format	UNKNOWN STEP	2026-09-12T08:16:27.1210476Z ^[[36;1m    exit 1^[[0m
Python CI / lint-format	UNKNOWN STEP	2026-09-12T08:16:27.1211716Z ^[[36;1m  fi^[[0m
Python CI / lint-format	UNKNOWN STEP	2026-09-12T08:16:27.1212948Z ^[[36;1m^[[0m
Python CI / lint-format	UNKNOWN STEP	2026-09-12T08:16:27.1214480Z ^[[36;1m  # Restore vendored package metadata that npm may have overwritten^[[0m
Python CI / lint-format	UNKNOWN STEP	2026-09-12T08:16:27.1216501Z ^[[36;1m  if [ -n "${VENDORED_SNAPSHOT:-}" ] && [ -d "${VENDORED_SNAPSHOT}" ]; then^[[0m
Python CI / lint-format	UNKNOWN STEP	2026-09-12T08:16:27.1218327Z ^[[36;1m    for pkg_backup in "${VENDORED_SNAPSHOT}"/*/; do^[[0m
Python CI / lint-format	UNKNOWN STEP	2026-09-12T08:16:27.1220004Z ^[[36;1m      pkg_name=$(basename "$pkg_backup")^[[0m
Python CI / lint-format	UNKNOWN STEP	2026-09-12T08:16:27.1221747Z ^[[36;1m      if [ -f "node_modules/${pkg_name}/package.json" ] && \^[[0m
Python CI / lint-format	UNKNOWN STEP	2026-09-12T08:16:27.1223475Z ^[[36;1m         [ -f "${pkg_backup}package.json" ]; then^[[0m
Python CI / lint-format	UNKNOWN STEP	2026-09-12T08:16:27.1225435Z ^[[36;1m        cp "${pkg_backup}package.json" "node_modules/${pkg_name}/package.json"^[[0m
Python CI / lint-format	UNKNOWN STEP	2026-09-12T08:16:27.1227141Z ^[[36;1m      fi^[[0m
Python CI / lint-format	UNKNOWN STEP	2026-09-12T08:16:27.1228315Z ^[[36;1m    done^[[0m
Python CI / lint-format	UNKNOWN STEP	2026-09-12T08:16:27.1229579Z ^[[36;1m    rm -rf "${VENDORED_SNAPSHOT}"^[[0m
Python CI / lint-format	UNKNOWN STEP	2026-09-12T08:16:27.1231195Z ^[[36;1m    echo "📸 Restored vendored package metadata"^[[0m
Python CI / lint-format	UNKNOWN STEP	2026-09-12T08:16:27.1232743Z ^[[36;1m  fi^[[0m
Python CI / lint-format	UNKNOWN STEP	2026-09-12T08:16:27.1233884Z ^[[36;1m^[[0m
Python CI / lint-format	UNKNOWN STEP	2026-09-12T08:16:27.1235137Z ^[[36;1m  echo "✅ @octokit dependencies installed"^[[0m
Python CI / lint-format	UNKNOWN STEP	2026-09-12T08:16:27.1236629Z ^[[36;1mfi^[[0m
Python CI / lint-format	UNKNOWN STEP	2026-09-12T08:16:27.1237756Z ^[[36;1m^[[0m
Python CI / lint-format	UNKNOWN STEP	2026-09-12T08:16:27.1239230Z ^[[36;1m# Restore original package.json if we stripped file: deps earlier,^[[0m
Python CI / lint-format	UNKNOWN STEP	2026-09-12T08:16:27.1241186Z ^[[36;1m# so downstream steps see an unmodified workspace.^[[0m
Python CI / lint-format	UNKNOWN STEP	2026-09-12T08:16:27.1243133Z ^[[36;1mif [ "$STRIPPED_PKG_JSON" = "true" ] && [ -f "package.json.bak" ]; then^[[0m
Python CI / lint-format	UNKNOWN STEP	2026-09-12T08:16:27.1244853Z ^[[36;1m  mv "package.json.bak" "package.json"^[[0m
Python CI / lint-format	UNKNOWN STEP	2026-09-12T08:16:27.1246289Z ^[[36;1mfi^[[0m
Python CI / lint-format	UNKNOWN STEP	2026-09-12T08:16:27.1247449Z ^[[36;1m^[[0m
Python CI / lint-format	UNKNOWN STEP	2026-09-12T08:16:27.1248576Z ^[[36;1mcleanup_vendor_aliases^[[0m
Python CI / lint-format	UNKNOWN STEP	2026-09-12T08:16:27.1249906Z ^[[36;1mtrap - EXIT^[[0m
Python CI / lint-format	UNKNOWN STEP	2026-09-12T08:16:27.1282044Z shell: /usr/bin/bash --noprofile --norc -e -o pipefail {0}
Python CI / lint-format	UNKNOWN STEP	2026-09-12T08:16:27.1283660Z env:
Python CI / lint-format	UNKNOWN STEP	2026-09-12T08:16:27.1284811Z   WORKDIR: .
Python CI / lint-format	UNKNOWN STEP	2026-09-12T08:16:27.1286114Z   WORKSPACE_ROOT: /home/runner/work/Ready/Ready
Python CI / lint-format	UNKNOWN STEP	2026-09-12T08:16:27.1288292Z   PROJECT_ROOT: /home/runner/work/Ready/Ready
Python CI / lint-format	UNKNOWN STEP	2026-09-12T08:16:27.1289751Z ##[endgroup]
Python CI / lint-format	UNKNOWN STEP	2026-09-12T08:16:27.1380134Z 📦 Installing @octokit dependencies in /home/runner/work/Ready/Ready/.github/scripts...
Python CI / lint-format	UNKNOWN STEP	2026-09-12T08:16:30.0561497Z 
Python CI / lint-format	UNKNOWN STEP	2026-09-12T08:16:30.0563347Z added 66 packages, and audited 67 packages in 3s
Python CI / lint-format	UNKNOWN STEP	2026-09-12T08:16:30.0564173Z 
Python CI / lint-format	UNKNOWN STEP	2026-09-12T08:16:30.0565126Z 1 package is looking for funding
Python CI / lint-format	UNKNOWN STEP	2026-09-12T08:16:30.0565652Z   run `npm fund` for details
Python CI / lint-format	UNKNOWN STEP	2026-09-12T08:16:30.0574889Z 
Python CI / lint-format	UNKNOWN STEP	2026-09-12T08:16:30.0575227Z 1 moderate severity vulnerability
Python CI / lint-format	UNKNOWN STEP	2026-09-12T08:16:30.0575535Z 
Python CI / lint-format	UNKNOWN STEP	2026-09-12T08:16:30.0575876Z To address all issues, run:
Python CI / lint-format	UNKNOWN STEP	2026-09-12T08:16:30.0576360Z   npm audit fix --force
Python CI / lint-format	UNKNOWN STEP	2026-09-12T08:16:30.0576592Z 
Python CI / lint-format	UNKNOWN STEP	2026-09-12T08:16:30.0576846Z Run `npm audit` for details.
Python CI / lint-format	UNKNOWN STEP	2026-09-12T08:16:30.0805132Z ✅ @octokit dependencies installed
Python CI / lint-format	UNKNOWN STEP	2026-09-12T08:16:30.0823127Z ##[end-action id=__self.__run;outcome=success;conclusion=success;duration_ms=3004]
Python CI / lint-format	UNKNOWN STEP	2026-09-12T08:16:30.0826845Z ##[start-action display=Export NODE_PATH for shared deps;id=__self.__run_2]
Python CI / lint-format	UNKNOWN STEP	2026-09-12T08:16:30.0848707Z ##[group]Run set -euo pipefail
Python CI / lint-format	UNKNOWN STEP	2026-09-12T08:16:30.0849219Z ^[[36;1mset -euo pipefail^[[0m
Python CI / lint-format	UNKNOWN STEP	2026-09-12T08:16:30.0849678Z ^[[36;1mINSTALL_DIR=""^[[0m
Python CI / lint-format	UNKNOWN STEP	2026-09-12T08:16:30.0850585Z ^[[36;1mif [ -z "$INSTALL_DIR" ]; then^[[0m
Python CI / lint-format	UNKNOWN STEP	2026-09-12T08:16:30.0851581Z ^[[36;1m  INSTALL_DIR="${GITHUB_WORKSPACE}/.github/scripts"^[[0m
Python CI / lint-format	UNKNOWN STEP	2026-09-12T08:16:30.0852102Z ^[[36;1mfi^[[0m
Python CI / lint-format	UNKNOWN STEP	2026-09-12T08:16:30.0852719Z ^[[36;1mif [ -d "${INSTALL_DIR}/node_modules" ]; then^[[0m
Python CI / lint-format	UNKNOWN STEP	2026-09-12T08:16:30.0853247Z ^[[36;1m  if [ -n "${NODE_PATH:-}" ]; then^[[0m
Python CI / lint-format	UNKNOWN STEP	2026-09-12T08:16:30.0853843Z ^[[36;1m    echo "NODE_PATH=${INSTALL_DIR}/node_modules:${NODE_PATH}" >> "$GITHUB_ENV"^[[0m
Python CI / lint-format	UNKNOWN STEP	2026-09-12T08:16:30.0854409Z ^[[36;1m  else^[[0m
Python CI / lint-format	UNKNOWN STEP	2026-09-12T08:16:30.0854904Z ^[[36;1m    echo "NODE_PATH=${INSTALL_DIR}/node_modules" >> "$GITHUB_ENV"^[[0m
Python CI / lint-format	UNKNOWN STEP	2026-09-12T08:16:30.0855404Z ^[[36;1m  fi^[[0m
Python CI / lint-format	UNKNOWN STEP	2026-09-12T08:16:30.0855802Z ^[[36;1melse^[[0m
Python CI / lint-format	UNKNOWN STEP	2026-09-12T08:16:30.0856483Z ^[[36;1m  echo "::notice::setup-api-client: ${INSTALL_DIR}/node_modules not found; skipping NODE_PATH export."^[[0m
Python CI / lint-format	UNKNOWN STEP	2026-09-12T08:16:30.0857078Z ^[[36;1mfi^[[0m
Python CI / lint-format	UNKNOWN STEP	2026-09-12T08:16:30.0878865Z shell: /usr/bin/bash --noprofile --norc -e -o pipefail {0}
Python CI / lint-format	UNKNOWN STEP	2026-09-12T08:16:30.0879393Z env:
Python CI / lint-format	UNKNOWN STEP	2026-09-12T08:16:30.0879786Z   WORKDIR: .
Python CI / lint-format	UNKNOWN STEP	2026-09-12T08:16:30.0880264Z   WORKSPACE_ROOT: /home/runner/work/Ready/Ready
Python CI / lint-format	UNKNOWN STEP	2026-09-12T08:16:30.0880991Z   PROJECT_ROOT: /home/runner/work/Ready/Ready
Python CI / lint-format	UNKNOWN STEP	2026-09-12T08:16:30.0881472Z ##[endgroup]
Python CI / lint-format	UNKNOWN STEP	2026-09-12T08:16:30.0931038Z ##[end-action id=__self.__run_2;outcome=success;conclusion=success;duration_ms=10]
Python CI / lint-format	UNKNOWN STEP	2026-09-12T08:16:30.0937693Z ##[start-action display=Export load balancer tokens;id=__self.export-tokens]
Python CI / lint-format	UNKNOWN STEP	2026-09-12T08:16:30.0955234Z ##[group]Run set -euo pipefail
Python CI / lint-format	UNKNOWN STEP	2026-09-12T08:16:30.0956143Z ^[[36;1mset -euo pipefail^[[0m
Python CI / lint-format	UNKNOWN STEP	2026-09-12T08:16:30.0956556Z ^[[36;1m^[[0m
Python CI / lint-format	UNKNOWN STEP	2026-09-12T08:16:30.0956996Z ^[[36;1mtoken_count=0^[[0m
Python CI / lint-format	UNKNOWN STEP	2026-09-12T08:16:30.0957446Z ^[[36;1mavailable_tokens=""^[[0m
Python CI / lint-format	UNKNOWN STEP	2026-09-12T08:16:30.0957880Z ^[[36;1m^[[0m
Python CI / lint-format	UNKNOWN STEP	2026-09-12T08:16:30.0958281Z ^[[36;1m# Export a variable to GITHUB_ENV^[[0m
Python CI / lint-format	UNKNOWN STEP	2026-09-12T08:16:30.0958877Z ^[[36;1m# Note: Empty values are intentionally not counted as available tokens^[[0m
Python CI / lint-format	UNKNOWN STEP	2026-09-12T08:16:30.0959415Z ^[[36;1mexport_var() {^[[0m
Python CI / lint-format	UNKNOWN STEP	2026-09-12T08:16:30.0959818Z ^[[36;1m  local name="$1"^[[0m
Python CI / lint-format	UNKNOWN STEP	2026-09-12T08:16:30.0960266Z ^[[36;1m  local value="${2-}"^[[0m
Python CI / lint-format	UNKNOWN STEP	2026-09-12T08:16:30.0960963Z ^[[36;1m  if [ -z "${value}" ]; then^[[0m
Python CI / lint-format	UNKNOWN STEP	2026-09-12T08:16:30.0961460Z ^[[36;1m    return 0^[[0m
Python CI / lint-format	UNKNOWN STEP	2026-09-12T08:16:30.0961865Z ^[[36;1m  fi^[[0m
Python CI / lint-format	UNKNOWN STEP	2026-09-12T08:16:30.0962235Z ^[[36;1m^[[0m
Python CI / lint-format	UNKNOWN STEP	2026-09-12T08:16:30.0962696Z ^[[36;1m  # Handle multiline values (like private keys)^[[0m
Python CI / lint-format	UNKNOWN STEP	2026-09-12T08:16:30.0963185Z ^[[36;1m  if [[ "${value}" == *$'\n'* ]]; then^[[0m
Python CI / lint-format	UNKNOWN STEP	2026-09-12T08:16:30.0963627Z ^[[36;1m    {^[[0m
Python CI / lint-format	UNKNOWN STEP	2026-09-12T08:16:30.0964070Z ^[[36;1m      echo "${name}<<EOF"^[[0m
Python CI / lint-format	UNKNOWN STEP	2026-09-12T08:16:30.0964496Z ^[[36;1m      printf '%s\n' "${value}"^[[0m
Python CI / lint-format	UNKNOWN STEP	2026-09-12T08:16:30.0964936Z ^[[36;1m      echo "EOF"^[[0m
Python CI / lint-format	UNKNOWN STEP	2026-09-12T08:16:30.0965394Z ^[[36;1m    } >>"${GITHUB_ENV}"^[[0m
Python CI / lint-format	UNKNOWN STEP	2026-09-12T08:16:30.0965798Z ^[[36;1m  else^[[0m
Python CI / lint-format	UNKNOWN STEP	2026-09-12T08:16:30.0966246Z ^[[36;1m    printf '%s=%s\n' "${name}" "${value}" >>"${GITHUB_ENV}"^[[0m
Python CI / lint-format	UNKNOWN STEP	2026-09-12T08:16:30.0966787Z ^[[36;1m  fi^[[0m
Python CI / lint-format	UNKNOWN STEP	2026-09-12T08:16:30.0967151Z ^[[36;1m^[[0m
Python CI / lint-format	UNKNOWN STEP	2026-09-12T08:16:30.0967543Z ^[[36;1m  token_count=$((token_count + 1))^[[0m
Python CI / lint-format	UNKNOWN STEP	2026-09-12T08:16:30.0968069Z ^[[36;1m  if [ -n "$available_tokens" ]; then^[[0m
Python CI / lint-format	UNKNOWN STEP	2026-09-12T08:16:30.0968558Z ^[[36;1m    available_tokens="${available_tokens},${name}"^[[0m
Python CI / lint-format	UNKNOWN STEP	2026-09-12T08:16:30.0969059Z ^[[36;1m  else^[[0m
Python CI / lint-format	UNKNOWN STEP	2026-09-12T08:16:30.0969469Z ^[[36;1m    available_tokens="${name}"^[[0m
Python CI / lint-format	UNKNOWN STEP	2026-09-12T08:16:30.0969881Z ^[[36;1m  fi^[[0m
Python CI / lint-format	UNKNOWN STEP	2026-09-12T08:16:30.0970274Z ^[[36;1m^[[0m
Python CI / lint-format	UNKNOWN STEP	2026-09-12T08:16:30.0970847Z ^[[36;1m  if [ "${INPUT_VERBOSE}" = "true" ]; then^[[0m
Python CI / lint-format	UNKNOWN STEP	2026-09-12T08:16:30.0971434Z ^[[36;1m    echo "  ✅ ${name} exported"^[[0m
Python CI / lint-format	UNKNOWN STEP	2026-09-12T08:16:30.0971897Z ^[[36;1m  fi^[[0m
Python CI / lint-format	UNKNOWN STEP	2026-09-12T08:16:30.0972288Z ^[[36;1m}^[[0m
Python CI / lint-format	UNKNOWN STEP	2026-09-12T08:16:30.0972644Z ^[[36;1m^[[0m
Python CI / lint-format	UNKNOWN STEP	2026-09-12T08:16:30.0973125Z ^[[36;1mecho "🔐 Exporting tokens to environment..."^[[0m
Python CI / lint-format	UNKNOWN STEP	2026-09-12T08:16:30.0973574Z ^[[36;1m^[[0m
Python CI / lint-format	UNKNOWN STEP	2026-09-12T08:16:30.0973983Z ^[[36;1m# Try to extract from JSON secrets first (requires jq)^[[0m
Python CI / lint-format	UNKNOWN STEP	2026-09-12T08:16:30.0974584Z ^[[36;1mif [ -n "${INPUT_SECRETS:-}" ] && [ "${INPUT_SECRETS}" != "null" ]; then^[[0m
Python CI / lint-format	UNKNOWN STEP	2026-09-12T08:16:30.0975111Z ^[[36;1m  if ! command -v jq >/dev/null 2>&1; then^[[0m
Python CI / lint-format	UNKNOWN STEP	2026-09-12T08:16:30.0975906Z ^[[36;1m    echo "::warning::'jq' is not installed; falling back to individual token inputs instead of parsing JSON secrets."^[[0m
Python CI / lint-format	UNKNOWN STEP	2026-09-12T08:16:30.0976606Z ^[[36;1m    # Fall back to individual inputs when jq is unavailable^[[0m
Python CI / lint-format	UNKNOWN STEP	2026-09-12T08:16:30.0977150Z ^[[36;1m    SERVICE_BOT_PAT="${INPUT_SERVICE_BOT_PAT:-}"^[[0m
Python CI / lint-format	UNKNOWN STEP	2026-09-12T08:16:30.0977683Z ^[[36;1m    ACTIONS_BOT_PAT="${INPUT_ACTIONS_BOT_PAT:-}"^[[0m
Python CI / lint-format	UNKNOWN STEP	2026-09-12T08:16:30.0978191Z ^[[36;1m    OWNER_PR_PAT="${INPUT_OWNER_PR_PAT:-}"^[[0m
Python CI / lint-format	UNKNOWN STEP	2026-09-12T08:16:30.0978747Z ^[[36;1m    AGENTS_AUTOMATION_PAT="${INPUT_AGENTS_AUTOMATION_PAT:-}"^[[0m
Python CI / lint-format	UNKNOWN STEP	2026-09-12T08:16:30.0979380Z ^[[36;1m    WORKFLOWS_APP_ID="${INPUT_WORKFLOWS_APP_ID:-}"^[[0m
Python CI / lint-format	UNKNOWN STEP	2026-09-12T08:16:30.0979959Z ^[[36;1m    WORKFLOWS_APP_PRIVATE_KEY="${INPUT_WORKFLOWS_APP_PRIVATE_KEY:-}"^[[0m
Python CI / lint-format	UNKNOWN STEP	2026-09-12T08:16:30.0980562Z ^[[36;1m    KEEPALIVE_APP_ID="${INPUT_KEEPALIVE_APP_ID:-}"^[[0m
Python CI / lint-format	UNKNOWN STEP	2026-09-12T08:16:30.0981239Z ^[[36;1m    KEEPALIVE_APP_PRIVATE_KEY="${INPUT_KEEPALIVE_APP_PRIVATE_KEY:-}"^[[0m
Python CI / lint-format	UNKNOWN STEP	2026-09-12T08:16:30.0981790Z ^[[36;1m    GH_APP_ID="${INPUT_GH_APP_ID:-}"^[[0m
Python CI / lint-format	UNKNOWN STEP	2026-09-12T08:16:30.0982331Z ^[[36;1m    GH_APP_PRIVATE_KEY="${INPUT_GH_APP_PRIVATE_KEY:-}"^[[0m
Python CI / lint-format	UNKNOWN STEP	2026-09-12T08:16:30.0982854Z ^[[36;1m    APP_1_ID="${INPUT_APP_1_ID:-}"^[[0m
Python CI / lint-format	UNKNOWN STEP	2026-09-12T08:16:30.0983353Z ^[[36;1m    APP_1_PRIVATE_KEY="${INPUT_APP_1_PRIVATE_KEY:-}"^[[0m
Python CI / lint-format	UNKNOWN STEP	2026-09-12T08:16:30.0983856Z ^[[36;1m    APP_2_ID="${INPUT_APP_2_ID:-}"^[[0m
Python CI / lint-format	UNKNOWN STEP	2026-09-12T08:16:30.0984361Z ^[[36;1m    APP_2_PRIVATE_KEY="${INPUT_APP_2_PRIVATE_KEY:-}"^[[0m
Python CI / lint-format	UNKNOWN STEP	2026-09-12T08:16:30.0984831Z ^[[36;1m  else^[[0m
Python CI / lint-format	UNKNOWN STEP	2026-09-12T08:16:30.0985246Z ^[[36;1m    # Parse JSON secrets using jq^[[0m
Python CI / lint-format	UNKNOWN STEP	2026-09-12T08:16:30.0985716Z ^[[36;1m    extract_secret() {^[[0m
Python CI / lint-format	UNKNOWN STEP	2026-09-12T08:16:30.0986140Z ^[[36;1m      local key="$1"^[[0m
Python CI / lint-format	UNKNOWN STEP	2026-09-12T08:16:30.0986670Z ^[[36;1m      echo "${INPUT_SECRETS}" | jq -r ".${key} // empty" 2>/dev/null || echo ""^[[0m
Python CI / lint-format	UNKNOWN STEP	2026-09-12T08:16:30.0987233Z ^[[36;1m    }^[[0m
Python CI / lint-format	UNKNOWN STEP	2026-09-12T08:16:30.0987579Z ^[[36;1m^[[0m
Python CI / lint-format	UNKNOWN STEP	2026-09-12T08:16:30.0988023Z ^[[36;1m    SERVICE_BOT_PAT=$(extract_secret "SERVICE_BOT_PAT")^[[0m
Python CI / lint-format	UNKNOWN STEP	2026-09-12T08:16:30.0988609Z ^[[36;1m    ACTIONS_BOT_PAT=$(extract_secret "ACTIONS_BOT_PAT")^[[0m
Python CI / lint-format	UNKNOWN STEP	2026-09-12T08:16:30.0989114Z ^[[36;1m    OWNER_PR_PAT=$(extract_secret "OWNER_PR_PAT")^[[0m
Python CI / lint-format	UNKNOWN STEP	2026-09-12T08:16:30.0989687Z ^[[36;1m    AGENTS_AUTOMATION_PAT=$(extract_secret "AGENTS_AUTOMATION_PAT")^[[0m
Python CI / lint-format	UNKNOWN STEP	2026-09-12T08:16:30.0990325Z ^[[36;1m    WORKFLOWS_APP_ID=$(extract_secret "WORKFLOWS_APP_ID")^[[0m
Python CI / lint-format	UNKNOWN STEP	2026-09-12T08:16:30.0990995Z ^[[36;1m    WORKFLOWS_APP_PRIVATE_KEY=$(extract_secret "WORKFLOWS_APP_PRIVATE_KEY")^[[0m
Python CI / lint-format	UNKNOWN STEP	2026-09-12T08:16:30.0991637Z ^[[36;1m    KEEPALIVE_APP_ID=$(extract_secret "KEEPALIVE_APP_ID")^[[0m
Python CI / lint-format	UNKNOWN STEP	2026-09-12T08:16:30.0992262Z ^[[36;1m    KEEPALIVE_APP_PRIVATE_KEY=$(extract_secret "KEEPALIVE_APP_PRIVATE_KEY")^[[0m
Python CI / lint-format	UNKNOWN STEP	2026-09-12T08:16:30.0992805Z ^[[36;1m    GH_APP_ID=$(extract_secret "GH_APP_ID")^[[0m
Python CI / lint-format	UNKNOWN STEP	2026-09-12T08:16:30.0993378Z ^[[36;1m    GH_APP_PRIVATE_KEY=$(extract_secret "GH_APP_PRIVATE_KEY")^[[0m
Python CI / lint-format	UNKNOWN STEP	2026-09-12T08:16:30.0993916Z ^[[36;1m    APP_1_ID=$(extract_secret "APP_1_ID")^[[0m
Python CI / lint-format	UNKNOWN STEP	2026-09-12T08:16:30.0994455Z ^[[36;1m    APP_1_PRIVATE_KEY=$(extract_secret "APP_1_PRIVATE_KEY")^[[0m
Python CI / lint-format	UNKNOWN STEP	2026-09-12T08:16:30.0994993Z ^[[36;1m    APP_2_ID=$(extract_secret "APP_2_ID")^[[0m
Python CI / lint-format	UNKNOWN STEP	2026-09-12T08:16:30.0995511Z ^[[36;1m    APP_2_PRIVATE_KEY=$(extract_secret "APP_2_PRIVATE_KEY")^[[0m
Python CI / lint-format	UNKNOWN STEP	2026-09-12T08:16:30.0996010Z ^[[36;1m  fi^[[0m
Python CI / lint-format	UNKNOWN STEP	2026-09-12T08:16:30.0996392Z ^[[36;1melse^[[0m
Python CI / lint-format	UNKNOWN STEP	2026-09-12T08:16:30.0996780Z ^[[36;1m  # Fall back to individual inputs^[[0m
Python CI / lint-format	UNKNOWN STEP	2026-09-12T08:16:30.0997271Z ^[[36;1m  SERVICE_BOT_PAT="${INPUT_SERVICE_BOT_PAT:-}"^[[0m
Python CI / lint-format	UNKNOWN STEP	2026-09-12T08:16:30.0997788Z ^[[36;1m  ACTIONS_BOT_PAT="${INPUT_ACTIONS_BOT_PAT:-}"^[[0m
Python CI / lint-format	UNKNOWN STEP	2026-09-12T08:16:30.0998288Z ^[[36;1m  OWNER_PR_PAT="${INPUT_OWNER_PR_PAT:-}"^[[0m
Python CI / lint-format	UNKNOWN STEP	2026-09-12T08:16:30.0998834Z ^[[36;1m  AGENTS_AUTOMATION_PAT="${INPUT_AGENTS_AUTOMATION_PAT:-}"^[[0m
Python CI / lint-format	UNKNOWN STEP	2026-09-12T08:16:30.0999495Z ^[[36;1m  WORKFLOWS_APP_ID="${INPUT_WORKFLOWS_APP_ID:-}"^[[0m
Python CI / lint-format	UNKNOWN STEP	2026-09-12T08:16:30.1000216Z ^[[36;1m  WORKFLOWS_APP_PRIVATE_KEY="${INPUT_WORKFLOWS_APP_PRIVATE_KEY:-}"^[[0m
Python CI / lint-format	UNKNOWN STEP	2026-09-12T08:16:30.1000966Z ^[[36;1m  KEEPALIVE_APP_ID="${INPUT_KEEPALIVE_APP_ID:-}"^[[0m
Python CI / lint-format	UNKNOWN STEP	2026-09-12T08:16:30.1001759Z ^[[36;1m  KEEPALIVE_APP_PRIVATE_KEY="${INPUT_KEEPALIVE_APP_PRIVATE_KEY:-}"^[[0m
Python CI / lint-format	UNKNOWN STEP	2026-09-12T08:16:30.1002426Z ^[[36;1m  GH_APP_ID="${INPUT_GH_APP_ID:-}"^[[0m
Python CI / lint-format	UNKNOWN STEP	2026-09-12T08:16:30.1003020Z ^[[36;1m  GH_APP_PRIVATE_KEY="${INPUT_GH_APP_PRIVATE_KEY:-}"^[[0m
Python CI / lint-format	UNKNOWN STEP	2026-09-12T08:16:30.1003653Z ^[[36;1m  APP_1_ID="${INPUT_APP_1_ID:-}"^[[0m
Python CI / lint-format	UNKNOWN STEP	2026-09-12T08:16:30.1004181Z ^[[36;1m  APP_1_PRIVATE_KEY="${INPUT_APP_1_PRIVATE_KEY:-}"^[[0m
Python CI / lint-format	UNKNOWN STEP	2026-09-12T08:16:30.1004688Z ^[[36;1m  APP_2_ID="${INPUT_APP_2_ID:-}"^[[0m
Python CI / lint-format	UNKNOWN STEP	2026-09-12T08:16:30.1005287Z ^[[36;1m  APP_2_PRIVATE_KEY="${INPUT_APP_2_PRIVATE_KEY:-}"^[[0m
Python CI / lint-format	UNKNOWN STEP	2026-09-12T08:16:30.1005860Z ^[[36;1mfi^[[0m
Python CI / lint-format	UNKNOWN STEP	2026-09-12T08:16:30.1126397Z ^[[36;1m^[[0m
Python CI / lint-format	UNKNOWN STEP	2026-09-12T08:16:30.1126856Z ^[[36;1m# Export GITHUB_TOKEN (GH_TOKEN is the same value, only count once)^[[0m
Python CI / lint-format	UNKNOWN STEP	2026-09-12T08:16:30.1127312Z ^[[36;1mif [ -n "${INPUT_GITHUB_TOKEN:-}" ]; then^[[0m
Python CI / lint-format	UNKNOWN STEP	2026-09-12T08:16:30.1127706Z ^[[36;1m  export_var "GITHUB_TOKEN" "${INPUT_GITHUB_TOKEN}"^[[0m
Python CI / lint-format	UNKNOWN STEP	2026-09-12T08:16:30.1128108Z ^[[36;1m  # GH_TOKEN is exported but not double-counted^[[0m
Python CI / lint-format	UNKNOWN STEP	2026-09-12T08:16:30.1128557Z ^[[36;1m  printf '%s=%s\n' "GH_TOKEN" "${INPUT_GITHUB_TOKEN}" >>"${GITHUB_ENV}"^[[0m
Python CI / lint-format	UNKNOWN STEP	2026-09-12T08:16:30.1128937Z ^[[36;1mfi^[[0m
Python CI / lint-format	UNKNOWN STEP	2026-09-12T08:16:30.1129178Z ^[[36;1m^[[0m
Python CI / lint-format	UNKNOWN STEP	2026-09-12T08:16:30.1129425Z ^[[36;1m# Export PATs^[[0m
Python CI / lint-format	UNKNOWN STEP	2026-09-12T08:16:30.1129746Z ^[[36;1mexport_var "SERVICE_BOT_PAT" "${SERVICE_BOT_PAT:-}"^[[0m
Python CI / lint-format	UNKNOWN STEP	2026-09-12T08:16:30.1130190Z ^[[36;1mexport_var "ACTIONS_BOT_PAT" "${ACTIONS_BOT_PAT:-}"^[[0m
Python CI / lint-format	UNKNOWN STEP	2026-09-12T08:16:30.1130569Z ^[[36;1mexport_var "OWNER_PR_PAT" "${OWNER_PR_PAT:-}"^[[0m
Python CI / lint-format	UNKNOWN STEP	2026-09-12T08:16:30.1131136Z ^[[36;1mexport_var "AGENTS_AUTOMATION_PAT" "${AGENTS_AUTOMATION_PAT:-}"^[[0m
Python CI / lint-format	UNKNOWN STEP	2026-09-12T08:16:30.1131520Z ^[[36;1m^[[0m
Python CI / lint-format	UNKNOWN STEP	2026-09-12T08:16:30.1131780Z ^[[36;1m# Export App credentials^[[0m
Python CI / lint-format	UNKNOWN STEP	2026-09-12T08:16:30.1132147Z ^[[36;1mexport_var "WORKFLOWS_APP_ID" "${WORKFLOWS_APP_ID:-}"^[[0m
Python CI / lint-format	UNKNOWN STEP	2026-09-12T08:16:30.1132628Z ^[[36;1mexport_var "WORKFLOWS_APP_PRIVATE_KEY" "${WORKFLOWS_APP_PRIVATE_KEY:-}"^[[0m
Python CI / lint-format	UNKNOWN STEP	2026-09-12T08:16:30.1133092Z ^[[36;1mexport_var "KEEPALIVE_APP_ID" "${KEEPALIVE_APP_ID:-}"^[[0m
Python CI / lint-format	UNKNOWN STEP	2026-09-12T08:16:30.1133560Z ^[[36;1mexport_var "KEEPALIVE_APP_PRIVATE_KEY" "${KEEPALIVE_APP_PRIVATE_KEY:-}"^[[0m
Python CI / lint-format	UNKNOWN STEP	2026-09-12T08:16:30.1134021Z ^[[36;1mexport_var "GH_APP_ID" "${GH_APP_ID:-}"^[[0m
Python CI / lint-format	UNKNOWN STEP	2026-09-12T08:16:30.1134413Z ^[[36;1mexport_var "GH_APP_PRIVATE_KEY" "${GH_APP_PRIVATE_KEY:-}"^[[0m
Python CI / lint-format	UNKNOWN STEP	2026-09-12T08:16:30.1134825Z ^[[36;1mexport_var "APP_1_ID" "${APP_1_ID:-}"^[[0m
Python CI / lint-format	UNKNOWN STEP	2026-09-12T08:16:30.1135217Z ^[[36;1mexport_var "APP_1_PRIVATE_KEY" "${APP_1_PRIVATE_KEY:-}"^[[0m
Python CI / lint-format	UNKNOWN STEP	2026-09-12T08:16:30.1135611Z ^[[36;1mexport_var "APP_2_ID" "${APP_2_ID:-}"^[[0m
Python CI / lint-format	UNKNOWN STEP	2026-09-12T08:16:30.1136003Z ^[[36;1mexport_var "APP_2_PRIVATE_KEY" "${APP_2_PRIVATE_KEY:-}"^[[0m
Python CI / lint-format	UNKNOWN STEP	2026-09-12T08:16:30.1136351Z ^[[36;1m^[[0m
Python CI / lint-format	UNKNOWN STEP	2026-09-12T08:16:30.1136598Z ^[[36;1m# Output summary^[[0m
Python CI / lint-format	UNKNOWN STEP	2026-09-12T08:16:30.1136973Z ^[[36;1mecho "token_count=${token_count}" >> "$GITHUB_OUTPUT"^[[0m
Python CI / lint-format	UNKNOWN STEP	2026-09-12T08:16:30.1137423Z ^[[36;1mecho "available_tokens=${available_tokens}" >> "$GITHUB_OUTPUT"^[[0m
Python CI / lint-format	UNKNOWN STEP	2026-09-12T08:16:30.1137832Z ^[[36;1m^[[0m
Python CI / lint-format	UNKNOWN STEP	2026-09-12T08:16:30.1138107Z ^[[36;1minstall_dir="${INPUT_INSTALL_DIR:-}"^[[0m
Python CI / lint-format	UNKNOWN STEP	2026-09-12T08:16:30.1138452Z ^[[36;1mif [ -z "$install_dir" ]; then^[[0m
Python CI / lint-format	UNKNOWN STEP	2026-09-12T08:16:30.1138821Z ^[[36;1m  install_dir="${GITHUB_WORKSPACE}/.github/scripts"^[[0m
Python CI / lint-format	UNKNOWN STEP	2026-09-12T08:16:30.1139176Z ^[[36;1mfi^[[0m
Python CI / lint-format	UNKNOWN STEP	2026-09-12T08:16:30.1139432Z ^[[36;1msetup_contract="$(^[[0m
Python CI / lint-format	UNKNOWN STEP	2026-09-12T08:16:30.1139753Z ^[[36;1m  AVAILABLE_TOKENS="${available_tokens}" \^[[0m
Python CI / lint-format	UNKNOWN STEP	2026-09-12T08:16:30.1140099Z ^[[36;1m  TOKEN_COUNT="${token_count}" \^[[0m
Python CI / lint-format	UNKNOWN STEP	2026-09-12T08:16:30.1140422Z ^[[36;1m  INSTALL_DIR="${install_dir}" \^[[0m
Python CI / lint-format	UNKNOWN STEP	2026-09-12T08:16:30.1140832Z ^[[36;1m  node <<'NODE'^[[0m
Python CI / lint-format	UNKNOWN STEP	2026-09-12T08:16:30.1141120Z ^[[36;1mconst fs = require('node:fs');^[[0m
Python CI / lint-format	UNKNOWN STEP	2026-09-12T08:16:30.1141444Z ^[[36;1mconst path = require('node:path');^[[0m
Python CI / lint-format	UNKNOWN STEP	2026-09-12T08:16:30.1141747Z ^[[36;1m^[[0m
Python CI / lint-format	UNKNOWN STEP	2026-09-12T08:16:30.1142049Z ^[[36;1mconst installDir = process.env.INSTALL_DIR || '';^[[0m
Python CI / lint-format	UNKNOWN STEP	2026-09-12T08:16:30.1142482Z ^[[36;1mconst tokenNames = (process.env.AVAILABLE_TOKENS || '')^[[0m
Python CI / lint-format	UNKNOWN STEP	2026-09-12T08:16:30.1142846Z ^[[36;1m  .split(',')^[[0m
Python CI / lint-format	UNKNOWN STEP	2026-09-12T08:16:30.1143287Z ^[[36;1m  .map((value) => value.trim())^[[0m
Python CI / lint-format	UNKNOWN STEP	2026-09-12T08:16:30.1143621Z ^[[36;1m  .filter(Boolean);^[[0m
Python CI / lint-format	UNKNOWN STEP	2026-09-12T08:16:30.1143928Z ^[[36;1mconst tokenSet = new Set(tokenNames);^[[0m
Python CI / lint-format	UNKNOWN STEP	2026-09-12T08:16:30.1144265Z ^[[36;1mconst appPairs = [^[[0m
Python CI / lint-format	UNKNOWN STEP	2026-09-12T08:16:30.1144636Z ^[[36;1m  ['WORKFLOWS_APP', 'WORKFLOWS_APP_ID', 'WORKFLOWS_APP_PRIVATE_KEY'],^[[0m
Python CI / lint-format	UNKNOWN STEP	2026-09-12T08:16:30.1145130Z ^[[36;1m  ['KEEPALIVE_APP', 'KEEPALIVE_APP_ID', 'KEEPALIVE_APP_PRIVATE_KEY'],^[[0m
Python CI / lint-format	UNKNOWN STEP	2026-09-12T08:16:30.1145567Z ^[[36;1m  ['GH_APP', 'GH_APP_ID', 'GH_APP_PRIVATE_KEY'],^[[0m
Python CI / lint-format	UNKNOWN STEP	2026-09-12T08:16:30.1146007Z ^[[36;1m  ['APP_1', 'APP_1_ID', 'APP_1_PRIVATE_KEY'],^[[0m
Python CI / lint-format	UNKNOWN STEP	2026-09-12T08:16:30.1146373Z ^[[36;1m  ['APP_2', 'APP_2_ID', 'APP_2_PRIVATE_KEY'],^[[0m
Python CI / lint-format	UNKNOWN STEP	2026-09-12T08:16:30.1146685Z ^[[36;1m];^[[0m
Python CI / lint-format	UNKNOWN STEP	2026-09-12T08:16:30.1146941Z ^[[36;1mconst authModes = [];^[[0m
Python CI / lint-format	UNKNOWN STEP	2026-09-12T08:16:30.1147253Z ^[[36;1mif (tokenSet.has('GITHUB_TOKEN')) {^[[0m
Python CI / lint-format	UNKNOWN STEP	2026-09-12T08:16:30.1147653Z ^[[36;1m  authModes.push({ source: 'GITHUB_TOKEN', mode: 'github-token' });^[[0m
Python CI / lint-format	UNKNOWN STEP	2026-09-12T08:16:30.1148028Z ^[[36;1m}^[[0m
Python CI / lint-format	UNKNOWN STEP	2026-09-12T08:16:30.1148291Z ^[[36;1mfor (const name of tokenNames) {^[[0m
Python CI / lint-format	UNKNOWN STEP	2026-09-12T08:16:30.1148616Z ^[[36;1m  if (name.endsWith('_PAT')) {^[[0m
Python CI / lint-format	UNKNOWN STEP	2026-09-12T08:16:30.1148965Z ^[[36;1m    authModes.push({ source: name, mode: 'pat' });^[[0m
Python CI / lint-format	UNKNOWN STEP	2026-09-12T08:16:30.1149315Z ^[[36;1m  }^[[0m
Python CI / lint-format	UNKNOWN STEP	2026-09-12T08:16:30.1149571Z ^[[36;1m}^[[0m
Python CI / lint-format	UNKNOWN STEP	2026-09-12T08:16:30.1149870Z ^[[36;1mfor (const [source, idName, keyName] of appPairs) {^[[0m
Python CI / lint-format	UNKNOWN STEP	2026-09-12T08:16:30.1150290Z ^[[36;1m  if (tokenSet.has(idName) && tokenSet.has(keyName)) {^[[0m
Python CI / lint-format	UNKNOWN STEP	2026-09-12T08:16:30.1150761Z ^[[36;1m    authModes.push({^[[0m
Python CI / lint-format	UNKNOWN STEP	2026-09-12T08:16:30.1151083Z ^[[36;1m      source,^[[0m
Python CI / lint-format	UNKNOWN STEP	2026-09-12T08:16:30.1151394Z ^[[36;1m      mode: 'github-app',^[[0m
Python CI / lint-format	UNKNOWN STEP	2026-09-12T08:16:30.1151738Z ^[[36;1m      credential_names: [idName, keyName],^[[0m
Python CI / lint-format	UNKNOWN STEP	2026-09-12T08:16:30.1152081Z ^[[36;1m    });^[[0m
Python CI / lint-format	UNKNOWN STEP	2026-09-12T08:16:30.1152359Z ^[[36;1m  }^[[0m
Python CI / lint-format	UNKNOWN STEP	2026-09-12T08:16:30.1152605Z ^[[36;1m}^[[0m
Python CI / lint-format	UNKNOWN STEP	2026-09-12T08:16:30.1152842Z ^[[36;1m^[[0m
Python CI / lint-format	UNKNOWN STEP	2026-09-12T08:16:30.1153173Z ^[[36;1mconst moduleDir = path.join(installDir, 'node_modules');^[[0m
Python CI / lint-format	UNKNOWN STEP	2026-09-12T08:16:30.1153693Z ^[[36;1mconst hasModule = (name) => fs.existsSync(path.join(moduleDir, ...name.split('/')));^[[0m
Python CI / lint-format	UNKNOWN STEP	2026-09-12T08:16:30.1154149Z ^[[36;1mconst contract = {^[[0m
Python CI / lint-format	UNKNOWN STEP	2026-09-12T08:16:30.1154492Z ^[[36;1m  schema: 'workflows-api-client-setup/v1',^[[0m
Python CI / lint-format	UNKNOWN STEP	2026-09-12T08:16:30.1154955Z ^[[36;1m  token_count: Number.parseInt(process.env.TOKEN_COUNT || '0', 10) || 0,^[[0m
Python CI / lint-format	UNKNOWN STEP	2026-09-12T08:16:30.1155398Z ^[[36;1m  available_token_names: tokenNames,^[[0m
Python CI / lint-format	UNKNOWN STEP	2026-09-12T08:16:30.1155739Z ^[[36;1m  auth_modes: authModes,^[[0m
Python CI / lint-format	UNKNOWN STEP	2026-09-12T08:16:30.1156050Z ^[[36;1m  dependency_state: {^[[0m
Python CI / lint-format	UNKNOWN STEP	2026-09-12T08:16:30.1156380Z ^[[36;1m    node_path_ready: fs.existsSync(moduleDir),^[[0m
Python CI / lint-format	UNKNOWN STEP	2026-09-12T08:16:30.1156778Z ^[[36;1m    octokit_rest_ready: hasModule('@octokit/rest'),^[[0m
Python CI / lint-format	UNKNOWN STEP	2026-09-12T08:16:30.1157257Z ^[[36;1m    octokit_auth_app_ready: hasModule('@octokit/auth-app'),^[[0m
Python CI / lint-format	UNKNOWN STEP	2026-09-12T08:16:30.1157674Z ^[[36;1m    lru_cache_ready: hasModule('lru-cache'),^[[0m
Python CI / lint-format	UNKNOWN STEP	2026-09-12T08:16:30.1158027Z ^[[36;1m  },^[[0m
Python CI / lint-format	UNKNOWN STEP	2026-09-12T08:16:30.1158270Z ^[[36;1m};^[[0m
Python CI / lint-format	UNKNOWN STEP	2026-09-12T08:16:30.1158567Z ^[[36;1mprocess.stdout.write(JSON.stringify(contract));^[[0m
Python CI / lint-format	UNKNOWN STEP	2026-09-12T08:16:30.1158911Z ^[[36;1mNODE^[[0m
Python CI / lint-format	UNKNOWN STEP	2026-09-12T08:16:30.1159146Z ^[[36;1m)"^[[0m
Python CI / lint-format	UNKNOWN STEP	2026-09-12T08:16:30.1159509Z ^[[36;1mprintf 'setup_contract=%s\n' "$setup_contract" >> "$GITHUB_OUTPUT"^[[0m
Python CI / lint-format	UNKNOWN STEP	2026-09-12T08:16:30.1159899Z ^[[36;1m^[[0m
Python CI / lint-format	UNKNOWN STEP	2026-09-12T08:16:30.1160127Z ^[[36;1mecho ""^[[0m
Python CI / lint-format	UNKNOWN STEP	2026-09-12T08:16:30.1160407Z ^[[36;1mecho "📊 Token Setup Summary:"^[[0m
Python CI / lint-format	UNKNOWN STEP	2026-09-12T08:16:30.1160850Z ^[[36;1mecho "  Total tokens exported: ${token_count}"^[[0m
Python CI / lint-format	UNKNOWN STEP	2026-09-12T08:16:30.1161298Z ^[[36;1mecho "  Setup contract schema: workflows-api-client-setup/v1"^[[0m
Python CI / lint-format	UNKNOWN STEP	2026-09-12T08:16:30.1161732Z ^[[36;1mif [ "${INPUT_VERBOSE}" = "true" ]; then^[[0m
Python CI / lint-format	UNKNOWN STEP	2026-09-12T08:16:30.1162113Z ^[[36;1m  echo "  Available: ${available_tokens}"^[[0m
Python CI / lint-format	UNKNOWN STEP	2026-09-12T08:16:30.1162491Z ^[[36;1m  echo "  Setup contract: ${setup_contract}"^[[0m
Python CI / lint-format	UNKNOWN STEP	2026-09-12T08:16:30.1162827Z ^[[36;1mfi^[[0m
Python CI / lint-format	UNKNOWN STEP	2026-09-12T08:16:30.1163072Z ^[[36;1m^[[0m
Python CI / lint-format	UNKNOWN STEP	2026-09-12T08:16:30.1163432Z ^[[36;1m# Warn if no tokens were exported^[[0m
Python CI / lint-format	UNKNOWN STEP	2026-09-12T08:16:30.1163792Z ^[[36;1mif [ "${token_count}" -eq 0 ]; then^[[0m
Python CI / lint-format	UNKNOWN STEP	2026-09-12T08:16:30.1164201Z ^[[36;1m  echo "::warning::No tokens were exported! API calls may fail."^[[0m
Python CI / lint-format	UNKNOWN STEP	2026-09-12T08:16:30.1164667Z ^[[36;1m  echo "::warning::Ensure secrets are passed to this action."^[[0m
Python CI / lint-format	UNKNOWN STEP	2026-09-12T08:16:30.1165050Z ^[[36;1mfi^[[0m
Python CI / lint-format	UNKNOWN STEP	2026-09-12T08:16:30.1183482Z shell: /usr/bin/bash --noprofile --norc -e -o pipefail {0}
Python CI / lint-format	UNKNOWN STEP	2026-09-12T08:16:30.1183992Z env:
Python CI / lint-format	UNKNOWN STEP	2026-09-12T08:16:30.1184248Z   WORKDIR: .
Python CI / lint-format	UNKNOWN STEP	2026-09-12T08:16:30.1184540Z   WORKSPACE_ROOT: /home/runner/work/Ready/Ready
Python CI / lint-format	UNKNOWN STEP	2026-09-12T08:16:30.1184898Z   PROJECT_ROOT: /home/runner/work/Ready/Ready
Python CI / lint-format	UNKNOWN STEP	2026-09-12T08:16:30.1185327Z   NODE_PATH: /home/runner/work/Ready/Ready/.github/scripts/node_modules
Python CI / lint-format	UNKNOWN STEP	2026-09-12T08:16:30.1185720Z   INPUT_SECRETS: 
Python CI / lint-format	UNKNOWN STEP	2026-09-12T08:16:30.1188027Z   INPUT_GITHUB_TOKEN: ***
Python CI / lint-format	UNKNOWN STEP	2026-09-12T08:16:30.1188313Z   INPUT_SERVICE_BOT_PAT: 
Python CI / lint-format	UNKNOWN STEP	2026-09-12T08:16:30.1188605Z   INPUT_ACTIONS_BOT_PAT: 
Python CI / lint-format	UNKNOWN STEP	2026-09-12T08:16:30.1188886Z   INPUT_OWNER_PR_PAT: 
Python CI / lint-format	UNKNOWN STEP	2026-09-12T08:16:30.1189171Z   INPUT_AGENTS_AUTOMATION_PAT: 
Python CI / lint-format	UNKNOWN STEP	2026-09-12T08:16:30.1189488Z   INPUT_WORKFLOWS_APP_ID: ***
Python CI / lint-format	UNKNOWN STEP	2026-09-12T08:16:30.1195181Z   INPUT_WORKFLOWS_APP_PRIVATE_KEY: ***
Python CI / lint-format	UNKNOWN STEP	2026-09-12T08:16:30.1195515Z   INPUT_KEEPALIVE_APP_ID: 
Python CI / lint-format	UNKNOWN STEP	2026-09-12T08:16:30.1195805Z   INPUT_KEEPALIVE_APP_PRIVATE_KEY: 
Python CI / lint-format	UNKNOWN STEP	2026-09-12T08:16:30.1196110Z   INPUT_GH_APP_ID: 
Python CI / lint-format	UNKNOWN STEP	2026-09-12T08:16:30.1196376Z   INPUT_GH_APP_PRIVATE_KEY: 
Python CI / lint-format	UNKNOWN STEP	2026-09-12T08:16:30.1196660Z   INPUT_APP_1_ID: 
Python CI / lint-format	UNKNOWN STEP	2026-09-12T08:16:30.1196937Z   INPUT_APP_1_PRIVATE_KEY: 
Python CI / lint-format	UNKNOWN STEP	2026-09-12T08:16:30.1197208Z   INPUT_APP_2_ID: 
Python CI / lint-format	UNKNOWN STEP	2026-09-12T08:16:30.1197466Z   INPUT_APP_2_PRIVATE_KEY: 
Python CI / lint-format	UNKNOWN STEP	2026-09-12T08:16:30.1197743Z   INPUT_INSTALL_DIR: 
Python CI / lint-format	UNKNOWN STEP	2026-09-12T08:16:30.1197999Z   INPUT_VERBOSE: false
Python CI / lint-format	UNKNOWN STEP	2026-09-12T08:16:30.1198251Z ##[endgroup]
Python CI / lint-format	UNKNOWN STEP	2026-09-12T08:16:30.1235313Z 🔐 Exporting tokens to environment...
Python CI / lint-format	UNKNOWN STEP	2026-09-12T08:16:30.1545237Z 
Python CI / lint-format	UNKNOWN STEP	2026-09-12T08:16:30.1545832Z 📊 Token Setup Summary:
Python CI / lint-format	UNKNOWN STEP	2026-09-12T08:16:30.1546338Z   Total tokens exported: 3
Python CI / lint-format	UNKNOWN STEP	2026-09-12T08:16:30.1547099Z   Setup contract schema: workflows-api-client-setup/v1
Python CI / lint-format	UNKNOWN STEP	2026-09-12T08:16:30.1567994Z ##[end-action id=__self.export-tokens;outcome=success;conclusion=success;duration_ms=62]
Python CI / lint-format	UNKNOWN STEP	2026-09-12T08:16:30.1672011Z ##[group]Run actions/checkout@v7
Python CI / lint-format	UNKNOWN STEP	2026-09-12T08:16:30.1672381Z with:
Python CI / lint-format	UNKNOWN STEP	2026-09-12T08:16:30.1672640Z   submodules: false
Python CI / lint-format	UNKNOWN STEP	2026-09-12T08:16:30.1672919Z   fetch-depth: 1
Python CI / lint-format	UNKNOWN STEP	2026-09-12T08:16:30.1673216Z   repository: stranske/Ready
Python CI / lint-format	UNKNOWN STEP	2026-09-12T08:16:30.1675340Z   token: ***
Python CI / lint-format	UNKNOWN STEP	2026-09-12T08:16:30.1675634Z   ssh-strict: true
Python CI / lint-format	UNKNOWN STEP	2026-09-12T08:16:30.1675905Z   ssh-user: git
Python CI / lint-format	UNKNOWN STEP	2026-09-12T08:16:30.1676178Z   persist-credentials: true
Python CI / lint-format	UNKNOWN STEP	2026-09-12T08:16:30.1676481Z   clean: true
Python CI / lint-format	UNKNOWN STEP	2026-09-12T08:16:30.1676760Z   sparse-checkout-cone-mode: true
Python CI / lint-format	UNKNOWN STEP	2026-09-12T08:16:30.1677065Z   fetch-tags: false
Python CI / lint-format	UNKNOWN STEP	2026-09-12T08:16:30.1677340Z   show-progress: true
Python CI / lint-format	UNKNOWN STEP	2026-09-12T08:16:30.1677606Z   lfs: false
Python CI / lint-format	UNKNOWN STEP	2026-09-12T08:16:30.1677862Z   set-safe-directory: true
Python CI / lint-format	UNKNOWN STEP	2026-09-12T08:16:30.1678170Z   allow-unsafe-pr-checkout: false
Python CI / lint-format	UNKNOWN STEP	2026-09-12T08:16:30.1678469Z env:
Python CI / lint-format	UNKNOWN STEP	2026-09-12T08:16:30.1678729Z   WORKDIR: .
Python CI / lint-format	UNKNOWN STEP	2026-09-12T08:16:30.1679013Z   WORKSPACE_ROOT: /home/runner/work/Ready/Ready
Python CI / lint-format	UNKNOWN STEP	2026-09-12T08:16:30.1679409Z   PROJECT_ROOT: /home/runner/work/Ready/Ready
Python CI / lint-format	UNKNOWN STEP	2026-09-12T08:16:30.1679835Z   NODE_PATH: /home/runner/work/Ready/Ready/.github/scripts/node_modules
Python CI / lint-format	UNKNOWN STEP	2026-09-12T08:16:30.1682182Z   GITHUB_TOKEN: ***
Python CI / lint-format	UNKNOWN STEP	2026-09-12T08:16:30.1684242Z   GH_TOKEN: ***
Python CI / lint-format	UNKNOWN STEP	2026-09-12T08:16:30.1684520Z   WORKFLOWS_APP_ID: ***
Python CI / lint-format	UNKNOWN STEP	2026-09-12T08:16:30.1690292Z   WORKFLOWS_APP_PRIVATE_KEY: ***
Python CI / lint-format	UNKNOWN STEP	2026-09-12T08:16:30.1690719Z ##[endgroup]
Python CI / lint-format	UNKNOWN STEP	2026-09-12T08:16:30.2396479Z Syncing repository: stranske/Ready
Python CI / lint-format	UNKNOWN STEP	2026-09-12T08:16:30.2397285Z ##[group]Getting Git version info
Python CI / lint-format	UNKNOWN STEP	2026-09-12T08:16:30.2397775Z Working directory is '/home/runner/work/Ready/Ready'
Python CI / lint-format	UNKNOWN STEP	2026-09-12T08:16:30.2419659Z [command]/usr/bin/git version
Python CI / lint-format	UNKNOWN STEP	2026-09-12T08:16:30.2456396Z git version 2.55.0
Python CI / lint-format	UNKNOWN STEP	2026-09-12T08:16:30.2471693Z ##[endgroup]
Python CI / lint-format	UNKNOWN STEP	2026-09-12T08:16:30.2479327Z Temporarily overriding HOME='/home/runner/work/_temp/bab6a4ad-95e3-49a8-9aab-b08e3a3b2715' before making global git config changes
Python CI / lint-format	UNKNOWN STEP	2026-09-12T08:16:30.2480061Z Adding repository directory to the temporary git global config as a safe directory
Python CI / lint-format	UNKNOWN STEP	2026-09-12T08:16:30.2484411Z [command]/usr/bin/git config --global --add safe.directory /home/runner/work/Ready/Ready
Python CI / lint-format	UNKNOWN STEP	2026-09-12T08:16:30.2508203Z Deleting the contents of '/home/runner/work/Ready/Ready'
Python CI / lint-format	UNKNOWN STEP	2026-09-12T08:16:30.2774227Z ##[group]Determining repository object format
Python CI / lint-format	UNKNOWN STEP	2026-09-12T08:16:30.2775126Z ##[endgroup]
Python CI / lint-format	UNKNOWN STEP	2026-09-12T08:16:30.2779580Z ##[group]Initializing the repository
Python CI / lint-format	UNKNOWN STEP	2026-09-12T08:16:30.2780196Z [command]/usr/bin/git init /home/runner/work/Ready/Ready
Python CI / lint-format	UNKNOWN STEP	2026-09-12T08:16:30.2806632Z hint: Using 'master' as the name for the initial branch. This default branch name
Python CI / lint-format	UNKNOWN STEP	2026-09-12T08:16:30.2807534Z hint: will change to "main" in Git 3.0. To configure the initial branch name
Python CI / lint-format	UNKNOWN STEP	2026-09-12T08:16:30.2808593Z hint: to use in all of your new repositories, which will suppress this warning,
Python CI / lint-format	UNKNOWN STEP	2026-09-12T08:16:30.2809248Z hint: call:
Python CI / lint-format	UNKNOWN STEP	2026-09-12T08:16:30.2809765Z hint:
Python CI / lint-format	UNKNOWN STEP	2026-09-12T08:16:30.2810317Z hint: 	git config --global init.defaultBranch <name>
Python CI / lint-format	UNKNOWN STEP	2026-09-12T08:16:30.2814261Z hint:
Python CI / lint-format	UNKNOWN STEP	2026-09-12T08:16:30.2814804Z hint: Names commonly chosen instead of 'master' are 'main', 'trunk' and
Python CI / lint-format	UNKNOWN STEP	2026-09-12T08:16:30.2815605Z hint: 'development'. The just-created branch can be renamed via this command:
Python CI / lint-format	UNKNOWN STEP	2026-09-12T08:16:30.2816197Z hint:
Python CI / lint-format	UNKNOWN STEP	2026-09-12T08:16:30.2816575Z hint: 	git branch -m <name>
Python CI / lint-format	UNKNOWN STEP	2026-09-12T08:16:30.2816987Z hint:
Python CI / lint-format	UNKNOWN STEP	2026-09-12T08:16:30.2817538Z hint: Disable this message with "git config set advice.defaultBranchName false"
Python CI / lint-format	UNKNOWN STEP	2026-09-12T08:16:30.2818309Z Initialized empty Git repository in /home/runner/work/Ready/Ready/.git/
Python CI / lint-format	UNKNOWN STEP	2026-09-12T08:16:30.2819675Z [command]/usr/bin/git remote add origin https://github.com/stranske/Ready
Python CI / lint-format	UNKNOWN STEP	2026-09-12T08:16:30.2843017Z ##[endgroup]
Python CI / lint-format	UNKNOWN STEP	2026-09-12T08:16:30.2843505Z ##[group]Disabling automatic garbage collection
Python CI / lint-format	UNKNOWN STEP	2026-09-12T08:16:30.2845691Z [command]/usr/bin/git config --local gc.auto 0
Python CI / lint-format	UNKNOWN STEP	2026-09-12T08:16:30.2867334Z ##[endgroup]
Python CI / lint-format	UNKNOWN STEP	2026-09-12T08:16:30.2867968Z ##[group]Setting up auth
Python CI / lint-format	UNKNOWN STEP	2026-09-12T08:16:30.2868485Z Removing SSH command configuration
Python CI / lint-format	UNKNOWN STEP	2026-09-12T08:16:30.2872746Z [command]/usr/bin/git config --local --name-only --get-regexp core\.sshCommand
Python CI / lint-format	UNKNOWN STEP	2026-09-12T08:16:30.2896748Z [command]/usr/bin/git submodule foreach --recursive sh -c "git config --local --name-only --get-regexp 'core\.sshCommand' && git config --local --unset-all 'core.sshCommand' || :"
Python CI / lint-format	UNKNOWN STEP	2026-09-12T08:16:30.3049701Z Removing HTTP extra header
Python CI / lint-format	UNKNOWN STEP	2026-09-12T08:16:30.3054665Z [command]/usr/bin/git config --local --name-only --get-regexp http\.https\:\/\/github\.com\/\.extraheader
Python CI / lint-format	UNKNOWN STEP	2026-09-12T08:16:30.3077158Z [command]/usr/bin/git submodule foreach --recursive sh -c "git config --local --name-only --get-regexp 'http\.https\:\/\/github\.com\/\.extraheader' && git config --local --unset-all 'http.https://github.com/.extraheader' || :"
Python CI / lint-format	UNKNOWN STEP	2026-09-12T08:16:30.3235345Z Removing includeIf entries pointing to credentials config files
Python CI / lint-format	UNKNOWN STEP	2026-09-12T08:16:30.3240137Z [command]/usr/bin/git config --local --name-only --get-regexp ^includeIf\.gitdir:
Python CI / lint-format	UNKNOWN STEP	2026-09-12T08:16:30.3263545Z [command]/usr/bin/git submodule foreach --recursive git config --local --show-origin --name-only --get-regexp remote.origin.url
Python CI / lint-format	UNKNOWN STEP	2026-09-12T08:16:30.3418715Z [command]/usr/bin/git config --file /home/runner/work/_temp/git-credentials-892d042f-d2aa-4276-bea7-c5ae2da9e62d.config http.https://github.com/.extraheader AUTHORIZATION: basic ***
Python CI / lint-format	UNKNOWN STEP	2026-09-12T08:16:30.3446118Z [command]/usr/bin/git config --local includeIf.gitdir:/home/runner/work/Ready/Ready/.git.path /home/runner/work/_temp/git-credentials-892d042f-d2aa-4276-bea7-c5ae2da9e62d.config
Python CI / lint-format	UNKNOWN STEP	2026-09-12T08:16:30.3468732Z [command]/usr/bin/git config --local includeIf.gitdir:/home/runner/work/Ready/Ready/.git/worktrees/*.path /home/runner/work/_temp/git-credentials-892d042f-d2aa-4276-bea7-c5ae2da9e62d.config
Python CI / lint-format	UNKNOWN STEP	2026-09-12T08:16:30.3491748Z [command]/usr/bin/git config --local includeIf.gitdir:/github/workspace/.git.path /github/runner_temp/git-credentials-892d042f-d2aa-4276-bea7-c5ae2da9e62d.config
Python CI / lint-format	UNKNOWN STEP	2026-09-12T08:16:30.3513308Z [command]/usr/bin/git config --local includeIf.gitdir:/github/workspace/.git/worktrees/*.path /github/runner_temp/git-credentials-892d042f-d2aa-4276-bea7-c5ae2da9e62d.config
Python CI / lint-format	UNKNOWN STEP	2026-09-12T08:16:30.3532223Z ##[endgroup]
Python CI / lint-format	UNKNOWN STEP	2026-09-12T08:16:30.3532694Z ##[group]Fetching the repository
Python CI / lint-format	UNKNOWN STEP	2026-09-12T08:16:30.3537441Z [command]/usr/bin/git -c protocol.version=2 fetch --no-tags --prune --no-recurse-submodules --depth=1 origin +584c3aee8f216efd9404307bbe1301198285f9e7:refs/remotes/origin/main
Python CI / lint-format	UNKNOWN STEP	2026-09-12T08:16:31.6358493Z From https://github.com/stranske/Ready
Python CI / lint-format	UNKNOWN STEP	2026-09-12T08:16:31.6359098Z  * [new ref]         584c3aee8f216efd9404307bbe1301198285f9e7 -> origin/main
Python CI / lint-format	UNKNOWN STEP	2026-09-12T08:16:31.6368294Z [command]/usr/bin/git branch --list --remote origin/main
Python CI / lint-format	UNKNOWN STEP	2026-09-12T08:16:31.6389641Z   origin/main
Python CI / lint-format	UNKNOWN STEP	2026-09-12T08:16:31.6395175Z [command]/usr/bin/git rev-parse refs/remotes/origin/main
Python CI / lint-format	UNKNOWN STEP	2026-09-12T08:16:31.6413567Z 584c3aee8f216efd9404307bbe1301198285f9e7
Python CI / lint-format	UNKNOWN STEP	2026-09-12T08:16:31.6415761Z ##[endgroup]
Python CI / lint-format	UNKNOWN STEP	2026-09-12T08:16:31.6416325Z ##[group]Determining the checkout info
Python CI / lint-format	UNKNOWN STEP	2026-09-12T08:16:31.6417140Z ##[endgroup]
Python CI / lint-format	UNKNOWN STEP	2026-09-12T08:16:31.6420301Z [command]/usr/bin/git sparse-checkout disable
Python CI / lint-format	UNKNOWN STEP	2026-09-12T08:16:31.6453955Z [command]/usr/bin/git config --local --unset-all extensions.worktreeConfig
Python CI / lint-format	UNKNOWN STEP	2026-09-12T08:16:31.6473956Z ##[group]Checking out the ref
Python CI / lint-format	UNKNOWN STEP	2026-09-12T08:16:31.6476982Z [command]/usr/bin/git checkout --progress --force -B main refs/remotes/origin/main
Python CI / lint-format	UNKNOWN STEP	2026-09-12T08:16:31.8411107Z Switched to a new branch 'main'
Python CI / lint-format	UNKNOWN STEP	2026-09-12T08:16:31.8411738Z branch 'main' set up to track 'origin/main'.
Python CI / lint-format	UNKNOWN STEP	2026-09-12T08:16:31.8426368Z ##[endgroup]
Python CI / lint-format	UNKNOWN STEP	2026-09-12T08:16:31.8460297Z [command]/usr/bin/git log -1 --format=%H
Python CI / lint-format	UNKNOWN STEP	2026-09-12T08:16:31.8480953Z 584c3aee8f216efd9404307bbe1301198285f9e7
Python CI / lint-format	UNKNOWN STEP	2026-09-12T08:16:31.8598866Z ##[group]Run actions/setup-python@v7
Python CI / lint-format	UNKNOWN STEP	2026-09-12T08:16:31.8599193Z with:
Python CI / lint-format	UNKNOWN STEP	2026-09-12T08:16:31.8599460Z   python-version: 3.12
Python CI / lint-format	UNKNOWN STEP	2026-09-12T08:16:31.8599731Z   check-latest: false
Python CI / lint-format	UNKNOWN STEP	2026-09-12T08:16:31.8602025Z   token: ***
Python CI / lint-format	UNKNOWN STEP	2026-09-12T08:16:31.8602294Z   update-environment: true
Python CI / lint-format	UNKNOWN STEP	2026-09-12T08:16:31.8602587Z   allow-prereleases: false
Python CI / lint-format	UNKNOWN STEP	2026-09-12T08:16:31.8602884Z   freethreaded: false
Python CI / lint-format	UNKNOWN STEP	2026-09-12T08:16:31.8603150Z env:
Python CI / lint-format	UNKNOWN STEP	2026-09-12T08:16:31.8603395Z   WORKDIR: .
Python CI / lint-format	UNKNOWN STEP	2026-09-12T08:16:31.8603681Z   WORKSPACE_ROOT: /home/runner/work/Ready/Ready
Python CI / lint-format	UNKNOWN STEP	2026-09-12T08:16:31.8604032Z   PROJECT_ROOT: /home/runner/work/Ready/Ready
Python CI / lint-format	UNKNOWN STEP	2026-09-12T08:16:31.8604438Z   NODE_PATH: /home/runner/work/Ready/Ready/.github/scripts/node_modules
Python CI / lint-format	UNKNOWN STEP	2026-09-12T08:16:31.8606541Z   GITHUB_TOKEN: ***
Python CI / lint-format	UNKNOWN STEP	2026-09-12T08:16:31.8608477Z   GH_TOKEN: ***
Python CI / lint-format	UNKNOWN STEP	2026-09-12T08:16:31.8608736Z   WORKFLOWS_APP_ID: ***
Python CI / lint-format	UNKNOWN STEP	2026-09-12T08:16:31.8614470Z   WORKFLOWS_APP_PRIVATE_KEY: ***
Python CI / lint-format	UNKNOWN STEP	2026-09-12T08:16:31.8614834Z ##[endgroup]
Python CI / lint-format	UNKNOWN STEP	2026-09-12T08:16:31.9569156Z ##[group]Installed versions
Python CI / lint-format	UNKNOWN STEP	2026-09-12T08:16:31.9637632Z Successfully set up CPython (3.12.14)
Python CI / lint-format	UNKNOWN STEP	2026-09-12T08:16:31.9638475Z ##[endgroup]
Python CI / lint-format	UNKNOWN STEP	2026-09-12T08:16:31.9738422Z ##[group]Run actions/setup-node@820762786026740c76f36085b0efc47a31fe5020
Python CI / lint-format	UNKNOWN STEP	2026-09-12T08:16:31.9738846Z with:
Python CI / lint-format	UNKNOWN STEP	2026-09-12T08:16:31.9739110Z   node-version: 24
Python CI / lint-format	UNKNOWN STEP	2026-09-12T08:16:31.9739392Z   check-latest: false
Python CI / lint-format	UNKNOWN STEP	2026-09-12T08:16:31.9741906Z   token: ***
Python CI / lint-format	UNKNOWN STEP	2026-09-12T08:16:31.9742195Z   package-manager-cache: true
Python CI / lint-format	UNKNOWN STEP	2026-09-12T08:16:31.9742496Z env:
Python CI / lint-format	UNKNOWN STEP	2026-09-12T08:16:31.9742745Z   WORKDIR: .
Python CI / lint-format	UNKNOWN STEP	2026-09-12T08:16:31.9743031Z   WORKSPACE_ROOT: /home/runner/work/Ready/Ready
Python CI / lint-format	UNKNOWN STEP	2026-09-12T08:16:31.9743408Z   PROJECT_ROOT: /home/runner/work/Ready/Ready
Python CI / lint-format	UNKNOWN STEP	2026-09-12T08:16:31.9743834Z   NODE_PATH: /home/runner/work/Ready/Ready/.github/scripts/node_modules
Python CI / lint-format	UNKNOWN STEP	2026-09-12T08:16:31.9746106Z   GITHUB_TOKEN: ***
Python CI / lint-format	UNKNOWN STEP	2026-09-12T08:16:31.9748213Z   GH_TOKEN: ***
Python CI / lint-format	UNKNOWN STEP	2026-09-12T08:16:31.9748496Z   WORKFLOWS_APP_ID: ***
Python CI / lint-format	UNKNOWN STEP	2026-09-12T08:16:31.9754365Z   WORKFLOWS_APP_PRIVATE_KEY: ***
Python CI / lint-format	UNKNOWN STEP	2026-09-12T08:16:31.9754727Z   pythonLocation: /opt/hostedtoolcache/Python/3.12.14/x64
Python CI / lint-format	UNKNOWN STEP	2026-09-12T08:16:31.9755229Z   PKG_CONFIG_PATH: /opt/hostedtoolcache/Python/3.12.14/x64/lib/pkgconfig
Python CI / lint-format	UNKNOWN STEP	2026-09-12T08:16:31.9755708Z   Python_ROOT_DIR: /opt/hostedtoolcache/Python/3.12.14/x64
Python CI / lint-format	UNKNOWN STEP	2026-09-12T08:16:31.9756118Z   Python2_ROOT_DIR: /opt/hostedtoolcache/Python/3.12.14/x64
Python CI / lint-format	UNKNOWN STEP	2026-09-12T08:16:31.9756535Z   Python3_ROOT_DIR: /opt/hostedtoolcache/Python/3.12.14/x64
Python CI / lint-format	UNKNOWN STEP	2026-09-12T08:16:31.9756940Z   LD_LIBRARY_PATH: /opt/hostedtoolcache/Python/3.12.14/x64/lib
Python CI / lint-format	UNKNOWN STEP	2026-09-12T08:16:31.9757302Z ##[endgroup]
Python CI / lint-format	UNKNOWN STEP	2026-09-12T08:16:32.0785645Z Found in cache @ /opt/hostedtoolcache/node/24.20.0/x64
Python CI / lint-format	UNKNOWN STEP	2026-09-12T08:16:32.0788330Z ##[group]Environment details
Python CI / lint-format	UNKNOWN STEP	2026-09-12T08:16:32.4868522Z node: v24.20.0
Python CI / lint-format	UNKNOWN STEP	2026-09-12T08:16:32.4869102Z npm: 11.19.0
Python CI / lint-format	UNKNOWN STEP	2026-09-12T08:16:32.4869610Z yarn: 1.22.22
Python CI / lint-format	UNKNOWN STEP	2026-09-12T08:16:32.4871465Z ##[endgroup]
Python CI / lint-format	UNKNOWN STEP	2026-09-12T08:16:32.4959777Z ##[group]Run curl -LsSf https://astral.sh/uv/install.sh | sh
Python CI / lint-format	UNKNOWN STEP	2026-09-12T08:16:32.4960558Z ^[[36;1mcurl -LsSf https://astral.sh/uv/install.sh | sh^[[0m
Python CI / lint-format	UNKNOWN STEP	2026-09-12T08:16:32.4961304Z ^[[36;1mecho "$HOME/.local/bin" >> "$GITHUB_PATH"^[[0m
Python CI / lint-format	UNKNOWN STEP	2026-09-12T08:16:32.5014937Z shell: /usr/bin/bash --noprofile --norc -e -o pipefail {0}
Python CI / lint-format	UNKNOWN STEP	2026-09-12T08:16:32.5015336Z env:
Python CI / lint-format	UNKNOWN STEP	2026-09-12T08:16:32.5015595Z   WORKDIR: .
Python CI / lint-format	UNKNOWN STEP	2026-09-12T08:16:32.5015888Z   WORKSPACE_ROOT: /home/runner/work/Ready/Ready
Python CI / lint-format	UNKNOWN STEP	2026-09-12T08:16:32.5016244Z   PROJECT_ROOT: /home/runner/work/Ready/Ready
Python CI / lint-format	UNKNOWN STEP	2026-09-12T08:16:32.5016672Z   NODE_PATH: /home/runner/work/Ready/Ready/.github/scripts/node_modules
Python CI / lint-format	UNKNOWN STEP	2026-09-12T08:16:32.5018925Z   GITHUB_TOKEN: ***
Python CI / lint-format	UNKNOWN STEP	2026-09-12T08:16:32.5021117Z   GH_TOKEN: ***
Python CI / lint-format	UNKNOWN STEP	2026-09-12T08:16:32.5021417Z   WORKFLOWS_APP_ID: ***
Python CI / lint-format	UNKNOWN STEP	2026-09-12T08:16:32.5027001Z   WORKFLOWS_APP_PRIVATE_KEY: ***
Python CI / lint-format	UNKNOWN STEP	2026-09-12T08:16:32.5027377Z   pythonLocation: /opt/hostedtoolcache/Python/3.12.14/x64
Python CI / lint-format	UNKNOWN STEP	2026-09-12T08:16:32.5027876Z   PKG_CONFIG_PATH: /opt/hostedtoolcache/Python/3.12.14/x64/lib/pkgconfig
Python CI / lint-format	UNKNOWN STEP	2026-09-12T08:16:32.5028314Z   Python_ROOT_DIR: /opt/hostedtoolcache/Python/3.12.14/x64
Python CI / lint-format	UNKNOWN STEP	2026-09-12T08:16:32.5028720Z   Python2_ROOT_DIR: /opt/hostedtoolcache/Python/3.12.14/x64
Python CI / lint-format	UNKNOWN STEP	2026-09-12T08:16:32.5029127Z   Python3_ROOT_DIR: /opt/hostedtoolcache/Python/3.12.14/x64
Python CI / lint-format	UNKNOWN STEP	2026-09-12T08:16:32.5029527Z   LD_LIBRARY_PATH: /opt/hostedtoolcache/Python/3.12.14/x64/lib
Python CI / lint-format	UNKNOWN STEP	2026-09-12T08:16:32.5029894Z ##[endgroup]
Python CI / lint-format	UNKNOWN STEP	2026-09-12T08:16:32.6392760Z downloading uv 0.12.13 x86_64-unknown-linux-gnu
Python CI / lint-format	UNKNOWN STEP	2026-09-12T08:16:33.1482918Z installing to /home/runner/.local/bin
Python CI / lint-format	UNKNOWN STEP	2026-09-12T08:16:33.1526532Z   uv
Python CI / lint-format	UNKNOWN STEP	2026-09-12T08:16:33.1539808Z   uvx
Python CI / lint-format	UNKNOWN STEP	2026-09-12T08:16:33.1566081Z everything's installed!
Python CI / lint-format	UNKNOWN STEP	2026-09-12T08:16:33.2563140Z ##[group]Run actions/cache@55cc8345863c7cc4c66a329aec7e433d2d1c52a9
Python CI / lint-format	UNKNOWN STEP	2026-09-12T08:16:33.2563548Z with:
Python CI / lint-format	UNKNOWN STEP	2026-09-12T08:16:33.2563832Z   path: ~/.cache/uv
Python CI / lint-format	UNKNOWN STEP	
Python CI / lint-format	UNKNOWN STEP	2026-09-12T08:16:33.2564506Z   key: uv-Linux-3.12-207e3610e8779eaffffdd3bda9afb628da5cec7b985adab394c688a08278d797-fe3bb89833759f0fed833213997e1272e8ff2363d4e938309a1ce8b5961ab82c
Python CI / lint-format	UNKNOWN STEP	2026-09-12T08:16:33.2565201Z   restore-keys: uv-Linux-
Python CI / lint-format	UNKNOWN STEP	
Python CI / lint-format	UNKNOWN STEP	2026-09-12T08:16:33.2565507Z   enableCrossOsArchive: false
Python CI / lint-format	UNKNOWN STEP	2026-09-12T08:16:33.2565801Z   fail-on-cache-miss: false
Python CI / lint-format	UNKNOWN STEP	2026-09-12T08:16:33.2566079Z   lookup-only: false
Python CI / lint-format	UNKNOWN STEP	2026-09-12T08:16:33.2566348Z   save-always: false
Python CI / lint-format	UNKNOWN STEP	2026-09-12T08:16:33.2566600Z env:
Python CI / lint-format	UNKNOWN STEP	2026-09-12T08:16:33.2566836Z   WORKDIR: .
Python CI / lint-format	UNKNOWN STEP	2026-09-12T08:16:33.2567123Z   WORKSPACE_ROOT: /home/runner/work/Ready/Ready
Python CI / lint-format	UNKNOWN STEP	2026-09-12T08:16:33.2567483Z   PROJECT_ROOT: /home/runner/work/Ready/Ready
Python CI / lint-format	UNKNOWN STEP	2026-09-12T08:16:33.2567905Z   NODE_PATH: /home/runner/work/Ready/Ready/.github/scripts/node_modules
Python CI / lint-format	UNKNOWN STEP	2026-09-12T08:16:33.2570148Z   GITHUB_TOKEN: ***
Python CI / lint-format	UNKNOWN STEP	2026-09-12T08:16:33.2572501Z   GH_TOKEN: ***
Python CI / lint-format	UNKNOWN STEP	2026-09-12T08:16:33.2572786Z   WORKFLOWS_APP_ID: ***
Python CI / lint-format	UNKNOWN STEP	2026-09-12T08:16:33.2578668Z   WORKFLOWS_APP_PRIVATE_KEY: ***
Python CI / lint-format	UNKNOWN STEP	2026-09-12T08:16:33.2579043Z   pythonLocation: /opt/hostedtoolcache/Python/3.12.14/x64
Python CI / lint-format	UNKNOWN STEP	2026-09-12T08:16:33.2579528Z   PKG_CONFIG_PATH: /opt/hostedtoolcache/Python/3.12.14/x64/lib/pkgconfig
Python CI / lint-format	UNKNOWN STEP	2026-09-12T08:16:33.2579993Z   Python_ROOT_DIR: /opt/hostedtoolcache/Python/3.12.14/x64
Python CI / lint-format	UNKNOWN STEP	2026-09-12T08:16:33.2580415Z   Python2_ROOT_DIR: /opt/hostedtoolcache/Python/3.12.14/x64
Python CI / lint-format	UNKNOWN STEP	2026-09-12T08:16:33.2581243Z   Python3_ROOT_DIR: /opt/hostedtoolcache/Python/3.12.14/x64
Python CI / lint-format	UNKNOWN STEP	2026-09-12T08:16:33.2581690Z   LD_LIBRARY_PATH: /opt/hostedtoolcache/Python/3.12.14/x64/lib
Python CI / lint-format	UNKNOWN STEP	2026-09-12T08:16:33.2582073Z ##[endgroup]
Python CI / lint-format	UNKNOWN STEP	2026-09-12T08:16:33.4848220Z Cache hit for: uv-Linux-3.12-207e3610e8779eaffffdd3bda9afb628da5cec7b985adab394c688a08278d797-fe3bb89833759f0fed833213997e1272e8ff2363d4e938309a1ce8b5961ab82c
Python CI / lint-format	UNKNOWN STEP	2026-09-12T08:16:34.6242860Z Received 125829120 of 336157658 (37.4%), 119.9 MBs/sec
Python CI / lint-format	UNKNOWN STEP	2026-09-12T08:16:35.5563665Z Received 336157658 of 336157658 (100.0%), 165.6 MBs/sec
Python CI / lint-format	UNKNOWN STEP	2026-09-12T08:16:35.5564943Z Cache Size: ~321 MB (336157658 B)
Python CI / lint-format	UNKNOWN STEP	2026-09-12T08:16:35.5598771Z [command]/usr/bin/tar -xf /home/runner/work/_temp/328ab51c-b2c2-4583-b5d1-512152c1c1b7/cache.tzst -P -C /home/runner/work/Ready/Ready --use-compress-program unzstd
Python CI / lint-format	UNKNOWN STEP	2026-09-12T08:16:37.0613008Z Cache restored successfully
Python CI / lint-format	UNKNOWN STEP	2026-09-12T08:16:37.0789874Z Cache restored from key: uv-Linux-3.12-207e3610e8779eaffffdd3bda9afb628da5cec7b985adab394c688a08278d797-fe3bb89833759f0fed833213997e1272e8ff2363d4e938309a1ce8b5961ab82c
Python CI / lint-format	UNKNOWN STEP	2026-09-12T08:16:37.0888331Z ##[group]Run set -euo pipefail
Python CI / lint-format	UNKNOWN STEP	2026-09-12T08:16:37.0888824Z ^[[36;1mset -euo pipefail^[[0m
Python CI / lint-format	UNKNOWN STEP	2026-09-12T08:16:37.0889130Z ^[[36;1mstart_ts=$(date +%s)^[[0m
Python CI / lint-format	UNKNOWN STEP	2026-09-12T08:16:37.0889413Z ^[[36;1m^[[0m
Python CI / lint-format	UNKNOWN STEP	2026-09-12T08:16:37.0889664Z ^[[36;1mto_bool() {^[[0m
Python CI / lint-format	UNKNOWN STEP	2026-09-12T08:16:37.0890016Z ^[[36;1m  case "$(printf '%s' "${1:-}" | tr '[:upper:]' '[:lower:]')" in^[[0m
Python CI / lint-format	UNKNOWN STEP	2026-09-12T08:16:37.0890427Z ^[[36;1m    1|true|yes|y|on) echo "true" ;;^[[0m
Python CI / lint-format	UNKNOWN STEP	2026-09-12T08:16:37.0891070Z ^[[36;1m    *) echo "false" ;;^[[0m
Python CI / lint-format	UNKNOWN STEP	2026-09-12T08:16:37.0891382Z ^[[36;1m  esac^[[0m
Python CI / lint-format	UNKNOWN STEP	2026-09-12T08:16:37.0891655Z ^[[36;1m}^[[0m
Python CI / lint-format	UNKNOWN STEP	2026-09-12T08:16:37.0891908Z ^[[36;1m^[[0m
Python CI / lint-format	UNKNOWN STEP	2026-09-12T08:16:37.0892183Z ^[[36;1mlint_enabled=$(to_bool "$INPUT_LINT")^[[0m
Python CI / lint-format	UNKNOWN STEP	2026-09-12T08:16:37.0892561Z ^[[36;1mformat_enabled=$(to_bool "$INPUT_FORMAT_CHECK")^[[0m
Python CI / lint-format	UNKNOWN STEP	2026-09-12T08:16:37.0892960Z ^[[36;1mtypecheck_enabled=$(to_bool "$INPUT_TYPECHECK")^[[0m
Python CI / lint-format	UNKNOWN STEP	2026-09-12T08:16:37.0893353Z ^[[36;1mrun_mypy_enabled=$(to_bool "$INPUT_RUN_MYPY")^[[0m
Python CI / lint-format	UNKNOWN STEP	2026-09-12T08:16:37.0893763Z ^[[36;1mcoverage_enabled=$(to_bool "$INPUT_COVERAGE")^[[0m
Python CI / lint-format	UNKNOWN STEP	2026-09-12T08:16:37.0894204Z ^[[36;1minstall_project_deps=$(to_bool "${INPUT_INSTALL_PROJECT_DEPS:-true}")^[[0m
Python CI / lint-format	UNKNOWN STEP	2026-09-12T08:16:37.0894620Z ^[[36;1mmypy_enabled="false"^[[0m
Python CI / lint-format	UNKNOWN STEP	2026-09-12T08:16:37.0895008Z ^[[36;1mif [ "$typecheck_enabled" = "true" ] && [ "$run_mypy_enabled" = "true" ]; then^[[0m
Python CI / lint-format	UNKNOWN STEP	2026-09-12T08:16:37.0895429Z ^[[36;1m  mypy_enabled="true"^[[0m
Python CI / lint-format	UNKNOWN STEP	2026-09-12T08:16:37.0895713Z ^[[36;1mfi^[[0m
Python CI / lint-format	UNKNOWN STEP	2026-09-12T08:16:37.0895961Z ^[[36;1m^[[0m
Python CI / lint-format	UNKNOWN STEP	2026-09-12T08:16:37.0896205Z ^[[36;1madd_tool() {^[[0m
Python CI / lint-format	UNKNOWN STEP	2026-09-12T08:16:37.0896483Z ^[[36;1m  specs+=("$1")^[[0m
Python CI / lint-format	UNKNOWN STEP	2026-09-12T08:16:37.0896769Z ^[[36;1m  tools_installed+=("$2")^[[0m
Python CI / lint-format	UNKNOWN STEP	2026-09-12T08:16:37.0897074Z ^[[36;1m}^[[0m
Python CI / lint-format	UNKNOWN STEP	2026-09-12T08:16:37.0897315Z ^[[36;1m^[[0m
Python CI / lint-format	UNKNOWN STEP	2026-09-12T08:16:37.0897560Z ^[[36;1mskip_tool() {^[[0m
Python CI / lint-format	UNKNOWN STEP	2026-09-12T08:16:37.0897849Z ^[[36;1m  tools_skipped+=("$1")^[[0m
Python CI / lint-format	UNKNOWN STEP	2026-09-12T08:16:37.0898141Z ^[[36;1m}^[[0m
Python CI / lint-format	UNKNOWN STEP	2026-09-12T08:16:37.0898384Z ^[[36;1m^[[0m
Python CI / lint-format	UNKNOWN STEP	2026-09-12T08:16:37.0898716Z ^[[36;1m# A pyproject.toml that only carries tool configuration (e.g.^[[0m
Python CI / lint-format	UNKNOWN STEP	2026-09-12T08:16:37.0899202Z ^[[36;1m# [tool.coverage]) is not an installable distribution. Treat the repo^[[0m
Python CI / lint-format	UNKNOWN STEP	2026-09-12T08:16:37.0899700Z ^[[36;1m# as a package only when it declares [project] (PEP 621),^[[0m
Python CI / lint-format	UNKNOWN STEP	2026-09-12T08:16:37.0900241Z ^[[36;1m# [build-system], or [tool.poetry]; otherwise `-e .[app,dev]` fails^[[0m
Python CI / lint-format	UNKNOWN STEP	2026-09-12T08:16:37.0901027Z ^[[36;1m# for a consumer that merely wants somewhere to keep tool config.^[[0m
Python CI / lint-format	UNKNOWN STEP	2026-09-12T08:16:37.0901502Z ^[[36;1mpyproject_declares_distribution() {^[[0m
Python CI / lint-format	UNKNOWN STEP	2026-09-12T08:16:37.0901910Z ^[[36;1m  [ -f pyproject.toml ] || return 1^[[0m
Python CI / lint-format	UNKNOWN STEP	2026-09-12T08:16:37.0902273Z ^[[36;1m  grep -Eq \^[[0m
Python CI / lint-format	UNKNOWN STEP	2026-09-12T08:16:37.0902716Z ^[[36;1m    '^[[:space:]]*\[[[:space:]]*(project|build-system|tool\.poetry)[[:space:]]*\]' \^[[0m
Python CI / lint-format	UNKNOWN STEP	2026-09-12T08:16:37.0903337Z ^[[36;1m    pyproject.toml^[[0m
Python CI / lint-format	UNKNOWN STEP	2026-09-12T08:16:37.0903628Z ^[[36;1m}^[[0m
Python CI / lint-format	UNKNOWN STEP	2026-09-12T08:16:37.0903887Z ^[[36;1m^[[0m
Python CI / lint-format	UNKNOWN STEP	2026-09-12T08:16:37.0904178Z ^[[36;1mif [ -n "${PRIVATE_PYPI_TOKEN:-}" ]; then^[[0m
Python CI / lint-format	UNKNOWN STEP	2026-09-12T08:16:37.0904681Z ^[[36;1m  export PIP_INDEX_URL="https://__token__:${PRIVATE_PYPI_TOKEN}@pypi.org/simple"^[[0m
Python CI / lint-format	UNKNOWN STEP	2026-09-12T08:16:37.0905106Z ^[[36;1mfi^[[0m
Python CI / lint-format	UNKNOWN STEP	2026-09-12T08:16:37.0905364Z ^[[36;1mspecs=()^[[0m
Python CI / lint-format	UNKNOWN STEP	2026-09-12T08:16:37.0905632Z ^[[36;1mtools_installed=()^[[0m
Python CI / lint-format	UNKNOWN STEP	2026-09-12T08:16:37.0905925Z ^[[36;1mtools_skipped=()^[[0m
Python CI / lint-format	UNKNOWN STEP	2026-09-12T08:16:37.0906194Z ^[[36;1m^[[0m
Python CI / lint-format	UNKNOWN STEP	2026-09-12T08:16:37.0906477Z ^[[36;1mif [ "$install_project_deps" = "true" ]; then^[[0m
Python CI / lint-format	UNKNOWN STEP	2026-09-12T08:16:37.0906835Z ^[[36;1m  if [ -f requirements.lock ]; then^[[0m
Python CI / lint-format	UNKNOWN STEP	2026-09-12T08:16:37.0907190Z ^[[36;1m    specs+=('-r' 'requirements.lock')^[[0m
Python CI / lint-format	UNKNOWN STEP	2026-09-12T08:16:37.0907638Z ^[[36;1m  fi^[[0m
Python CI / lint-format	UNKNOWN STEP	2026-09-12T08:16:37.0907881Z ^[[36;1m^[[0m
Python CI / lint-format	UNKNOWN STEP	2026-09-12T08:16:37.0908161Z ^[[36;1m  if pyproject_declares_distribution \^[[0m
Python CI / lint-format	UNKNOWN STEP	2026-09-12T08:16:37.0908524Z ^[[36;1m    || [ -f setup.cfg ] || [ -f setup.py ]; then^[[0m
Python CI / lint-format	UNKNOWN STEP	2026-09-12T08:16:37.0908888Z ^[[36;1m    specs+=('-e' '.[app,dev]')^[[0m
Python CI / lint-format	UNKNOWN STEP	2026-09-12T08:16:37.0909194Z ^[[36;1m  fi^[[0m
Python CI / lint-format	UNKNOWN STEP	2026-09-12T08:16:37.0909447Z ^[[36;1mfi^[[0m
Python CI / lint-format	UNKNOWN STEP	2026-09-12T08:16:37.0909785Z ^[[36;1m^[[0m
Python CI / lint-format	UNKNOWN STEP	2026-09-12T08:16:37.0910049Z ^[[36;1mblack_spec="black"^[[0m
Python CI / lint-format	UNKNOWN STEP	2026-09-12T08:16:37.0910349Z ^[[36;1mdocformatter_spec="docformatter"^[[0m
Python CI / lint-format	UNKNOWN STEP	2026-09-12T08:16:37.0910815Z ^[[36;1misort_spec="isort"^[[0m
Python CI / lint-format	UNKNOWN STEP	2026-09-12T08:16:37.0911249Z ^[[36;1mruff_spec="ruff"^[[0m
Python CI / lint-format	UNKNOWN STEP	2026-09-12T08:16:37.0911538Z ^[[36;1mmypy_spec="mypy"^[[0m
Python CI / lint-format	UNKNOWN STEP	2026-09-12T08:16:37.0911818Z ^[[36;1mpytest_spec=""^[[0m
Python CI / lint-format	UNKNOWN STEP	2026-09-12T08:16:37.0912108Z ^[[36;1mpytest_cov_spec=""^[[0m
Python CI / lint-format	UNKNOWN STEP	2026-09-12T08:16:37.0912392Z ^[[36;1mcoverage_spec=""^[[0m
Python CI / lint-format	UNKNOWN STEP	2026-09-12T08:16:37.0912693Z ^[[36;1mpytest_xdist_spec=""^[[0m
Python CI / lint-format	UNKNOWN STEP	2026-09-12T08:16:37.0913064Z ^[[36;1m# Do not install heavyweight "baseline" test deps implicitly.^[[0m
Python CI / lint-format	UNKNOWN STEP	2026-09-12T08:16:37.0913536Z ^[[36;1m# Repos should declare their own runtime/test dependencies.^[[0m
Python CI / lint-format	UNKNOWN STEP	2026-09-12T08:16:37.0913908Z ^[[36;1m^[[0m
Python CI / lint-format	UNKNOWN STEP	2026-09-12T08:16:37.0914161Z ^[[36;1mresolve_spec() {^[[0m
Python CI / lint-format	UNKNOWN STEP	2026-09-12T08:16:37.0914440Z ^[[36;1m  local package=$1^[[0m
Python CI / lint-format	UNKNOWN STEP	2026-09-12T08:16:37.0914725Z ^[[36;1m  local version=${2:-}^[[0m
Python CI / lint-format	UNKNOWN STEP	2026-09-12T08:16:37.0915039Z ^[[36;1m  local default_version=${3:-}^[[0m
Python CI / lint-format	UNKNOWN STEP	2026-09-12T08:16:37.0915353Z ^[[36;1m  if [ -n "$version" ]; then^[[0m
Python CI / lint-format	UNKNOWN STEP	2026-09-12T08:16:37.0915675Z ^[[36;1m    echo "${package}==${version}"^[[0m
Python CI / lint-format	UNKNOWN STEP	2026-09-12T08:16:37.0916015Z ^[[36;1m  elif [ -n "$default_version" ]; then^[[0m
Python CI / lint-format	UNKNOWN STEP	2026-09-12T08:16:37.0916373Z ^[[36;1m    echo "${package}>=${default_version}"^[[0m
Python CI / lint-format	UNKNOWN STEP	2026-09-12T08:16:37.0916696Z ^[[36;1m  else^[[0m
Python CI / lint-format	UNKNOWN STEP	2026-09-12T08:16:37.0916960Z ^[[36;1m    echo "$package"^[[0m
Python CI / lint-format	UNKNOWN STEP	2026-09-12T08:16:37.0917236Z ^[[36;1m  fi^[[0m
Python CI / lint-format	UNKNOWN STEP	2026-09-12T08:16:37.0917486Z ^[[36;1m}^[[0m
Python CI / lint-format	UNKNOWN STEP	2026-09-12T08:16:37.0917722Z ^[[36;1m^[[0m
Python CI / lint-format	UNKNOWN STEP	2026-09-12T08:16:37.0918085Z ^[[36;1mautofix_env="${GITHUB_WORKSPACE}/.github/workflows/autofix-versions.env"^[[0m
Python CI / lint-format	UNKNOWN STEP	2026-09-12T08:16:37.0918513Z ^[[36;1mrequire_exact_pin() {^[[0m
Python CI / lint-format	UNKNOWN STEP	2026-09-12T08:16:37.0918815Z ^[[36;1m  local tool=$1^[[0m
Python CI / lint-format	UNKNOWN STEP	2026-09-12T08:16:37.0919085Z ^[[36;1m  local spec=${2:-}^[[0m
Python CI / lint-format	UNKNOWN STEP	2026-09-12T08:16:37.0919423Z ^[[36;1m  if [ -z "$spec" ] || [ "${spec#*==}" = "$spec" ]; then^[[0m
Python CI / lint-format	UNKNOWN STEP	2026-09-12T08:16:37.0919938Z ^[[36;1m    echo "Error: ${tool} must be pinned in ${autofix_env}; refusing to install unpinned tooling." >&2^[[0m
Python CI / lint-format	UNKNOWN STEP	2026-09-12T08:16:37.0920406Z ^[[36;1m    exit 1^[[0m
Python CI / lint-format	UNKNOWN STEP	2026-09-12T08:16:37.0920918Z ^[[36;1m  fi^[[0m
Python CI / lint-format	UNKNOWN STEP	2026-09-12T08:16:37.0921198Z ^[[36;1m}^[[0m
Python CI / lint-format	UNKNOWN STEP	2026-09-12T08:16:37.0921610Z ^[[36;1m# Always honor tool pins when present. Lock files typically only capture runtime deps.^[[0m
Python CI / lint-format	UNKNOWN STEP	2026-09-12T08:16:37.0922081Z ^[[36;1mif [ -f "$autofix_env" ]; then^[[0m
Python CI / lint-format	UNKNOWN STEP	2026-09-12T08:16:37.0922481Z ^[[36;1m  # shellcheck source=.github/workflows/autofix-versions.env^[[0m
Python CI / lint-format	UNKNOWN STEP	2026-09-12T08:16:37.0922881Z ^[[36;1m  source "$autofix_env"^[[0m
Python CI / lint-format	UNKNOWN STEP	2026-09-12T08:16:37.0923254Z ^[[36;1m  black_spec=$(resolve_spec "black" "${BLACK_VERSION:-}" "")^[[0m
Python CI / lint-format	UNKNOWN STEP	2026-09-12T08:16:37.0923759Z ^[[36;1m  docformatter_spec=$(resolve_spec "docformatter" "${DOCFORMATTER_VERSION:-}" "")^[[0m
Python CI / lint-format	UNKNOWN STEP	2026-09-12T08:16:37.0924248Z ^[[36;1m  isort_spec=$(resolve_spec "isort" "${ISORT_VERSION:-}" "")^[[0m
Python CI / lint-format	UNKNOWN STEP	2026-09-12T08:16:37.0924681Z ^[[36;1m  ruff_spec=$(resolve_spec "ruff" "${RUFF_VERSION:-}" "")^[[0m
Python CI / lint-format	UNKNOWN STEP	2026-09-12T08:16:37.0925108Z ^[[36;1m  mypy_spec=$(resolve_spec "mypy" "${MYPY_VERSION:-}" "")^[[0m
Python CI / lint-format	UNKNOWN STEP	2026-09-12T08:16:37.0925551Z ^[[36;1m  pytest_spec=$(resolve_spec "pytest" "${PYTEST_VERSION:-}" "")^[[0m
Python CI / lint-format	UNKNOWN STEP	2026-09-12T08:16:37.0926042Z ^[[36;1m  pytest_cov_spec=$(resolve_spec "pytest-cov" "${PYTEST_COV_VERSION:-}" "")^[[0m
Python CI / lint-format	UNKNOWN STEP	2026-09-12T08:16:37.0926545Z ^[[36;1m  coverage_spec=$(resolve_spec "coverage" "${COVERAGE_VERSION:-}" "")^[[0m
Python CI / lint-format	UNKNOWN STEP	2026-09-12T08:16:37.0927064Z ^[[36;1m  pytest_xdist_spec=$(resolve_spec "pytest-xdist" "${PYTEST_XDIST_VERSION:-}" "")^[[0m
Python CI / lint-format	UNKNOWN STEP	2026-09-12T08:16:37.0927493Z ^[[36;1melse^[[0m
Python CI / lint-format	UNKNOWN STEP	2026-09-12T08:16:37.0927879Z ^[[36;1m  echo "Error: ${autofix_env} is required; refusing to install unpinned tooling." >&2^[[0m
Python CI / lint-format	UNKNOWN STEP	2026-09-12T08:16:37.0928422Z ^[[36;1m  exit 1^[[0m
Python CI / lint-format	UNKNOWN STEP	2026-09-12T08:16:37.0928681Z ^[[36;1mfi^[[0m
Python CI / lint-format	UNKNOWN STEP	2026-09-12T08:16:37.0928929Z ^[[36;1m^[[0m
Python CI / lint-format	UNKNOWN STEP	2026-09-12T08:16:37.0929214Z ^[[36;1mrequire_exact_pin "pytest" "$pytest_spec"^[[0m
Python CI / lint-format	UNKNOWN STEP	2026-09-12T08:16:37.0929620Z ^[[36;1mrequire_exact_pin "pytest-xdist" "$pytest_xdist_spec"^[[0m
Python CI / lint-format	UNKNOWN STEP	2026-09-12T08:16:37.0930075Z ^[[36;1mif [ "$coverage_enabled" = "true" ]; then^[[0m
Python CI / lint-format	UNKNOWN STEP	2026-09-12T08:16:37.0930469Z ^[[36;1m  require_exact_pin "pytest-cov" "$pytest_cov_spec"^[[0m
Python CI / lint-format	UNKNOWN STEP	2026-09-12T08:16:37.0930991Z ^[[36;1m  require_exact_pin "coverage" "$coverage_spec"^[[0m
Python CI / lint-format	UNKNOWN STEP	2026-09-12T08:16:37.0931345Z ^[[36;1mfi^[[0m
Python CI / lint-format	UNKNOWN STEP	2026-09-12T08:16:37.0931598Z ^[[36;1m^[[0m
Python CI / lint-format	UNKNOWN STEP	2026-09-12T08:16:37.0931972Z ^[[36;1m# Always install dev tools - lock files only contain runtime deps, not dev tools^[[0m
Python CI / lint-format	UNKNOWN STEP	2026-09-12T08:16:37.0932437Z ^[[36;1mif [ "$format_enabled" = "true" ]; then^[[0m
Python CI / lint-format	UNKNOWN STEP	2026-09-12T08:16:37.0932781Z ^[[36;1m  add_tool "$black_spec" "black"^[[0m
Python CI / lint-format	UNKNOWN STEP	2026-09-12T08:16:37.0933141Z ^[[36;1m  add_tool "$docformatter_spec" "docformatter"^[[0m
Python CI / lint-format	UNKNOWN STEP	2026-09-12T08:16:37.0933500Z ^[[36;1m  add_tool "$isort_spec" "isort"^[[0m
Python CI / lint-format	UNKNOWN STEP	2026-09-12T08:16:37.0933812Z ^[[36;1melse^[[0m
Python CI / lint-format	UNKNOWN STEP	2026-09-12T08:16:37.0934097Z ^[[36;1m  skip_tool "black (format_check disabled)"^[[0m
Python CI / lint-format	UNKNOWN STEP	2026-09-12T08:16:37.0934489Z ^[[36;1m  skip_tool "docformatter (format_check disabled)"^[[0m
Python CI / lint-format	UNKNOWN STEP	2026-09-12T08:16:37.0934869Z ^[[36;1m  skip_tool "isort (format_check disabled)"^[[0m
Python CI / lint-format	UNKNOWN STEP	2026-09-12T08:16:37.0935202Z ^[[36;1mfi^[[0m
Python CI / lint-format	UNKNOWN STEP	2026-09-12T08:16:37.0935440Z ^[[36;1m^[[0m
Python CI / lint-format	UNKNOWN STEP	2026-09-12T08:16:37.0935714Z ^[[36;1mif [ "$lint_enabled" = "true" ]; then^[[0m
Python CI / lint-format	UNKNOWN STEP	2026-09-12T08:16:37.0936046Z ^[[36;1m  add_tool "$ruff_spec" "ruff"^[[0m
Python CI / lint-format	UNKNOWN STEP	2026-09-12T08:16:37.0936359Z ^[[36;1melse^[[0m
Python CI / lint-format	UNKNOWN STEP	2026-09-12T08:16:37.0936635Z ^[[36;1m  skip_tool "ruff (lint disabled)"^[[0m
Python CI / lint-format	UNKNOWN STEP	2026-09-12T08:16:37.0936955Z ^[[36;1mfi^[[0m
Python CI / lint-format	UNKNOWN STEP	2026-09-12T08:16:37.0937191Z ^[[36;1m^[[0m
Python CI / lint-format	UNKNOWN STEP	2026-09-12T08:16:37.0937463Z ^[[36;1mif [ "$mypy_enabled" = "true" ]; then^[[0m
Python CI / lint-format	UNKNOWN STEP	2026-09-12T08:16:37.0937794Z ^[[36;1m  add_tool "$mypy_spec" "mypy"^[[0m
Python CI / lint-format	UNKNOWN STEP	2026-09-12T08:16:37.0938113Z ^[[36;1melse^[[0m
Python CI / lint-format	UNKNOWN STEP	2026-09-12T08:16:37.0938395Z ^[[36;1m  skip_tool "mypy (typecheck disabled)"^[[0m
Python CI / lint-format	UNKNOWN STEP	2026-09-12T08:16:37.0938727Z ^[[36;1mfi^[[0m
Python CI / lint-format	UNKNOWN STEP	2026-09-12T08:16:37.0938967Z ^[[36;1m^[[0m
Python CI / lint-format	UNKNOWN STEP	2026-09-12T08:16:37.0939227Z ^[[36;1madd_tool "$pytest_spec" "pytest"^[[0m
Python CI / lint-format	UNKNOWN STEP	2026-09-12T08:16:37.0939597Z ^[[36;1madd_tool "$pytest_xdist_spec" "pytest-xdist"^[[0m
Python CI / lint-format	UNKNOWN STEP	2026-09-12T08:16:37.0939930Z ^[[36;1m^[[0m
Python CI / lint-format	UNKNOWN STEP	2026-09-12T08:16:37.0940208Z ^[[36;1mif [ "$coverage_enabled" = "true" ]; then^[[0m
Python CI / lint-format	UNKNOWN STEP	2026-09-12T08:16:37.0940577Z ^[[36;1m  add_tool "$pytest_cov_spec" "pytest-cov"^[[0m
Python CI / lint-format	UNKNOWN STEP	2026-09-12T08:16:37.0941298Z ^[[36;1m  add_tool "$coverage_spec" "coverage"^[[0m
Python CI / lint-format	UNKNOWN STEP	2026-09-12T08:16:37.0941712Z ^[[36;1melse^[[0m
Python CI / lint-format	UNKNOWN STEP	2026-09-12T08:16:37.0942123Z ^[[36;1m  skip_tool "pytest-cov (coverage disabled)"^[[0m
Python CI / lint-format	UNKNOWN STEP	2026-09-12T08:16:37.0942590Z ^[[36;1m  skip_tool "coverage (coverage disabled)"^[[0m
Python CI / lint-format	UNKNOWN STEP	2026-09-12T08:16:37.0942920Z ^[[36;1mfi^[[0m
Python CI / lint-format	UNKNOWN STEP	2026-09-12T08:16:37.0943159Z ^[[36;1m^[[0m
Python CI / lint-format	UNKNOWN STEP	2026-09-12T08:16:37.0943420Z ^[[36;1mif [ ${#specs[@]} -eq 0 ]; then^[[0m
Python CI / lint-format	UNKNOWN STEP	2026-09-12T08:16:37.0943839Z ^[[36;1m  echo "No install targets found; skipping dependency installation."^[[0m
Python CI / lint-format	UNKNOWN STEP	2026-09-12T08:16:37.0944240Z ^[[36;1melse^[[0m
Python CI / lint-format	UNKNOWN STEP	2026-09-12T08:16:37.0944521Z ^[[36;1m  uv pip install --system "${specs[@]}"^[[0m
Python CI / lint-format	UNKNOWN STEP	2026-09-12T08:16:37.0944851Z ^[[36;1mfi^[[0m
Python CI / lint-format	UNKNOWN STEP	2026-09-12T08:16:37.0945090Z ^[[36;1m^[[0m
Python CI / lint-format	UNKNOWN STEP	2026-09-12T08:16:37.0945346Z ^[[36;1mend_ts=$(date +%s)^[[0m
Python CI / lint-format	UNKNOWN STEP	2026-09-12T08:16:37.0945648Z ^[[36;1mduration=$((end_ts - start_ts))^[[0m
Python CI / lint-format	UNKNOWN STEP	2026-09-12T08:16:37.0946018Z ^[[36;1mif [ -n "${GITHUB_STEP_SUMMARY:-}" ]; then^[[0m
Python CI / lint-format	UNKNOWN STEP	2026-09-12T08:16:37.0946361Z ^[[36;1m  installed_label="none"^[[0m
Python CI / lint-format	UNKNOWN STEP	2026-09-12T08:16:37.0946678Z ^[[36;1m  skipped_label="none"^[[0m
Python CI / lint-format	UNKNOWN STEP	2026-09-12T08:16:37.0947001Z ^[[36;1m  if [ ${#tools_installed[@]} -gt 0 ]; then^[[0m
Python CI / lint-format	UNKNOWN STEP	2026-09-12T08:16:37.0947403Z ^[[36;1m    installed_label=$(printf '%s, ' "${tools_installed[@]}")^[[0m
Python CI / lint-format	UNKNOWN STEP	2026-09-12T08:16:37.0947822Z ^[[36;1m    installed_label=${installed_label%, }^[[0m
Python CI / lint-format	UNKNOWN STEP	2026-09-12T08:16:37.0948152Z ^[[36;1m  fi^[[0m
Python CI / lint-format	UNKNOWN STEP	2026-09-12T08:16:37.0948436Z ^[[36;1m  if [ ${#tools_skipped[@]} -gt 0 ]; then^[[0m
Python CI / lint-format	UNKNOWN STEP	2026-09-12T08:16:37.0949131Z ^[[36;1m    skipped_label=$(printf '%s, ' "${tools_skipped[@]}")^[[0m
Python CI / lint-format	UNKNOWN STEP	2026-09-12T08:16:37.0949541Z ^[[36;1m    skipped_label=${skipped_label%, }^[[0m
Python CI / lint-format	UNKNOWN STEP	2026-09-12T08:16:37.0949861Z ^[[36;1m  fi^[[0m
Python CI / lint-format	UNKNOWN STEP	2026-09-12T08:16:37.0950116Z ^[[36;1m  {^[[0m
Python CI / lint-format	UNKNOWN STEP	2026-09-12T08:16:37.0950416Z ^[[36;1m    printf '## Dependency installation timing\n'^[[0m
Python CI / lint-format	UNKNOWN STEP	2026-09-12T08:16:37.0951199Z ^[[36;1m    printf -- '- Duration: %ss\n' "$duration"^[[0m
Python CI / lint-format	UNKNOWN STEP	2026-09-12T08:16:37.0951744Z ^[[36;1m    printf -- '- Tools installed: %s\n' "$installed_label"^[[0m
Python CI / lint-format	UNKNOWN STEP	2026-09-12T08:16:37.0952206Z ^[[36;1m    printf -- '- Tools skipped (disabled): %s\n' "$skipped_label"^[[0m
Python CI / lint-format	UNKNOWN STEP	2026-09-12T08:16:37.0952615Z ^[[36;1m    if [ ${#tools_skipped[@]} -gt 0 ]; then^[[0m
Python CI / lint-format	UNKNOWN STEP	2026-09-12T08:16:37.0953094Z ^[[36;1m      printf -- '- Note: skipping %d tool(s) avoids extra setup time when disabled.\n' \^[[0m
Python CI / lint-format	UNKNOWN STEP	2026-09-12T08:16:37.0953545Z ^[[36;1m        "${#tools_skipped[@]}"^[[0m
Python CI / lint-format	UNKNOWN STEP	2026-09-12T08:16:37.0953860Z ^[[36;1m    fi^[[0m
Python CI / lint-format	UNKNOWN STEP	2026-09-12T08:16:37.0954260Z ^[[36;1m    req_hash=$(sha256sum requirements.lock 2>/dev/null | cut -d' ' -f1 || echo none)^[[0m
Python CI / lint-format	UNKNOWN STEP	2026-09-12T08:16:37.0954846Z ^[[36;1m    pyproject_hash=$(sha256sum pyproject.toml 2>/dev/null | cut -d' ' -f1 || echo none)^[[0m
Python CI / lint-format	UNKNOWN STEP	2026-09-12T08:16:37.0955331Z ^[[36;1m    printf -- '- Cache key: uv-%s-%s-%s-%s\n' \^[[0m
Python CI / lint-format	UNKNOWN STEP	2026-09-12T08:16:37.0955694Z ^[[36;1m      "Linux" \^[[0m
Python CI / lint-format	UNKNOWN STEP	2026-09-12T08:16:37.0955988Z ^[[36;1m      "$INPUT_PYTHON_VERSION" \^[[0m
Python CI / lint-format	UNKNOWN STEP	2026-09-12T08:16:37.0956310Z ^[[36;1m      "$req_hash" \^[[0m
Python CI / lint-format	UNKNOWN STEP	2026-09-12T08:16:37.0956601Z ^[[36;1m      "$pyproject_hash"^[[0m
Python CI / lint-format	UNKNOWN STEP	2026-09-12T08:16:37.0956920Z ^[[36;1m  } >>"${GITHUB_STEP_SUMMARY}"^[[0m
Python CI / lint-format	UNKNOWN STEP	2026-09-12T08:16:37.0957221Z ^[[36;1mfi^[[0m
Python CI / lint-format	UNKNOWN STEP	2026-09-12T08:16:37.0978556Z shell: /usr/bin/bash --noprofile --norc -e -o pipefail {0}
Python CI / lint-format	UNKNOWN STEP	2026-09-12T08:16:37.0978953Z env:
Python CI / lint-format	UNKNOWN STEP	2026-09-12T08:16:37.0979201Z   WORKDIR: .
Python CI / lint-format	UNKNOWN STEP	2026-09-12T08:16:37.0979495Z   WORKSPACE_ROOT: /home/runner/work/Ready/Ready
Python CI / lint-format	UNKNOWN STEP	2026-09-12T08:16:37.0979849Z   PROJECT_ROOT: /home/runner/work/Ready/Ready
Python CI / lint-format	UNKNOWN STEP	2026-09-12T08:16:37.0980280Z   NODE_PATH: /home/runner/work/Ready/Ready/.github/scripts/node_modules
Python CI / lint-format	UNKNOWN STEP	2026-09-12T08:16:37.0982835Z   GITHUB_TOKEN: ***
Python CI / lint-format	UNKNOWN STEP	2026-09-12T08:16:37.0985015Z   GH_TOKEN: ***
Python CI / lint-format	UNKNOWN STEP	2026-09-12T08:16:37.0985367Z   WORKFLOWS_APP_ID: ***
Python CI / lint-format	UNKNOWN STEP	2026-09-12T08:16:37.0992241Z   WORKFLOWS_APP_PRIVATE_KEY: ***
Python CI / lint-format	UNKNOWN STEP	2026-09-12T08:16:37.0992775Z   pythonLocation: /opt/hostedtoolcache/Python/3.12.14/x64
Python CI / lint-format	UNKNOWN STEP	2026-09-12T08:16:37.0993279Z   PKG_CONFIG_PATH: /opt/hostedtoolcache/Python/3.12.14/x64/lib/pkgconfig
Python CI / lint-format	UNKNOWN STEP	2026-09-12T08:16:37.0993763Z   Python_ROOT_DIR: /opt/hostedtoolcache/Python/3.12.14/x64
Python CI / lint-format	UNKNOWN STEP	2026-09-12T08:16:37.0994200Z   Python2_ROOT_DIR: /opt/hostedtoolcache/Python/3.12.14/x64
Python CI / lint-format	UNKNOWN STEP	2026-09-12T08:16:37.0994642Z   Python3_ROOT_DIR: /opt/hostedtoolcache/Python/3.12.14/x64
Python CI / lint-format	UNKNOWN STEP	2026-09-12T08:16:37.0995077Z   LD_LIBRARY_PATH: /opt/hostedtoolcache/Python/3.12.14/x64/lib
Python CI / lint-format	UNKNOWN STEP	2026-09-12T08:16:37.0995479Z   PRIVATE_PYPI_TOKEN: 
Python CI / lint-format	UNKNOWN STEP	2026-09-12T08:16:37.0995765Z   INPUT_LINT: true
Python CI / lint-format	UNKNOWN STEP	2026-09-12T08:16:37.0996053Z   INPUT_FORMAT_CHECK: true
Python CI / lint-format	UNKNOWN STEP	2026-09-12T08:16:37.0996367Z   INPUT_INSTALL_PROJECT_DEPS: false
Python CI / lint-format	UNKNOWN STEP	2026-09-12T08:16:37.0996702Z   INPUT_TYPECHECK: false
Python CI / lint-format	UNKNOWN STEP	2026-09-12T08:16:37.0996996Z   INPUT_RUN_MYPY: false
Python CI / lint-format	UNKNOWN STEP	2026-09-12T08:16:37.0997288Z   INPUT_COVERAGE: false
Python CI / lint-format	UNKNOWN STEP	2026-09-12T08:16:37.0997576Z   INPUT_PYTHON_VERSION: 3.12
Python CI / lint-format	UNKNOWN STEP	2026-09-12T08:16:37.0997888Z ##[endgroup]
Python CI / lint-format	UNKNOWN STEP	2026-09-12T08:16:37.2975619Z Using Python 3.12.14 environment at: /opt/hostedtoolcache/Python/3.12.14/x64
Python CI / lint-format	UNKNOWN STEP	2026-09-12T08:16:37.5360557Z Resolved 17 packages in 237ms
Python CI / lint-format	UNKNOWN STEP	2026-09-12T08:16:37.5483629Z Downloading pygments (1.2MiB)
Python CI / lint-format	UNKNOWN STEP	2026-09-12T08:16:37.6119187Z  Downloaded pygments
Python CI / lint-format	UNKNOWN STEP	2026-09-12T08:16:37.6119713Z Prepared 7 packages in 75ms
Python CI / lint-format	UNKNOWN STEP	2026-09-12T08:16:37.6178970Z Installed 17 packages in 5ms
Python CI / lint-format	UNKNOWN STEP	2026-09-12T08:16:37.6179492Z  + black==26.5.1
Python CI / lint-format	UNKNOWN STEP	2026-09-12T08:16:37.6179895Z  + charset-normalizer==3.5.1
Python CI / lint-format	UNKNOWN STEP	2026-09-12T08:16:37.6180329Z  + click==8.5.0
Python CI / lint-format	UNKNOWN STEP	2026-09-12T08:16:37.6180839Z  + docformatter==1.7.8
Python CI / lint-format	UNKNOWN STEP	2026-09-12T08:16:37.6181236Z  + execnet==2.1.2
Python CI / lint-format	UNKNOWN STEP	2026-09-12T08:16:37.6181611Z  + iniconfig==2.3.0
Python CI / lint-format	UNKNOWN STEP	2026-09-12T08:16:37.6182176Z  + isort==8.0.1
Python CI / lint-format	UNKNOWN STEP	2026-09-12T08:16:37.6182562Z  + mypy-extensions==1.1.0
Python CI / lint-format	UNKNOWN STEP	2026-09-12T08:16:37.6182962Z  + packaging==26.3
Python CI / lint-format	UNKNOWN STEP	2026-09-12T08:16:37.6183328Z  + pathspec==1.1.1
Python CI / lint-format	UNKNOWN STEP	2026-09-12T08:16:37.6183730Z  + platformdirs==4.11.8
Python CI / lint-format	UNKNOWN STEP	2026-09-12T08:16:37.6184127Z  + pluggy==1.6.0
Python CI / lint-format	UNKNOWN STEP	2026-09-12T08:16:37.6184552Z  + pygments==2.21.0
Python CI / lint-format	UNKNOWN STEP	2026-09-12T08:16:37.6184923Z  + pytest==9.1.1
Python CI / lint-format	UNKNOWN STEP	2026-09-12T08:16:37.6185298Z  + pytest-xdist==3.8.0
Python CI / lint-format	UNKNOWN STEP	2026-09-12T08:16:37.6185808Z  + pytokens==0.4.1
Python CI / lint-format	UNKNOWN STEP	2026-09-12T08:16:37.6186198Z  + ruff==0.16.5
Python CI / lint-format	UNKNOWN STEP	2026-09-12T08:16:37.6304404Z ##[group]Run set -euo pipefail
Python CI / lint-format	UNKNOWN STEP	2026-09-12T08:16:37.6304802Z ^[[36;1mset -euo pipefail^[[0m
Python CI / lint-format	UNKNOWN STEP	2026-09-12T08:16:37.6305203Z ^[[36;1m# Exclude repo-local tooling directories created during CI setup.^[[0m
Python CI / lint-format	UNKNOWN STEP	2026-09-12T08:16:37.6305770Z ^[[36;1mblack --check --line-length 100 --exclude '(\.venv|\.workflows-lib|node_modules)' .^[[0m
Python CI / lint-format	UNKNOWN STEP	2026-09-12T08:16:37.6327259Z shell: /usr/bin/bash --noprofile --norc -e -o pipefail {0}
Python CI / lint-format	UNKNOWN STEP	2026-09-12T08:16:37.6327658Z env:
Python CI / lint-format	UNKNOWN STEP	2026-09-12T08:16:37.6327914Z   WORKDIR: .
Python CI / lint-format	UNKNOWN STEP	2026-09-12T08:16:37.6328230Z   WORKSPACE_ROOT: /home/runner/work/Ready/Ready
Python CI / lint-format	UNKNOWN STEP	2026-09-12T08:16:37.6328593Z   PROJECT_ROOT: /home/runner/work/Ready/Ready
Python CI / lint-format	UNKNOWN STEP	2026-09-12T08:16:37.6329022Z   NODE_PATH: /home/runner/work/Ready/Ready/.github/scripts/node_modules
Python CI / lint-format	UNKNOWN STEP	2026-09-12T08:16:37.6332146Z   GITHUB_TOKEN: ***
Python CI / lint-format	UNKNOWN STEP	2026-09-12T08:16:37.6334248Z   GH_TOKEN: ***
Python CI / lint-format	UNKNOWN STEP	2026-09-12T08:16:37.6334546Z   WORKFLOWS_APP_ID: ***
Python CI / lint-format	UNKNOWN STEP	2026-09-12T08:16:37.6340341Z   WORKFLOWS_APP_PRIVATE_KEY: ***
Python CI / lint-format	UNKNOWN STEP	2026-09-12T08:16:37.6341007Z   pythonLocation: /opt/hostedtoolcache/Python/3.12.14/x64
Python CI / lint-format	UNKNOWN STEP	2026-09-12T08:16:37.6341491Z   PKG_CONFIG_PATH: /opt/hostedtoolcache/Python/3.12.14/x64/lib/pkgconfig
Python CI / lint-format	UNKNOWN STEP	2026-09-12T08:16:37.6341960Z   Python_ROOT_DIR: /opt/hostedtoolcache/Python/3.12.14/x64
Python CI / lint-format	UNKNOWN STEP	2026-09-12T08:16:37.6342380Z   Python2_ROOT_DIR: /opt/hostedtoolcache/Python/3.12.14/x64
Python CI / lint-format	UNKNOWN STEP	2026-09-12T08:16:37.6342803Z   Python3_ROOT_DIR: /opt/hostedtoolcache/Python/3.12.14/x64
Python CI / lint-format	UNKNOWN STEP	2026-09-12T08:16:37.6343214Z   LD_LIBRARY_PATH: /opt/hostedtoolcache/Python/3.12.14/x64/lib
Python CI / lint-format	UNKNOWN STEP	2026-09-12T08:16:37.6343593Z ##[endgroup]
Python CI / lint-format	UNKNOWN STEP	2026-09-12T08:16:38.4202204Z would reformat /home/runner/work/Ready/Ready/research-program/artifacts/audits/Counter_Risk-2026-09-08-evidence/finalize_report.py
Python CI / lint-format	UNKNOWN STEP	2026-09-12T08:16:38.4372016Z would reformat /home/runner/work/Ready/Ready/research-program/artifacts/audits/Counter_Risk-2026-09-08-evidence/verify_ops.py
Python CI / lint-format	UNKNOWN STEP	2026-09-12T08:16:38.4592079Z would reformat /home/runner/work/Ready/Ready/research-program/artifacts/audits/Counter_Risk-2026-09-08-evidence/write_core_bodies.py
Python CI / lint-format	UNKNOWN STEP	2026-09-12T08:16:38.4621749Z would reformat /home/runner/work/Ready/Ready/research-program/artifacts/audits/Counter_Risk-2026-09-08-evidence/verify_core.py
Python CI / lint-format	UNKNOWN STEP	2026-09-12T08:16:38.4782550Z would reformat /home/runner/work/Ready/Ready/research-program/artifacts/audits/Counter_Risk-2026-09-08-evidence/write_support.py
Python CI / lint-format	UNKNOWN STEP	2026-09-12T08:16:38.5205921Z would reformat /home/runner/work/Ready/Ready/research-program/artifacts/audits/Travel-Plan-Permission-2026-09-05-assets/expense-proof.py
Python CI / lint-format	UNKNOWN STEP	2026-09-12T08:16:38.5361894Z would reformat /home/runner/work/Ready/Ready/research-program/artifacts/audits/Fine-Art-Archive-2026-09-05-resume/finalize.py
Python CI / lint-format	UNKNOWN STEP	2026-09-12T08:16:38.5731976Z would reformat /home/runner/work/Ready/Ready/research-program/artifacts/audits/Travel-Plan-Permission-2026-09-05-assets/run-panel.py
Python CI / lint-format	UNKNOWN STEP	2026-09-12T08:16:38.5861860Z would reformat /home/runner/work/Ready/Ready/research-program/artifacts/audits/Fine-Art-Archive-2026-09-05-resume/reproduce.py
Python CI / lint-format	UNKNOWN STEP	2026-09-12T08:16:38.5882034Z would reformat /home/runner/work/Ready/Ready/research-program/artifacts/audits/Travel-Plan-Permission-2026-09-05-assets/serve.py
Python CI / lint-format	UNKNOWN STEP	2026-09-12T08:16:38.5912036Z would reformat /home/runner/work/Ready/Ready/research-program/artifacts/audits/Travel-Plan-Permission-2026-09-05-assets/finalize.py
Python CI / lint-format	UNKNOWN STEP	2026-09-12T08:16:38.5951878Z would reformat /home/runner/work/Ready/Ready/research-program/artifacts/audits/Travel-Plan-Permission-2026-09-05-assets/serve-seeded.py
Python CI / lint-format	UNKNOWN STEP	2026-09-12T08:16:38.6882199Z would reformat /home/runner/work/Ready/Ready/research-program/artifacts/audits/paem-20260907/finalize_report.py
Python CI / lint-format	UNKNOWN STEP	2026-09-12T08:16:38.7092075Z would reformat /home/runner/work/Ready/Ready/research-program/artifacts/audits/lms-20260908-reconciliation/reproduce.py
Python CI / lint-format	UNKNOWN STEP	2026-09-12T08:16:38.7182021Z would reformat /home/runner/work/Ready/Ready/research-program/artifacts/audits/Travel-Plan-Permission-2026-09-05-assets/write-issues.py
Python CI / lint-format	UNKNOWN STEP	2026-09-12T08:16:38.7412139Z would reformat /home/runner/work/Ready/Ready/research-program/artifacts/audits/paem-20260907/probe_cli_bundle.py
Python CI / lint-format	UNKNOWN STEP	2026-09-12T08:16:38.7438210Z would reformat /home/runner/work/Ready/Ready/research-program/artifacts/audits/paem-20260907/probe_cli_plotly7.py
Python CI / lint-format	UNKNOWN STEP	2026-09-12T08:16:38.7551825Z would reformat /home/runner/work/Ready/Ready/research-program/artifacts/audits/paem-20260907/numeric_repro.py
Python CI / lint-format	UNKNOWN STEP	2026-09-12T08:16:38.7670930Z would reformat /home/runner/work/Ready/Ready/research-program/artifacts/audits/paem-20260907/probe_run_logs_apptest.py
Python CI / lint-format	UNKNOWN STEP	2026-09-12T08:16:38.7691917Z would reformat /home/runner/work/Ready/Ready/research-program/artifacts/audits/paem-20260907/probe_installed_sample.py
Python CI / lint-format	UNKNOWN STEP	2026-09-12T08:16:38.7742071Z would reformat /home/runner/work/Ready/Ready/research-program/artifacts/audits/paem-20260907/probe_cvar_interval.py
Python CI / lint-format	UNKNOWN STEP	2026-09-12T08:16:38.7831985Z would reformat /home/runner/work/Ready/Ready/research-program/artifacts/audits/paem-20260907/repros/repro_bundle_index_hash_verify.py
Python CI / lint-format	UNKNOWN STEP	2026-09-12T08:16:38.7961977Z would reformat /home/runner/work/Ready/Ready/research-program/artifacts/audits/paem-20260907/repros/repro_pip_asset_sample_missing.py
Python CI / lint-format	UNKNOWN STEP	2026-09-12T08:16:38.8138044Z would reformat /home/runner/work/Ready/Ready/research-program/artifacts/audits/paem-20260907/repros/repro_manifest_missing_data_files.py
Python CI / lint-format	UNKNOWN STEP	2026-09-12T08:16:38.8151968Z would reformat /home/runner/work/Ready/Ready/research-program/artifacts/audits/paem-20260907/repros/repro_bundle_manifest_stale.py
Python CI / lint-format	UNKNOWN STEP	2026-09-12T08:16:38.8211996Z would reformat /home/runner/work/Ready/Ready/research-program/artifacts/audits/paem-20260907/repros/repro_manifest_relative_cwd.py
Python CI / lint-format	UNKNOWN STEP	2026-09-12T08:16:38.8402714Z would reformat /home/runner/work/Ready/Ready/research-program/artifacts/audits/paem-20260907/repros/repro_run_logs_stale_manifest.py
Python CI / lint-format	UNKNOWN STEP	2026-09-12T08:16:38.8631827Z would reformat /home/runner/work/Ready/Ready/research-program/artifacts/audits/tpp-20260907-recovery/reproduce.py
Python CI / lint-format	UNKNOWN STEP	2026-09-12T08:16:38.9190999Z would reformat /home/runner/work/Ready/Ready/research-program/artifacts/audits/paem-20260907/write_issue_drafts.py
Python CI / lint-format	UNKNOWN STEP	2026-09-12T08:16:40.6845522Z 
Python CI / lint-format	UNKNOWN STEP	2026-09-12T08:16:40.6846651Z Oh no! 💥 💔 💥
Python CI / lint-format	UNKNOWN STEP	2026-09-12T08:16:40.6847342Z 29 files would be reformatted, 80 files would be left unchanged.
Python CI / lint-format	UNKNOWN STEP	2026-09-12T08:16:40.7107483Z ##[error]Process completed with exit code 1.
Python CI / lint-format	UNKNOWN STEP	2026-09-12T08:16:40.7147963Z ##[group]Run set -euo pipefail
Python CI / lint-format	UNKNOWN STEP	2026-09-12T08:16:40.7148335Z ^[[36;1mset -euo pipefail^[[0m
Python CI / lint-format	UNKNOWN STEP	2026-09-12T08:16:40.7148824Z ^[[36;1mecho "outcome=${FORMAT_OUTCOME}" >> "${GITHUB_OUTPUT}"^[[0m
Python CI / lint-format	UNKNOWN STEP	2026-09-12T08:16:40.7149244Z ^[[36;1mif [ -n "${GITHUB_STEP_SUMMARY:-}" ]; then^[[0m
Python CI / lint-format	UNKNOWN STEP	2026-09-12T08:16:40.7149581Z ^[[36;1m  {^[[0m
Python CI / lint-format	UNKNOWN STEP	2026-09-12T08:16:40.7149885Z ^[[36;1m    printf '## Format check\n'^[[0m
Python CI / lint-format	UNKNOWN STEP	2026-09-12T08:16:40.7150250Z ^[[36;1m    printf -- '- Outcome: %s\n' "${FORMAT_OUTCOME}"^[[0m
Python CI / lint-format	UNKNOWN STEP	2026-09-12T08:16:40.7150765Z ^[[36;1m  } >>"${GITHUB_STEP_SUMMARY}"^[[0m
Python CI / lint-format	UNKNOWN STEP	2026-09-12T08:16:40.7151121Z ^[[36;1mfi^[[0m
Python CI / lint-format	UNKNOWN STEP	2026-09-12T08:16:40.7151505Z ^[[36;1mif [ "${FORMAT_OUTCOME}" != "success" ] && [ "${FORMAT_OUTCOME}" != "skipped" ]; then^[[0m
Python CI / lint-format	UNKNOWN STEP	2026-09-12T08:16:40.7152052Z ^[[36;1m  printf 'Format check failed with outcome: %s\n' "${FORMAT_OUTCOME}" >&2^[[0m
Python CI / lint-format	UNKNOWN STEP	2026-09-12T08:16:40.7152471Z ^[[36;1m  exit 1^[[0m
Python CI / lint-format	UNKNOWN STEP	2026-09-12T08:16:40.7152721Z ^[[36;1mfi^[[0m
Python CI / lint-format	UNKNOWN STEP	2026-09-12T08:16:40.7173368Z shell: /usr/bin/bash --noprofile --norc -e -o pipefail {0}
Python CI / lint-format	UNKNOWN STEP	2026-09-12T08:16:40.7173750Z env:
Python CI / lint-format	UNKNOWN STEP	2026-09-12T08:16:40.7174014Z   WORKDIR: .
Python CI / lint-format	UNKNOWN STEP	2026-09-12T08:16:40.7174307Z   WORKSPACE_ROOT: /home/runner/work/Ready/Ready
Python CI / lint-format	UNKNOWN STEP	2026-09-12T08:16:40.7174673Z   PROJECT_ROOT: /home/runner/work/Ready/Ready
Python CI / lint-format	UNKNOWN STEP	2026-09-12T08:16:40.7175086Z   NODE_PATH: /home/runner/work/Ready/Ready/.github/scripts/node_modules
Python CI / lint-format	UNKNOWN STEP	2026-09-12T08:16:40.7177434Z   GITHUB_TOKEN: ***
Python CI / lint-format	UNKNOWN STEP	2026-09-12T08:16:40.7179433Z   GH_TOKEN: ***
Python CI / lint-format	UNKNOWN STEP	2026-09-12T08:16:40.7179721Z   WORKFLOWS_APP_ID: ***
Python CI / lint-format	UNKNOWN STEP	2026-09-12T08:16:40.7185365Z   WORKFLOWS_APP_PRIVATE_KEY: ***
Python CI / lint-format	UNKNOWN STEP	2026-09-12T08:16:40.7185746Z   pythonLocation: /opt/hostedtoolcache/Python/3.12.14/x64
Python CI / lint-format	UNKNOWN STEP	2026-09-12T08:16:40.7186215Z   PKG_CONFIG_PATH: /opt/hostedtoolcache/Python/3.12.14/x64/lib/pkgconfig
Python CI / lint-format	UNKNOWN STEP	2026-09-12T08:16:40.7186647Z   Python_ROOT_DIR: /opt/hostedtoolcache/Python/3.12.14/x64
Python CI / lint-format	UNKNOWN STEP	2026-09-12T08:16:40.7187267Z   Python2_ROOT_DIR: /opt/hostedtoolcache/Python/3.12.14/x64
Python CI / lint-format	UNKNOWN STEP	2026-09-12T08:16:40.7187810Z   Python3_ROOT_DIR: /opt/hostedtoolcache/Python/3.12.14/x64
Python CI / lint-format	UNKNOWN STEP	2026-09-12T08:16:40.7188313Z   LD_LIBRARY_PATH: /opt/hostedtoolcache/Python/3.12.14/x64/lib
Python CI / lint-format	UNKNOWN STEP	2026-09-12T08:16:40.7188738Z   FORMAT_OUTCOME: failure
Python CI / lint-format	UNKNOWN STEP	2026-09-12T08:16:40.7189064Z ##[endgroup]
Python CI / lint-format	UNKNOWN STEP	2026-09-12T08:16:40.7230254Z Format check failed with outcome: failure
Python CI / lint-format	UNKNOWN STEP	2026-09-12T08:16:40.7233045Z ##[error]Process completed with exit code 1.
Python CI / lint-format	UNKNOWN STEP	2026-09-12T08:16:40.7322081Z Post job cleanup.
Python CI / lint-format	UNKNOWN STEP	2026-09-12T08:16:40.8024085Z [command]/usr/bin/git version
Python CI / lint-format	UNKNOWN STEP	2026-09-12T08:16:40.8054873Z git version 2.55.0
Python CI / lint-format	UNKNOWN STEP	2026-09-12T08:16:40.8087174Z Temporarily overriding HOME='/home/runner/work/_temp/82c06073-5458-4d07-9a7a-33a2b7774694' before making global git config changes
Python CI / lint-format	UNKNOWN STEP	2026-09-12T08:16:40.8088398Z Adding repository directory to the temporary git global config as a safe directory
Python CI / lint-format	UNKNOWN STEP	2026-09-12T08:16:40.8091542Z [command]/usr/bin/git config --global --add safe.directory /home/runner/work/Ready/Ready
Python CI / lint-format	UNKNOWN STEP	2026-09-12T08:16:40.8114172Z Removing SSH command configuration
Python CI / lint-format	UNKNOWN STEP	2026-09-12T08:16:40.8119513Z [command]/usr/bin/git config --local --name-only --get-regexp core\.sshCommand
Python CI / lint-format	UNKNOWN STEP	2026-09-12T08:16:40.8146811Z [command]/usr/bin/git submodule foreach --recursive sh -c "git config --local --name-only --get-regexp 'core\.sshCommand' && git config --local --unset-all 'core.sshCommand' || :"
Python CI / lint-format	UNKNOWN STEP	2026-09-12T08:16:40.8309080Z Removing HTTP extra header
Python CI / lint-format	UNKNOWN STEP	2026-09-12T08:16:40.8313861Z [command]/usr/bin/git config --local --name-only --get-regexp http\.https\:\/\/github\.com\/\.extraheader
Python CI / lint-format	UNKNOWN STEP	2026-09-12T08:16:40.8339453Z [command]/usr/bin/git submodule foreach --recursive sh -c "git config --local --name-only --get-regexp 'http\.https\:\/\/github\.com\/\.extraheader' && git config --local --unset-all 'http.https://github.com/.extraheader' || :"
Python CI / lint-format	UNKNOWN STEP	2026-09-12T08:16:40.8499764Z Removing includeIf entries pointing to credentials config files
Python CI / lint-format	UNKNOWN STEP	2026-09-12T08:16:40.8505318Z [command]/usr/bin/git config --local --name-only --get-regexp ^includeIf\.gitdir:
Python CI / lint-format	UNKNOWN STEP	2026-09-12T08:16:40.8526154Z includeif.gitdir:/home/runner/work/Ready/Ready/.git.path
Python CI / lint-format	UNKNOWN STEP	2026-09-12T08:16:40.8528024Z includeif.gitdir:/home/runner/work/Ready/Ready/.git/worktrees/*.path
Python CI / lint-format	UNKNOWN STEP	2026-09-12T08:16:40.8528791Z includeif.gitdir:/github/workspace/.git.path
Python CI / lint-format	UNKNOWN STEP	2026-09-12T08:16:40.8529486Z includeif.gitdir:/github/workspace/.git/worktrees/*.path
Python CI / lint-format	UNKNOWN STEP	2026-09-12T08:16:40.8533708Z [command]/usr/bin/git config --local --get-all includeif.gitdir:/home/runner/work/Ready/Ready/.git.path
Python CI / lint-format	UNKNOWN STEP	2026-09-12T08:16:40.8550785Z /home/runner/work/_temp/git-credentials-892d042f-d2aa-4276-bea7-c5ae2da9e62d.config
Python CI / lint-format	UNKNOWN STEP	2026-09-12T08:16:40.8558095Z [command]/usr/bin/git config --local --unset includeif.gitdir:/home/runner/work/Ready/Ready/.git.path \/home\/runner\/work\/_temp\/git\-credentials\-892d042f\-d2aa\-4276\-bea7\-c5ae2da9e62d\.config
Python CI / lint-format	UNKNOWN STEP	2026-09-12T08:16:40.8582789Z [command]/usr/bin/git config --local --get-all includeif.gitdir:/home/runner/work/Ready/Ready/.git/worktrees/*.path
Python CI / lint-format	UNKNOWN STEP	2026-09-12T08:16:40.8601890Z /home/runner/work/_temp/git-credentials-892d042f-d2aa-4276-bea7-c5ae2da9e62d.config
Python CI / lint-format	UNKNOWN STEP	2026-09-12T08:16:40.8608982Z [command]/usr/bin/git config --local --unset includeif.gitdir:/home/runner/work/Ready/Ready/.git/worktrees/*.path \/home\/runner\/work\/_temp\/git\-credentials\-892d042f\-d2aa\-4276\-bea7\-c5ae2da9e62d\.config
Python CI / lint-format	UNKNOWN STEP	2026-09-12T08:16:40.8630974Z [command]/usr/bin/git config --local --get-all includeif.gitdir:/github/workspace/.git.path
Python CI / lint-format	UNKNOWN STEP	2026-09-12T08:16:40.8646953Z /github/runner_temp/git-credentials-892d042f-d2aa-4276-bea7-c5ae2da9e62d.config
Python CI / lint-format	UNKNOWN STEP	2026-09-12T08:16:40.8652525Z [command]/usr/bin/git config --local --unset includeif.gitdir:/github/workspace/.git.path \/github\/runner_temp\/git\-credentials\-892d042f\-d2aa\-4276\-bea7\-c5ae2da9e62d\.config
Python CI / lint-format	UNKNOWN STEP	2026-09-12T08:16:40.8676107Z [command]/usr/bin/git config --local --get-all includeif.gitdir:/github/workspace/.git/worktrees/*.path
Python CI / lint-format	UNKNOWN STEP	2026-09-12T08:16:40.8692039Z /github/runner_temp/git-credentials-892d042f-d2aa-4276-bea7-c5ae2da9e62d.config
Python CI / lint-format	UNKNOWN STEP	2026-09-12T08:16:40.8698876Z [command]/usr/bin/git config --local --unset includeif.gitdir:/github/workspace/.git/worktrees/*.path \/github\/runner_temp\/git\-credentials\-892d042f\-d2aa\-4276\-bea7\-c5ae2da9e62d\.config
Python CI / lint-format	UNKNOWN STEP	2026-09-12T08:16:40.8723784Z [command]/usr/bin/git submodule foreach --recursive git config --local --show-origin --name-only --get-regexp remote.origin.url
Python CI / lint-format	UNKNOWN STEP	2026-09-12T08:16:40.8874563Z Removing credentials config '/home/runner/work/_temp/git-credentials-892d042f-d2aa-4276-bea7-c5ae2da9e62d.config'
Python CI / lint-format	UNKNOWN STEP	2026-09-12T08:16:40.8981566Z Post job cleanup.
Python CI / lint-format	UNKNOWN STEP	2026-09-12T08:16:40.9799128Z Evaluate and set job outputs
Python CI / lint-format	UNKNOWN STEP	2026-09-12T08:16:40.9804674Z Set output 'format_outcome'
Python CI / lint-format	UNKNOWN STEP	2026-09-12T08:16:40.9806392Z Cleaning up orphan processes
