auto-label	skipped	103347818946	2026-09-11T16:57:55Z
check	success	103347817124	2026-09-11T16:58:07Z
auto-label	skipped	103346413078	2026-09-11T16:53:23Z
check	success	103346413000	2026-09-11T16:53:31Z
Refresh campaign queue	success	103346268770	2026-09-11T16:53:25Z
auto-label	skipped	103343699441	2026-09-11T16:44:32Z
check	success	103343659356	2026-09-11T16:44:43Z
Refresh campaign queue	success	103343543057	2026-09-11T16:44:32Z
Execute / Post keepalive instruction	skipped	103342277939	2026-09-11T16:40:07Z
Execute / Keepalive post-work sync	skipped	103342277004	2026-09-11T16:40:07Z
Execute / Validate branch sync (dry-run)	skipped	103342276778	2026-09-11T16:40:07Z
Execute / Summarise belt dispatch outcomes	success	103342276773	2026-09-11T16:40:19Z
Execute / Belt Worker	skipped	103342276316	2026-09-11T16:40:07Z
Execute / Guard existing belt PRs	skipped	103342275638	2026-09-11T16:40:06Z
Execute / Promote belt PRs	skipped	103342237609	2026-09-11T16:39:59Z
Execute / Auto-merge labelled agent PRs	skipped	103342237402	2026-09-11T16:39:59Z
Execute / Dispatch Agents Toolkit	skipped	103342175362	2026-09-11T16:39:47Z
Execute / Record Verification Outcome	skipped	103342175137	2026-09-11T16:39:47Z
Execute / Prepare keepalive round	skipped	103342175075	2026-09-11T16:39:47Z
Execute / Enforce keepalive run cap	skipped	103342175059	2026-09-11T16:39:47Z
Execute / Verify Assignment	skipped	103342173965	2026-09-11T16:39:47Z
Execute / Resolve orchestrator context	skipped	103342173959	2026-09-11T16:39:47Z
Execute / Belt Dispatcher / Select next agent issue	success	103342173806	2026-09-11T16:40:06Z
Execute / Scan belt promotion queue	failure	103342172996	2026-09-11T16:39:59Z
Execute / Evaluate keepalive gate	success	103342083312	2026-09-11T16:39:46Z
Initialize / Resolve Parameters	success	103342028715	2026-09-11T16:39:28Z
Initialize / Prepare keepalive write token	success	103341988403	2026-09-11T16:39:18Z
Initialize / Idle precheck	success	103341932011	2026-09-11T16:39:11Z
Initialize / Rate limit pre-check	success	103341879913	2026-09-11T16:38:59Z
Check event eligibility	success	103341851111	2026-09-11T16:38:49Z
Re-evaluate stalled agent PRs	success	103339336547	2026-09-11T16:30:59Z
check	success	103339278586	2026-09-11T16:30:48Z
auto-label	skipped	103339277713	2026-09-11T16:30:37Z
Refresh campaign queue	success	103339104905	2026-09-11T16:30:35Z
Execute / Keepalive post-work sync	skipped	103335341538	2026-09-11T16:18:16Z
Execute / Post keepalive instruction	skipped	103335341366	2026-09-11T16:18:16Z
Execute / Belt Worker	skipped	103335340823	2026-09-11T16:18:16Z
Execute / Validate branch sync (dry-run)	skipped	103335340653	2026-09-11T16:18:16Z
Execute / Summarise belt dispatch outcomes	success	103335340567	2026-09-11T16:18:29Z
Execute / Guard existing belt PRs	skipped	103335340153	2026-09-11T16:18:16Z
Execute / Auto-merge labelled agent PRs	skipped	103335307384	2026-09-11T16:18:10Z
Execute / Promote belt PRs	skipped	103335306337	2026-09-11T16:18:10Z
Execute / Record Verification Outcome	skipped	103335248421	2026-09-11T16:17:59Z
Execute / Prepare keepalive round	skipped	103335247874	2026-09-11T16:17:59Z
Execute / Dispatch Agents Toolkit	skipped	103335247476	2026-09-11T16:17:59Z
Execute / Verify Assignment	skipped	103335247143	2026-09-11T16:17:58Z
Execute / Resolve orchestrator context	skipped	103335247054	2026-09-11T16:17:58Z
Execute / Enforce keepalive run cap	skipped	103335246854	2026-09-11T16:17:58Z
Execute / Belt Dispatcher / Select next agent issue	success	103335246155	2026-09-11T16:18:15Z
Execute / Scan belt promotion queue	failure	103335245099	2026-09-11T16:18:09Z
Execute / Evaluate keepalive gate	success	103335173184	2026-09-11T16:17:58Z
Initialize / Resolve Parameters	success	103335111366	2026-09-11T16:17:44Z
Initialize / Prepare keepalive write token	success	103335062603	2026-09-11T16:17:33Z
Initialize / Idle precheck	success	103334992172	2026-09-11T16:17:24Z
Initialize / Rate limit pre-check	success	103334909548	2026-09-11T16:17:11Z
Check event eligibility	success	103334864288	2026-09-11T16:16:55Z
Generate Diagnostic Report	success	103334204487	2026-09-11T16:14:54Z
Verify Load-Sharing (Token Rotation)	skipped	103334161001	2026-09-11T16:14:36Z
Check Consumer Repo Activity	success	103334159586	2026-09-11T16:14:44Z
Alert on High Usage	success	103334159528	2026-09-11T16:14:47Z
Generate Historical Report	skipped	103334000131	2026-09-11T16:14:06Z
Alert on Repeated Failure	success	103333999295	2026-09-11T16:14:18Z
Collect API Rate Limits	success	103333999189	2026-09-11T16:14:36Z
auto-label	skipped	103333840168	2026-09-11T16:13:36Z
check	success	103333838344	2026-09-11T16:13:48Z
Refresh campaign queue	success	103333714185	2026-09-11T16:13:37Z
auto-label	skipped	103327943854	2026-09-11T15:55:36Z
check	success	103327941199	2026-09-11T15:55:46Z
Refresh campaign queue	success	103327817776	2026-09-11T15:55:37Z
auto-label	skipped	103325437775	2026-09-11T15:47:48Z
check	success	103325435729	2026-09-11T15:47:58Z
Refresh campaign queue	success	103325273293	2026-09-11T15:47:49Z
auto-label	skipped	103322804756	2026-09-11T15:39:47Z
check	success	103322802855	2026-09-11T15:39:58Z
Refresh campaign queue	success	103322622948	2026-09-11T15:39:49Z
Execute / Auto-merge labelled agent PRs	skipped	103322405684	2026-09-11T15:38:33Z
Execute / Promote belt PRs	skipped	103322405388	2026-09-11T15:38:33Z
Execute / Post keepalive instruction	skipped	103322395723	2026-09-11T15:38:31Z
Execute / Keepalive post-work sync	skipped	103322395268	2026-09-11T15:38:31Z
Execute / Summarise belt dispatch outcomes	success	103322395052	2026-09-11T15:38:40Z
Execute / Validate branch sync (dry-run)	skipped	103322394989	2026-09-11T15:38:31Z
Execute / Belt Worker	skipped	103322394318	2026-09-11T15:38:31Z
Execute / Guard existing belt PRs	skipped	103322393997	2026-09-11T15:38:31Z
Execute / Dispatch Agents Toolkit	skipped	103322323755	2026-09-11T15:38:18Z
Execute / Record Verification Outcome	skipped	103322323744	2026-09-11T15:38:18Z
Execute / Resolve orchestrator context	skipped	103322323734	2026-09-11T15:38:18Z
Execute / Prepare keepalive round	skipped	103322323416	2026-09-11T15:38:18Z
Execute / Verify Assignment	skipped	103322323263	2026-09-11T15:38:18Z
Execute / Enforce keepalive run cap	skipped	103322322744	2026-09-11T15:38:18Z
Execute / Belt Dispatcher / Select next agent issue	success	103322321690	2026-09-11T15:38:31Z
Execute / Scan belt promotion queue	failure	103322320923	2026-09-11T15:38:33Z
Execute / Evaluate keepalive gate	success	103322213913	2026-09-11T15:38:18Z
Initialize / Resolve Parameters	success	103322147875	2026-09-11T15:37:58Z
Initialize / Prepare keepalive write token	success	103322113588	2026-09-11T15:37:46Z
Initialize / Idle precheck	success	103322041022	2026-09-11T15:37:40Z
Initialize / Rate limit pre-check	success	103321960160	2026-09-11T15:37:27Z
Check event eligibility	success	103321919100	2026-09-11T15:37:12Z
Re-evaluate stalled agent PRs	success	103319435423	2026-09-11T15:29:55Z
auto-label	skipped	103319055723	2026-09-11T15:28:27Z
check	success	103319054330	2026-09-11T15:28:36Z
Refresh campaign queue	success	103318863585	2026-09-11T15:28:27Z
Resume keepalive after Gate	skipped	103318735254	2026-09-11T15:27:23Z
Detect keepalive round comments	skipped	103318724033	2026-09-11T15:27:23Z
Dispatch keepalive orchestrator	skipped	103318698161	2026-09-11T15:27:23Z
gate_no_pr_summary	skipped	103318697391	2026-09-11T15:27:23Z
gate_event_context	skipped	103318697012	2026-09-11T15:27:22Z
comment_event_context	skipped	103318696565	2026-09-11T15:27:22Z
Upsert PR body sections	skipped	103318696535	2026-09-11T15:27:22Z
Detect and fix integration test failures	skipped	103318696219	2026-09-11T15:27:22Z
Moderate connector-authored comments	skipped	103318695228	2026-09-11T15:27:22Z
Execute / Post keepalive instruction	skipped	103315198945	2026-09-11T15:16:51Z
Execute / Keepalive post-work sync	skipped	103315198462	2026-09-11T15:16:51Z
Execute / Summarise belt dispatch outcomes	success	103315198112	2026-09-11T15:17:02Z
Execute / Validate branch sync (dry-run)	skipped	103315197782	2026-09-11T15:16:51Z
Execute / Belt Worker	skipped	103315197483	2026-09-11T15:16:51Z
Execute / Guard existing belt PRs	skipped	103315196499	2026-09-11T15:16:51Z
Execute / Auto-merge labelled agent PRs	skipped	103315133401	2026-09-11T15:16:39Z
Execute / Promote belt PRs	skipped	103315131214	2026-09-11T15:16:39Z
Execute / Prepare keepalive round	skipped	103315028762	2026-09-11T15:16:21Z
Execute / Record Verification Outcome	skipped	103315028433	2026-09-11T15:16:21Z
Execute / Resolve orchestrator context	skipped	103315027695	2026-09-11T15:16:21Z
Execute / Dispatch Agents Toolkit	skipped	103315027619	2026-09-11T15:16:21Z
Execute / Verify Assignment	skipped	103315027575	2026-09-11T15:16:21Z
Execute / Enforce keepalive run cap	skipped	103315027483	2026-09-11T15:16:21Z
Execute / Belt Dispatcher / Select next agent issue	success	103315026304	2026-09-11T15:16:50Z
Execute / Scan belt promotion queue	failure	103315025574	2026-09-11T15:16:39Z
Execute / Evaluate keepalive gate	success	103314913184	2026-09-11T15:16:21Z
Initialize / Resolve Parameters	success	103314841244	2026-09-11T15:16:01Z
Initialize / Prepare keepalive write token	success	103314787556	2026-09-11T15:15:48Z
Initialize / Idle precheck	success	103314699523	2026-09-11T15:15:39Z
Initialize / Rate limit pre-check	success	103314616480	2026-09-11T15:15:23Z
Check event eligibility	success	103314563571	2026-09-11T15:15:08Z
Generate Diagnostic Report	success	103313898884	2026-09-11T15:13:04Z
Verify Load-Sharing (Token Rotation)	skipped	103313832856	2026-09-11T15:12:46Z
Check Consumer Repo Activity	success	103313831072	2026-09-11T15:12:57Z
Alert on High Usage	success	103313830906	2026-09-11T15:12:57Z
Generate Historical Report	skipped	103313677282	2026-09-11T15:12:18Z
Collect API Rate Limits	success	103313676026	2026-09-11T15:12:45Z
Alert on Repeated Failure	success	103313675672	2026-09-11T15:12:37Z
auto-label	skipped	103313430121	2026-09-11T15:11:33Z
check	success	103313425608	2026-09-11T15:11:42Z
Refresh campaign queue	success	103313271157	2026-09-11T15:11:32Z
auto-label	skipped	103307435958	2026-09-11T14:53:40Z
check	success	103307393809	2026-09-11T14:53:51Z
Refresh campaign queue	success	103307225866	2026-09-11T14:53:43Z
auto-label	skipped	103303344903	2026-09-11T14:41:39Z
check	success	103303343326	2026-09-11T14:41:47Z
Refresh campaign queue	success	103303189763	2026-09-11T14:41:40Z
Execute / Auto-merge labelled agent PRs	skipped	103302812920	2026-09-11T14:40:04Z
Execute / Promote belt PRs	skipped	103302812597	2026-09-11T14:40:04Z
Execute / Post keepalive instruction	skipped	103302810509	2026-09-11T14:40:03Z
Execute / Summarise belt dispatch outcomes	success	103302808459	2026-09-11T14:40:16Z
Execute / Validate branch sync (dry-run)	skipped	103302808445	2026-09-11T14:40:03Z
Execute / Keepalive post-work sync	skipped	103302808402	2026-09-11T14:40:03Z
Execute / Belt Worker	skipped	103302808050	2026-09-11T14:40:03Z
Execute / Guard existing belt PRs	skipped	103302807153	2026-09-11T14:40:03Z
Execute / Prepare keepalive round	skipped	103302726356	2026-09-11T14:39:49Z
Execute / Dispatch Agents Toolkit	skipped	103302725791	2026-09-11T14:39:49Z
Execute / Record Verification Outcome	skipped	103302725733	2026-09-11T14:39:49Z
Execute / Verify Assignment	skipped	103302725050	2026-09-11T14:39:49Z
Execute / Enforce keepalive run cap	skipped	103302724949	2026-09-11T14:39:49Z
Execute / Resolve orchestrator context	skipped	103302724842	2026-09-11T14:39:49Z
Execute / Belt Dispatcher / Select next agent issue	success	103302724742	2026-09-11T14:40:02Z
Execute / Scan belt promotion queue	failure	103302723506	2026-09-11T14:40:04Z
Execute / Evaluate keepalive gate	success	103302638790	2026-09-11T14:39:48Z
Initialize / Resolve Parameters	success	103302583693	2026-09-11T14:39:32Z
Initialize / Prepare keepalive write token	success	103302549715	2026-09-11T14:39:22Z
Initialize / Idle precheck	success	103302470448	2026-09-11T14:39:16Z
Initialize / Rate limit pre-check	success	103302382058	2026-09-11T14:39:02Z
Check event eligibility	success	103302297746	2026-09-11T14:38:46Z
Re-evaluate stalled agent PRs	success	103299632319	2026-09-11T14:30:52Z
auto-label	skipped	103299462467	2026-09-11T14:30:06Z
check	success	103299461239	2026-09-11T14:30:17Z
Refresh campaign queue	success	103299289340	2026-09-11T14:30:07Z
Execute / Post keepalive instruction	skipped	103295421613	2026-09-11T14:17:55Z
Execute / Validate branch sync (dry-run)	skipped	103295421610	2026-09-11T14:17:55Z
Execute / Keepalive post-work sync	skipped	103295421378	2026-09-11T14:17:55Z
Execute / Summarise belt dispatch outcomes	success	103295420579	2026-09-11T14:18:08Z
Execute / Belt Worker	skipped	103295420477	2026-09-11T14:17:55Z
Execute / Guard existing belt PRs	skipped	103295420212	2026-09-11T14:17:55Z
Execute / Auto-merge labelled agent PRs	skipped	103295386668	2026-09-11T14:17:49Z
Execute / Promote belt PRs	skipped	103295385432	2026-09-11T14:17:49Z
Execute / Resolve orchestrator context	skipped	103295324927	2026-09-11T14:17:37Z
Execute / Dispatch Agents Toolkit	skipped	103295324470	2026-09-11T14:17:37Z
Execute / Prepare keepalive round	skipped	103295324019	2026-09-11T14:17:37Z
Execute / Enforce keepalive run cap	skipped	103295323833	2026-09-11T14:17:37Z
Execute / Record Verification Outcome	skipped	103295323824	2026-09-11T14:17:37Z
Execute / Verify Assignment	skipped	103295323074	2026-09-11T14:17:37Z
Execute / Belt Dispatcher / Select next agent issue	success	103295322516	2026-09-11T14:17:54Z
Execute / Scan belt promotion queue	failure	103295321856	2026-09-11T14:17:48Z
Execute / Evaluate keepalive gate	success	103295248971	2026-09-11T14:17:37Z
Initialize / Resolve Parameters	success	103295170476	2026-09-11T14:17:23Z
Initialize / Prepare keepalive write token	success	103295138951	2026-09-11T14:17:09Z
Initialize / Idle precheck	success	103295068686	2026-09-11T14:17:03Z
Initialize / Rate limit pre-check	success	103294983032	2026-09-11T14:16:50Z
Check event eligibility	success	103294932808	2026-09-11T14:16:35Z
auto-label	skipped	103294256318	2026-09-11T14:14:14Z
Generate Diagnostic Report	success	103294244003	2026-09-11T14:14:28Z
check	success	103294200920	2026-09-11T14:14:23Z
Verify Load-Sharing (Token Rotation)	skipped	103294180732	2026-09-11T14:14:09Z
Alert on High Usage	success	103294178923	2026-09-11T14:14:22Z
Check Consumer Repo Activity	success	103294178776	2026-09-11T14:14:21Z
Refresh campaign queue	success	103294066692	2026-09-11T14:14:14Z
Generate Historical Report	skipped	103294004161	2026-09-11T14:13:37Z
Alert on Repeated Failure	success	103294002743	2026-09-11T14:13:51Z
Collect API Rate Limits	success	103294002630	2026-09-11T14:14:09Z
auto-label	skipped	103288213784	2026-09-11T13:55:51Z
check	success	103288207440	2026-09-11T13:55:58Z
Refresh campaign queue	success	103288081824	2026-09-11T13:55:50Z
auto-label	skipped	103285728797	2026-09-11T13:48:03Z
check	success	103285727295	2026-09-11T13:48:11Z
Refresh campaign queue	success	103285607766	2026-09-11T13:48:05Z
auto-label	skipped	103283230412	2026-09-11T13:40:12Z
check	success	103283227362	2026-09-11T13:40:19Z
Refresh campaign queue	success	103283075479	2026-09-11T13:40:15Z
Execute / Auto-merge labelled agent PRs	skipped	103282684531	2026-09-11T13:38:26Z
Execute / Post keepalive instruction	skipped	103282684286	2026-09-11T13:38:26Z
Execute / Validate branch sync (dry-run)	skipped	103282683666	2026-09-11T13:38:26Z
Execute / Promote belt PRs	skipped	103282683462	2026-09-11T13:38:26Z
Execute / Keepalive post-work sync	skipped	103282683226	2026-09-11T13:38:26Z
Execute / Summarise belt dispatch outcomes	success	103282683221	2026-09-11T13:38:34Z
Execute / Belt Worker	skipped	103282683179	2026-09-11T13:38:26Z
Execute / Guard existing belt PRs	skipped	103282681912	2026-09-11T13:38:26Z
Execute / Prepare keepalive round	skipped	103282611539	2026-09-11T13:38:12Z
Execute / Record Verification Outcome	skipped	103282611099	2026-09-11T13:38:12Z
Execute / Dispatch Agents Toolkit	skipped	103282611068	2026-09-11T13:38:12Z
Execute / Enforce keepalive run cap	skipped	103282610217	2026-09-11T13:38:12Z
Execute / Resolve orchestrator context	skipped	103282610060	2026-09-11T13:38:12Z
Execute / Verify Assignment	skipped	103282609899	2026-09-11T13:38:12Z
Execute / Belt Dispatcher / Select next agent issue	success	103282609657	2026-09-11T13:38:25Z
Execute / Scan belt promotion queue	failure	103282608720	2026-09-11T13:38:26Z
Execute / Evaluate keepalive gate	success	103282545459	2026-09-11T13:38:12Z
Initialize / Resolve Parameters	success	103282499934	2026-09-11T13:38:00Z
Initialize / Prepare keepalive write token	success	103282468584	2026-09-11T13:37:51Z
Initialize / Idle precheck	success	103282376284	2026-09-11T13:37:45Z
Initialize / Rate limit pre-check	success	103282307853	2026-09-11T13:37:28Z
Check event eligibility	success	103282257794	2026-09-11T13:37:15Z
Re-evaluate stalled agent PRs	success	103279806530	2026-09-11T13:29:38Z
auto-label	skipped	103279713778	2026-09-11T13:29:03Z
check	success	103279712032	2026-09-11T13:29:12Z
Refresh campaign queue	success	103279563344	2026-09-11T13:29:06Z
Execute / Post keepalive instruction	skipped	103275897130	2026-09-11T13:16:40Z
Execute / Keepalive post-work sync	skipped	103275896513	2026-09-11T13:16:39Z
Execute / Summarise belt dispatch outcomes	success	103275895766	2026-09-11T13:16:51Z
Execute / Validate branch sync (dry-run)	skipped	103275895588	2026-09-11T13:16:39Z
Execute / Belt Worker	skipped	103275894745	2026-09-11T13:16:39Z
Execute / Guard existing belt PRs	skipped	103275893861	2026-09-11T13:16:39Z
Execute / Auto-merge labelled agent PRs	skipped	103275878703	2026-09-11T13:16:36Z
Execute / Promote belt PRs	skipped	103275878035	2026-09-11T13:16:36Z
Execute / Prepare keepalive round	skipped	103275793658	2026-09-11T13:16:19Z
Execute / Dispatch Agents Toolkit	skipped	103275793238	2026-09-11T13:16:19Z
Execute / Record Verification Outcome	skipped	103275792871	2026-09-11T13:16:19Z
Execute / Verify Assignment	skipped	103275792181	2026-09-11T13:16:19Z
Execute / Resolve orchestrator context	skipped	103275792001	2026-09-11T13:16:19Z
Execute / Enforce keepalive run cap	skipped	103275791786	2026-09-11T13:16:19Z
Execute / Belt Dispatcher / Select next agent issue	success	103275791616	2026-09-11T13:16:38Z
Execute / Scan belt promotion queue	failure	103275790397	2026-09-11T13:16:36Z
Execute / Evaluate keepalive gate	success	103275697196	2026-09-11T13:16:19Z
Initialize / Resolve Parameters	success	103275649327	2026-09-11T13:16:00Z
Initialize / Prepare keepalive write token	success	103275619575	2026-09-11T13:15:51Z
Initialize / Idle precheck	success	103275492143	2026-09-11T13:15:46Z
Initialize / Rate limit pre-check	success	103275428593	2026-09-11T13:15:21Z
Check event eligibility	success	103275379291	2026-09-11T13:15:09Z
Generate Diagnostic Report	success	103274810979	2026-09-11T13:13:14Z
Verify Load-Sharing (Token Rotation)	skipped	103274765416	2026-09-11T13:12:59Z
Alert on High Usage	success	103274764105	2026-09-11T13:13:12Z
Check Consumer Repo Activity	success	103274764087	2026-09-11T13:13:08Z
Generate Historical Report	skipped	103274655218	2026-09-11T13:12:37Z
Alert on Repeated Failure	success	103274653862	2026-09-11T13:12:52Z
Collect API Rate Limits	success	103274653627	2026-09-11T13:12:59Z
auto-label	skipped	103274300533	2026-09-11T13:11:27Z
check	success	103274298521	2026-09-11T13:11:40Z
Refresh campaign queue	success	103274172718	2026-09-11T13:11:27Z
auto-label	skipped	103269459624	2026-09-11T12:55:19Z
check	success	103269459194	2026-09-11T12:55:27Z
Refresh campaign queue	success	103269320132	2026-09-11T12:55:20Z
Execute / Auto-merge labelled agent PRs	skipped	103267041534	2026-09-11T12:47:05Z
Execute / Promote belt PRs	skipped	103267040493	2026-09-11T12:47:05Z
Execute / Belt Worker	skipped	103266992497	2026-09-11T12:46:54Z
Execute / Post keepalive instruction	skipped	103266992124	2026-09-11T12:46:54Z
Execute / Summarise belt dispatch outcomes	success	103266991814	2026-09-11T12:47:02Z
Execute / Keepalive post-work sync	skipped	103266991603	2026-09-11T12:46:54Z
Execute / Validate branch sync (dry-run)	skipped	103266991602	2026-09-11T12:46:54Z
Execute / Guard existing belt PRs	skipped	103266990625	2026-09-11T12:46:54Z
Execute / Dispatch Agents Toolkit	skipped	103266930114	2026-09-11T12:46:41Z
Execute / Record Verification Outcome	skipped	103266930080	2026-09-11T12:46:41Z
Execute / Prepare keepalive round	skipped	103266929404	2026-09-11T12:46:41Z
Execute / Resolve orchestrator context	skipped	103266928871	2026-09-11T12:46:41Z
Execute / Enforce keepalive run cap	skipped	103266928515	2026-09-11T12:46:41Z
Execute / Verify Assignment	skipped	103266928479	2026-09-11T12:46:41Z
Execute / Belt Dispatcher / Select next agent issue	success	103266928405	2026-09-11T12:46:53Z
Execute / Scan belt promotion queue	failure	103266927414	2026-09-11T12:47:04Z
Execute / Evaluate keepalive gate	success	103266835955	2026-09-11T12:46:41Z
Initialize / Resolve Parameters	success	103266790600	2026-09-11T12:46:21Z
Initialize / Prepare keepalive write token	success	103266752510	2026-09-11T12:46:13Z
Initialize / Idle precheck	success	103266679329	2026-09-11T12:46:05Z
Initialize / Rate limit pre-check	success	103266589917	2026-09-11T12:45:50Z
Check event eligibility	success	103266534091	2026-09-11T12:45:31Z
auto-label	skipped	103265153842	2026-09-11T12:40:30Z
check	success	103265152880	2026-09-11T12:40:38Z
Refresh campaign queue	success	103265025765	2026-09-11T12:40:33Z
Re-evaluate stalled agent PRs	success	103265008168	2026-09-11T12:40:12Z
Execute / Post keepalive instruction	skipped	103260941617	2026-09-11T12:25:35Z
Execute / Keepalive post-work sync	skipped	103260940913	2026-09-11T12:25:34Z
Execute / Summarise belt dispatch outcomes	success	103260940780	2026-09-11T12:25:42Z
Execute / Validate branch sync (dry-run)	skipped	103260940409	2026-09-11T12:25:34Z
Execute / Belt Worker	skipped	103260940323	2026-09-11T12:25:34Z
Execute / Guard existing belt PRs	skipped	103260939436	2026-09-11T12:25:34Z
Execute / Promote belt PRs	skipped	103260920573	2026-09-11T12:25:30Z
Execute / Auto-merge labelled agent PRs	skipped	103260920416	2026-09-11T12:25:30Z
Execute / Prepare keepalive round	skipped	103260860524	2026-09-11T12:25:17Z
Execute / Resolve orchestrator context	skipped	103260860272	2026-09-11T12:25:17Z
Execute / Record Verification Outcome	skipped	103260860184	2026-09-11T12:25:17Z
Execute / Dispatch Agents Toolkit	skipped	103260860128	2026-09-11T12:25:17Z
Execute / Verify Assignment	skipped	103260860088	2026-09-11T12:25:17Z
Execute / Enforce keepalive run cap	skipped	103260859361	2026-09-11T12:25:17Z
Execute / Belt Dispatcher / Select next agent issue	success	103260858873	2026-09-11T12:25:34Z
Execute / Scan belt promotion queue	failure	103260858434	2026-09-11T12:25:30Z
Execute / Evaluate keepalive gate	success	103260719271	2026-09-11T12:25:17Z
Initialize / Resolve Parameters	success	103260657815	2026-09-11T12:24:47Z
Initialize / Prepare keepalive write token	success	103260621218	2026-09-11T12:24:35Z
Initialize / Idle precheck	success	103260560665	2026-09-11T12:24:27Z
Initialize / Rate limit pre-check	success	103260496774	2026-09-11T12:24:14Z
Check event eligibility	success	103260468918	2026-09-11T12:23:59Z
Generate Diagnostic Report	success	103259667262	2026-09-11T12:21:09Z
Verify Load-Sharing (Token Rotation)	skipped	103259630029	2026-09-11T12:20:47Z
Alert on High Usage	success	103259628653	2026-09-11T12:20:58Z
Check Consumer Repo Activity	success	103259628569	2026-09-11T12:20:56Z
Generate Historical Report	skipped	103259508460	2026-09-11T12:20:21Z
Alert on Repeated Failure	success	103259507118	2026-09-11T12:20:33Z
Collect API Rate Limits	success	103259506934	2026-09-11T12:20:47Z
auto-label	skipped	103258863439	2026-09-11T12:18:00Z
check	success	103258863080	2026-09-11T12:18:07Z
Refresh campaign queue	success	103258735460	2026-09-11T12:18:01Z
auto-label	skipped	103252343138	2026-09-11T11:53:14Z
check	success	103252341676	2026-09-11T11:53:24Z
Refresh campaign queue	success	103252233016	2026-09-11T11:53:17Z
auto-label	skipped	103250172429	2026-09-11T11:44:39Z
check	success	103250171747	2026-09-11T11:44:53Z
Refresh campaign queue	success	103250067305	2026-09-11T11:44:42Z
Execute / Auto-merge labelled agent PRs	skipped	103248619026	2026-09-11T11:38:28Z
Execute / Promote belt PRs	skipped	103248618390	2026-09-11T11:38:28Z
Execute / Post keepalive instruction	skipped	103248477847	2026-09-11T11:37:54Z
Execute / Keepalive post-work sync	skipped	103248477476	2026-09-11T11:37:54Z
Execute / Validate branch sync (dry-run)	skipped	103248477184	2026-09-11T11:37:54Z
Execute / Summarise belt dispatch outcomes	success	103248476698	2026-09-11T11:38:01Z
Execute / Guard existing belt PRs	skipped	103248476385	2026-09-11T11:37:54Z
Execute / Belt Worker	skipped	103248476234	2026-09-11T11:37:54Z
Execute / Record Verification Outcome	skipped	103248407604	2026-09-11T11:37:38Z
Execute / Prepare keepalive round	skipped	103248407470	2026-09-11T11:37:38Z
Execute / Resolve orchestrator context	skipped	103248407466	2026-09-11T11:37:37Z
Execute / Dispatch Agents Toolkit	skipped	103248407387	2026-09-11T11:37:38Z
Execute / Verify Assignment	skipped	103248406594	2026-09-11T11:37:37Z
Execute / Enforce keepalive run cap	skipped	103248406453	2026-09-11T11:37:37Z
Execute / Belt Dispatcher / Select next agent issue	success	103248406137	2026-09-11T11:37:53Z
Execute / Scan belt promotion queue	failure	103248405551	2026-09-11T11:38:27Z
Execute / Evaluate keepalive gate	success	103248355508	2026-09-11T11:37:37Z
Initialize / Resolve Parameters	success	103248298610	2026-09-11T11:37:25Z
Initialize / Prepare keepalive write token	success	103248275988	2026-09-11T11:37:12Z
auto-label	skipped	103248254862	2026-09-11T11:37:02Z
check	success	103248253489	2026-09-11T11:37:09Z
Refresh campaign queue	success	103248160836	2026-09-11T11:37:03Z
Initialize / Idle precheck	success	103248080626	2026-09-11T11:37:07Z
Initialize / Rate limit pre-check	success	103248022995	2026-09-11T11:36:21Z
Check event eligibility	success	103247972224	2026-09-11T11:36:07Z
Re-evaluate stalled agent PRs	success	103245995322	2026-09-11T11:28:27Z
auto-label	skipped	103245600829	2026-09-11T11:26:38Z
check	success	103245599873	2026-09-11T11:26:47Z
Refresh campaign queue	success	103245493252	2026-09-11T11:26:40Z
Execute / Post keepalive instruction	skipped	103242747368	2026-09-11T11:15:29Z
Execute / Summarise belt dispatch outcomes	success	103242746382	2026-09-11T11:15:39Z
Execute / Validate branch sync (dry-run)	skipped	103242746333	2026-09-11T11:15:29Z
Execute / Keepalive post-work sync	skipped	103242745920	2026-09-11T11:15:29Z
Execute / Belt Worker	skipped	103242745492	2026-09-11T11:15:29Z
Execute / Guard existing belt PRs	skipped	103242745251	2026-09-11T11:15:29Z
Execute / Auto-merge labelled agent PRs	skipped	103242719547	2026-09-11T11:15:23Z
Execute / Promote belt PRs	skipped	103242719342	2026-09-11T11:15:23Z
Execute / Record Verification Outcome	skipped	103242673337	2026-09-11T11:15:12Z
Execute / Dispatch Agents Toolkit	skipped	103242673125	2026-09-11T11:15:12Z
Execute / Prepare keepalive round	skipped	103242673052	2026-09-11T11:15:12Z
Execute / Enforce keepalive run cap	skipped	103242672629	2026-09-11T11:15:11Z
Execute / Resolve orchestrator context	skipped	103242672448	2026-09-11T11:15:11Z
Execute / Belt Dispatcher / Select next agent issue	success	103242671872	2026-09-11T11:15:28Z
Execute / Verify Assignment	skipped	103242671832	2026-09-11T11:15:11Z
Execute / Scan belt promotion queue	failure	103242670932	2026-09-11T11:15:22Z
Execute / Evaluate keepalive gate	success	103242599942	2026-09-11T11:15:11Z
Initialize / Resolve Parameters	success	103242544734	2026-09-11T11:14:54Z
Initialize / Prepare keepalive write token	success	103242505143	2026-09-11T11:14:41Z
Initialize / Idle precheck	success	103242446139	2026-09-11T11:14:31Z
Initialize / Rate limit pre-check	success	103242402298	2026-09-11T11:14:17Z
Check event eligibility	success	103242375339	2026-09-11T11:14:06Z
Generate Diagnostic Report	success	103241982731	2026-09-11T11:12:34Z
Verify Load-Sharing (Token Rotation)	skipped	103241947136	2026-09-11T11:12:15Z
Alert on High Usage	success	103241946063	2026-09-11T11:12:26Z
Check Consumer Repo Activity	success	103241946036	2026-09-11T11:12:24Z
Generate Historical Report	skipped	103241832722	2026-09-11T11:11:48Z
Collect API Rate Limits	success	103241831552	2026-09-11T11:12:15Z
Alert on Repeated Failure	success	103241831299	2026-09-11T11:11:59Z
auto-label	skipped	103241579992	2026-09-11T11:10:47Z
check	success	103241578787	2026-09-11T11:10:56Z
Refresh campaign queue	success	103241471517	2026-09-11T11:10:50Z
auto-label	skipped	103237162881	2026-09-11T10:53:06Z
check	success	103237161127	2026-09-11T10:53:15Z
Refresh campaign queue	success	103237061345	2026-09-11T10:53:08Z
auto-label	skipped	103234019239	2026-09-11T10:40:31Z
check	success	103234018945	2026-09-11T10:40:41Z
Refresh campaign queue	success	103233926245	2026-09-11T10:40:33Z
Execute / Post keepalive instruction	skipped	103233750961	2026-09-11T10:39:28Z
Execute / Validate branch sync (dry-run)	skipped	103233750510	2026-09-11T10:39:28Z
Execute / Keepalive post-work sync	skipped	103233750434	2026-09-11T10:39:28Z
Execute / Summarise belt dispatch outcomes	success	103233750200	2026-09-11T10:39:37Z
Execute / Belt Worker	skipped	103233749465	2026-09-11T10:39:28Z
Execute / Guard existing belt PRs	skipped	103233748609	2026-09-11T10:39:28Z
Execute / Auto-merge labelled agent PRs	skipped	103233723714	2026-09-11T10:39:22Z
Execute / Promote belt PRs	skipped	103233723358	2026-09-11T10:39:22Z
Execute / Prepare keepalive round	skipped	103233676532	2026-09-11T10:39:10Z
Execute / Record Verification Outcome	skipped	103233676087	2026-09-11T10:39:10Z
Execute / Dispatch Agents Toolkit	skipped	103233676050	2026-09-11T10:39:10Z
Execute / Enforce keepalive run cap	skipped	103233675850	2026-09-11T10:39:10Z
Execute / Resolve orchestrator context	skipped	103233675770	2026-09-11T10:39:10Z
Execute / Verify Assignment	skipped	103233675313	2026-09-11T10:39:10Z
Execute / Belt Dispatcher / Select next agent issue	success	103233674968	2026-09-11T10:39:27Z
Execute / Scan belt promotion queue	failure	103233674191	2026-09-11T10:39:21Z
Execute / Evaluate keepalive gate	success	103233450441	2026-09-11T10:39:10Z
Initialize / Resolve Parameters	success	103233415260	2026-09-11T10:38:17Z
Initialize / Prepare keepalive write token	success	103233376773	2026-09-11T10:38:09Z
Initialize / Idle precheck	success	103233331465	2026-09-11T10:38:00Z
Initialize / Rate limit pre-check	success	103233282313	2026-09-11T10:37:49Z
Check event eligibility	success	103233252440	2026-09-11T10:37:38Z
Re-evaluate stalled agent PRs	success	103231335989	2026-09-11T10:30:21Z
check	success	103231142445	2026-09-11T10:29:32Z
auto-label	skipped	103231142315	2026-09-11T10:29:20Z
Refresh campaign queue	success	103231028505	2026-09-11T10:29:23Z
health	success	103230338309	2026-09-11T10:26:25Z
Execute / Auto-merge labelled agent PRs	skipped	103228052581	2026-09-11T10:17:23Z
Execute / Post keepalive instruction	skipped	103228051836	2026-09-11T10:17:23Z
Execute / Promote belt PRs	skipped	103228051607	2026-09-11T10:17:23Z
Execute / Summarise belt dispatch outcomes	success	103228051350	2026-09-11T10:17:30Z
Execute / Keepalive post-work sync	skipped	103228050551	2026-09-11T10:17:23Z
Execute / Validate branch sync (dry-run)	skipped	103228049591	2026-09-11T10:17:23Z
Execute / Belt Worker	skipped	103228048852	2026-09-11T10:17:22Z
Execute / Guard existing belt PRs	skipped	103228048437	2026-09-11T10:17:22Z
Execute / Prepare keepalive round	skipped	103227973855	2026-09-11T10:17:06Z
Execute / Dispatch Agents Toolkit	skipped	103227973743	2026-09-11T10:17:06Z
Execute / Record Verification Outcome	skipped	103227973653	2026-09-11T10:17:06Z
Execute / Resolve orchestrator context	skipped	103227973279	2026-09-11T10:17:06Z
Execute / Verify Assignment	skipped	103227972494	2026-09-11T10:17:06Z
Execute / Enforce keepalive run cap	skipped	103227972392	2026-09-11T10:17:06Z
Execute / Belt Dispatcher / Select next agent issue	success	103227972050	2026-09-11T10:17:22Z
Execute / Scan belt promotion queue	failure	103227971188	2026-09-11T10:17:22Z
Execute / Evaluate keepalive gate	success	103227898936	2026-09-11T10:17:06Z
Initialize / Resolve Parameters	success	103227839986	2026-09-11T10:16:49Z
Initialize / Prepare keepalive write token	success	103227809166	2026-09-11T10:16:36Z
Initialize / Idle precheck	success	103227745921	2026-09-11T10:16:28Z
Initialize / Rate limit pre-check	success	103227688347	2026-09-11T10:16:14Z
Check event eligibility	success	103227659266	2026-09-11T10:16:01Z
Generate Diagnostic Report	success	103227228214	2026-09-11T10:14:23Z
Verify Load-Sharing (Token Rotation)	skipped	103227180169	2026-09-11T10:14:06Z
Check Consumer Repo Activity	success	103227179163	2026-09-11T10:14:17Z
Alert on High Usage	success	103227179128	2026-09-11T10:14:18Z
Generate Historical Report	skipped	103227018655	2026-09-11T10:13:29Z
Alert on Repeated Failure	success	103227017619	2026-09-11T10:13:43Z
Collect API Rate Limits	success	103227017302	2026-09-11T10:14:06Z
auto-label	skipped	103226612698	2026-09-11T10:11:56Z
check	success	103226611029	2026-09-11T10:12:03Z
Refresh campaign queue	success	103226503219	2026-09-11T10:11:59Z
auto-label	skipped	103221746086	2026-09-11T09:53:23Z
check	success	103221744582	2026-09-11T09:53:35Z
Refresh campaign queue	success	103221630453	2026-09-11T09:53:24Z
auto-label	skipped	103219425716	2026-09-11T09:44:39Z
check	success	103219424218	2026-09-11T09:44:47Z
Refresh campaign queue	success	103219323695	2026-09-11T09:44:39Z
Execute / Auto-merge labelled agent PRs	skipped	103218310437	2026-09-11T09:40:28Z
Execute / Promote belt PRs	skipped	103218309869	2026-09-11T09:40:28Z
Execute / Post keepalive instruction	skipped	103218295075	2026-09-11T09:40:25Z
Execute / Summarise belt dispatch outcomes	success	103218294969	2026-09-11T09:40:37Z
Execute / Validate branch sync (dry-run)	skipped	103218294784	2026-09-11T09:40:25Z
Execute / Keepalive post-work sync	skipped	103218294743	2026-09-11T09:40:25Z
Execute / Guard existing belt PRs	skipped	103218294246	2026-09-11T09:40:24Z
Execute / Belt Worker	skipped	103218294159	2026-09-11T09:40:25Z
Execute / Record Verification Outcome	skipped	103218240059	2026-09-11T09:40:13Z
Execute / Dispatch Agents Toolkit	skipped	103218239967	2026-09-11T09:40:13Z
Execute / Prepare keepalive round	skipped	103218239470	2026-09-11T09:40:13Z
Execute / Enforce keepalive run cap	skipped	103218239363	2026-09-11T09:40:13Z
Execute / Verify Assignment	skipped	103218239305	2026-09-11T09:40:13Z
Execute / Resolve orchestrator context	skipped	103218239101	2026-09-11T09:40:13Z
Execute / Belt Dispatcher / Select next agent issue	success	103218238060	2026-09-11T09:40:24Z
Execute / Scan belt promotion queue	failure	103218237446	2026-09-11T09:40:28Z
Execute / Evaluate keepalive gate	success	103218150850	2026-09-11T09:40:12Z
Initialize / Resolve Parameters	success	103218068742	2026-09-11T09:39:54Z
Initialize / Prepare keepalive write token	success	103218020571	2026-09-11T09:39:36Z
Initialize / Idle precheck	success	103217957886	2026-09-11T09:39:25Z
Initialize / Rate limit pre-check	success	103217886503	2026-09-11T09:39:11Z
Check event eligibility	success	103217849055	2026-09-11T09:38:55Z
Re-evaluate stalled agent PRs	success	103215906941	2026-09-11T09:31:45Z
auto-label	skipped	103215814962	2026-09-11T09:31:11Z
check	success	103215814126	2026-09-11T09:31:22Z
Refresh campaign queue	success	103215651259	2026-09-11T09:31:12Z
Execute / Keepalive post-work sync	skipped	103212349859	2026-09-11T09:18:29Z
Execute / Post keepalive instruction	skipped	103212349848	2026-09-11T09:18:29Z
Execute / Validate branch sync (dry-run)	skipped	103212349845	2026-09-11T09:18:29Z
Execute / Belt Worker	skipped	103212349455	2026-09-11T09:18:28Z
Execute / Summarise belt dispatch outcomes	success	103212349264	2026-09-11T09:18:38Z
Execute / Guard existing belt PRs	skipped	103212349010	2026-09-11T09:18:28Z
Execute / Promote belt PRs	skipped	103212317731	2026-09-11T09:18:21Z
Execute / Auto-merge labelled agent PRs	skipped	103212317585	2026-09-11T09:18:21Z
Execute / Prepare keepalive round	skipped	103212257724	2026-09-11T09:18:08Z
Execute / Dispatch Agents Toolkit	skipped	103212257106	2026-09-11T09:18:08Z
Execute / Record Verification Outcome	skipped	103212256613	2026-09-11T09:18:08Z
Execute / Verify Assignment	skipped	103212256556	2026-09-11T09:18:08Z
Execute / Enforce keepalive run cap	skipped	103212256548	2026-09-11T09:18:08Z
Execute / Resolve orchestrator context	skipped	103212256328	2026-09-11T09:18:08Z
Execute / Belt Dispatcher / Select next agent issue	success	103212255414	2026-09-11T09:18:28Z
Execute / Scan belt promotion queue	failure	103212254853	2026-09-11T09:18:21Z
Execute / Evaluate keepalive gate	success	103212186114	2026-09-11T09:18:07Z
Initialize / Resolve Parameters	success	103212145185	2026-09-11T09:17:52Z
Initialize / Prepare keepalive write token	success	103212121675	2026-09-11T09:17:44Z
Initialize / Idle precheck	success	103212058773	2026-09-11T09:17:39Z
Initialize / Rate limit pre-check	success	103212013149	2026-09-11T09:17:24Z
Check event eligibility	success	103211970030	2026-09-11T09:17:14Z
auto-label	skipped	103211722279	2026-09-11T09:16:09Z
check	success	103211721371	2026-09-11T09:16:19Z
Refresh campaign queue	success	103211423968	2026-09-11T09:16:11Z
Generate Diagnostic Report	success	103211385262	2026-09-11T09:15:05Z
Verify Load-Sharing (Token Rotation)	skipped	103211344881	2026-09-11T09:14:47Z
Check Consumer Repo Activity	success	103211343739	2026-09-11T09:14:56Z
Alert on High Usage	success	103211343716	2026-09-11T09:15:00Z
Generate Historical Report	skipped	103211222796	2026-09-11T09:14:19Z
Collect API Rate Limits	success	103211221977	2026-09-11T09:14:47Z
Alert on Repeated Failure	success	103211221727	2026-09-11T09:14:30Z
auto-label	skipped	103206290598	2026-09-11T08:55:58Z
check	success	103206245453	2026-09-11T08:56:07Z
Refresh campaign queue	success	103206136491	2026-09-11T08:55:58Z
auto-label	skipped	103204233764	2026-09-11T08:48:16Z
check	success	103204205054	2026-09-11T08:48:28Z
Refresh campaign queue	success	103204079677	2026-09-11T08:48:18Z
Execute / Auto-merge labelled agent PRs	skipped	103203014551	2026-09-11T08:43:43Z
Execute / Promote belt PRs	skipped	103203014135	2026-09-11T08:43:42Z
Execute / Post keepalive instruction	skipped	103203010849	2026-09-11T08:43:42Z
Execute / Keepalive post-work sync	skipped	103203010275	2026-09-11T08:43:42Z
Execute / Validate branch sync (dry-run)	skipped	103203010224	2026-09-11T08:43:42Z
Execute / Belt Worker	skipped	103203009974	2026-09-11T08:43:41Z
Execute / Summarise belt dispatch outcomes	success	103203009819	2026-09-11T08:43:53Z
Execute / Guard existing belt PRs	skipped	103203009342	2026-09-11T08:43:41Z
Execute / Prepare keepalive round	skipped	103202930975	2026-09-11T08:43:23Z
Execute / Dispatch Agents Toolkit	skipped	103202930947	2026-09-11T08:43:23Z
Execute / Record Verification Outcome	skipped	103202930884	2026-09-11T08:43:23Z
Execute / Enforce keepalive run cap	skipped	103202930313	2026-09-11T08:43:23Z
Execute / Verify Assignment	skipped	103202930160	2026-09-11T08:43:23Z
Execute / Resolve orchestrator context	skipped	103202929917	2026-09-11T08:43:23Z
Execute / Belt Dispatcher / Select next agent issue	success	103202929335	2026-09-11T08:43:41Z
Execute / Scan belt promotion queue	failure	103202928877	2026-09-11T08:43:42Z
Execute / Evaluate keepalive gate	success	103202855420	2026-09-11T08:43:23Z
Initialize / Resolve Parameters	success	103202802471	2026-09-11T08:43:05Z
Initialize / Prepare keepalive write token	success	103202773865	2026-09-11T08:42:53Z
Initialize / Idle precheck	success	103202726651	2026-09-11T08:42:46Z
Initialize / Rate limit pre-check	success	103202682122	2026-09-11T08:42:34Z
Check event eligibility	success	103202650962	2026-09-11T08:42:24Z
auto-label	skipped	103201207243	2026-09-11T08:36:30Z
Re-evaluate stalled agent PRs	success	103201200006	2026-09-11T08:36:59Z
check	success	103201166612	2026-09-11T08:36:43Z
Refresh campaign queue	success	103201043906	2026-09-11T08:36:29Z
check-expiration	success	103198318143	2026-09-11T08:25:51Z
Execute / Post keepalive instruction	skipped	103197625533	2026-09-11T08:22:54Z
Execute / Validate branch sync (dry-run)	skipped	103197624859	2026-09-11T08:22:54Z
Execute / Keepalive post-work sync	skipped	103197624806	2026-09-11T08:22:54Z
Execute / Summarise belt dispatch outcomes	success	103197624584	2026-09-11T08:23:03Z
Execute / Belt Worker	skipped	103197624059	2026-09-11T08:22:54Z
Execute / Guard existing belt PRs	skipped	103197623576	2026-09-11T08:22:54Z
Execute / Auto-merge labelled agent PRs	skipped	103197584908	2026-09-11T08:22:45Z
Execute / Promote belt PRs	skipped	103197584304	2026-09-11T08:22:45Z
Execute / Dispatch Agents Toolkit	skipped	103197530078	2026-09-11T08:22:32Z
Execute / Prepare keepalive round	skipped	103197529937	2026-09-11T08:22:32Z
Execute / Enforce keepalive run cap	skipped	103197529270	2026-09-11T08:22:31Z
Execute / Record Verification Outcome	skipped	103197529250	2026-09-11T08:22:32Z
Execute / Verify Assignment	skipped	103197529097	2026-09-11T08:22:31Z
Execute / Resolve orchestrator context	skipped	103197529083	2026-09-11T08:22:31Z
Execute / Belt Dispatcher / Select next agent issue	success	103197528343	2026-09-11T08:22:53Z
Execute / Scan belt promotion queue	failure	103197527643	2026-09-11T08:22:44Z
Execute / Evaluate keepalive gate	success	103197472875	2026-09-11T08:22:31Z
Initialize / Resolve Parameters	success	103197431276	2026-09-11T08:22:18Z
Initialize / Prepare keepalive write token	success	103197389081	2026-09-11T08:22:08Z
Initialize / Idle precheck	success	103197343381	2026-09-11T08:21:58Z
Initialize / Rate limit pre-check	success	103197297712	2026-09-11T08:21:47Z
Check event eligibility	success	103197262070	2026-09-11T08:21:37Z
Generate Diagnostic Report	success	103196558038	2026-09-11T08:18:50Z
Verify Load-Sharing (Token Rotation)	skipped	103196530990	2026-09-11T08:18:38Z
Alert on High Usage	success	103196529379	2026-09-11T08:18:48Z
Check Consumer Repo Activity	success	103196529370	2026-09-11T08:18:44Z
Generate Historical Report	skipped	103196417364	2026-09-11T08:18:13Z
Alert on Repeated Failure	success	103196415982	2026-09-11T08:18:29Z
Collect API Rate Limits	success	103196415677	2026-09-11T08:18:38Z
auto-label	skipped	103195817586	2026-09-11T08:15:54Z
check	success	103195816498	2026-09-11T08:16:06Z
Refresh campaign queue	success	103195712182	2026-09-11T08:15:56Z
auto-label	skipped	103190340785	2026-09-11T07:54:29Z
check	success	103190340076	2026-09-11T07:54:37Z
Refresh campaign queue	success	103190242502	2026-09-11T07:54:32Z
auto-label	skipped	103188422875	2026-09-11T07:46:44Z
check	success	103188422452	2026-09-11T07:46:52Z
Refresh campaign queue	success	103188307864	2026-09-11T07:46:48Z
Execute / Post keepalive instruction	skipped	103187280122	2026-09-11T07:42:07Z
Execute / Keepalive post-work sync	skipped	103187279284	2026-09-11T07:42:07Z
Execute / Summarise belt dispatch outcomes	success	103187279111	2026-09-11T07:42:16Z
Execute / Validate branch sync (dry-run)	skipped	103187279027	2026-09-11T07:42:07Z
Execute / Belt Worker	skipped	103187278232	2026-09-11T07:42:07Z
Execute / Guard existing belt PRs	skipped	103187278000	2026-09-11T07:42:07Z
Execute / Auto-merge labelled agent PRs	skipped	103187233693	2026-09-11T07:41:56Z
Execute / Promote belt PRs	skipped	103187233377	2026-09-11T07:41:56Z
Execute / Prepare keepalive round	skipped	103187176379	2026-09-11T07:41:42Z
Execute / Record Verification Outcome	skipped	103187176323	2026-09-11T07:41:42Z
Execute / Dispatch Agents Toolkit	skipped	103187176268	2026-09-11T07:41:42Z
Execute / Enforce keepalive run cap	skipped	103187175909	2026-09-11T07:41:42Z
Execute / Resolve orchestrator context	skipped	103187175765	2026-09-11T07:41:42Z
Execute / Verify Assignment	skipped	103187175580	2026-09-11T07:41:42Z
Execute / Belt Dispatcher / Select next agent issue	success	103187175147	2026-09-11T07:42:06Z
Execute / Scan belt promotion queue	failure	103187174301	2026-09-11T07:41:55Z
Execute / Evaluate keepalive gate	success	103186821490	2026-09-11T07:41:42Z
Initialize / Resolve Parameters	success	103186762458	2026-09-11T07:40:17Z
Initialize / Prepare keepalive write token	success	103186726484	2026-09-11T07:40:04Z
Initialize / Idle precheck	success	103186673863	2026-09-11T07:39:55Z
Initialize / Rate limit pre-check	success	103186615850	2026-09-11T07:39:41Z
Check event eligibility	success	103186577326	2026-09-11T07:39:28Z
auto-label	skipped	103186369027	2026-09-11T07:38:26Z
check	success	103186368523	2026-09-11T07:38:34Z
Refresh campaign queue	success	103186235547	2026-09-11T07:38:25Z
Re-evaluate stalled agent PRs	success	103184655561	2026-09-11T07:31:56Z
auto-label	skipped	103182529124	2026-09-11T07:22:43Z
check	success	103182528452	2026-09-11T07:22:55Z
Refresh campaign queue	success	103182435312	2026-09-11T07:22:46Z
Execute / Validate branch sync (dry-run)	skipped	103181510508	2026-09-11T07:18:31Z
Execute / Keepalive post-work sync	skipped	103181510475	2026-09-11T07:18:31Z
Execute / Post keepalive instruction	skipped	103181510448	2026-09-11T07:18:31Z
Execute / Summarise belt dispatch outcomes	success	103181510188	2026-09-11T07:18:43Z
Execute / Belt Worker	skipped	103181509991	2026-09-11T07:18:31Z
Execute / Guard existing belt PRs	skipped	103181509063	2026-09-11T07:18:31Z
Execute / Auto-merge labelled agent PRs	skipped	103181504113	2026-09-11T07:18:30Z
Execute / Promote belt PRs	skipped	103181503928	2026-09-11T07:18:30Z
Execute / Dispatch Agents Toolkit	skipped	103181444918	2026-09-11T07:18:16Z
Execute / Record Verification Outcome	skipped	103181444679	2026-09-11T07:18:16Z
Execute / Prepare keepalive round	skipped	103181444611	2026-09-11T07:18:16Z
Execute / Verify Assignment	skipped	103181444471	2026-09-11T07:18:16Z
Execute / Resolve orchestrator context	skipped	103181444358	2026-09-11T07:18:16Z
Execute / Enforce keepalive run cap	skipped	103181444169	2026-09-11T07:18:16Z
Execute / Belt Dispatcher / Select next agent issue	success	103181443644	2026-09-11T07:18:30Z
Execute / Scan belt promotion queue	failure	103181442935	2026-09-11T07:18:29Z
Execute / Evaluate keepalive gate	success	103181373825	2026-09-11T07:18:15Z
Initialize / Resolve Parameters	success	103181334599	2026-09-11T07:17:58Z
Initialize / Prepare keepalive write token	success	103181311238	2026-09-11T07:17:49Z
Initialize / Idle precheck	success	103181268536	2026-09-11T07:17:43Z
Initialize / Rate limit pre-check	success	103181202431	2026-09-11T07:17:33Z
Check event eligibility	success	103181160033	2026-09-11T07:17:17Z
Generate Diagnostic Report	success	103180564295	2026-09-11T07:14:52Z
Verify Load-Sharing (Token Rotation)	skipped	103180530524	2026-09-11T07:14:37Z
Alert on High Usage	success	103180529349	2026-09-11T07:15:31Z
Check Consumer Repo Activity	success	103180529292	2026-09-11T07:14:45Z
Generate Historical Report	skipped	103180453121	2026-09-11T07:14:17Z
Collect API Rate Limits	success	103180452102	2026-09-11T07:14:37Z
Alert on Repeated Failure	success	103180451859	2026-09-11T07:14:33Z
auto-label	skipped	103176916011	2026-09-11T06:59:32Z
check	success	103176914242	2026-09-11T06:59:44Z
Refresh campaign queue	success	103176810378	2026-09-11T06:59:36Z
coverage guard outcome	success	103176355439	2026-09-11T06:57:09Z
coverage baseline monitor	failure	103176315333	2026-09-11T06:57:05Z
Rate limit gate	success	103176254865	2026-09-11T06:56:54Z
Publish Results	failure	103175742544	2026-09-11T06:54:26Z
Aggregate & Verify	failure	103175718297	2026-09-11T06:54:19Z
Scenario - metrics_only / logs summary	success	103175645250	2026-09-11T06:54:12Z
Scenario - classification_only / logs summary	success	103175629076	2026-09-11T06:54:04Z
Scenario - minimal / logs summary	success	103175617097	2026-09-11T06:54:02Z
Scenario - full_soft_gate / logs summary	success	103175507994	2026-09-11T06:53:29Z
Scenario - coverage_delta / logs summary	success	103175504573	2026-09-11T06:53:26Z
Scenario - metrics_history / logs summary	success	103175424165	2026-09-11T06:53:10Z
Execute / Post keepalive instruction	skipped	103175254859	2026-09-11T06:52:07Z
Execute / Keepalive post-work sync	skipped	103175254380	2026-09-11T06:52:07Z
Execute / Validate branch sync (dry-run)	skipped	103175254060	2026-09-11T06:52:07Z
Execute / Belt Worker	skipped	103175253876	2026-09-11T06:52:07Z
Execute / Summarise belt dispatch outcomes	success	103175253796	2026-09-11T06:52:19Z
Execute / Guard existing belt PRs	skipped	103175252786	2026-09-11T06:52:07Z
Execute / Auto-merge labelled agent PRs	skipped	103175239744	2026-09-11T06:52:04Z
Execute / Promote belt PRs	skipped	103175238832	2026-09-11T06:52:04Z
Execute / Dispatch Agents Toolkit	skipped	103175188728	2026-09-11T06:51:51Z
Execute / Record Verification Outcome	skipped	103175188175	2026-09-11T06:51:51Z
Execute / Resolve orchestrator context	skipped	103175188085	2026-09-11T06:51:50Z
Execute / Prepare keepalive round	skipped	103175188022	2026-09-11T06:51:51Z
Execute / Verify Assignment	skipped	103175187890	2026-09-11T06:51:50Z
Execute / Enforce keepalive run cap	skipped	103175187652	2026-09-11T06:51:50Z
Execute / Belt Dispatcher / Select next agent issue	success	103175187025	2026-09-11T06:52:07Z
Execute / Scan belt promotion queue	failure	103175186445	2026-09-11T06:52:03Z
Execute / Evaluate keepalive gate	success	103175142982	2026-09-11T06:51:50Z
Initialize / Resolve Parameters	success	103175110954	2026-09-11T06:51:38Z
Initialize / Prepare keepalive write token	success	103175090597	2026-09-11T06:51:29Z
Initialize / Idle precheck	success	103175032278	2026-09-11T06:51:23Z
Initialize / Rate limit pre-check	success	103174970433	2026-09-11T06:51:08Z
Check event eligibility	success	103174936384	2026-09-11T06:50:52Z
auto-label	skipped	103174472505	2026-09-11T06:48:38Z
check	success	103174470971	2026-09-11T06:48:48Z
Refresh campaign queue	success	103174374786	2026-09-11T06:48:40Z
Scenario - classification_only / python 3.12	failure	103174208461	2026-09-11T06:53:49Z
Scenario - metrics_history / python 3.12	failure	103174205181	2026-09-11T06:52:53Z
Scenario - metrics_only / python 3.12	failure	103174204576	2026-09-11T06:53:53Z
Scenario - coverage_delta / python 3.12	failure	103174195626	2026-09-11T06:53:14Z
Scenario - minimal / python 3.12	failure	103174189790	2026-09-11T06:53:45Z
Scenario - full_soft_gate / python 3.12	failure	103174189524	2026-09-11T06:53:15Z
Scenario - classification_only / typecheck-mypy	success	103174175680	2026-09-11T06:47:59Z
Scenario - classification_only / lint-format	success	103174175675	2026-09-11T06:48:14Z
Scenario - classification_only / lint-ruff	success	103174175627	2026-09-11T06:47:39Z
Scenario - classification_only / select reusable CI scope	success	103174175617	2026-09-11T06:47:26Z
Scenario - metrics_only / lint-ruff	success	103174173362	2026-09-11T06:47:40Z
Scenario - metrics_only / select reusable CI scope	success	103174173354	2026-09-11T06:47:25Z
Scenario - metrics_only / typecheck-mypy	success	103174173352	2026-09-11T06:47:42Z
Scenario - metrics_only / lint-format	success	103174173347	2026-09-11T06:48:14Z
Scenario - metrics_history / lint-format	success	103174172128	2026-09-11T06:48:14Z
Scenario - metrics_history / lint-ruff	success	103174172119	2026-09-11T06:47:52Z
Scenario - metrics_history / select reusable CI scope	success	103174172101	2026-09-11T06:47:25Z
Scenario - metrics_history / typecheck-mypy	success	103174172092	2026-09-11T06:47:48Z
Scenario - minimal / lint-ruff	success	103174169765	2026-09-11T06:47:46Z
Scenario - minimal / lint-format	success	103174169742	2026-09-11T06:48:09Z
Scenario - minimal / typecheck-mypy	success	103174169709	2026-09-11T06:47:53Z
Scenario - minimal / select reusable CI scope	success	103174169669	2026-09-11T06:47:20Z
Scenario - coverage_delta / lint-format	success	103174167164	2026-09-11T06:48:09Z
Scenario - coverage_delta / typecheck-mypy	success	103174167151	2026-09-11T06:47:59Z
Scenario - coverage_delta / lint-ruff	success	103174167119	2026-09-11T06:47:39Z
Scenario - coverage_delta / select reusable CI scope	success	103174167115	2026-09-11T06:47:22Z
Scenario - full_soft_gate / lint-ruff	success	103174164732	2026-09-11T06:47:48Z
Scenario - full_soft_gate / lint-format	success	103174164675	2026-09-11T06:48:03Z
Scenario - full_soft_gate / typecheck-mypy	success	103174164649	2026-09-11T06:47:49Z
Scenario - full_soft_gate / select reusable CI scope	success	103174164628	2026-09-11T06:47:20Z
Scenario - minimal / Validate inputs	success	103174149918	2026-09-11T06:47:14Z
Scenario - classification_only / Validate inputs	success	103174149901	2026-09-11T06:47:16Z
Scenario - metrics_history / Validate inputs	success	103174149892	2026-09-11T06:47:15Z
Scenario - coverage_delta / Validate inputs	success	103174149865	2026-09-11T06:47:14Z
Scenario - full_soft_gate / Validate inputs	success	103174149823	2026-09-11T06:47:13Z
Scenario - metrics_only / Validate inputs	success	103174149767	2026-09-11T06:47:15Z
Select reusable CI scenarios	success	103174092426	2026-09-11T06:47:01Z
Rate limit gate	success	103174091919	2026-09-11T06:47:09Z
branch protection sweep	skipped	103173606586	2026-09-11T06:44:41Z
workflow lint (maint-36)	skipped	103173606290	2026-09-11T06:44:41Z
workflow liveness (zero-job approval holds)	success	103173605546	2026-09-11T06:46:32Z
detect workflow edits	success	103173462243	2026-09-11T06:44:41Z
Re-evaluate stalled agent PRs	success	103173437816	2026-09-11T06:44:07Z
Resolve recovered drift alert	skipped	103172262704	2026-09-11T06:38:31Z
Publish actionable drift alert	success	103172261851	2026-09-11T06:38:48Z
Validate consumer repo drift	failure	103172128951	2026-09-11T06:38:31Z
Execute / Post keepalive instruction	skipped	103170165511	2026-09-11T06:28:45Z
Execute / Validate branch sync (dry-run)	skipped	103170165493	2026-09-11T06:28:44Z
Execute / Keepalive post-work sync	skipped	103170165084	2026-09-11T06:28:44Z
Execute / Summarise belt dispatch outcomes	success	103170164726	2026-09-11T06:28:54Z
Execute / Belt Worker	skipped	103170164666	2026-09-11T06:28:44Z
Execute / Guard existing belt PRs	skipped	103170164619	2026-09-11T06:28:44Z
Execute / Auto-merge labelled agent PRs	skipped	103170106564	2026-09-11T06:28:28Z
Execute / Promote belt PRs	skipped	103170106264	2026-09-11T06:28:28Z
Execute / Prepare keepalive round	skipped	103170054308	2026-09-11T06:28:13Z
Execute / Dispatch Agents Toolkit	skipped	103170054220	2026-09-11T06:28:13Z
Execute / Enforce keepalive run cap	skipped	103170054035	2026-09-11T06:28:12Z
Execute / Resolve orchestrator context	skipped	103170053912	2026-09-11T06:28:12Z
Execute / Record Verification Outcome	skipped	103170053771	2026-09-11T06:28:12Z
Execute / Verify Assignment	skipped	103170053733	2026-09-11T06:28:12Z
Execute / Belt Dispatcher / Select next agent issue	success	103170053094	2026-09-11T06:28:44Z
Execute / Scan belt promotion queue	failure	103170052559	2026-09-11T06:28:27Z
Execute / Evaluate keepalive gate	success	103169990899	2026-09-11T06:28:12Z
Initialize / Resolve Parameters	success	103169963369	2026-09-11T06:27:54Z
Initialize / Prepare keepalive write token	success	103169817027	2026-09-11T06:27:47Z
Initialize / Idle precheck	success	103169777285	2026-09-11T06:27:05Z
Initialize / Rate limit pre-check	success	103169737998	2026-09-11T06:26:54Z
Check event eligibility	success	103169709734	2026-09-11T06:26:43Z
auto-label	skipped	103169142035	2026-09-11T06:23:56Z
check	success	103169139750	2026-09-11T06:24:03Z
Refresh campaign queue	success	103169046841	2026-09-11T06:23:59Z
Generate Diagnostic Report	success	103168935018	2026-09-11T06:23:06Z
Verify Load-Sharing (Token Rotation)	skipped	103168904576	2026-09-11T06:22:50Z
Check Consumer Repo Activity	success	103168903779	2026-09-11T06:22:58Z
Alert on High Usage	success	103168903711	2026-09-11T06:23:07Z
Generate Historical Report	skipped	103168813620	2026-09-11T06:22:23Z
Collect API Rate Limits	success	103168812799	2026-09-11T06:22:49Z
Alert on Repeated Failure	success	103168812643	2026-09-11T06:22:41Z
Check sync workflow health	failure	103165365946	2026-09-11T06:05:36Z
auto-label	skipped	103163574079	2026-09-11T05:55:58Z
check	success	103163541920	2026-09-11T05:56:10Z
Refresh campaign queue	success	103163471795	2026-09-11T05:56:01Z
auto-label	skipped	103162112739	2026-09-11T05:48:03Z
check	success	103162093204	2026-09-11T05:48:13Z
Refresh campaign queue	success	103162029570	2026-09-11T05:48:04Z
auto-label	skipped	103160636912	2026-09-11T05:40:07Z
check	success	103160606208	2026-09-11T05:40:16Z
Refresh campaign queue	success	103160529688	2026-09-11T05:40:09Z
Execute / Auto-merge labelled agent PRs	skipped	103160390264	2026-09-11T05:38:57Z
Execute / Promote belt PRs	skipped	103160389672	2026-09-11T05:38:57Z
Execute / Validate branch sync (dry-run)	skipped	103160382012	2026-09-11T05:38:55Z
Execute / Post keepalive instruction	skipped	103160381828	2026-09-11T05:38:55Z
Execute / Keepalive post-work sync	skipped	103160381803	2026-09-11T05:38:55Z
Execute / Belt Worker	skipped	103160381516	2026-09-11T05:38:55Z
Execute / Summarise belt dispatch outcomes	success	103160381445	2026-09-11T05:39:07Z
Execute / Guard existing belt PRs	skipped	103160380874	2026-09-11T05:38:54Z
Execute / Record Verification Outcome	skipped	103160340158	2026-09-11T05:38:42Z
Execute / Dispatch Agents Toolkit	skipped	103160339859	2026-09-11T05:38:42Z
Execute / Enforce keepalive run cap	skipped	103160339691	2026-09-11T05:38:42Z
Execute / Verify Assignment	skipped	103160339559	2026-09-11T05:38:42Z
Execute / Prepare keepalive round	skipped	103160339553	2026-09-11T05:38:42Z
Execute / Resolve orchestrator context	skipped	103160339156	2026-09-11T05:38:42Z
Execute / Belt Dispatcher / Select next agent issue	success	103160338756	2026-09-11T05:38:54Z
Execute / Scan belt promotion queue	failure	103160338428	2026-09-11T05:38:57Z
Execute / Evaluate keepalive gate	success	103160300702	2026-09-11T05:38:41Z
Initialize / Resolve Parameters	success	103160258945	2026-09-11T05:38:29Z
Initialize / Prepare keepalive write token	success	103160231870	2026-09-11T05:38:16Z
Initialize / Idle precheck	success	103160185190	2026-09-11T05:38:08Z
Resolve recovered drift alert	skipped	103160144385	2026-09-11T05:37:40Z
Publish actionable drift alert	success	103160143501	2026-09-11T05:37:52Z
Initialize / Rate limit pre-check	success	103160142054	2026-09-11T05:37:53Z
Check event eligibility	success	103160113093	2026-09-11T05:37:40Z
Validate consumer repo drift	failure	103160037297	2026-09-11T05:37:40Z
merge_sync_prs	success	103159948468	2026-09-11T05:37:03Z
Validate Integration-Tests sync	success	103159877632	2026-09-11T05:37:06Z
Re-evaluate stalled agent PRs	success	103158626742	2026-09-11T05:29:52Z
auto-label	skipped	103158450530	2026-09-11T05:28:40Z
check	success	103158448725	2026-09-11T05:28:47Z
Refresh campaign queue	success	103158373826	2026-09-11T05:28:41Z
Report integration status	success	103157953000	2026-09-11T05:26:18Z
Integration - full / logs summary	success	103157919130	2026-09-11T05:26:02Z
Integration - monorepo / logs summary	success	103157888609	2026-09-11T05:25:53Z
Integration - basic / logs summary	success	103157884919	2026-09-11T05:25:56Z
Integration - monorepo / python 3.12	success	103156717172	2026-09-11T05:25:41Z
Integration - full / python 3.13	success	103156711179	2026-09-11T05:25:38Z
Integration - full / python 3.12	success	103156711155	2026-09-11T05:25:51Z
Integration - basic / python 3.12	success	103156710947	2026-09-11T05:25:40Z
Integration - basic / typecheck-mypy	skipped	103156692738	2026-09-11T05:19:17Z
Integration - basic / lint-ruff	skipped	103156692288	2026-09-11T05:19:17Z
Integration - basic / lint-format	skipped	103156692246	2026-09-11T05:19:17Z
Integration - basic / select reusable CI scope	success	103156691425	2026-09-11T05:19:23Z
Integration - full / select reusable CI scope	success	103156687956	2026-09-11T05:19:23Z
Integration - full / lint-format	success	103156687946	2026-09-11T05:19:59Z
Integration - full / typecheck-mypy	success	103156687921	2026-09-11T05:19:55Z
Integration - full / lint-ruff	success	103156687915	2026-09-11T05:19:47Z
Integration - monorepo / lint-ruff	success	103156687665	2026-09-11T05:19:53Z
Integration - monorepo / typecheck-mypy	success	103156687659	2026-09-11T05:20:02Z
Integration - monorepo / lint-format	success	103156687642	2026-09-11T05:19:46Z
Integration - monorepo / select reusable CI scope	success	103156687630	2026-09-11T05:19:25Z
Integration - full / Validate inputs	success	103156675057	2026-09-11T05:19:16Z
Integration - basic / Validate inputs	success	103156675037	2026-09-11T05:19:17Z
Integration - monorepo / Validate inputs	success	103156674983	2026-09-11T05:19:15Z
Select integration scenarios	success	103156641799	2026-09-11T05:19:11Z
Execute / Auto-merge labelled agent PRs	skipped	103156278435	2026-09-11T05:17:06Z
Execute / Promote belt PRs	skipped	103156277755	2026-09-11T05:17:06Z
Execute / Post keepalive instruction	skipped	103156240802	2026-09-11T05:16:54Z
Execute / Belt Worker	skipped	103156240051	2026-09-11T05:16:54Z
Execute / Validate branch sync (dry-run)	skipped	103156239918	2026-09-11T05:16:54Z
Execute / Keepalive post-work sync	skipped	103156239907	2026-09-11T05:16:54Z
Execute / Summarise belt dispatch outcomes	success	103156239730	2026-09-11T05:17:01Z
Execute / Guard existing belt PRs	skipped	103156239460	2026-09-11T05:16:54Z
Execute / Prepare keepalive round	skipped	103156195126	2026-09-11T05:16:41Z
Execute / Dispatch Agents Toolkit	skipped	103156194963	2026-09-11T05:16:41Z
Execute / Record Verification Outcome	skipped	103156194631	2026-09-11T05:16:41Z
Execute / Resolve orchestrator context	skipped	103156194419	2026-09-11T05:16:40Z
Execute / Enforce keepalive run cap	skipped	103156194308	2026-09-11T05:16:40Z
Execute / Verify Assignment	skipped	103156194144	2026-09-11T05:16:40Z
Execute / Belt Dispatcher / Select next agent issue	success	103156193887	2026-09-11T05:16:54Z
Execute / Scan belt promotion queue	failure	103156193456	2026-09-11T05:17:06Z
Execute / Evaluate keepalive gate	success	103156134014	2026-09-11T05:16:40Z
Initialize / Resolve Parameters	success	103156106700	2026-09-11T05:16:22Z
Initialize / Prepare keepalive write token	success	103156075144	2026-09-11T05:16:13Z
Initialize / Idle precheck	success	103156025961	2026-09-11T05:16:03Z
Initialize / Rate limit pre-check	success	103155980944	2026-09-11T05:15:48Z
Check event eligibility	success	103155960793	2026-09-11T05:15:34Z
auto-label	skipped	103155689263	2026-09-11T05:14:03Z
check	success	103155687579	2026-09-11T05:14:11Z
Generate Diagnostic Report	success	103155607565	2026-09-11T05:13:45Z
Refresh campaign queue	success	103155599377	2026-09-11T05:14:06Z
Verify Load-Sharing (Token Rotation)	skipped	103155589752	2026-09-11T05:13:32Z
Check Consumer Repo Activity	success	103155588924	2026-09-11T05:13:38Z
Alert on High Usage	success	103155588887	2026-09-11T05:13:45Z
Generate Historical Report	skipped	103155530512	2026-09-11T05:13:13Z
Collect API Rate Limits	success	103155529589	2026-09-11T05:13:32Z
Alert on Repeated Failure	success	103155529525	2026-09-11T05:13:27Z
Resolve recovered drift alert	skipped	103153851880	2026-09-11T05:04:16Z
Publish actionable drift alert	success	103153850791	2026-09-11T05:04:34Z
Validate consumer repo drift	failure	103153687520	2026-09-11T05:04:16Z
merge_sync_prs	success	103153511536	2026-09-11T05:03:20Z
Create failure issue	skipped	103153436836	2026-09-11T05:02:01Z
Start generated delivery reconciliation	success	103153436199	2026-09-11T05:02:22Z
Generate summary	success	103153436130	2026-09-11T05:02:09Z
Sync stranske/Travel-Plan-Permission	success	103153353438	2026-09-11T05:01:54Z
Sync stranske/trip-planner	success	103153353408	2026-09-11T05:01:53Z
Sync stranske/Portable-Alpha-Extension-Model	success	103153353396	2026-09-11T05:02:01Z
Validate sync files	success	103153312982	2026-09-11T05:01:34Z
Prepare sync from manifest	success	103153262290	2026-09-11T05:01:20Z
auto-label	skipped	103152381504	2026-09-11T04:55:54Z
check	success	103152355015	2026-09-11T04:56:04Z
Refresh campaign queue	success	103152287187	2026-09-11T04:55:55Z
auto-label	skipped	103151014431	2026-09-11T04:48:15Z
check	success	103151013962	2026-09-11T04:48:28Z
Refresh campaign queue	success	103150921534	2026-09-11T04:48:14Z
Execute / Auto-merge labelled agent PRs	skipped	103149849116	2026-09-11T04:41:46Z
Execute / Promote belt PRs	skipped	103149848695	2026-09-11T04:41:46Z
Execute / Post keepalive instruction	skipped	103149843470	2026-09-11T04:41:44Z
Execute / Validate branch sync (dry-run)	skipped	103149843350	2026-09-11T04:41:44Z
Execute / Keepalive post-work sync	skipped	103149843203	2026-09-11T04:41:44Z
Execute / Belt Worker	skipped	103149843113	2026-09-11T04:41:44Z
Execute / Summarise belt dispatch outcomes	success	103149842694	2026-09-11T04:41:55Z
Execute / Guard existing belt PRs	skipped	103149842625	2026-09-11T04:41:44Z
Execute / Record Verification Outcome	skipped	103149803157	2026-09-11T04:41:32Z
Execute / Enforce keepalive run cap	skipped	103149802741	2026-09-11T04:41:32Z
Execute / Prepare keepalive round	skipped	103149802724	2026-09-11T04:41:32Z
Execute / Dispatch Agents Toolkit	skipped	103149802720	2026-09-11T04:41:32Z
Execute / Verify Assignment	skipped	103149802576	2026-09-11T04:41:32Z
Execute / Resolve orchestrator context	skipped	103149802422	2026-09-11T04:41:32Z
Execute / Belt Dispatcher / Select next agent issue	success	103149801987	2026-09-11T04:41:44Z
Execute / Scan belt promotion queue	failure	103149801687	2026-09-11T04:41:46Z
Execute / Evaluate keepalive gate	success	103149759589	2026-09-11T04:41:31Z
Initialize / Resolve Parameters	success	103149726975	2026-09-11T04:41:17Z
Initialize / Prepare keepalive write token	success	103149708184	2026-09-11T04:41:06Z
Initialize / Idle precheck	success	103149675433	2026-09-11T04:41:00Z
Initialize / Rate limit pre-check	success	103149641694	2026-09-11T04:40:49Z
Check event eligibility	success	103149612069	2026-09-11T04:40:38Z
check	success	103149342267	2026-09-11T04:39:10Z
auto-label	skipped	103149342161	2026-09-11T04:38:59Z
Refresh campaign queue	success	103149270136	2026-09-11T04:39:00Z
Re-evaluate stalled agent PRs	success	103148408872	2026-09-11T04:34:00Z
auto-label	skipped	103146512287	2026-09-11T04:23:17Z
check	success	103146511348	2026-09-11T04:23:25Z
Refresh campaign queue	success	103146427984	2026-09-11T04:23:20Z
Execute / Post keepalive instruction	skipped	103146054603	2026-09-11T04:20:47Z
Execute / Keepalive post-work sync	skipped	103146054068	2026-09-11T04:20:47Z
Execute / Validate branch sync (dry-run)	skipped	103146053924	2026-09-11T04:20:47Z
Execute / Summarise belt dispatch outcomes	success	103146053805	2026-09-11T04:20:55Z
Execute / Guard existing belt PRs	skipped	103146053718	2026-09-11T04:20:47Z
Execute / Belt Worker	skipped	103146053666	2026-09-11T04:20:47Z
Execute / Auto-merge labelled agent PRs	skipped	103146048726	2026-09-11T04:20:45Z
Execute / Promote belt PRs	skipped	103146048434	2026-09-11T04:20:45Z
Execute / Record Verification Outcome	skipped	103146004601	2026-09-11T04:20:31Z
Execute / Verify Assignment	skipped	103146004245	2026-09-11T04:20:31Z
Execute / Prepare keepalive round	skipped	103146004175	2026-09-11T04:20:31Z
Execute / Enforce keepalive run cap	skipped	103146004166	2026-09-11T04:20:31Z
Execute / Dispatch Agents Toolkit	skipped	103146004088	2026-09-11T04:20:31Z
Execute / Resolve orchestrator context	skipped	103146003996	2026-09-11T04:20:31Z
Execute / Belt Dispatcher / Select next agent issue	success	103146003360	2026-09-11T04:20:46Z
Execute / Scan belt promotion queue	failure	103146003077	2026-09-11T04:20:45Z
Execute / Evaluate keepalive gate	success	103145944561	2026-09-11T04:20:31Z
Initialize / Resolve Parameters	success	103145905802	2026-09-11T04:20:13Z
Initialize / Prepare keepalive write token	success	103145878571	2026-09-11T04:20:00Z
Initialize / Idle precheck	success	103145834809	2026-09-11T04:19:51Z
Initialize / Rate limit pre-check	success	103145799631	2026-09-11T04:19:36Z
Check event eligibility	success	103145773321	2026-09-11T04:19:25Z
Generate Diagnostic Report	success	103145355550	2026-09-11T04:17:10Z
Verify Load-Sharing (Token Rotation)	skipped	103145329216	2026-09-11T04:16:52Z
Check Consumer Repo Activity	success	103145328529	2026-09-11T04:17:00Z
Alert on High Usage	success	103145328512	2026-09-11T04:17:03Z
Generate Historical Report	skipped	103145247264	2026-09-11T04:16:26Z
Collect API Rate Limits	success	103145246449	2026-09-11T04:16:51Z
Alert on Repeated Failure	success	103145246325	2026-09-11T04:16:38Z
auto-label	skipped	103141631423	2026-09-11T03:57:03Z
check	success	103141630454	2026-09-11T03:57:11Z
Refresh campaign queue	success	103141565498	2026-09-11T03:57:05Z
auto-label	skipped	103140234592	2026-09-11T03:49:15Z
check	success	103140233949	2026-09-11T03:49:26Z
Refresh campaign queue	success	103140165251	2026-09-11T03:49:17Z
Execute / Post keepalive instruction	skipped	103139093433	2026-09-11T03:43:00Z
Execute / Validate branch sync (dry-run)	skipped	103139092771	2026-09-11T03:43:00Z
Execute / Summarise belt dispatch outcomes	success	103139092636	2026-09-11T03:43:10Z
Execute / Keepalive post-work sync	skipped	103139092603	2026-09-11T03:43:00Z
Execute / Belt Worker	skipped	103139092500	2026-09-11T03:43:00Z
Execute / Guard existing belt PRs	skipped	103139092090	2026-09-11T03:43:00Z
Execute / Auto-merge labelled agent PRs	skipped	103139069688	2026-09-11T03:42:53Z
Execute / Promote belt PRs	skipped	103139069432	2026-09-11T03:42:53Z
Execute / Prepare keepalive round	skipped	103139030854	2026-09-11T03:42:40Z
Execute / Record Verification Outcome	skipped	103139030583	2026-09-11T03:42:40Z
Execute / Dispatch Agents Toolkit	skipped	103139030466	2026-09-11T03:42:40Z
Execute / Enforce keepalive run cap	skipped	103139030300	2026-09-11T03:42:39Z
Execute / Resolve orchestrator context	skipped	103139030240	2026-09-11T03:42:39Z
Execute / Verify Assignment	skipped	103139029962	2026-09-11T03:42:39Z
Execute / Belt Dispatcher / Select next agent issue	success	103139029713	2026-09-11T03:43:00Z
Execute / Scan belt promotion queue	failure	103139029232	2026-09-11T03:42:52Z
Execute / Evaluate keepalive gate	success	103138980582	2026-09-11T03:42:39Z
Initialize / Resolve Parameters	success	103138943647	2026-09-11T03:42:23Z
Initialize / Prepare keepalive write token	success	103138913869	2026-09-11T03:42:12Z
Initialize / Idle precheck	success	103138868431	2026-09-11T03:42:03Z
Initialize / Rate limit pre-check	success	103138809466	2026-09-11T03:41:48Z
Check event eligibility	success	103138772591	2026-09-11T03:41:28Z
auto-label	skipped	103138523625	2026-09-11T03:39:57Z
check	success	103138522265	2026-09-11T03:40:07Z
Refresh campaign queue	success	103138426480	2026-09-11T03:39:59Z
Re-evaluate stalled agent PRs	success	103137393684	2026-09-11T03:34:37Z
auto-label	skipped	103135422207	2026-09-11T03:23:12Z
check	success	103135390903	2026-09-11T03:23:19Z
Refresh campaign queue	success	103135302782	2026-09-11T03:23:10Z
Execute / Post keepalive instruction	skipped	103134810916	2026-09-11T03:20:06Z
Execute / Validate branch sync (dry-run)	skipped	103134810396	2026-09-11T03:20:06Z
Execute / Keepalive post-work sync	skipped	103134810225	2026-09-11T03:20:06Z
Execute / Summarise belt dispatch outcomes	success	103134810089	2026-09-11T03:20:14Z
Execute / Belt Worker	skipped	103134810041	2026-09-11T03:20:06Z
Execute / Guard existing belt PRs	skipped	103134809346	2026-09-11T03:20:06Z
Execute / Auto-merge labelled agent PRs	skipped	103134793198	2026-09-11T03:20:01Z
Execute / Promote belt PRs	skipped	103134792601	2026-09-11T03:20:01Z
Execute / Record Verification Outcome	skipped	103134758553	2026-09-11T03:19:49Z
Execute / Dispatch Agents Toolkit	skipped	103134758364	2026-09-11T03:19:49Z
Execute / Prepare keepalive round	skipped	103134758121	2026-09-11T03:19:49Z
Execute / Resolve orchestrator context	skipped	103134758037	2026-09-11T03:19:49Z
Execute / Verify Assignment	skipped	103134758036	2026-09-11T03:19:49Z
Execute / Enforce keepalive run cap	skipped	103134757753	2026-09-11T03:19:49Z
Execute / Belt Dispatcher / Select next agent issue	success	103134757416	2026-09-11T03:20:06Z
Execute / Scan belt promotion queue	failure	103134757047	2026-09-11T03:20:01Z
Execute / Evaluate keepalive gate	success	103134701947	2026-09-11T03:19:49Z
Initialize / Resolve Parameters	success	103134667127	2026-09-11T03:19:31Z
Initialize / Prepare keepalive write token	success	103134643477	2026-09-11T03:19:20Z
Initialize / Idle precheck	success	103134612355	2026-09-11T03:19:12Z
Initialize / Rate limit pre-check	success	103134578465	2026-09-11T03:19:02Z
Check event eligibility	success	103134557387	2026-09-11T03:18:50Z
Generate Diagnostic Report	success	103134076894	2026-09-11T03:16:20Z
Verify Load-Sharing (Token Rotation)	skipped	103134048079	2026-09-11T03:16:01Z
Alert on High Usage	success	103134047118	2026-09-11T03:16:15Z
Check Consumer Repo Activity	success	103134047111	2026-09-11T03:16:11Z
Generate Historical Report	skipped	103133985152	2026-09-11T03:15:43Z
Alert on Repeated Failure	success	103133984312	2026-09-11T03:16:01Z
Collect API Rate Limits	success	103133984167	2026-09-11T03:16:01Z
auto-label	skipped	103132685976	2026-09-11T03:08:58Z
check	success	103132685074	2026-09-11T03:09:09Z
auto-label	skipped	103130420444	2026-09-11T02:57:10Z
check	success	103130419769	2026-09-11T02:57:18Z
Refresh campaign queue	success	103130342695	2026-09-11T02:57:12Z
auto-label	skipped	103128939510	2026-09-11T02:49:08Z
check	success	103128938818	2026-09-11T02:49:17Z
Refresh campaign queue	success	103128859687	2026-09-11T02:49:10Z
Execute / Post keepalive instruction	skipped	103128286483	2026-09-11T02:45:42Z
Execute / Belt Worker	skipped	103128286356	2026-09-11T02:45:42Z
Execute / Keepalive post-work sync	skipped	103128286309	2026-09-11T02:45:42Z
Execute / Validate branch sync (dry-run)	skipped	103128286210	2026-09-11T02:45:42Z
Execute / Guard existing belt PRs	skipped	103128285886	2026-09-11T02:45:42Z
Execute / Summarise belt dispatch outcomes	success	103128285499	2026-09-11T02:45:49Z
Execute / Auto-merge labelled agent PRs	skipped	103128050239	2026-09-11T02:44:30Z
Execute / Promote belt PRs	skipped	103128050234	2026-09-11T02:44:30Z
Execute / Enforce keepalive run cap	skipped	103128004524	2026-09-11T02:44:16Z
Execute / Prepare keepalive round	skipped	103128004460	2026-09-11T02:44:16Z
Execute / Verify Assignment	skipped	103128004410	2026-09-11T02:44:16Z
Execute / Resolve orchestrator context	skipped	103128004336	2026-09-11T02:44:16Z
Execute / Record Verification Outcome	skipped	103128004289	2026-09-11T02:44:16Z
Execute / Dispatch Agents Toolkit	skipped	103128004025	2026-09-11T02:44:16Z
Execute / Belt Dispatcher / Select next agent issue	success	103128003299	2026-09-11T02:45:42Z
Execute / Scan belt promotion queue	failure	103128003100	2026-09-11T02:44:30Z
Execute / Evaluate keepalive gate	success	103127964129	2026-09-11T02:44:16Z
Initialize / Resolve Parameters	success	103127927331	2026-09-11T02:44:03Z
Initialize / Prepare keepalive write token	success	103127901743	2026-09-11T02:43:51Z
Initialize / Idle precheck	success	103127845336	2026-09-11T02:43:43Z
Initialize / Rate limit pre-check	success	103127796250	2026-09-11T02:43:25Z
Check event eligibility	success	103127758809	2026-09-11T02:43:11Z
auto-label	skipped	103126802636	2026-09-11T02:38:00Z
check	success	103126801494	2026-09-11T02:38:11Z
Re-evaluate stalled agent PRs	success	103126702617	2026-09-11T02:37:40Z
Refresh campaign queue	success	103126688893	2026-09-11T02:38:02Z
Execute / Post keepalive instruction	skipped	103124075345	2026-09-11T02:24:08Z
Execute / Keepalive post-work sync	skipped	103124074566	2026-09-11T02:24:08Z
Execute / Validate branch sync (dry-run)	skipped	103124074532	2026-09-11T02:24:08Z
Execute / Summarise belt dispatch outcomes	success	103124074437	2026-09-11T02:24:19Z
Execute / Belt Worker	skipped	103124074388	2026-09-11T02:24:08Z
Execute / Guard existing belt PRs	skipped	103124073780	2026-09-11T02:24:08Z
Execute / Auto-merge labelled agent PRs	skipped	103124057355	2026-09-11T02:24:02Z
Execute / Promote belt PRs	skipped	103124056989	2026-09-11T02:24:02Z
Execute / Dispatch Agents Toolkit	skipped	103124019336	2026-09-11T02:23:50Z
Execute / Record Verification Outcome	skipped	103124019163	2026-09-11T02:23:50Z
Execute / Prepare keepalive round	skipped	103124019129	2026-09-11T02:23:50Z
Execute / Resolve orchestrator context	skipped	103124018880	2026-09-11T02:23:50Z
Execute / Enforce keepalive run cap	skipped	103124018478	2026-09-11T02:23:50Z
Execute / Verify Assignment	skipped	103124018223	2026-09-11T02:23:50Z
Execute / Belt Dispatcher / Select next agent issue	success	103124018015	2026-09-11T02:24:07Z
Execute / Scan belt promotion queue	failure	103124017631	2026-09-11T02:24:02Z
Execute / Evaluate keepalive gate	success	103123981886	2026-09-11T02:23:50Z
Initialize / Resolve Parameters	success	103123941721	2026-09-11T02:23:38Z
Initialize / Prepare keepalive write token	success	103123910166	2026-09-11T02:23:27Z
Initialize / Idle precheck	success	103123859416	2026-09-11T02:23:17Z
Initialize / Rate limit pre-check	success	103123809691	2026-09-11T02:23:02Z
Check event eligibility	success	103123790652	2026-09-11T02:22:46Z
Generate Diagnostic Report	success	103123221922	2026-09-11T02:19:57Z
Verify Load-Sharing (Token Rotation)	skipped	103123193298	2026-09-11T02:19:38Z
Alert on High Usage	success	103123192380	2026-09-11T02:19:49Z
Check Consumer Repo Activity	success	103123192202	2026-09-11T02:19:47Z
Generate Historical Report	skipped	103123125956	2026-09-11T02:19:17Z
Alert on Repeated Failure	success	103123125533	2026-09-11T02:19:28Z
Collect API Rate Limits	success	103123124974	2026-09-11T02:19:38Z
auto-label	skipped	103122683448	2026-09-11T02:17:02Z
check	success	103122682246	2026-09-11T02:17:13Z
Refresh campaign queue	success	103122589433	2026-09-11T02:17:05Z
auto-label	skipped	103117724457	2026-09-11T01:51:49Z
check	success	103117722516	2026-09-11T01:51:58Z
Refresh campaign queue	success	103117645375	2026-09-11T01:51:50Z
Execute / Auto-merge labelled agent PRs	skipped	103116840216	2026-09-11T01:47:16Z
Execute / Promote belt PRs	skipped	103116839840	2026-09-11T01:47:16Z
Execute / Post keepalive instruction	skipped	103116838055	2026-09-11T01:47:16Z
Execute / Validate branch sync (dry-run)	skipped	103116837644	2026-09-11T01:47:16Z
Execute / Keepalive post-work sync	skipped	103116837638	2026-09-11T01:47:16Z
Execute / Summarise belt dispatch outcomes	success	103116837555	2026-09-11T01:47:23Z
Execute / Belt Worker	skipped	103116837374	2026-09-11T01:47:15Z
Execute / Guard existing belt PRs	skipped	103116837266	2026-09-11T01:47:15Z
Execute / Prepare keepalive round	skipped	103116796560	2026-09-11T01:47:03Z
Execute / Record Verification Outcome	skipped	103116796496	2026-09-11T01:47:03Z
Execute / Dispatch Agents Toolkit	skipped	103116796251	2026-09-11T01:47:03Z
Execute / Verify Assignment	skipped	103116796071	2026-09-11T01:47:02Z
Execute / Enforce keepalive run cap	skipped	103116795994	2026-09-11T01:47:03Z
Execute / Resolve orchestrator context	skipped	103116795841	2026-09-11T01:47:03Z
Execute / Belt Dispatcher / Select next agent issue	success	103116795565	2026-09-11T01:47:15Z
Execute / Scan belt promotion queue	failure	103116795314	2026-09-11T01:47:16Z
Execute / Evaluate keepalive gate	success	103116747508	2026-09-11T01:47:02Z
Initialize / Resolve Parameters	success	103116705440	2026-09-11T01:46:47Z
Initialize / Prepare keepalive write token	success	103116670024	2026-09-11T01:46:35Z
Initialize / Idle precheck	success	103116618476	2026-09-11T01:46:24Z
Initialize / Rate limit pre-check	success	103116564937	2026-09-11T01:46:08Z
Check event eligibility	success	103116543050	2026-09-11T01:45:51Z
Re-evaluate stalled agent PRs	success	103114771616	2026-09-11T01:36:54Z
auto-label	skipped	103113523778	2026-09-11T01:30:29Z
check	success	103113522650	2026-09-11T01:30:39Z
Refresh campaign queue	success	103113437035	2026-09-11T01:30:30Z
Execute / Post keepalive instruction	skipped	103112390579	2026-09-11T01:24:54Z
Execute / Keepalive post-work sync	skipped	103112390061	2026-09-11T01:24:54Z
Execute / Validate branch sync (dry-run)	skipped	103112389577	2026-09-11T01:24:54Z
Execute / Summarise belt dispatch outcomes	success	103112389435	2026-09-11T01:25:04Z
Execute / Belt Worker	skipped	103112388992	2026-09-11T01:24:54Z
Execute / Guard existing belt PRs	skipped	103112388784	2026-09-11T01:24:54Z
Execute / Auto-merge labelled agent PRs	skipped	103112381293	2026-09-11T01:24:51Z
Execute / Promote belt PRs	skipped	103112380989	2026-09-11T01:24:51Z
Execute / Prepare keepalive round	skipped	103112340291	2026-09-11T01:24:39Z
Execute / Dispatch Agents Toolkit	skipped	103112340262	2026-09-11T01:24:39Z
Execute / Record Verification Outcome	skipped	103112340155	2026-09-11T01:24:39Z
Execute / Resolve orchestrator context	skipped	103112339540	2026-09-11T01:24:39Z
Execute / Verify Assignment	skipped	103112339497	2026-09-11T01:24:39Z
Execute / Enforce keepalive run cap	skipped	103112339354	2026-09-11T01:24:39Z
Execute / Belt Dispatcher / Select next agent issue	success	103112339050	2026-09-11T01:24:53Z
Execute / Scan belt promotion queue	failure	103112338472	2026-09-11T01:24:51Z
Execute / Evaluate keepalive gate	success	103112281325	2026-09-11T01:24:38Z
Initialize / Resolve Parameters	success	103112249595	2026-09-11T01:24:21Z
Initialize / Prepare keepalive write token	success	103112219535	2026-09-11T01:24:12Z
Initialize / Idle precheck	success	103112174589	2026-09-11T01:24:03Z
Initialize / Rate limit pre-check	success	103112127649	2026-09-11T01:23:49Z
Check event eligibility	success	103112105172	2026-09-11T01:23:34Z
Generate Diagnostic Report	success	103111768069	2026-09-11T01:21:54Z
Verify Load-Sharing (Token Rotation)	skipped	103111747959	2026-09-11T01:21:38Z
Check Consumer Repo Activity	success	103111747258	2026-09-11T01:21:44Z
Alert on High Usage	success	103111747194	2026-09-11T01:21:52Z
Generate Historical Report	skipped	103111685628	2026-09-11T01:21:19Z
Collect API Rate Limits	success	103111684961	2026-09-11T01:21:38Z
Alert on Repeated Failure	success	103111684721	2026-09-11T01:21:31Z
auto-label	skipped	103108961740	2026-09-11T01:07:58Z
check	success	103108961070	2026-09-11T01:08:05Z
Refresh campaign queue	success	103108885116	2026-09-11T01:07:59Z
Re-evaluate stalled agent PRs	success	103107412340	2026-09-11T01:01:02Z
Execute / Summarise belt dispatch outcomes	success	103103903773	2026-09-11T00:44:11Z
Execute / Post keepalive instruction	skipped	103103901517	2026-09-11T00:44:00Z
Execute / Validate branch sync (dry-run)	skipped	103103901261	2026-09-11T00:43:59Z
Execute / Keepalive post-work sync	skipped	103103900801	2026-09-11T00:43:59Z
Execute / Belt Worker	skipped	103103900283	2026-09-11T00:43:59Z
Execute / Guard existing belt PRs	skipped	103103899664	2026-09-11T00:43:59Z
Execute / Auto-merge labelled agent PRs	skipped	103103880174	2026-09-11T00:43:53Z
Execute / Promote belt PRs	skipped	103103878951	2026-09-11T00:43:53Z
Execute / Enforce keepalive run cap	skipped	103103835468	2026-09-11T00:43:41Z
Execute / Dispatch Agents Toolkit	skipped	103103834847	2026-09-11T00:43:41Z
Execute / Record Verification Outcome	skipped	103103834762	2026-09-11T00:43:41Z
Execute / Prepare keepalive round	skipped	103103834474	2026-09-11T00:43:41Z
Execute / Resolve orchestrator context	skipped	103103834032	2026-09-11T00:43:41Z
Execute / Verify Assignment	skipped	103103833946	2026-09-11T00:43:41Z
Execute / Belt Dispatcher / Select next agent issue	success	103103833283	2026-09-11T00:43:59Z
Execute / Scan belt promotion queue	failure	103103832798	2026-09-11T00:43:53Z
Execute / Evaluate keepalive gate	success	103103758899	2026-09-11T00:43:40Z
Initialize / Resolve Parameters	success	103103710269	2026-09-11T00:43:21Z
Initialize / Prepare keepalive write token	success	103103684928	2026-09-11T00:43:07Z
Initialize / Idle precheck	success	103103638225	2026-09-11T00:43:00Z
Initialize / Rate limit pre-check	success	103103586960	2026-09-11T00:42:46Z
Check event eligibility	success	103103568970	2026-09-11T00:42:32Z
Generate Diagnostic Report	success	103102386961	2026-09-11T00:37:01Z
Verify Load-Sharing (Token Rotation)	skipped	103102360410	2026-09-11T00:36:44Z
Alert on High Usage	success	103102359137	2026-09-11T00:36:56Z
Check Consumer Repo Activity	success	103102359111	2026-09-11T00:36:52Z
Generate Historical Report	skipped	103102257245	2026-09-11T00:36:17Z
Collect API Rate Limits	success	103102256542	2026-09-11T00:36:44Z
Alert on Repeated Failure	success	103102256317	2026-09-11T00:36:30Z
auto-label	skipped	103101314758	2026-09-11T00:31:46Z
check	success	103101284696	2026-09-11T00:31:53Z
Refresh campaign queue	success	103101189660	2026-09-11T00:31:48Z
check	success	103093289648	2026-09-10T23:55:16Z
auto-label	skipped	103093288934	2026-09-10T23:55:05Z
Refresh campaign queue	success	103093182028	2026-09-10T23:55:07Z
auto-label	skipped	103091798728	2026-09-10T23:48:04Z
check	success	103091797810	2026-09-10T23:48:12Z
auto-label	skipped	103091578285	2026-09-10T23:47:03Z
check	success	103091578085	2026-09-10T23:47:13Z
Refresh campaign queue	success	103091490883	2026-09-10T23:47:03Z
auto-label	skipped	103089801555	2026-09-10T23:39:05Z
check	success	103089800578	2026-09-10T23:39:17Z
Refresh campaign queue	success	103089707120	2026-09-10T23:39:08Z
Execute / Keepalive post-work sync	skipped	103089572947	2026-09-10T23:38:02Z
Execute / Validate branch sync (dry-run)	skipped	103089572775	2026-09-10T23:38:02Z
Execute / Post keepalive instruction	skipped	103089572694	2026-09-10T23:38:02Z
Execute / Summarise belt dispatch outcomes	success	103089572314	2026-09-10T23:38:12Z
Execute / Belt Worker	skipped	103089572226	2026-09-10T23:38:02Z
Execute / Guard existing belt PRs	skipped	103089571393	2026-09-10T23:38:02Z
Execute / Auto-merge labelled agent PRs	skipped	103089551773	2026-09-10T23:37:56Z
Execute / Promote belt PRs	skipped	103089551685	2026-09-10T23:37:56Z
Execute / Record Verification Outcome	skipped	103089512363	2026-09-10T23:37:45Z
Execute / Dispatch Agents Toolkit	skipped	103089512124	2026-09-10T23:37:45Z
Execute / Prepare keepalive round	skipped	103089512119	2026-09-10T23:37:45Z
Execute / Verify Assignment	skipped	103089511931	2026-09-10T23:37:45Z
Execute / Resolve orchestrator context	skipped	103089511926	2026-09-10T23:37:45Z
Execute / Enforce keepalive run cap	skipped	103089511826	2026-09-10T23:37:45Z
Execute / Belt Dispatcher / Select next agent issue	success	103089511327	2026-09-10T23:38:02Z
Execute / Scan belt promotion queue	failure	103089510891	2026-09-10T23:37:56Z
Execute / Evaluate keepalive gate	success	103089465657	2026-09-10T23:37:45Z
Initialize / Resolve Parameters	success	103089423391	2026-09-10T23:37:33Z
Initialize / Prepare keepalive write token	success	103089363041	2026-09-10T23:37:22Z
Initialize / Idle precheck	success	103089319461	2026-09-10T23:37:06Z
Initialize / Rate limit pre-check	success	103089278179	2026-09-10T23:36:54Z
Check event eligibility	success	103089245338	2026-09-10T23:36:42Z
auto-label	skipped	103087252543	2026-09-10T23:27:39Z
check	success	103087223620	2026-09-10T23:27:46Z
Refresh campaign queue	success	103087134353	2026-09-10T23:27:39Z
Re-evaluate stalled agent PRs	success	103087003730	2026-09-10T23:26:49Z
auto-label	skipped	103085448897	2026-09-10T23:19:55Z
check	success	103085447021	2026-09-10T23:20:03Z
Refresh campaign queue	success	103085354671	2026-09-10T23:19:58Z
Execute / Auto-merge labelled agent PRs	skipped	103083843528	2026-09-10T23:13:09Z
Execute / Promote belt PRs	skipped	103083842876	2026-09-10T23:13:09Z
Execute / Post keepalive instruction	skipped	103083838766	2026-09-10T23:13:08Z
Execute / Validate branch sync (dry-run)	skipped	103083838490	2026-09-10T23:13:08Z
Execute / Keepalive post-work sync	skipped	103083838229	2026-09-10T23:13:08Z
Execute / Summarise belt dispatch outcomes	success	103083838023	2026-09-10T23:13:20Z
Execute / Belt Worker	skipped	103083837423	2026-09-10T23:13:08Z
Execute / Guard existing belt PRs	skipped	103083837005	2026-09-10T23:13:07Z
Execute / Prepare keepalive round	skipped	103083786385	2026-09-10T23:12:54Z
Execute / Record Verification Outcome	skipped	103083786263	2026-09-10T23:12:54Z
Execute / Resolve orchestrator context	skipped	103083786218	2026-09-10T23:12:54Z
Execute / Enforce keepalive run cap	skipped	103083786111	2026-09-10T23:12:54Z
Execute / Dispatch Agents Toolkit	skipped	103083786070	2026-09-10T23:12:54Z
Execute / Verify Assignment	skipped	103083785933	2026-09-10T23:12:54Z
Execute / Belt Dispatcher / Select next agent issue	success	103083785157	2026-09-10T23:13:07Z
Execute / Scan belt promotion queue	failure	103083784602	2026-09-10T23:13:09Z
Execute / Evaluate keepalive gate	success	103083714635	2026-09-10T23:12:54Z
Initialize / Resolve Parameters	success	103083668702	2026-09-10T23:12:36Z
Initialize / Prepare keepalive write token	success	103083646932	2026-09-10T23:12:25Z
Initialize / Idle precheck	success	103083600838	2026-09-10T23:12:19Z
Initialize / Rate limit pre-check	success	103083554628	2026-09-10T23:12:08Z
Check event eligibility	success	103083526391	2026-09-10T23:11:56Z
Generate Diagnostic Report	success	103083290192	2026-09-10T23:11:00Z
Verify Load-Sharing (Token Rotation)	skipped	103083255468	2026-09-10T23:10:41Z
Check Consumer Repo Activity	success	103083254219	2026-09-10T23:10:50Z
Alert on High Usage	success	103083254192	2026-09-10T23:10:54Z
Generate Historical Report	skipped	103083154896	2026-09-10T23:10:16Z
Collect API Rate Limits	success	103083153951	2026-09-10T23:10:41Z
Alert on Repeated Failure	success	103083153837	2026-09-10T23:10:30Z
auto-label	skipped	103082911175	2026-09-10T23:09:07Z
check	success	103082879780	2026-09-10T23:09:18Z
Refresh campaign queue	success	103082792034	2026-09-10T23:09:06Z
auto-label	skipped	103078997405	2026-09-10T22:53:14Z
check	success	103078995954	2026-09-10T22:53:24Z
Refresh campaign queue	success	103078885891	2026-09-10T22:53:15Z
auto-label	skipped	103076536897	2026-09-10T22:43:07Z
check	success	103076497244	2026-09-10T22:43:13Z
Refresh campaign queue	success	103076393308	2026-09-10T22:43:09Z
Execute / Post keepalive instruction	skipped	103075179651	2026-09-10T22:37:50Z
Execute / Keepalive post-work sync	skipped	103075179269	2026-09-10T22:37:50Z
Execute / Validate branch sync (dry-run)	skipped	103075179010	2026-09-10T22:37:50Z
Execute / Summarise belt dispatch outcomes	success	103075178662	2026-09-10T22:38:00Z
Execute / Belt Worker	skipped	103075178407	2026-09-10T22:37:50Z
Execute / Guard existing belt PRs	skipped	103075177933	2026-09-10T22:37:50Z
Execute / Auto-merge labelled agent PRs	skipped	103075143206	2026-09-10T22:37:41Z
Execute / Promote belt PRs	skipped	103075142402	2026-09-10T22:37:41Z
Execute / Prepare keepalive round	skipped	103075101983	2026-09-10T22:37:31Z
Execute / Dispatch Agents Toolkit	skipped	103075101966	2026-09-10T22:37:31Z
Execute / Record Verification Outcome	skipped	103075101870	2026-09-10T22:37:31Z
Execute / Verify Assignment	skipped	103075101094	2026-09-10T22:37:31Z
Execute / Resolve orchestrator context	skipped	103075100919	2026-09-10T22:37:31Z
Execute / Enforce keepalive run cap	skipped	103075100903	2026-09-10T22:37:31Z
Execute / Belt Dispatcher / Select next agent issue	success	103075100528	2026-09-10T22:37:49Z
Execute / Scan belt promotion queue	failure	103075100052	2026-09-10T22:37:41Z
Execute / Evaluate keepalive gate	success	103075026590	2026-09-10T22:37:31Z
Initialize / Resolve Parameters	success	103074987333	2026-09-10T22:37:13Z
Initialize / Prepare keepalive write token	success	103074956600	2026-09-10T22:37:04Z
Initialize / Idle precheck	success	103074897261	2026-09-10T22:36:56Z
Initialize / Rate limit pre-check	success	103074809195	2026-09-10T22:36:42Z
Check event eligibility	success	103074781512	2026-09-10T22:36:21Z
auto-label	skipped	103074417848	2026-09-10T22:34:51Z
check	success	103074415910	2026-09-10T22:34:59Z
Refresh campaign queue	success	103074301173	2026-09-10T22:34:54Z
Re-evaluate stalled agent PRs	success	103072576417	2026-09-10T22:27:53Z
auto-label	skipped	103070991884	2026-09-10T22:21:33Z
check	success	103070960444	2026-09-10T22:21:41Z
Refresh campaign queue	success	103070830836	2026-09-10T22:21:48Z
Execute / Auto-merge labelled agent PRs	skipped	103069076985	2026-09-10T22:14:40Z
Execute / Promote belt PRs	skipped	103069075654	2026-09-10T22:14:40Z
Execute / Post keepalive instruction	skipped	103068941329	2026-09-10T22:14:12Z
Execute / Validate branch sync (dry-run)	skipped	103068940994	2026-09-10T22:14:12Z
Execute / Summarise belt dispatch outcomes	success	103068940804	2026-09-10T22:14:24Z
Execute / Keepalive post-work sync	skipped	103068940797	2026-09-10T22:14:12Z
Execute / Belt Worker	skipped	103068940016	2026-09-10T22:14:12Z
Execute / Guard existing belt PRs	skipped	103068939737	2026-09-10T22:14:12Z
Execute / Prepare keepalive round	skipped	103068853716	2026-09-10T22:13:53Z
Execute / Dispatch Agents Toolkit	skipped	103068853699	2026-09-10T22:13:53Z
Execute / Record Verification Outcome	skipped	103068853655	2026-09-10T22:13:53Z
Execute / Verify Assignment	skipped	103068853654	2026-09-10T22:13:53Z
Execute / Enforce keepalive run cap	skipped	103068853334	2026-09-10T22:13:53Z
Execute / Resolve orchestrator context	skipped	103068852996	2026-09-10T22:13:53Z
Execute / Belt Dispatcher / Select next agent issue	success	103068852571	2026-09-10T22:14:11Z
Execute / Scan belt promotion queue	failure	103068851735	2026-09-10T22:14:40Z
Execute / Evaluate keepalive gate	success	103068772028	2026-09-10T22:13:52Z
Initialize / Resolve Parameters	success	103068700538	2026-09-10T22:13:35Z
Initialize / Prepare keepalive write token	success	103068663326	2026-09-10T22:13:20Z
Initialize / Idle precheck	success	103068603668	2026-09-10T22:13:13Z
Initialize / Rate limit pre-check	success	103068539235	2026-09-10T22:13:00Z
Check event eligibility	success	103068508375	2026-09-10T22:12:45Z
Generate Diagnostic Report	success	103068163732	2026-09-10T22:11:29Z
Verify Load-Sharing (Token Rotation)	skipped	103068125357	2026-09-10T22:11:14Z
Check Consumer Repo Activity	success	103068123458	2026-09-10T22:11:23Z
Alert on High Usage	success	103068123405	2026-09-10T22:11:25Z
Generate Historical Report	skipped	103067981169	2026-09-10T22:10:42Z
Collect API Rate Limits	success	103067979026	2026-09-10T22:11:13Z
Alert on Repeated Failure	success	103067978659	2026-09-10T22:10:55Z
auto-label	skipped	103067730504	2026-09-10T22:09:48Z
check	success	103067728859	2026-09-10T22:09:54Z
Refresh campaign queue	success	103067580334	2026-09-10T22:09:51Z
auto-label	skipped	103063666954	2026-09-10T21:55:21Z
check	success	103063664658	2026-09-10T21:55:28Z
Refresh campaign queue	success	103063536934	2026-09-10T21:55:25Z
auto-label	skipped	103061559694	2026-09-10T21:47:39Z
check	success	103061526468	2026-09-10T21:47:46Z
Refresh campaign queue	success	103061415560	2026-09-10T21:47:39Z
auto-label	skipped	103059202913	2026-09-10T21:39:32Z
check	success	103059201400	2026-09-10T21:39:42Z
Refresh campaign queue	success	103059058407	2026-09-10T21:39:31Z
Execute / Validate branch sync (dry-run)	skipped	103058987984	2026-09-10T21:38:48Z
Execute / Post keepalive instruction	skipped	103058987980	2026-09-10T21:38:48Z
Execute / Summarise belt dispatch outcomes	success	103058987344	2026-09-10T21:38:56Z
Execute / Keepalive post-work sync	skipped	103058987326	2026-09-10T21:38:48Z
Execute / Belt Worker	skipped	103058987242	2026-09-10T21:38:48Z
Execute / Guard existing belt PRs	skipped	103058986729	2026-09-10T21:38:48Z
Execute / Auto-merge labelled agent PRs	skipped	103058815255	2026-09-10T21:38:12Z
Execute / Promote belt PRs	skipped	103058815247	2026-09-10T21:38:12Z
Execute / Prepare keepalive round	skipped	103058750732	2026-09-10T21:37:59Z
Execute / Dispatch Agents Toolkit	skipped	103058750605	2026-09-10T21:37:59Z
Execute / Record Verification Outcome	skipped	103058750342	2026-09-10T21:37:59Z
Execute / Resolve orchestrator context	skipped	103058749477	2026-09-10T21:37:59Z
Execute / Verify Assignment	skipped	103058749177	2026-09-10T21:37:59Z
Execute / Enforce keepalive run cap	skipped	103058748994	2026-09-10T21:37:59Z
Execute / Belt Dispatcher / Select next agent issue	success	103058748939	2026-09-10T21:38:47Z
Execute / Scan belt promotion queue	failure	103058747946	2026-09-10T21:38:12Z
Execute / Evaluate keepalive gate	success	103058689980	2026-09-10T21:37:58Z
Initialize / Resolve Parameters	success	103058651842	2026-09-10T21:37:46Z
Initialize / Prepare keepalive write token	success	103058607488	2026-09-10T21:37:38Z
Initialize / Idle precheck	success	103058536426	2026-09-10T21:37:28Z
Initialize / Rate limit pre-check	success	103058464967	2026-09-10T21:37:14Z
Check event eligibility	success	103058430620	2026-09-10T21:36:59Z
auto-label	skipped	103055791064	2026-09-10T21:27:59Z
check	success	103055788043	2026-09-10T21:28:11Z
Refresh campaign queue	success	103055649816	2026-09-10T21:28:01Z
Re-evaluate stalled agent PRs	success	103055400281	2026-09-10T21:26:53Z
check	success	103053341917	2026-09-10T21:20:10Z
auto-label	skipped	103053337039	2026-09-10T21:19:58Z
Refresh campaign queue	success	103053217788	2026-09-10T21:19:59Z
Execute / Post keepalive instruction	skipped	103051301588	2026-09-10T21:13:30Z
Execute / Summarise belt dispatch outcomes	success	103051301042	2026-09-10T21:13:42Z
Execute / Keepalive post-work sync	skipped	103051300612	2026-09-10T21:13:30Z
Execute / Validate branch sync (dry-run)	skipped	103051300303	2026-09-10T21:13:30Z
Execute / Belt Worker	skipped	103051299328	2026-09-10T21:13:30Z
Execute / Guard existing belt PRs	skipped	103051298750	2026-09-10T21:13:30Z
Execute / Auto-merge labelled agent PRs	skipped	103051292056	2026-09-10T21:13:28Z
Execute / Promote belt PRs	skipped	103051291508	2026-09-10T21:13:28Z
Execute / Dispatch Agents Toolkit	skipped	103051209952	2026-09-10T21:13:13Z
Execute / Record Verification Outcome	skipped	103051209765	2026-09-10T21:13:13Z
Execute / Prepare keepalive round	skipped	103051209687	2026-09-10T21:13:13Z
Execute / Verify Assignment	skipped	103051209200	2026-09-10T21:13:12Z
Execute / Resolve orchestrator context	skipped	103051208857	2026-09-10T21:13:12Z
Execute / Enforce keepalive run cap	skipped	103051208617	2026-09-10T21:13:12Z
Execute / Belt Dispatcher / Select next agent issue	success	103051208563	2026-09-10T21:13:29Z
Execute / Scan belt promotion queue	failure	103051207094	2026-09-10T21:13:28Z
Execute / Evaluate keepalive gate	success	103051129275	2026-09-10T21:13:12Z
Initialize / Resolve Parameters	success	103051079464	2026-09-10T21:12:57Z
Initialize / Prepare keepalive write token	success	103051029284	2026-09-10T21:12:48Z
Initialize / Idle precheck	success	103050958059	2026-09-10T21:12:39Z
Initialize / Rate limit pre-check	success	103050901439	2026-09-10T21:12:25Z
Check event eligibility	success	103050867438	2026-09-10T21:12:14Z
Generate Diagnostic Report	success	103050516467	2026-09-10T21:11:12Z
Verify Load-Sharing (Token Rotation)	skipped	103050464796	2026-09-10T21:10:52Z
Check Consumer Repo Activity	success	103050463236	2026-09-10T21:11:01Z
Alert on High Usage	success	103050463219	2026-09-10T21:11:00Z
Generate Historical Report	skipped	103050338162	2026-09-10T21:10:28Z
Alert on Repeated Failure	success	103050337147	2026-09-10T21:10:44Z
Collect API Rate Limits	success	103050336809	2026-09-10T21:10:51Z
auto-label	skipped	103050007802	2026-09-10T21:09:18Z
check	success	103049970009	2026-09-10T21:09:27Z
Refresh campaign queue	success	103049826981	2026-09-10T21:09:21Z
auto-label	skipped	103044936990	2026-09-10T20:53:27Z
check	success	103044935978	2026-09-10T20:53:33Z
Refresh campaign queue	success	103044772212	2026-09-10T20:53:27Z
auto-label	skipped	103042339315	2026-09-10T20:45:16Z
check	success	103042335095	2026-09-10T20:45:24Z
Refresh campaign queue	success	103042192911	2026-09-10T20:45:16Z
Execute / Post keepalive instruction	skipped	103040103742	2026-09-10T20:38:19Z
Execute / Validate branch sync (dry-run)	skipped	103040103343	2026-09-10T20:38:19Z
Execute / Belt Worker	skipped	103040102722	2026-09-10T20:38:18Z
Execute / Keepalive post-work sync	skipped	103040102714	2026-09-10T20:38:19Z
Execute / Summarise belt dispatch outcomes	success	103040102562	2026-09-10T20:38:30Z
Execute / Guard existing belt PRs	skipped	103040101054	2026-09-10T20:38:18Z
Execute / Auto-merge labelled agent PRs	skipped	103040074721	2026-09-10T20:38:13Z
Execute / Promote belt PRs	skipped	103040073863	2026-09-10T20:38:13Z
Execute / Record Verification Outcome	skipped	103040005715	2026-09-10T20:38:01Z
Execute / Dispatch Agents Toolkit	skipped	103040005578	2026-09-10T20:38:01Z
Execute / Prepare keepalive round	skipped	103040004990	2026-09-10T20:38:01Z
Execute / Verify Assignment	skipped	103040004648	2026-09-10T20:38:01Z
Execute / Enforce keepalive run cap	skipped	103040004212	2026-09-10T20:38:01Z
Execute / Resolve orchestrator context	skipped	103040004152	2026-09-10T20:38:01Z
Execute / Belt Dispatcher / Select next agent issue	success	103040003785	2026-09-10T20:38:18Z
Execute / Scan belt promotion queue	failure	103040002724	2026-09-10T20:38:13Z
Execute / Evaluate keepalive gate	success	103039915288	2026-09-10T20:38:00Z
Initialize / Resolve Parameters	success	103039832847	2026-09-10T20:37:44Z
auto-label	skipped	103039819830	2026-09-10T20:37:27Z
check	success	103039818926	2026-09-10T20:37:35Z
Initialize / Prepare keepalive write token	success	103039780482	2026-09-10T20:37:29Z
Initialize / Idle precheck	success	103039682409	2026-09-10T20:37:19Z
Refresh campaign queue	success	103039674962	2026-09-10T20:37:30Z
Initialize / Rate limit pre-check	success	103039610185	2026-09-10T20:37:01Z
Check event eligibility	success	103039444153	2026-09-10T20:36:47Z
Re-evaluate stalled agent PRs	success	103036785892	2026-09-10T20:28:26Z
auto-label	skipped	103036292961	2026-09-10T20:26:43Z
check	success	103036290630	2026-09-10T20:26:51Z
Refresh campaign queue	success	103036148514	2026-09-10T20:26:42Z
check-expiration	success	103032911421	2026-09-10T20:16:49Z
Execute / Post keepalive instruction	skipped	103032785574	2026-09-10T20:16:12Z
Execute / Summarise belt dispatch outcomes	success	103032784374	2026-09-10T20:16:19Z
Execute / Validate branch sync (dry-run)	skipped	103032783521	2026-09-10T20:16:11Z
Execute / Keepalive post-work sync	skipped	103032782642	2026-09-10T20:16:12Z
Execute / Belt Worker	skipped	103032781606	2026-09-10T20:16:11Z
Execute / Guard existing belt PRs	skipped	103032780233	2026-09-10T20:16:11Z
Execute / Auto-merge labelled agent PRs	skipped	103032713012	2026-09-10T20:15:59Z
Execute / Promote belt PRs	skipped	103032712450	2026-09-10T20:15:59Z
Execute / Dispatch Agents Toolkit	skipped	103032654719	2026-09-10T20:15:49Z
Execute / Record Verification Outcome	skipped	103032654599	2026-09-10T20:15:49Z
Execute / Prepare keepalive round	skipped	103032654363	2026-09-10T20:15:49Z
Execute / Verify Assignment	skipped	103032653270	2026-09-10T20:15:48Z
Execute / Resolve orchestrator context	skipped	103032653257	2026-09-10T20:15:48Z
Execute / Belt Dispatcher / Select next agent issue	success	103032652554	2026-09-10T20:16:10Z
Execute / Enforce keepalive run cap	skipped	103032652043	2026-09-10T20:15:48Z
Execute / Scan belt promotion queue	failure	103032650580	2026-09-10T20:15:59Z
Execute / Evaluate keepalive gate	success	103032540197	2026-09-10T20:15:48Z
Initialize / Resolve Parameters	success	103032478109	2026-09-10T20:15:28Z
Initialize / Prepare keepalive write token	success	103032244190	2026-09-10T20:15:17Z
Initialize / Idle precheck	success	103032174743	2026-09-10T20:14:35Z
Initialize / Rate limit pre-check	success	103032064017	2026-09-10T20:14:21Z
Check event eligibility	success	103032026392	2026-09-10T20:14:02Z
Generate Diagnostic Report	success	103031446503	2026-09-10T20:12:18Z
Verify Load-Sharing (Token Rotation)	skipped	103031398754	2026-09-10T20:12:03Z
Check Consumer Repo Activity	success	103031396377	2026-09-10T20:12:12Z
Alert on High Usage	success	103031396361	2026-09-10T20:12:22Z
Generate Historical Report	skipped	103031271954	2026-09-10T20:11:40Z
Alert on Repeated Failure	success	103031270335	2026-09-10T20:11:56Z
Collect API Rate Limits	success	103031270242	2026-09-10T20:12:03Z
auto-label	skipped	103031029836	2026-09-10T20:10:56Z
check	success	103031028574	2026-09-10T20:11:07Z
Refresh campaign queue	success	103030851881	2026-09-10T20:11:01Z
auto-label	skipped	103024957835	2026-09-10T19:53:10Z
check	success	103024957213	2026-09-10T19:53:18Z
Refresh campaign queue	success	103024824388	2026-09-10T19:53:08Z
auto-label	skipped	103022004224	2026-09-10T19:43:54Z
check	success	103021964551	2026-09-10T19:44:03Z
Refresh campaign queue	success	103021805542	2026-09-10T19:43:51Z
Execute / Post keepalive instruction	skipped	103020216092	2026-09-10T19:38:29Z
Execute / Validate branch sync (dry-run)	skipped	103020215588	2026-09-10T19:38:29Z
Execute / Keepalive post-work sync	skipped	103020215081	2026-09-10T19:38:29Z
Execute / Belt Worker	skipped	103020214342	2026-09-10T19:38:29Z
Execute / Summarise belt dispatch outcomes	success	103020214309	2026-09-10T19:38:41Z
Execute / Guard existing belt PRs	skipped	103020214236	2026-09-10T19:38:29Z
Execute / Auto-merge labelled agent PRs	skipped	103020174535	2026-09-10T19:38:22Z
Execute / Promote belt PRs	skipped	103020173691	2026-09-10T19:38:21Z
Execute / Dispatch Agents Toolkit	skipped	103020114772	2026-09-10T19:38:10Z
Execute / Prepare keepalive round	skipped	103020114377	2026-09-10T19:38:10Z
Execute / Verify Assignment	skipped	103020114148	2026-09-10T19:38:10Z
Execute / Record Verification Outcome	skipped	103020114106	2026-09-10T19:38:10Z
Execute / Enforce keepalive run cap	skipped	103020114092	2026-09-10T19:38:10Z
Execute / Resolve orchestrator context	skipped	103020113751	2026-09-10T19:38:10Z
Execute / Belt Dispatcher / Select next agent issue	success	103020112735	2026-09-10T19:38:28Z
Execute / Scan belt promotion queue	failure	103020112217	2026-09-10T19:38:21Z
Execute / Evaluate keepalive gate	success	103020030077	2026-09-10T19:38:10Z
Initialize / Resolve Parameters	success	103019953144	2026-09-10T19:37:55Z
Initialize / Prepare keepalive write token	success	103019921547	2026-09-10T19:37:41Z
Initialize / Idle precheck	success	103019827557	2026-09-10T19:37:36Z
Initialize / Rate limit pre-check	success	103019760040	2026-09-10T19:37:19Z
Check event eligibility	success	103019603998	2026-09-10T19:37:06Z
auto-label	skipped	103019507528	2026-09-10T19:36:11Z
check	success	103019453082	2026-09-10T19:36:21Z
Refresh campaign queue	success	103019310627	2026-09-10T19:36:15Z
Re-evaluate stalled agent PRs	success	103016049262	2026-09-10T19:26:05Z
auto-label	skipped	103016023017	2026-09-10T19:25:49Z
check	success	103016021808	2026-09-10T19:25:59Z
Refresh campaign queue	success	103015872948	2026-09-10T19:25:52Z
auto-label	skipped	103013452014	2026-09-10T19:18:05Z
check	success	103013450299	2026-09-10T19:18:13Z
Refresh campaign queue	success	103013333301	2026-09-10T19:18:08Z
Execute / Auto-merge labelled agent PRs	skipped	103011653207	2026-09-10T19:12:48Z
Execute / Promote belt PRs	skipped	103011652571	2026-09-10T19:12:48Z
Execute / Post keepalive instruction	skipped	103011639936	2026-09-10T19:12:45Z
Execute / Validate branch sync (dry-run)	skipped	103011639168	2026-09-10T19:12:45Z
Execute / Keepalive post-work sync	skipped	103011638895	2026-09-10T19:12:45Z
Execute / Summarise belt dispatch outcomes	success	103011638493	2026-09-10T19:12:56Z
Execute / Guard existing belt PRs	skipped	103011638486	2026-09-10T19:12:45Z
Execute / Belt Worker	skipped	103011637913	2026-09-10T19:12:45Z
Execute / Record Verification Outcome	skipped	103011566926	2026-09-10T19:12:32Z
Execute / Prepare keepalive round	skipped	103011566262	2026-09-10T19:12:32Z
Execute / Dispatch Agents Toolkit	skipped	103011565751	2026-09-10T19:12:32Z
Execute / Resolve orchestrator context	skipped	103011565727	2026-09-10T19:12:32Z
Execute / Enforce keepalive run cap	skipped	103011565321	2026-09-10T19:12:32Z
Execute / Verify Assignment	skipped	103011564743	2026-09-10T19:12:32Z
Execute / Belt Dispatcher / Select next agent issue	success	103011564235	2026-09-10T19:12:44Z
Execute / Scan belt promotion queue	failure	103011563627	2026-09-10T19:12:47Z
Execute / Evaluate keepalive gate	success	103011468697	2026-09-10T19:12:32Z
Initialize / Resolve Parameters	success	103011411415	2026-09-10T19:12:15Z
Initialize / Prepare keepalive write token	success	103011362210	2026-09-10T19:12:05Z
Initialize / Idle precheck	success	103011298288	2026-09-10T19:11:55Z
Initialize / Rate limit pre-check	success	103011204076	2026-09-10T19:11:44Z
Check event eligibility	success	103011153599	2026-09-10T19:11:27Z
Generate Diagnostic Report	success	103010737671	2026-09-10T19:10:11Z
Verify Load-Sharing (Token Rotation)	skipped	103010700766	2026-09-10T19:09:57Z
Check Consumer Repo Activity	success	103010699037	2026-09-10T19:10:04Z
Alert on High Usage	success	103010698834	2026-09-10T19:10:08Z
Generate Historical Report	skipped	103010540296	2026-09-10T19:09:28Z
Collect API Rate Limits	success	103010539505	2026-09-10T19:09:57Z
Alert on Repeated Failure	success	103010538949	2026-09-10T19:09:43Z
auto-label	skipped	103010294982	2026-09-10T19:08:43Z
check	success	103010292503	2026-09-10T19:08:51Z
Refresh campaign queue	success	103010138586	2026-09-10T19:08:46Z
auto-label	skipped	103005328978	2026-09-10T18:54:04Z
check	success	103005288800	2026-09-10T18:54:11Z
Refresh campaign queue	success	103005139717	2026-09-10T18:54:08Z
auto-label	skipped	103002732754	2026-09-10T18:46:21Z
check	success	103002680089	2026-09-10T18:46:33Z
Refresh campaign queue	success	103002532621	2026-09-10T18:46:23Z
Execute / Post keepalive instruction	skipped	103001125495	2026-09-10T18:41:45Z
Execute / Validate branch sync (dry-run)	skipped	103001125322	2026-09-10T18:41:45Z
Execute / Keepalive post-work sync	skipped	103001125111	2026-09-10T18:41:45Z
Execute / Summarise belt dispatch outcomes	success	103001124728	2026-09-10T18:41:52Z
Execute / Belt Worker	skipped	103001123741	2026-09-10T18:41:44Z
Execute / Guard existing belt PRs	skipped	103001123524	2026-09-10T18:41:44Z
Execute / Promote belt PRs	skipped	103001123036	2026-09-10T18:41:44Z
Execute / Auto-merge labelled agent PRs	skipped	103001122921	2026-09-10T18:41:44Z
Execute / Prepare keepalive round	skipped	103001041606	2026-09-10T18:41:30Z
Execute / Dispatch Agents Toolkit	skipped	103001041266	2026-09-10T18:41:30Z
Execute / Record Verification Outcome	skipped	103001041019	2026-09-10T18:41:30Z
Execute / Resolve orchestrator context	skipped	103001040681	2026-09-10T18:41:30Z
Execute / Verify Assignment	skipped	103001040513	2026-09-10T18:41:30Z
Execute / Enforce keepalive run cap	skipped	103001039825	2026-09-10T18:41:30Z
Execute / Belt Dispatcher / Select next agent issue	success	103001039437	2026-09-10T18:41:44Z
Execute / Scan belt promotion queue	failure	103001038486	2026-09-10T18:41:44Z
Execute / Evaluate keepalive gate	success	103000965438	2026-09-10T18:41:29Z
Initialize / Resolve Parameters	success	103000890609	2026-09-10T18:41:16Z
Initialize / Prepare keepalive write token	success	103000849545	2026-09-10T18:41:03Z
Initialize / Idle precheck	success	103000769079	2026-09-10T18:40:56Z
Initialize / Rate limit pre-check	success	103000679644	2026-09-10T18:40:42Z
Check event eligibility	success	103000624552	2026-09-10T18:40:26Z
Re-evaluate stalled agent PRs	success	102997871155	2026-09-10T18:32:23Z
auto-label	skipped	102997769693	2026-09-10T18:31:51Z
check	success	102997768660	2026-09-10T18:32:02Z
Refresh campaign queue	success	102997631770	2026-09-10T18:31:52Z
Execute / Post keepalive instruction	skipped	102993584575	2026-09-10T18:19:41Z
Execute / Summarise belt dispatch outcomes	success	102993583454	2026-09-10T18:19:49Z
Execute / Belt Worker	skipped	102993583173	2026-09-10T18:19:41Z
Execute / Keepalive post-work sync	skipped	102993582933	2026-09-10T18:19:41Z
Execute / Validate branch sync (dry-run)	skipped	102993582735	2026-09-10T18:19:41Z
Execute / Guard existing belt PRs	skipped	102993581529	2026-09-10T18:19:41Z
Execute / Auto-merge labelled agent PRs	skipped	102993580420	2026-09-10T18:19:41Z
Execute / Promote belt PRs	skipped	102993579461	2026-09-10T18:19:40Z
Execute / Dispatch Agents Toolkit	skipped	102993494071	2026-09-10T18:19:25Z
Execute / Record Verification Outcome	skipped	102993493961	2026-09-10T18:19:25Z
Execute / Prepare keepalive round	skipped	102993493848	2026-09-10T18:19:25Z
Execute / Resolve orchestrator context	skipped	102993493755	2026-09-10T18:19:25Z
Execute / Enforce keepalive run cap	skipped	102993493745	2026-09-10T18:19:25Z
Execute / Verify Assignment	skipped	102993493072	2026-09-10T18:19:25Z
Execute / Belt Dispatcher / Select next agent issue	success	102993492741	2026-09-10T18:19:40Z
Execute / Scan belt promotion queue	failure	102993491822	2026-09-10T18:19:40Z
Execute / Evaluate keepalive gate	success	102993381205	2026-09-10T18:19:25Z
Initialize / Resolve Parameters	success	102993310699	2026-09-10T18:19:06Z
Initialize / Prepare keepalive write token	success	102993258959	2026-09-10T18:18:53Z
Initialize / Idle precheck	success	102993188205	2026-09-10T18:18:44Z
Initialize / Rate limit pre-check	success	102993099652	2026-09-10T18:18:31Z
Check event eligibility	success	102993032297	2026-09-10T18:18:16Z
Generate Diagnostic Report	success	102992315436	2026-09-10T18:16:05Z
Verify Load-Sharing (Token Rotation)	skipped	102992256811	2026-09-10T18:15:48Z
Check Consumer Repo Activity	success	102992254764	2026-09-10T18:15:59Z
Alert on High Usage	success	102992254696	2026-09-10T18:16:00Z
Generate Historical Report	skipped	102992088091	2026-09-10T18:15:19Z
Alert on Repeated Failure	success	102992086562	2026-09-10T18:15:35Z
Collect API Rate Limits	success	102992085999	2026-09-10T18:15:48Z
auto-label	skipped	102991512518	2026-09-10T18:13:38Z
check	success	102991511643	2026-09-10T18:13:46Z
Refresh campaign queue	success	102991366762	2026-09-10T18:13:38Z
auto-label	skipped	102984747068	2026-09-10T17:53:39Z
check	success	102984744866	2026-09-10T17:53:50Z
Refresh campaign queue	success	102984554175	2026-09-10T17:53:43Z
auto-label	skipped	102981531482	2026-09-10T17:44:06Z
check	success	102981529700	2026-09-10T17:44:18Z
Refresh campaign queue	success	102981378260	2026-09-10T17:44:08Z
Execute / Auto-merge labelled agent PRs	skipped	102979487529	2026-09-10T17:37:58Z
Execute / Promote belt PRs	skipped	102979487062	2026-09-10T17:37:58Z
Execute / Keepalive post-work sync	skipped	102979478858	2026-09-10T17:37:57Z
Execute / Validate branch sync (dry-run)	skipped	102979478610	2026-09-10T17:37:57Z
Execute / Post keepalive instruction	skipped	102979478563	2026-09-10T17:37:57Z
Execute / Belt Worker	skipped	102979477768	2026-09-10T17:37:57Z
Execute / Summarise belt dispatch outcomes	success	102979477563	2026-09-10T17:38:08Z
Execute / Guard existing belt PRs	skipped	102979477326	2026-09-10T17:37:57Z
Execute / Prepare keepalive round	skipped	102979409516	2026-09-10T17:37:44Z
Execute / Dispatch Agents Toolkit	skipped	102979409274	2026-09-10T17:37:44Z
Execute / Record Verification Outcome	skipped	102979408895	2026-09-10T17:37:44Z
Execute / Resolve orchestrator context	skipped	102979408693	2026-09-10T17:37:44Z
Execute / Verify Assignment	skipped	102979408458	2026-09-10T17:37:44Z
Execute / Enforce keepalive run cap	skipped	102979408254	2026-09-10T17:37:44Z
Execute / Belt Dispatcher / Select next agent issue	success	102979407746	2026-09-10T17:37:56Z
Execute / Scan belt promotion queue	failure	102979406880	2026-09-10T17:37:58Z
Execute / Evaluate keepalive gate	success	102979326905	2026-09-10T17:37:44Z
Initialize / Resolve Parameters	success	102979257129	2026-09-10T17:37:30Z
Initialize / Prepare keepalive write token	success	102979204150	2026-09-10T17:37:17Z
Initialize / Idle precheck	success	102979120089	2026-09-10T17:37:08Z
Initialize / Rate limit pre-check	success	102979017447	2026-09-10T17:36:53Z
Check event eligibility	success	102978962571	2026-09-10T17:36:36Z
auto-label	skipped	102978890016	2026-09-10T17:36:14Z
check	success	102978888182	2026-09-10T17:36:27Z
Refresh campaign queue	success	102978730222	2026-09-10T17:36:16Z
Re-evaluate stalled agent PRs	success	102975801765	2026-09-10T17:27:24Z
auto-label	skipped	102975339183	2026-09-10T17:25:48Z
check	success	102975336961	2026-09-10T17:25:59Z
Refresh campaign queue	success	102975194401	2026-09-10T17:25:47Z
Execute / Post keepalive instruction	skipped	102971627493	2026-09-10T17:14:57Z
Execute / Keepalive post-work sync	skipped	102971626717	2026-09-10T17:14:56Z
Execute / Validate branch sync (dry-run)	skipped	102971626716	2026-09-10T17:14:56Z
Execute / Belt Worker	skipped	102971626471	2026-09-10T17:14:56Z
Execute / Summarise belt dispatch outcomes	success	102971626190	2026-09-10T17:15:08Z
Execute / Guard existing belt PRs	skipped	102971625601	2026-09-10T17:14:56Z
Execute / Auto-merge labelled agent PRs	skipped	102971609980	2026-09-10T17:14:54Z
Execute / Promote belt PRs	skipped	102971609700	2026-09-10T17:14:54Z
Execute / Record Verification Outcome	skipped	102971525217	2026-09-10T17:14:38Z
Execute / Dispatch Agents Toolkit	skipped	102971523409	2026-09-10T17:14:38Z
Execute / Prepare keepalive round	skipped	102971523258	2026-09-10T17:14:38Z
Execute / Verify Assignment	skipped	102971523123	2026-09-10T17:14:38Z
Execute / Enforce keepalive run cap	skipped	102971522434	2026-09-10T17:14:38Z
Execute / Resolve orchestrator context	skipped	102971522244	2026-09-10T17:14:38Z
Execute / Belt Dispatcher / Select next agent issue	success	102971521700	2026-09-10T17:14:56Z
Execute / Scan belt promotion queue	failure	102971520763	2026-09-10T17:14:53Z
Execute / Evaluate keepalive gate	success	102971435295	2026-09-10T17:14:38Z
Initialize / Resolve Parameters	success	102971393583	2026-09-10T17:14:22Z
Initialize / Prepare keepalive write token	success	102971343877	2026-09-10T17:14:13Z
Initialize / Idle precheck	success	102971280031	2026-09-10T17:14:04Z
Initialize / Rate limit pre-check	success	102971182310	2026-09-10T17:13:52Z
Check event eligibility	success	102971134868	2026-09-10T17:13:34Z
Generate Diagnostic Report	success	102970631199	2026-09-10T17:12:05Z
Verify Load-Sharing (Token Rotation)	skipped	102970580199	2026-09-10T17:11:46Z
Check Consumer Repo Activity	success	102970578046	2026-09-10T17:11:55Z
Alert on High Usage	success	102970577891	2026-09-10T17:11:57Z
Generate Historical Report	skipped	102970426682	2026-09-10T17:11:19Z
Collect API Rate Limits	success	102970424988	2026-09-10T17:11:46Z
Alert on Repeated Failure	success	102970424711	2026-09-10T17:11:31Z
auto-label	skipped	102970201071	2026-09-10T17:10:39Z
check	success	102970199811	2026-09-10T17:10:48Z
Refresh campaign queue	success	102969985522	2026-09-10T17:10:41Z
auto-label	skipped	102965058808	2026-09-10T16:55:28Z
check	success	102965056774	2026-09-10T16:55:39Z
Refresh campaign queue	success	102964817163	2026-09-10T16:55:32Z
auto-label	skipped	102962326376	2026-09-10T16:47:24Z
check	success	102962323651	2026-09-10T16:47:31Z
Refresh campaign queue	success	102962157552	2026-09-10T16:47:25Z
auto-label	skipped	102959539231	2026-09-10T16:39:28Z
check	success	102959536447	2026-09-10T16:39:40Z
Refresh campaign queue	success	102959393052	2026-09-10T16:39:27Z
Execute / Post keepalive instruction	skipped	102959358229	2026-09-10T16:38:54Z
Execute / Keepalive post-work sync	skipped	102959357308	2026-09-10T16:38:54Z
Execute / Summarise belt dispatch outcomes	success	102959356950	2026-09-10T16:39:10Z
Execute / Validate branch sync (dry-run)	skipped	102959356920	2026-09-10T16:38:54Z
Execute / Belt Worker	skipped	102959356346	2026-09-10T16:38:54Z
Execute / Guard existing belt PRs	skipped	102959355972	2026-09-10T16:38:54Z
Execute / Auto-merge labelled agent PRs	skipped	102959338866	2026-09-10T16:38:48Z
Execute / Promote belt PRs	skipped	102959338604	2026-09-10T16:38:48Z
Execute / Dispatch Agents Toolkit	skipped	102959289618	2026-09-10T16:38:36Z
Execute / Prepare keepalive round	skipped	102959289101	2026-09-10T16:38:36Z
Execute / Enforce keepalive run cap	skipped	102959288903	2026-09-10T16:38:36Z
Execute / Record Verification Outcome	skipped	102959288696	2026-09-10T16:38:36Z
Execute / Resolve orchestrator context	skipped	102959288441	2026-09-10T16:38:36Z
Execute / Verify Assignment	skipped	102959287994	2026-09-10T16:38:36Z
Execute / Belt Dispatcher / Select next agent issue	success	102959287303	2026-09-10T16:38:53Z
Execute / Scan belt promotion queue	failure	102959286715	2026-09-10T16:38:48Z
Execute / Evaluate keepalive gate	success	102959002610	2026-09-10T16:38:36Z
Initialize / Resolve Parameters	success	102958935777	2026-09-10T16:37:42Z
Initialize / Prepare keepalive write token	success	102958889171	2026-09-10T16:37:30Z
Initialize / Idle precheck	success	102958795389	2026-09-10T16:37:21Z
Initialize / Rate limit pre-check	success	102958717205	2026-09-10T16:37:04Z
Check event eligibility	success	102958655369	2026-09-10T16:36:50Z
Re-evaluate stalled agent PRs	success	102956088499	2026-09-10T16:29:26Z
auto-label	skipped	102955903879	2026-09-10T16:28:40Z
check	success	102955903590	2026-09-10T16:28:54Z
Refresh campaign queue	success	102955755157	2026-09-10T16:28:42Z
Execute / Post keepalive instruction	skipped	102952064451	2026-09-10T16:17:45Z
Execute / Keepalive post-work sync	skipped	102952064405	2026-09-10T16:17:45Z
Execute / Summarise belt dispatch outcomes	success	102952063039	2026-09-10T16:17:57Z
Execute / Validate branch sync (dry-run)	skipped	102952062713	2026-09-10T16:17:45Z
Execute / Belt Worker	skipped	102952062496	2026-09-10T16:17:45Z
Execute / Guard existing belt PRs	skipped	102952062250	2026-09-10T16:17:45Z
Execute / Auto-merge labelled agent PRs	skipped	102951999966	2026-09-10T16:17:34Z
Execute / Promote belt PRs	skipped	102951999028	2026-09-10T16:17:34Z
Execute / Dispatch Agents Toolkit	skipped	102951909457	2026-09-10T16:17:19Z
Execute / Record Verification Outcome	skipped	102951908479	2026-09-10T16:17:19Z
Execute / Prepare keepalive round	skipped	102951908469	2026-09-10T16:17:19Z
Execute / Enforce keepalive run cap	skipped	102951908256	2026-09-10T16:17:19Z
Execute / Resolve orchestrator context	skipped	102951907998	2026-09-10T16:17:19Z
Execute / Verify Assignment	skipped	102951907377	2026-09-10T16:17:19Z
Execute / Belt Dispatcher / Select next agent issue	success	102951906892	2026-09-10T16:17:44Z
Execute / Scan belt promotion queue	failure	102951906019	2026-09-10T16:17:34Z
Execute / Evaluate keepalive gate	success	102951794620	2026-09-10T16:17:18Z
Initialize / Resolve Parameters	success	102951719431	2026-09-10T16:17:00Z
Initialize / Prepare keepalive write token	success	102951662117	2026-09-10T16:16:47Z
Initialize / Idle precheck	success	102951585298	2026-09-10T16:16:38Z
Initialize / Rate limit pre-check	success	102951505183	2026-09-10T16:16:25Z
Check event eligibility	success	102951445046	2026-09-10T16:16:11Z
Generate Diagnostic Report	success	102950682673	2026-09-10T16:14:01Z
Verify Load-Sharing (Token Rotation)	skipped	102950631119	2026-09-10T16:13:46Z
Alert on High Usage	success	102950629409	2026-09-10T16:13:57Z
Check Consumer Repo Activity	success	102950629283	2026-09-10T16:13:54Z
Generate Historical Report	skipped	102950440119	2026-09-10T16:13:12Z
Collect API Rate Limits	success	102950438170	2026-09-10T16:13:45Z
Alert on Repeated Failure	success	102950438011	2026-09-10T16:13:29Z
auto-label	skipped	102950063971	2026-09-10T16:12:09Z
check	success	102950062463	2026-09-10T16:12:21Z
Refresh campaign queue	success	102949917465	2026-09-10T16:12:10Z
auto-label	skipped	102943343447	2026-09-10T15:53:28Z
check	success	102943299844	2026-09-10T15:53:39Z
Refresh campaign queue	success	102943087493	2026-09-10T15:53:35Z
auto-pilot	skipped	102939815097	2026-09-10T15:44:04Z
comment_event_context	skipped	102939783676	2026-09-10T15:43:53Z
Dispatch keepalive orchestrator	skipped	102939755042	2026-09-10T15:43:54Z
Resume keepalive after Gate	skipped	102939754877	2026-09-10T15:43:54Z
gate_no_pr_summary	skipped	102939754725	2026-09-10T15:43:54Z
Detect keepalive round comments	skipped	102939754651	2026-09-10T15:43:54Z
Upsert PR body sections	skipped	102939752838	2026-09-10T15:43:53Z
Detect and fix integration test failures	skipped	102939752727	2026-09-10T15:43:53Z
gate_event_context	skipped	102939752401	2026-09-10T15:43:53Z
Moderate connector-authored comments	skipped	102939752142	2026-09-10T15:43:53Z
check	success	102939751510	2026-09-10T15:44:03Z
gate	success	102939751034	2026-09-10T15:44:04Z
check-expiration	success	102939632492	2026-09-10T15:43:44Z
auto-label	skipped	102938661877	2026-09-10T15:40:46Z
check	success	102938600053	2026-09-10T15:40:54Z
Refresh campaign queue	success	102938401747	2026-09-10T15:40:49Z
Execute / Auto-merge labelled agent PRs	skipped	102938069493	2026-09-10T15:39:19Z
Execute / Promote belt PRs	skipped	102938067926	2026-09-10T15:39:19Z
Execute / Post keepalive instruction	skipped	102938030037	2026-09-10T15:39:13Z
Execute / Validate branch sync (dry-run)	skipped	102938029267	2026-09-10T15:39:13Z
Execute / Summarise belt dispatch outcomes	success	102938028684	2026-09-10T15:39:25Z
Execute / Keepalive post-work sync	skipped	102938028372	2026-09-10T15:39:13Z
Execute / Guard existing belt PRs	skipped	102938027355	2026-09-10T15:39:13Z
Execute / Belt Worker	skipped	102938027349	2026-09-10T15:39:13Z
Execute / Record Verification Outcome	skipped	102937933907	2026-09-10T15:38:58Z
Execute / Prepare keepalive round	skipped	102937933344	2026-09-10T15:38:58Z
Execute / Dispatch Agents Toolkit	skipped	102937932780	2026-09-10T15:38:58Z
Execute / Resolve orchestrator context	skipped	102937932629	2026-09-10T15:38:58Z
Execute / Verify Assignment	skipped	102937932591	2026-09-10T15:38:58Z
Execute / Enforce keepalive run cap	skipped	102937931867	2026-09-10T15:38:58Z
Execute / Belt Dispatcher / Select next agent issue	success	102937931064	2026-09-10T15:39:12Z
Execute / Scan belt promotion queue	failure	102937930245	2026-09-10T15:39:19Z
Execute / Evaluate keepalive gate	success	102937845908	2026-09-10T15:38:57Z
Initialize / Resolve Parameters	success	102937779003	2026-09-10T15:38:44Z
Initialize / Prepare keepalive write token	success	102937732629	2026-09-10T15:38:33Z
Initialize / Idle precheck	success	102937555311	2026-09-10T15:38:26Z
Initialize / Rate limit pre-check	success	102937462116	2026-09-10T15:37:57Z
Check event eligibility	success	102937388779	2026-09-10T15:37:42Z
Re-evaluate stalled agent PRs	success	102934581823	2026-09-10T15:30:16Z
check	skipped	102934561594	2026-09-10T15:29:49Z
agent_bridge	skipped	102934506288	2026-09-10T15:29:47Z
debug_dump	skipped	102934472290	2026-09-10T15:29:34Z
Format created issues with LangChain	skipped	102934467024	2026-09-10T15:29:40Z
auto-pilot	skipped	102934466513	2026-09-10T15:29:40Z
Normalize ChatGPT topics into GitHub issues	skipped	102934466043	2026-09-10T15:29:40Z
Validate Codex issue labels	failure	102934464267	2026-09-10T15:29:47Z
Normalize workflow inputs	success	102934433413	2026-09-10T15:29:40Z
agent_bridge	skipped	102934431857	2026-09-10T15:29:35Z
Format created issues with LangChain	cancelled	102934431738	2026-09-10T15:29:35Z
Normalize ChatGPT topics into GitHub issues	cancelled	102934430587	2026-09-10T15:29:35Z
Validate Codex issue labels	cancelled	102934430099	2026-09-10T15:29:35Z
decompose	skipped	102934428331	2026-09-10T15:29:34Z
capability-check	skipped	102934427502	2026-09-10T15:29:34Z
optimize_issue	success	102934426604	2026-09-10T15:29:43Z
gate	success	102934424990	2026-09-10T15:29:40Z
Normalize workflow inputs	cancelled	102934412425	2026-09-10T15:29:34Z
check	success	102934403819	2026-09-10T15:29:48Z
auto-label	success	102934403632	2026-09-10T15:29:41Z
check	success	102934350605	2026-09-10T15:29:33Z
auto-label	skipped	102934329086	2026-09-10T15:29:18Z
Resume keepalive after Gate	skipped	102934274637	2026-09-10T15:29:01Z
Upsert PR body sections	skipped	102934254960	2026-09-10T15:29:01Z
Detect and fix integration test failures	skipped	102934226030	2026-09-10T15:29:02Z
Moderate connector-authored comments	skipped	102934221472	2026-09-10T15:29:01Z
Dispatch keepalive orchestrator	skipped	102934221400	2026-09-10T15:29:01Z
Detect keepalive round comments	skipped	102934221393	2026-09-10T15:29:01Z
gate_no_pr_summary	skipped	102934220758	2026-09-10T15:29:01Z
comment_event_context	skipped	102934220570	2026-09-10T15:29:01Z
gate_event_context	skipped	102934219865	2026-09-10T15:29:01Z
Refresh campaign queue	success	102934156663	2026-09-10T15:29:21Z
optimize_issue	success	102933984581	2026-09-10T15:29:33Z
Format created issues with LangChain	skipped	102933890508	2026-09-10T15:28:08Z
agent_bridge	skipped	102933890364	2026-09-10T15:28:08Z
Validate Codex issue labels	skipped	102933890023	2026-09-10T15:28:08Z
Normalize ChatGPT topics into GitHub issues	skipped	102933889952	2026-09-10T15:28:08Z
Normalize workflow inputs	skipped	102933888591	2026-09-10T15:28:07Z
Detect and fix integration test failures	skipped	102933887069	2026-09-10T15:28:07Z
check	success	102933885172	2026-09-10T15:28:24Z
auto-label	success	102933885065	2026-09-10T15:29:01Z
dedup	failure	102933884259	2026-09-10T15:28:49Z
Execute / Auto-merge labelled agent PRs	skipped	102930274661	2026-09-10T15:18:24Z
Execute / Promote belt PRs	skipped	102930271559	2026-09-10T15:18:23Z
Execute / Post keepalive instruction	skipped	102929809593	2026-09-10T15:17:11Z
Execute / Keepalive post-work sync	skipped	102929809534	2026-09-10T15:17:11Z
Execute / Validate branch sync (dry-run)	skipped	102929809336	2026-09-10T15:17:11Z
Execute / Summarise belt dispatch outcomes	success	102929808760	2026-09-10T15:17:23Z
Execute / Belt Worker	skipped	102929807133	2026-09-10T15:17:11Z
Execute / Guard existing belt PRs	skipped	102929806952	2026-09-10T15:17:11Z
Execute / Dispatch Agents Toolkit	skipped	102929719816	2026-09-10T15:16:58Z
Execute / Record Verification Outcome	skipped	102929719408	2026-09-10T15:16:58Z
Execute / Prepare keepalive round	skipped	102929719323	2026-09-10T15:16:58Z
Execute / Enforce keepalive run cap	skipped	102929718154	2026-09-10T15:16:57Z
Execute / Verify Assignment	skipped	102929717861	2026-09-10T15:16:57Z
Execute / Belt Dispatcher / Select next agent issue	success	102929717659	2026-09-10T15:17:10Z
Execute / Resolve orchestrator context	skipped	102929717463	2026-09-10T15:16:57Z
Execute / Scan belt promotion queue	failure	102929715799	2026-09-10T15:18:23Z
Execute / Evaluate keepalive gate	success	102929611647	2026-09-10T15:16:57Z
Initialize / Resolve Parameters	success	102929519436	2026-09-10T15:16:40Z
Initialize / Prepare keepalive write token	success	102929463128	2026-09-10T15:16:27Z
Initialize / Idle precheck	success	102929357228	2026-09-10T15:16:18Z
Initialize / Rate limit pre-check	success	102929251807	2026-09-10T15:16:02Z
Check event eligibility	success	102929190382	2026-09-10T15:15:45Z
Generate Diagnostic Report	success	102928269947	2026-09-10T15:13:31Z
Verify Load-Sharing (Token Rotation)	skipped	102928211268	2026-09-10T15:13:13Z
Check Consumer Repo Activity	success	102928208784	2026-09-10T15:13:21Z
Alert on High Usage	success	102928208749	2026-09-10T15:13:26Z
auto-label	skipped	102928032575	2026-09-10T15:12:50Z
check	success	102928030250	2026-09-10T15:13:01Z
Generate Historical Report	skipped	102927958551	2026-09-10T15:12:40Z
Alert on Repeated Failure	success	102927957128	2026-09-10T15:12:53Z
Collect API Rate Limits	success	102927956502	2026-09-10T15:13:12Z
Refresh campaign queue	success	102927576152	2026-09-10T15:12:04Z
auto-label	skipped	102920937170	2026-09-10T14:53:30Z
check	success	102920935031	2026-09-10T14:53:40Z
Refresh campaign queue	success	102920746553	2026-09-10T14:53:33Z
auto-label	skipped	102916260025	2026-09-10T14:41:05Z
check	success	102916259946	2026-09-10T14:41:15Z
Refresh campaign queue	success	102916077702	2026-09-10T14:41:07Z
Execute / Auto-merge labelled agent PRs	skipped	102915857724	2026-09-10T14:40:02Z
Execute / Promote belt PRs	skipped	102915856025	2026-09-10T14:40:02Z
Execute / Post keepalive instruction	skipped	102915773690	2026-09-10T14:39:49Z
Execute / Validate branch sync (dry-run)	skipped	102915773130	2026-09-10T14:39:49Z
Execute / Summarise belt dispatch outcomes	success	102915773067	2026-09-10T14:40:01Z
Execute / Belt Worker	skipped	102915772665	2026-09-10T14:39:48Z
Execute / Keepalive post-work sync	skipped	102915772296	2026-09-10T14:39:49Z
Execute / Guard existing belt PRs	skipped	102915770281	2026-09-10T14:39:48Z
Execute / Prepare keepalive round	skipped	102915640535	2026-09-10T14:39:28Z
Execute / Dispatch Agents Toolkit	skipped	102915640177	2026-09-10T14:39:28Z
Execute / Record Verification Outcome	skipped	102915640002	2026-09-10T14:39:28Z
Execute / Enforce keepalive run cap	skipped	102915639461	2026-09-10T14:39:28Z
Execute / Resolve orchestrator context	skipped	102915638940	2026-09-10T14:39:28Z
Execute / Verify Assignment	skipped	102915638621	2026-09-10T14:39:28Z
Execute / Belt Dispatcher / Select next agent issue	success	102915638024	2026-09-10T14:39:48Z
Execute / Scan belt promotion queue	failure	102915636833	2026-09-10T14:40:02Z
Execute / Evaluate keepalive gate	success	102915479583	2026-09-10T14:39:27Z
Initialize / Resolve Parameters	success	102915422828	2026-09-10T14:39:02Z
Initialize / Prepare keepalive write token	success	102915384398	2026-09-10T14:38:53Z
Initialize / Idle precheck	success	102915308774	2026-09-10T14:38:47Z
Initialize / Rate limit pre-check	success	102915233437	2026-09-10T14:38:35Z
Check event eligibility	success	102915179735	2026-09-10T14:38:23Z
Re-evaluate stalled agent PRs	success	102912030074	2026-09-10T14:30:06Z
auto-label	skipped	102911691854	2026-09-10T14:28:58Z
check	success	102911691382	2026-09-10T14:29:08Z
Refresh campaign queue	success	102911495105	2026-09-10T14:28:58Z
Execute / Post keepalive instruction	skipped	102907007259	2026-09-10T14:16:27Z
Execute / Validate branch sync (dry-run)	skipped	102907006065	2026-09-10T14:16:27Z
Execute / Summarise belt dispatch outcomes	success	102907005818	2026-09-10T14:16:36Z
Execute / Keepalive post-work sync	skipped	102907005626	2026-09-10T14:16:27Z
Execute / Belt Worker	skipped	102907004822	2026-09-10T14:16:26Z
Execute / Guard existing belt PRs	skipped	102907004684	2026-09-10T14:16:26Z
Execute / Auto-merge labelled agent PRs	skipped	102906998879	2026-09-10T14:16:25Z
Execute / Promote belt PRs	skipped	102906997689	2026-09-10T14:16:25Z
Execute / Record Verification Outcome	skipped	102906877820	2026-09-10T14:16:06Z
Execute / Dispatch Agents Toolkit	skipped	102906877569	2026-09-10T14:16:06Z
Execute / Prepare keepalive round	skipped	102906877119	2026-09-10T14:16:06Z
Execute / Resolve orchestrator context	skipped	102906876242	2026-09-10T14:16:06Z
Execute / Verify Assignment	skipped	102906876095	2026-09-10T14:16:06Z
Execute / Enforce keepalive run cap	skipped	102906875966	2026-09-10T14:16:06Z
Execute / Belt Dispatcher / Select next agent issue	success	102906875143	2026-09-10T14:16:26Z
Execute / Scan belt promotion queue	failure	102906873328	2026-09-10T14:16:24Z
Execute / Evaluate keepalive gate	success	102906714245	2026-09-10T14:16:06Z
Initialize / Resolve Parameters	success	102906639484	2026-09-10T14:15:39Z
Initialize / Prepare keepalive write token	success	102906572649	2026-09-10T14:15:29Z
Initialize / Idle precheck	success	102906493711	2026-09-10T14:15:19Z
Initialize / Rate limit pre-check	success	102906413508	2026-09-10T14:15:06Z
Check event eligibility	success	102906369550	2026-09-10T14:14:53Z
Generate Diagnostic Report	success	102905734111	2026-09-10T14:13:13Z
Verify Load-Sharing (Token Rotation)	skipped	102905673291	2026-09-10T14:12:54Z
Check Consumer Repo Activity	success	102905671612	2026-09-10T14:13:04Z
Alert on High Usage	success	102905671551	2026-09-10T14:13:12Z
Generate Historical Report	skipped	102905469924	2026-09-10T14:12:21Z
Alert on Repeated Failure	success	102905469108	2026-09-10T14:12:47Z
Collect API Rate Limits	success	102905468548	2026-09-10T14:12:54Z
auto-label	skipped	102905064741	2026-09-10T14:11:14Z
check	success	102905062287	2026-09-10T14:11:24Z
Refresh campaign queue	success	102904895394	2026-09-10T14:11:16Z
auto-label	skipped	102899027318	2026-09-10T13:54:47Z
check	success	102899023908	2026-09-10T13:54:57Z
Refresh campaign queue	success	102898846909	2026-09-10T13:54:50Z
auto-label	skipped	102896176943	2026-09-10T13:46:45Z
check	success	102896174504	2026-09-10T13:46:54Z
Refresh campaign queue	success	102896008730	2026-09-10T13:46:47Z
auto-label	skipped	102893313959	2026-09-10T13:38:43Z
check	success	102893311522	2026-09-10T13:38:53Z
Refresh campaign queue	success	102893158593	2026-09-10T13:38:45Z
Execute / Summarise belt dispatch outcomes	success	102893081799	2026-09-10T13:38:13Z
Execute / Post keepalive instruction	skipped	102893081123	2026-09-10T13:38:03Z
Execute / Keepalive post-work sync	skipped	102893078467	2026-09-10T13:38:03Z
Execute / Validate branch sync (dry-run)	skipped	102893078229	2026-09-10T13:38:03Z
Execute / Belt Worker	skipped	102893075536	2026-09-10T13:38:03Z
Execute / Guard existing belt PRs	skipped	102893075080	2026-09-10T13:38:02Z
Execute / Auto-merge labelled agent PRs	skipped	102893070579	2026-09-10T13:38:02Z
Execute / Promote belt PRs	skipped	102893069603	2026-09-10T13:38:01Z
Execute / Prepare keepalive round	skipped	102892980609	2026-09-10T13:37:46Z
Execute / Dispatch Agents Toolkit	skipped	102892980409	2026-09-10T13:37:46Z
Execute / Record Verification Outcome	skipped	102892980034	2026-09-10T13:37:46Z
Execute / Verify Assignment	skipped	102892978893	2026-09-10T13:37:46Z
Execute / Resolve orchestrator context	skipped	102892978712	2026-09-10T13:37:46Z
Execute / Belt Dispatcher / Select next agent issue	success	102892978386	2026-09-10T13:38:02Z
Execute / Enforce keepalive run cap	skipped	102892978341	2026-09-10T13:37:46Z
Execute / Scan belt promotion queue	failure	102892977081	2026-09-10T13:38:01Z
Execute / Evaluate keepalive gate	success	102892855551	2026-09-10T13:37:45Z
Initialize / Resolve Parameters	success	102892801618	2026-09-10T13:37:24Z
Initialize / Prepare keepalive write token	success	102892745957	2026-09-10T13:37:15Z
Initialize / Idle precheck	success	102892670667	2026-09-10T13:37:05Z
Initialize / Rate limit pre-check	success	102892595375	2026-09-10T13:36:53Z
Check event eligibility	success	102892532366	2026-09-10T13:36:40Z
Re-evaluate stalled agent PRs	success	102889615950	2026-09-10T13:28:28Z
check	success	102889347973	2026-09-10T13:27:38Z
auto-label	skipped	102889346098	2026-09-10T13:27:26Z
Refresh campaign queue	success	102889143110	2026-09-10T13:27:29Z
Execute / Post keepalive instruction	skipped	102885571823	2026-09-10T13:16:36Z
Execute / Validate branch sync (dry-run)	skipped	102885571411	2026-09-10T13:16:35Z
Execute / Summarise belt dispatch outcomes	success	102885571181	2026-09-10T13:16:47Z
Execute / Belt Worker	skipped	102885570868	2026-09-10T13:16:35Z
Execute / Keepalive post-work sync	skipped	102885570775	2026-09-10T13:16:35Z
Execute / Guard existing belt PRs	skipped	102885569213	2026-09-10T13:16:35Z
Execute / Auto-merge labelled agent PRs	skipped	102885550856	2026-09-10T13:16:32Z
Execute / Promote belt PRs	skipped	102885549643	2026-09-10T13:16:32Z
Execute / Resolve orchestrator context	skipped	102885475081	2026-09-10T13:16:19Z
Execute / Prepare keepalive round	skipped	102885474806	2026-09-10T13:16:19Z
Execute / Dispatch Agents Toolkit	skipped	102885474784	2026-09-10T13:16:19Z
Execute / Record Verification Outcome	skipped	102885474636	2026-09-10T13:16:19Z
Execute / Enforce keepalive run cap	skipped	102885474324	2026-09-10T13:16:19Z
Execute / Verify Assignment	skipped	102885474061	2026-09-10T13:16:19Z
Execute / Belt Dispatcher / Select next agent issue	success	102885473141	2026-09-10T13:16:35Z
Execute / Scan belt promotion queue	failure	102885472202	2026-09-10T13:16:31Z
Execute / Evaluate keepalive gate	success	102885381980	2026-09-10T13:16:19Z
Initialize / Resolve Parameters	success	102885210585	2026-09-10T13:16:04Z
Initialize / Prepare keepalive write token	success	102885158180	2026-09-10T13:15:34Z
Initialize / Idle precheck	success	102885027219	2026-09-10T13:15:25Z
Initialize / Rate limit pre-check	success	102884921738	2026-09-10T13:15:03Z
Check event eligibility	success	102884860646	2026-09-10T13:14:45Z
Generate Diagnostic Report	success	102884274399	2026-09-10T13:12:59Z
Verify Load-Sharing (Token Rotation)	skipped	102884226250	2026-09-10T13:12:42Z
Check Consumer Repo Activity	success	102884224400	2026-09-10T13:12:51Z
Alert on High Usage	success	102884224284	2026-09-10T13:12:57Z
check	success	102884123739	2026-09-10T13:12:33Z
auto-label	skipped	102884122480	2026-09-10T13:12:24Z
Generate Historical Report	skipped	102884098673	2026-09-10T13:12:20Z
Collect API Rate Limits	success	102884097533	2026-09-10T13:12:42Z
Alert on Repeated Failure	success	102884097252	2026-09-10T13:12:37Z
Refresh campaign queue	success	102883943436	2026-09-10T13:12:23Z
auto-label	skipped	102878543580	2026-09-10T12:55:50Z
check	success	102878541465	2026-09-10T12:55:59Z
Refresh campaign queue	success	102878367869	2026-09-10T12:55:53Z
Execute / Post keepalive instruction	skipped	102875981167	2026-09-10T12:48:00Z
Execute / Validate branch sync (dry-run)	skipped	102875981140	2026-09-10T12:47:59Z
Execute / Keepalive post-work sync	skipped	102875980480	2026-09-10T12:47:59Z
Execute / Summarise belt dispatch outcomes	success	102875980411	2026-09-10T12:48:07Z
Execute / Belt Worker	skipped	102875979762	2026-09-10T12:47:59Z
Execute / Guard existing belt PRs	skipped	102875979275	2026-09-10T12:47:59Z
Execute / Auto-merge labelled agent PRs	skipped	102875953117	2026-09-10T12:47:54Z
Execute / Promote belt PRs	skipped	102875953091	2026-09-10T12:47:54Z
auto-label	skipped	102875903621	2026-09-10T12:47:45Z
check	success	102875901808	2026-09-10T12:47:53Z
Execute / Prepare keepalive round	skipped	102875870361	2026-09-10T12:47:39Z
Execute / Record Verification Outcome	skipped	102875869849	2026-09-10T12:47:39Z
Execute / Dispatch Agents Toolkit	skipped	102875869381	2026-09-10T12:47:39Z
Execute / Resolve orchestrator context	skipped	102875869034	2026-09-10T12:47:39Z
Execute / Verify Assignment	skipped	102875868736	2026-09-10T12:47:39Z
Execute / Enforce keepalive run cap	skipped	102875868525	2026-09-10T12:47:39Z
Execute / Belt Dispatcher / Select next agent issue	success	102875867860	2026-09-10T12:47:59Z
Execute / Scan belt promotion queue	failure	102875867155	2026-09-10T12:47:54Z
Execute / Evaluate keepalive gate	success	102875770152	2026-09-10T12:47:38Z
Initialize / Resolve Parameters	success	102875698431	2026-09-10T12:47:20Z
Initialize / Prepare keepalive write token	success	102875651836	2026-09-10T12:47:07Z
Initialize / Idle precheck	success	102875579241	2026-09-10T12:46:59Z
Initialize / Rate limit pre-check	success	102875512841	2026-09-10T12:46:45Z
Check event eligibility	success	102875391690	2026-09-10T12:46:32Z
auto-label	skipped	102873799157	2026-09-10T12:40:58Z
check	success	102873745330	2026-09-10T12:41:09Z
Re-evaluate stalled agent PRs	success	102873651586	2026-09-10T12:40:59Z
Refresh campaign queue	success	102873588591	2026-09-10T12:41:01Z
Execute / Auto-merge labelled agent PRs	skipped	102868848757	2026-09-10T12:25:20Z
Execute / Promote belt PRs	skipped	102868846905	2026-09-10T12:25:20Z
Execute / Post keepalive instruction	skipped	102868836008	2026-09-10T12:25:18Z
Execute / Validate branch sync (dry-run)	skipped	102868835094	2026-09-10T12:25:17Z
Execute / Summarise belt dispatch outcomes	success	102868834902	2026-09-10T12:25:30Z
Execute / Keepalive post-work sync	skipped	102868834653	2026-09-10T12:25:17Z
Execute / Belt Worker	skipped	102868833933	2026-09-10T12:25:17Z
Execute / Guard existing belt PRs	skipped	102868831907	2026-09-10T12:25:17Z
Execute / Record Verification Outcome	skipped	102868768268	2026-09-10T12:25:05Z
Execute / Dispatch Agents Toolkit	skipped	102868768210	2026-09-10T12:25:05Z
Execute / Prepare keepalive round	skipped	102868767936	2026-09-10T12:25:05Z
Execute / Verify Assignment	skipped	102868767256	2026-09-10T12:25:05Z
Execute / Enforce keepalive run cap	skipped	102868766899	2026-09-10T12:25:05Z
Execute / Resolve orchestrator context	skipped	102868766786	2026-09-10T12:25:05Z
Execute / Belt Dispatcher / Select next agent issue	success	102868766216	2026-09-10T12:25:16Z
Execute / Scan belt promotion queue	failure	102868765751	2026-09-10T12:25:19Z
Execute / Evaluate keepalive gate	success	102868680879	2026-09-10T12:25:05Z
Initialize / Resolve Parameters	success	102868627189	2026-09-10T12:24:48Z
Initialize / Prepare keepalive write token	success	102868584219	2026-09-10T12:24:38Z
Initialize / Idle precheck	success	102868504893	2026-09-10T12:24:29Z
Initialize / Rate limit pre-check	success	102868427793	2026-09-10T12:24:14Z
Check event eligibility	success	102868345504	2026-09-10T12:23:59Z
Generate Diagnostic Report	success	102867289895	2026-09-10T12:20:25Z
Verify Load-Sharing (Token Rotation)	skipped	102867254039	2026-09-10T12:20:09Z
Check Consumer Repo Activity	success	102867251867	2026-09-10T12:20:15Z
Alert on High Usage	success	102867251772	2026-09-10T12:20:24Z
Generate Historical Report	skipped	102867124150	2026-09-10T12:19:43Z
Alert on Repeated Failure	success	102867122662	2026-09-10T12:19:57Z
Collect API Rate Limits	success	102867122512	2026-09-10T12:20:08Z
auto-label	skipped	102866425098	2026-09-10T12:17:27Z
check	success	102866423973	2026-09-10T12:17:39Z
Refresh campaign queue	success	102866269828	2026-09-10T12:17:30Z
auto-label	skipped	102859447616	2026-09-10T11:54:00Z
check	success	102859417702	2026-09-10T11:54:08Z
Refresh campaign queue	success	102859289613	2026-09-10T11:54:04Z
auto-label	skipped	102857206913	2026-09-10T11:46:15Z
check	success	102857205256	2026-09-10T11:46:23Z
Refresh campaign queue	success	102857094402	2026-09-10T11:46:17Z
auto-label	skipped	102854940068	2026-09-10T11:38:17Z
check	success	102854939235	2026-09-10T11:38:26Z
Execute / Post keepalive instruction	skipped	102854906844	2026-09-10T11:38:10Z
Execute / Validate branch sync (dry-run)	skipped	102854906682	2026-09-10T11:38:10Z
Execute / Keepalive post-work sync	skipped	102854906360	2026-09-10T11:38:10Z
Execute / Summarise belt dispatch outcomes	success	102854905867	2026-09-10T11:38:23Z
Execute / Belt Worker	skipped	102854905360	2026-09-10T11:38:10Z
Execute / Guard existing belt PRs	skipped	102854904902	2026-09-10T11:38:10Z
Execute / Auto-merge labelled agent PRs	skipped	102854847396	2026-09-10T11:37:57Z
Execute / Promote belt PRs	skipped	102854847167	2026-09-10T11:37:57Z
Refresh campaign queue	success	102854797494	2026-09-10T11:38:19Z
Execute / Dispatch Agents Toolkit	skipped	102854767243	2026-09-10T11:37:40Z
Execute / Record Verification Outcome	skipped	102854766979	2026-09-10T11:37:40Z
Execute / Prepare keepalive round	skipped	102854766824	2026-09-10T11:37:40Z
Execute / Verify Assignment	skipped	102854766387	2026-09-10T11:37:39Z
Execute / Resolve orchestrator context	skipped	102854766144	2026-09-10T11:37:39Z
Execute / Enforce keepalive run cap	skipped	102854766028	2026-09-10T11:37:39Z
Execute / Belt Dispatcher / Select next agent issue	success	102854765871	2026-09-10T11:38:08Z
Execute / Scan belt promotion queue	failure	102854765200	2026-09-10T11:37:57Z
Execute / Evaluate keepalive gate	success	102854685469	2026-09-10T11:37:39Z
Initialize / Resolve Parameters	success	102854617306	2026-09-10T11:37:22Z
Initialize / Prepare keepalive write token	success	102854582645	2026-09-10T11:37:08Z
Initialize / Idle precheck	success	102854523493	2026-09-10T11:37:01Z
Initialize / Rate limit pre-check	success	102854455136	2026-09-10T11:36:48Z
Check event eligibility	success	102854423315	2026-09-10T11:36:34Z
Re-evaluate stalled agent PRs	success	102852202586	2026-09-10T11:28:53Z
auto-label	skipped	102851712128	2026-09-10T11:26:59Z
check	success	102851710405	2026-09-10T11:27:07Z
Refresh campaign queue	success	102851580428	2026-09-10T11:27:01Z
Execute / Post keepalive instruction	skipped	102848597513	2026-09-10T11:15:49Z
Execute / Validate branch sync (dry-run)	skipped	102848597033	2026-09-10T11:15:48Z
Execute / Keepalive post-work sync	skipped	102848596821	2026-09-10T11:15:48Z
Execute / Summarise belt dispatch outcomes	success	102848596744	2026-09-10T11:16:00Z
Execute / Belt Worker	skipped	102848595826	2026-09-10T11:15:48Z
Execute / Guard existing belt PRs	skipped	102848595242	2026-09-10T11:15:48Z
Execute / Auto-merge labelled agent PRs	skipped	102848576545	2026-09-10T11:15:44Z
Execute / Promote belt PRs	skipped	102848575604	2026-09-10T11:15:44Z
Execute / Dispatch Agents Toolkit	skipped	102848515745	2026-09-10T11:15:31Z
Execute / Record Verification Outcome	skipped	102848514847	2026-09-10T11:15:31Z
Execute / Prepare keepalive round	skipped	102848514759	2026-09-10T11:15:31Z
Execute / Resolve orchestrator context	skipped	102848514406	2026-09-10T11:15:31Z
Execute / Enforce keepalive run cap	skipped	102848514293	2026-09-10T11:15:31Z
Execute / Verify Assignment	skipped	102848513840	2026-09-10T11:15:31Z
Execute / Belt Dispatcher / Select next agent issue	success	102848513203	2026-09-10T11:15:48Z
Execute / Scan belt promotion queue	failure	102848512394	2026-09-10T11:15:44Z
Execute / Evaluate keepalive gate	success	102848435122	2026-09-10T11:15:31Z
Initialize / Resolve Parameters	success	102848391717	2026-09-10T11:15:14Z
Initialize / Prepare keepalive write token	success	102848351179	2026-09-10T11:15:05Z
Initialize / Idle precheck	success	102848277936	2026-09-10T11:14:57Z
Initialize / Rate limit pre-check	success	102848211645	2026-09-10T11:14:42Z
Check event eligibility	success	102848139093	2026-09-10T11:14:28Z
Generate Diagnostic Report	success	102847662093	2026-09-10T11:12:40Z
Verify Load-Sharing (Token Rotation)	skipped	102847623507	2026-09-10T11:12:23Z
Check Consumer Repo Activity	success	102847622033	2026-09-10T11:12:31Z
Alert on High Usage	success	102847621920	2026-09-10T11:12:40Z
Generate Historical Report	skipped	102847510022	2026-09-10T11:11:57Z
Alert on Repeated Failure	success	102847508831	2026-09-10T11:12:19Z
Collect API Rate Limits	success	102847508687	2026-09-10T11:12:22Z
auto-label	skipped	102847183000	2026-09-10T11:10:47Z
check	success	102847180578	2026-09-10T11:10:55Z
Refresh campaign queue	success	102847066585	2026-09-10T11:10:49Z
auto-label	skipped	102842286693	2026-09-10T10:53:21Z
check	success	102842284366	2026-09-10T10:53:28Z
Refresh campaign queue	success	102842155114	2026-09-10T10:53:24Z
auto-label	skipped	102838748705	2026-09-10T10:40:34Z
check	success	102838747088	2026-09-10T10:40:45Z
Refresh campaign queue	success	102838635422	2026-09-10T10:40:34Z
Execute / Post keepalive instruction	skipped	102838393987	2026-09-10T10:39:17Z
Execute / Belt Worker	skipped	102838393250	2026-09-10T10:39:17Z
Execute / Validate branch sync (dry-run)	skipped	102838393232	2026-09-10T10:39:17Z
Execute / Keepalive post-work sync	skipped	102838393027	2026-09-10T10:39:17Z
Execute / Summarise belt dispatch outcomes	success	102838392830	2026-09-10T10:39:28Z
Execute / Guard existing belt PRs	skipped	102838392504	2026-09-10T10:39:17Z
Execute / Promote belt PRs	skipped	102838374904	2026-09-10T10:39:13Z
Execute / Auto-merge labelled agent PRs	skipped	102838374478	2026-09-10T10:39:13Z
Execute / Dispatch Agents Toolkit	skipped	102838322249	2026-09-10T10:39:01Z
Execute / Prepare keepalive round	skipped	102838322013	2026-09-10T10:39:01Z
Execute / Resolve orchestrator context	skipped	102838321805	2026-09-10T10:39:01Z
Execute / Record Verification Outcome	skipped	102838321687	2026-09-10T10:39:01Z
Execute / Enforce keepalive run cap	skipped	102838321680	2026-09-10T10:39:01Z
Execute / Verify Assignment	skipped	102838321303	2026-09-10T10:39:00Z
Execute / Belt Dispatcher / Select next agent issue	success	102838318107	2026-09-10T10:39:17Z
Execute / Scan belt promotion queue	failure	102838317781	2026-09-10T10:39:12Z
Execute / Evaluate keepalive gate	success	102838218389	2026-09-10T10:39:00Z
Initialize / Resolve Parameters	success	102838157827	2026-09-10T10:38:38Z
Initialize / Prepare keepalive write token	success	102838130519	2026-09-10T10:38:26Z
Initialize / Idle precheck	success	102838059569	2026-09-10T10:38:20Z
Initialize / Rate limit pre-check	success	102838005858	2026-09-10T10:38:05Z
Check event eligibility	success	102837975864	2026-09-10T10:37:53Z
Re-evaluate stalled agent PRs	success	102835909166	2026-09-10T10:30:38Z
auto-label	skipped	102835659266	2026-09-10T10:29:21Z
check	success	102835613073	2026-09-10T10:29:31Z
Refresh campaign queue	success	102835494643	2026-09-10T10:29:24Z
health	success	102834708925	2026-09-10T10:26:21Z
Execute / Post keepalive instruction	skipped	102832211431	2026-09-10T10:17:15Z
Execute / Keepalive post-work sync	skipped	102832211145	2026-09-10T10:17:15Z
Execute / Validate branch sync (dry-run)	skipped	102832210662	2026-09-10T10:17:15Z
Execute / Summarise belt dispatch outcomes	success	102832210551	2026-09-10T10:17:27Z
Execute / Belt Worker	skipped	102832209956	2026-09-10T10:17:15Z
Execute / Guard existing belt PRs	skipped	102832209209	2026-09-10T10:17:15Z
Execute / Promote belt PRs	skipped	102832156113	2026-09-10T10:17:04Z
Execute / Auto-merge labelled agent PRs	skipped	102832155975	2026-09-10T10:17:04Z
Execute / Dispatch Agents Toolkit	skipped	102832091240	2026-09-10T10:16:50Z
Execute / Prepare keepalive round	skipped	102832090687	2026-09-10T10:16:50Z
Execute / Enforce keepalive run cap	skipped	102832090400	2026-09-10T10:16:50Z
Execute / Record Verification Outcome	skipped	102832090318	2026-09-10T10:16:50Z
Execute / Resolve orchestrator context	skipped	102832089567	2026-09-10T10:16:50Z
Execute / Verify Assignment	skipped	102832089558	2026-09-10T10:16:50Z
Execute / Belt Dispatcher / Select next agent issue	success	102832089108	2026-09-10T10:17:15Z
Execute / Scan belt promotion queue	failure	102832088525	2026-09-10T10:17:03Z
Execute / Evaluate keepalive gate	success	102832030309	2026-09-10T10:16:50Z
Initialize / Resolve Parameters	success	102831979757	2026-09-10T10:16:38Z
Initialize / Prepare keepalive write token	success	102831939447	2026-09-10T10:16:27Z
Initialize / Idle precheck	success	102831889185	2026-09-10T10:16:19Z
Initialize / Rate limit pre-check	success	102831800614	2026-09-10T10:16:08Z
Check event eligibility	success	102831760228	2026-09-10T10:15:49Z
Generate Diagnostic Report	success	102831250826	2026-09-10T10:14:01Z
Verify Load-Sharing (Token Rotation)	skipped	102831200993	2026-09-10T10:13:43Z
Check Consumer Repo Activity	success	102831199522	2026-09-10T10:13:54Z
Alert on High Usage	success	102831199490	2026-09-10T10:14:29Z
Generate Historical Report	skipped	102831067082	2026-09-10T10:13:14Z
Alert on Repeated Failure	success	102831066349	2026-09-10T10:13:29Z
Collect API Rate Limits	success	102831066142	2026-09-10T10:13:43Z
auto-label	skipped	102830730015	2026-09-10T10:12:03Z
check	success	102830728526	2026-09-10T10:12:10Z
Refresh campaign queue	success	102830600546	2026-09-10T10:12:05Z
auto-label	skipped	102825324125	2026-09-10T09:53:21Z
check	success	102825322856	2026-09-10T09:53:30Z
Refresh campaign queue	success	102825184949	2026-09-10T09:53:24Z
auto-label	skipped	102823020425	2026-09-10T09:45:26Z
check	success	102823019500	2026-09-10T09:45:36Z
Refresh campaign queue	success	102822866364	2026-09-10T09:45:30Z
Execute / Auto-merge labelled agent PRs	skipped	102821721130	2026-09-10T09:41:04Z
Execute / Promote belt PRs	skipped	102821719840	2026-09-10T09:41:04Z
Execute / Post keepalive instruction	skipped	102821686125	2026-09-10T09:40:57Z
Execute / Validate branch sync (dry-run)	skipped	102821685655	2026-09-10T09:40:57Z
Execute / Keepalive post-work sync	skipped	102821685374	2026-09-10T09:40:57Z
Execute / Summarise belt dispatch outcomes	success	102821685096	2026-09-10T09:41:16Z
Execute / Belt Worker	skipped	102821684376	2026-09-10T09:40:57Z
Execute / Guard existing belt PRs	skipped	102821683306	2026-09-10T09:40:57Z
Execute / Dispatch Agents Toolkit	skipped	102821622596	2026-09-10T09:40:44Z
Execute / Record Verification Outcome	skipped	102821622495	2026-09-10T09:40:44Z
Execute / Prepare keepalive round	skipped	102821622333	2026-09-10T09:40:44Z
Execute / Resolve orchestrator context	skipped	102821622275	2026-09-10T09:40:44Z
Execute / Verify Assignment	skipped	102821621981	2026-09-10T09:40:44Z
Execute / Enforce keepalive run cap	skipped	102821621920	2026-09-10T09:40:44Z
Execute / Belt Dispatcher / Select next agent issue	success	102821621191	2026-09-10T09:40:56Z
Execute / Scan belt promotion queue	failure	102821620550	2026-09-10T09:41:04Z
Execute / Evaluate keepalive gate	success	102821560069	2026-09-10T09:40:44Z
Initialize / Resolve Parameters	success	102821500641	2026-09-10T09:40:31Z
Initialize / Prepare keepalive write token	success	102821459206	2026-09-10T09:40:20Z
Initialize / Idle precheck	success	102821401430	2026-09-10T09:40:12Z
Initialize / Rate limit pre-check	success	102821350973	2026-09-10T09:40:00Z
Check event eligibility	success	102821318934	2026-09-10T09:39:50Z
auto-label	skipped	102819132245	2026-09-10T09:32:18Z
check	success	102819131091	2026-09-10T09:32:27Z
Re-evaluate stalled agent PRs	success	102819033985	2026-09-10T09:32:12Z
Refresh campaign queue	success	102819004805	2026-09-10T09:32:20Z
Execute / Post keepalive instruction	skipped	102815160215	2026-09-10T09:19:00Z
Execute / Validate branch sync (dry-run)	skipped	102815159965	2026-09-10T09:19:00Z
Execute / Keepalive post-work sync	skipped	102815159709	2026-09-10T09:19:00Z
Execute / Guard existing belt PRs	skipped	102815159351	2026-09-10T09:19:00Z
Execute / Summarise belt dispatch outcomes	success	102815158997	2026-09-10T09:19:12Z
Execute / Belt Worker	skipped	102815158838	2026-09-10T09:19:00Z
Execute / Auto-merge labelled agent PRs	skipped	102815138076	2026-09-10T09:18:56Z
Execute / Promote belt PRs	skipped	102815137292	2026-09-10T09:18:56Z
Execute / Record Verification Outcome	skipped	102815072282	2026-09-10T09:18:43Z
Execute / Resolve orchestrator context	skipped	102815072108	2026-09-10T09:18:43Z
Execute / Dispatch Agents Toolkit	skipped	102815072015	2026-09-10T09:18:43Z
Execute / Enforce keepalive run cap	skipped	102815071950	2026-09-10T09:18:43Z
Execute / Prepare keepalive round	skipped	102815071873	2026-09-10T09:18:43Z
Execute / Verify Assignment	skipped	102815071647	2026-09-10T09:18:43Z
Execute / Belt Dispatcher / Select next agent issue	success	102815070297	2026-09-10T09:19:00Z
Execute / Scan belt promotion queue	failure	102815069899	2026-09-10T09:18:56Z
Execute / Evaluate keepalive gate	success	102814983568	2026-09-10T09:18:42Z
Initialize / Resolve Parameters	success	102814926100	2026-09-10T09:18:24Z
Initialize / Prepare keepalive write token	success	102814890604	2026-09-10T09:18:13Z
Initialize / Idle precheck	success	102814836054	2026-09-10T09:18:06Z
Initialize / Rate limit pre-check	success	102814745576	2026-09-10T09:17:55Z
Check event eligibility	success	102814705112	2026-09-10T09:17:37Z
auto-label	skipped	102814425063	2026-09-10T09:16:31Z
check	success	102814424471	2026-09-10T09:16:41Z
Refresh campaign queue	success	102814307746	2026-09-10T09:16:31Z
Generate Diagnostic Report	success	102814051839	2026-09-10T09:15:24Z
Verify Load-Sharing (Token Rotation)	skipped	102814022238	2026-09-10T09:15:10Z
Alert on High Usage	success	102814020351	2026-09-10T09:15:24Z
Check Consumer Repo Activity	success	102814020308	2026-09-10T09:15:16Z
Generate Historical Report	skipped	102813871188	2026-09-10T09:14:39Z
Alert on Repeated Failure	success	102813870179	2026-09-10T09:14:54Z
Collect API Rate Limits	success	102813869997	2026-09-10T09:15:09Z
auto-label	skipped	102808357616	2026-09-10T08:56:06Z
check	success	102808356202	2026-09-10T08:56:14Z
Refresh campaign queue	success	102808249339	2026-09-10T08:56:08Z
auto-label	skipped	102806131225	2026-09-10T08:48:28Z
check	success	102806129289	2026-09-10T08:48:36Z
Refresh campaign queue	success	102806019091	2026-09-10T08:48:30Z
Execute / Post keepalive instruction	skipped	102804749547	2026-09-10T08:43:43Z
Execute / Validate branch sync (dry-run)	skipped	102804749210	2026-09-10T08:43:43Z
Execute / Keepalive post-work sync	skipped	102804749136	2026-09-10T08:43:43Z
Execute / Summarise belt dispatch outcomes	success	102804748973	2026-09-10T08:43:51Z
Execute / Belt Worker	skipped	102804748821	2026-09-10T08:43:43Z
Execute / Guard existing belt PRs	skipped	102804747362	2026-09-10T08:43:42Z
Execute / Auto-merge labelled agent PRs	skipped	102804731381	2026-09-10T08:43:39Z
Execute / Promote belt PRs	skipped	102804730296	2026-09-10T08:43:39Z
Execute / Record Verification Outcome	skipped	102804656686	2026-09-10T08:43:23Z
Execute / Dispatch Agents Toolkit	skipped	102804656153	2026-09-10T08:43:23Z
Execute / Prepare keepalive round	skipped	102804656066	2026-09-10T08:43:23Z
Execute / Verify Assignment	skipped	102804656035	2026-09-10T08:43:23Z
Execute / Enforce keepalive run cap	skipped	102804655795	2026-09-10T08:43:23Z
Execute / Resolve orchestrator context	skipped	102804655428	2026-09-10T08:43:23Z
Execute / Belt Dispatcher / Select next agent issue	success	102804654746	2026-09-10T08:43:42Z
Execute / Scan belt promotion queue	failure	102804653976	2026-09-10T08:43:39Z
Execute / Evaluate keepalive gate	success	102804569114	2026-09-10T08:43:23Z
Initialize / Resolve Parameters	success	102804531830	2026-09-10T08:43:06Z
Initialize / Prepare keepalive write token	success	102804495715	2026-09-10T08:42:58Z
Initialize / Idle precheck	success	102804439534	2026-09-10T08:42:50Z
Initialize / Rate limit pre-check	success	102804364706	2026-09-10T08:42:39Z
Check event eligibility	success	102804318841	2026-09-10T08:42:24Z
Re-evaluate stalled agent PRs	success	102802815743	2026-09-10T08:37:11Z
auto-label	skipped	102802745422	2026-09-10T08:36:46Z
check	success	102802744302	2026-09-10T08:36:53Z
Refresh campaign queue	success	102802632881	2026-09-10T08:36:46Z
check-expiration	success	102799695067	2026-09-10T08:26:31Z
Execute / Post keepalive instruction	skipped	102799073797	2026-09-10T08:24:06Z
Execute / Keepalive post-work sync	skipped	102799073377	2026-09-10T08:24:06Z
Execute / Validate branch sync (dry-run)	skipped	102799073332	2026-09-10T08:24:06Z
Execute / Belt Worker	skipped	102799072763	2026-09-10T08:24:06Z
Execute / Summarise belt dispatch outcomes	success	102799072646	2026-09-10T08:24:20Z
Execute / Guard existing belt PRs	skipped	102799072227	2026-09-10T08:24:05Z
Execute / Auto-merge labelled agent PRs	skipped	102799039241	2026-09-10T08:23:59Z
Execute / Promote belt PRs	skipped	102799038264	2026-09-10T08:23:59Z
Execute / Prepare keepalive round	skipped	102798978164	2026-09-10T08:23:46Z
Execute / Enforce keepalive run cap	skipped	102798977598	2026-09-10T08:23:46Z
Execute / Dispatch Agents Toolkit	skipped	102798977564	2026-09-10T08:23:46Z
Execute / Record Verification Outcome	skipped	102798977497	2026-09-10T08:23:46Z
Execute / Resolve orchestrator context	skipped	102798977462	2026-09-10T08:23:46Z
Execute / Verify Assignment	skipped	102798977094	2026-09-10T08:23:46Z
Execute / Belt Dispatcher / Select next agent issue	success	102798976520	2026-09-10T08:24:05Z
Execute / Scan belt promotion queue	failure	102798975686	2026-09-10T08:23:58Z
Execute / Evaluate keepalive gate	success	102798896040	2026-09-10T08:23:46Z
Initialize / Resolve Parameters	success	102798846180	2026-09-10T08:23:29Z
Initialize / Prepare keepalive write token	success	102798797948	2026-09-10T08:23:19Z
Initialize / Idle precheck	success	102798718330	2026-09-10T08:23:09Z
Initialize / Rate limit pre-check	success	102798635286	2026-09-10T08:22:52Z
Check event eligibility	success	102798574304	2026-09-10T08:22:35Z
Generate Diagnostic Report	success	102797618156	2026-09-10T08:19:12Z
Verify Load-Sharing (Token Rotation)	skipped	102797584772	2026-09-10T08:18:54Z
Check Consumer Repo Activity	success	102797583684	2026-09-10T08:19:02Z
Alert on High Usage	success	102797583626	2026-09-10T08:19:09Z
Generate Historical Report	skipped	102797494579	2026-09-10T08:18:35Z
Alert on Repeated Failure	success	102797493474	2026-09-10T08:19:27Z
Collect API Rate Limits	success	102797493186	2026-09-10T08:18:54Z
auto-label	skipped	102796831706	2026-09-10T08:16:15Z
check	success	102796830085	2026-09-10T08:16:25Z
Refresh campaign queue	success	102796711155	2026-09-10T08:16:17Z
auto-label	skipped	102790419093	2026-09-10T07:53:30Z
check	success	102790418571	2026-09-10T07:53:40Z
Refresh campaign queue	success	102790298237	2026-09-10T07:53:34Z
auto-label	skipped	102788255972	2026-09-10T07:45:20Z
check	success	102788214219	2026-09-10T07:45:27Z
Refresh campaign queue	success	102788040976	2026-09-10T07:45:23Z
Execute / Keepalive post-work sync	skipped	102786915382	2026-09-10T07:40:28Z
Execute / Post keepalive instruction	skipped	102786915165	2026-09-10T07:40:28Z
Execute / Validate branch sync (dry-run)	skipped	102786914872	2026-09-10T07:40:28Z
Execute / Summarise belt dispatch outcomes	success	102786914801	2026-09-10T07:40:41Z
Execute / Belt Worker	skipped	102786914400	2026-09-10T07:40:28Z
Execute / Guard existing belt PRs	skipped	102786913473	2026-09-10T07:40:28Z
Execute / Auto-merge labelled agent PRs	skipped	102786908124	2026-09-10T07:40:27Z
Execute / Promote belt PRs	skipped	102786907856	2026-09-10T07:40:27Z
Execute / Record Verification Outcome	skipped	102786855202	2026-09-10T07:40:16Z
Execute / Dispatch Agents Toolkit	skipped	102786854650	2026-09-10T07:40:16Z
Execute / Prepare keepalive round	skipped	102786854613	2026-09-10T07:40:16Z
Execute / Enforce keepalive run cap	skipped	102786854215	2026-09-10T07:40:15Z
Execute / Resolve orchestrator context	skipped	102786854210	2026-09-10T07:40:15Z
Execute / Verify Assignment	skipped	102786854184	2026-09-10T07:40:15Z
Execute / Belt Dispatcher / Select next agent issue	success	102786853342	2026-09-10T07:40:28Z
Execute / Scan belt promotion queue	failure	102786852545	2026-09-10T07:40:27Z
Execute / Evaluate keepalive gate	success	102786796605	2026-09-10T07:40:15Z
Initialize / Resolve Parameters	success	102786754067	2026-09-10T07:40:03Z
Initialize / Prepare keepalive write token	success	102786716798	2026-09-10T07:39:53Z
Initialize / Idle precheck	success	102786658407	2026-09-10T07:39:44Z
Initialize / Rate limit pre-check	success	102786594535	2026-09-10T07:39:30Z
Check event eligibility	success	102786558008	2026-09-10T07:39:16Z
Re-evaluate stalled agent PRs	success	102784701768	2026-09-10T07:32:52Z
auto-label	skipped	102784569099	2026-09-10T07:31:35Z
check	success	102784567711	2026-09-10T07:31:45Z
Refresh campaign queue	success	102784463658	2026-09-10T07:31:36Z
Execute / Post keepalive instruction	skipped	102781200986	2026-09-10T07:18:49Z
Execute / Validate branch sync (dry-run)	skipped	102781200464	2026-09-10T07:18:49Z
Execute / Summarise belt dispatch outcomes	success	102781199878	2026-09-10T07:18:57Z
Execute / Keepalive post-work sync	skipped	102781199448	2026-09-10T07:18:49Z
Execute / Guard existing belt PRs	skipped	102781199138	2026-09-10T07:18:48Z
Execute / Belt Worker	skipped	102781199088	2026-09-10T07:18:49Z
Execute / Auto-merge labelled agent PRs	skipped	102781188155	2026-09-10T07:18:46Z
Execute / Promote belt PRs	skipped	102781187769	2026-09-10T07:18:46Z
Execute / Record Verification Outcome	skipped	102781135442	2026-09-10T07:18:35Z
Execute / Prepare keepalive round	skipped	102781135119	2026-09-10T07:18:35Z
Execute / Dispatch Agents Toolkit	skipped	102781135051	2026-09-10T07:18:35Z
Execute / Verify Assignment	skipped	102781134734	2026-09-10T07:18:35Z
Execute / Resolve orchestrator context	skipped	102781134585	2026-09-10T07:18:35Z
Execute / Enforce keepalive run cap	skipped	102781134208	2026-09-10T07:18:35Z
Execute / Belt Dispatcher / Select next agent issue	success	102781133724	2026-09-10T07:18:48Z
Execute / Scan belt promotion queue	failure	102781133244	2026-09-10T07:18:46Z
Execute / Evaluate keepalive gate	success	102781045035	2026-09-10T07:18:35Z
Initialize / Resolve Parameters	success	102780999267	2026-09-10T07:18:14Z
Initialize / Prepare keepalive write token	success	102780974897	2026-09-10T07:18:05Z
Initialize / Idle precheck	success	102780907962	2026-09-10T07:17:59Z
Initialize / Rate limit pre-check	success	102780858458	2026-09-10T07:17:44Z
Check event eligibility	success	102780826862	2026-09-10T07:17:33Z
Generate Diagnostic Report	success	102780160176	2026-09-10T07:15:06Z
Verify Load-Sharing (Token Rotation)	skipped	102780122568	2026-09-10T07:14:48Z
Alert on High Usage	success	102780120694	2026-09-10T07:15:00Z
Check Consumer Repo Activity	success	102780120676	2026-09-10T07:14:57Z
Generate Historical Report	skipped	102780034710	2026-09-10T07:14:28Z
Collect API Rate Limits	success	102780033555	2026-09-10T07:14:47Z
Alert on Repeated Failure	success	102780033391	2026-09-10T07:14:46Z
auto-label	skipped	102779647549	2026-09-10T07:13:00Z
check	success	102779645799	2026-09-10T07:13:10Z
Refresh campaign queue	success	102779523253	2026-09-10T07:13:02Z
coverage guard outcome	success	102775688121	2026-09-10T06:57:29Z
coverage baseline monitor	failure	102775650733	2026-09-10T06:57:24Z
Rate limit gate	success	102775600278	2026-09-10T06:57:15Z
Publish Results	failure	102775016910	2026-09-10T06:54:46Z
Aggregate & Verify	failure	102774990631	2026-09-10T06:54:38Z
Scenario - metrics_history / logs summary	success	102774924091	2026-09-10T06:54:32Z
Scenario - minimal / logs summary	success	102774906073	2026-09-10T06:54:24Z
Scenario - coverage_delta / logs summary	success	102774871742	2026-09-10T06:54:15Z
Scenario - classification_only / logs summary	success	102774867381	2026-09-10T06:54:14Z
Scenario - metrics_only / logs summary	success	102774847919	2026-09-10T06:54:10Z
Scenario - full_soft_gate / logs summary	success	102774685339	2026-09-10T06:53:30Z
Execute / Auto-merge labelled agent PRs	skipped	102774574244	2026-09-10T06:52:49Z
Execute / Promote belt PRs	skipped	102774574115	2026-09-10T06:52:48Z
Execute / Post keepalive instruction	skipped	102774566313	2026-09-10T06:52:46Z
Execute / Keepalive post-work sync	skipped	102774565549	2026-09-10T06:52:46Z
Execute / Summarise belt dispatch outcomes	success	102774565516	2026-09-10T06:52:57Z
Execute / Validate branch sync (dry-run)	skipped	102774565184	2026-09-10T06:52:46Z
Execute / Guard existing belt PRs	skipped	102774564864	2026-09-10T06:52:46Z
Execute / Belt Worker	skipped	102774564686	2026-09-10T06:52:46Z
Execute / Dispatch Agents Toolkit	skipped	102774511696	2026-09-10T06:52:33Z
Execute / Record Verification Outcome	skipped	102774511677	2026-09-10T06:52:33Z
Execute / Prepare keepalive round	skipped	102774511619	2026-09-10T06:52:33Z
Execute / Enforce keepalive run cap	skipped	102774510923	2026-09-10T06:52:33Z
Execute / Verify Assignment	skipped	102774510719	2026-09-10T06:52:33Z
Execute / Resolve orchestrator context	skipped	102774510667	2026-09-10T06:52:33Z
Execute / Belt Dispatcher / Select next agent issue	success	102774510139	2026-09-10T06:52:46Z
Execute / Scan belt promotion queue	failure	102774509554	2026-09-10T06:52:48Z
Execute / Evaluate keepalive gate	success	102774423425	2026-09-10T06:52:33Z
Initialize / Resolve Parameters	success	102774386771	2026-09-10T06:52:11Z
Initialize / Prepare keepalive write token	success	102774363145	2026-09-10T06:52:03Z
Initialize / Idle precheck	success	102774302100	2026-09-10T06:51:57Z
Initialize / Rate limit pre-check	success	102774243318	2026-09-10T06:51:42Z
Check event eligibility	success	102774200531	2026-09-10T06:51:28Z
auto-label	skipped	102774157138	2026-09-10T06:51:07Z
check	success	102774155390	2026-09-10T06:51:14Z
Refresh campaign queue	success	102774071930	2026-09-10T06:51:08Z
Scenario - metrics_only / python 3.12	failure	102773408796	2026-09-10T06:53:57Z
Scenario - classification_only / python 3.12	failure	102773408571	2026-09-10T06:54:02Z
Scenario - minimal / python 3.12	failure	102773405648	2026-09-10T06:54:11Z
Scenario - full_soft_gate / python 3.12	failure	102773404891	2026-09-10T06:53:17Z
Scenario - coverage_delta / python 3.12	failure	102773403812	2026-09-10T06:54:03Z
Scenario - metrics_history / python 3.12	failure	102773400990	2026-09-10T06:54:16Z
Scenario - full_soft_gate / typecheck-mypy	success	102773380772	2026-09-10T06:48:22Z
Scenario - full_soft_gate / lint-format	success	102773380751	2026-09-10T06:48:37Z
Scenario - full_soft_gate / lint-ruff	success	102773380723	2026-09-10T06:48:22Z
Scenario - full_soft_gate / select reusable CI scope	success	102773380638	2026-09-10T06:48:00Z
Scenario - minimal / select reusable CI scope	success	102773375442	2026-09-10T06:48:00Z
Scenario - minimal / typecheck-mypy	success	102773375137	2026-09-10T06:48:23Z
Scenario - minimal / lint-format	success	102773375118	2026-09-10T06:48:48Z
Scenario - minimal / lint-ruff	success	102773375107	2026-09-10T06:48:32Z
Scenario - classification_only / lint-ruff	success	102773373284	2026-09-10T06:48:25Z
Scenario - classification_only / typecheck-mypy	success	102773373192	2026-09-10T06:48:32Z
Scenario - classification_only / select reusable CI scope	success	102773373191	2026-09-10T06:48:01Z
Scenario - classification_only / lint-format	success	102773373189	2026-09-10T06:48:52Z
Scenario - metrics_history / select reusable CI scope	success	102773372522	2026-09-10T06:47:59Z
Scenario - metrics_history / typecheck-mypy	success	102773372466	2026-09-10T06:48:25Z
Scenario - metrics_history / lint-format	success	102773372451	2026-09-10T06:49:01Z
Scenario - metrics_history / lint-ruff	success	102773372371	2026-09-10T06:48:19Z
Scenario - metrics_only / lint-ruff	success	102773372076	2026-09-10T06:48:18Z
Scenario - metrics_only / typecheck-mypy	success	102773372062	2026-09-10T06:48:27Z
Scenario - metrics_only / select reusable CI scope	success	102773372057	2026-09-10T06:48:01Z
Scenario - metrics_only / lint-format	success	102773372047	2026-09-10T06:48:43Z
Scenario - coverage_delta / select reusable CI scope	success	102773369612	2026-09-10T06:48:00Z
Scenario - coverage_delta / typecheck-mypy	success	102773369546	2026-09-10T06:48:21Z
Scenario - coverage_delta / lint-format	success	102773369545	2026-09-10T06:48:47Z
Scenario - coverage_delta / lint-ruff	success	102773369525	2026-09-10T06:48:16Z
Scenario - metrics_only / Validate inputs	success	102773355438	2026-09-10T06:47:52Z
Scenario - classification_only / Validate inputs	success	102773355373	2026-09-10T06:47:52Z
Scenario - minimal / Validate inputs	success	102773355346	2026-09-10T06:47:53Z
Scenario - metrics_history / Validate inputs	success	102773355345	2026-09-10T06:47:52Z
Scenario - coverage_delta / Validate inputs	success	102773355332	2026-09-10T06:47:51Z
Scenario - full_soft_gate / Validate inputs	success	102773355307	2026-09-10T06:47:54Z
Select reusable CI scenarios	success	102773309700	2026-09-10T06:47:48Z
Rate limit gate	success	102773309422	2026-09-10T06:47:48Z
workflow lint (maint-36)	skipped	102772766076	2026-09-10T06:45:19Z
branch protection sweep	skipped	102772765861	2026-09-10T06:45:19Z
workflow liveness (zero-job approval holds)	success	102772765043	2026-09-10T06:47:23Z
detect workflow edits	success	102772587994	2026-09-10T06:45:19Z
Re-evaluate stalled agent PRs	success	102772547698	2026-09-10T06:44:40Z
Resolve recovered drift alert	skipped	102771300093	2026-09-10T06:39:06Z
Publish actionable drift alert	success	102771299180	2026-09-10T06:39:23Z
Validate consumer repo drift	failure	102771155331	2026-09-10T06:39:05Z
Execute / Keepalive post-work sync	skipped	102768918272	2026-09-10T06:28:48Z
Execute / Post keepalive instruction	skipped	102768918224	2026-09-10T06:28:48Z
Execute / Belt Worker	skipped	102768917970	2026-09-10T06:28:47Z
Execute / Validate branch sync (dry-run)	skipped	102768917831	2026-09-10T06:28:48Z
Execute / Summarise belt dispatch outcomes	success	102768917604	2026-09-10T06:28:55Z
Execute / Guard existing belt PRs	skipped	102768916905	2026-09-10T06:28:47Z
Execute / Promote belt PRs	skipped	102768908195	2026-09-10T06:28:45Z
Execute / Auto-merge labelled agent PRs	skipped	102768907987	2026-09-10T06:28:45Z
Execute / Record Verification Outcome	skipped	102768851129	2026-09-10T06:28:30Z
Execute / Prepare keepalive round	skipped	102768850662	2026-09-10T06:28:30Z
Execute / Dispatch Agents Toolkit	skipped	102768850638	2026-09-10T06:28:30Z
Execute / Enforce keepalive run cap	skipped	102768850437	2026-09-10T06:28:30Z
Execute / Verify Assignment	skipped	102768850436	2026-09-10T06:28:30Z
Execute / Resolve orchestrator context	skipped	102768850373	2026-09-10T06:28:30Z
Execute / Belt Dispatcher / Select next agent issue	success	102768849784	2026-09-10T06:28:47Z
Execute / Scan belt promotion queue	failure	102768849499	2026-09-10T06:28:45Z
Execute / Evaluate keepalive gate	success	102768801934	2026-09-10T06:28:30Z
Initialize / Resolve Parameters	success	102768757113	2026-09-10T06:28:17Z
Initialize / Prepare keepalive write token	success	102768729273	2026-09-10T06:28:05Z
Initialize / Idle precheck	success	102768689759	2026-09-10T06:27:58Z
Initialize / Rate limit pre-check	success	102768648995	2026-09-10T06:27:47Z
Check event eligibility	success	102768608603	2026-09-10T06:27:36Z
auto-label	skipped	102768462218	2026-09-10T06:26:40Z
check	success	102768442343	2026-09-10T06:26:47Z
Refresh campaign queue	success	102768358627	2026-09-10T06:26:41Z
Generate Diagnostic Report	success	102767770442	2026-09-10T06:23:46Z
Verify Load-Sharing (Token Rotation)	skipped	102767751021	2026-09-10T06:23:33Z
Alert on High Usage	success	102767750015	2026-09-10T06:23:45Z
Check Consumer Repo Activity	success	102767750007	2026-09-10T06:23:38Z
Generate Historical Report	skipped	102767679305	2026-09-10T06:23:15Z
Alert on Repeated Failure	success	102767678738	2026-09-10T06:23:26Z
Collect API Rate Limits	success	102767678449	2026-09-10T06:23:33Z
Check sync workflow health	success	102763985854	2026-09-10T06:07:55Z
auto-label	skipped	102761937378	2026-09-10T05:56:10Z
check	success	102761936320	2026-09-10T05:56:20Z
Refresh campaign queue	success	102761863004	2026-09-10T05:56:12Z
Publish actionable drift alert	skipped	102761168823	2026-09-10T05:52:07Z
Validate consumer repo drift	skipped	102761143551	2026-09-10T05:52:07Z
Resolve recovered drift alert	skipped	102761143301	2026-09-10T05:52:07Z
auto-label	skipped	102760422339	2026-09-10T05:48:27Z
check	success	102760420571	2026-09-10T05:48:35Z
Refresh campaign queue	success	102760323828	2026-09-10T05:48:30Z
auto-label	skipped	102758834286	2026-09-10T05:40:12Z
check	success	102758798907	2026-09-10T05:40:20Z
Refresh campaign queue	success	102758702047	2026-09-10T05:40:15Z
Execute / Auto-merge labelled agent PRs	skipped	102758583708	2026-09-10T05:39:07Z
Execute / Promote belt PRs	skipped	102758583462	2026-09-10T05:39:07Z
Execute / Post keepalive instruction	skipped	102758572700	2026-09-10T05:39:04Z
Execute / Keepalive post-work sync	skipped	102758572446	2026-09-10T05:39:04Z
Execute / Validate branch sync (dry-run)	skipped	102758572166	2026-09-10T05:39:04Z
Execute / Belt Worker	skipped	102758572028	2026-09-10T05:39:03Z
Execute / Summarise belt dispatch outcomes	success	102758572012	2026-09-10T05:39:11Z
Execute / Guard existing belt PRs	skipped	102758571616	2026-09-10T05:39:03Z
Execute / Dispatch Agents Toolkit	skipped	102758514521	2026-09-10T05:38:47Z
Execute / Record Verification Outcome	skipped	102758514375	2026-09-10T05:38:47Z
Execute / Resolve orchestrator context	skipped	102758514189	2026-09-10T05:38:47Z
Execute / Verify Assignment	skipped	102758514119	2026-09-10T05:38:47Z
Execute / Prepare keepalive round	skipped	102758514100	2026-09-10T05:38:47Z
Execute / Enforce keepalive run cap	skipped	102758514036	2026-09-10T05:38:47Z
Execute / Belt Dispatcher / Select next agent issue	success	102758513384	2026-09-10T05:39:03Z
Execute / Scan belt promotion queue	failure	102758512886	2026-09-10T05:39:06Z
Execute / Evaluate keepalive gate	success	102758470786	2026-09-10T05:38:47Z
Initialize / Resolve Parameters	success	102758427446	2026-09-10T05:38:33Z
Initialize / Prepare keepalive write token	success	102758392683	2026-09-10T05:38:21Z
Resolve recovered drift alert	skipped	102758359249	2026-09-10T05:38:01Z
Publish actionable drift alert	success	102758357911	2026-09-10T05:38:13Z
Initialize / Idle precheck	success	102758342042	2026-09-10T05:38:10Z
Initialize / Rate limit pre-check	success	102758297095	2026-09-10T05:37:56Z
Check event eligibility	success	102758261413	2026-09-10T05:37:43Z
Validate consumer repo drift	failure	102758194595	2026-09-10T05:38:00Z
merge_sync_prs	success	102758065905	2026-09-10T05:37:08Z
Validate Integration-Tests sync	success	102757989516	2026-09-10T05:36:25Z
Re-evaluate stalled agent PRs	success	102756639335	2026-09-10T05:29:40Z
auto-label	skipped	102756504768	2026-09-10T05:28:47Z
check	success	102756502915	2026-09-10T05:28:54Z
Refresh campaign queue	success	102756407313	2026-09-10T05:28:51Z
Report integration status	success	102755760384	2026-09-10T05:25:15Z
Integration - full / logs summary	success	102755711138	2026-09-10T05:24:59Z
Integration - monorepo / logs summary	success	102755695228	2026-09-10T05:24:50Z
Integration - basic / logs summary	success	102755693329	2026-09-10T05:24:52Z
Integration - full / python 3.12	success	102754682474	2026-09-10T05:24:44Z
Integration - full / python 3.13	success	102754682434	2026-09-10T05:24:40Z
Integration - basic / python 3.12	success	102754679421	2026-09-10T05:24:39Z
Integration - monorepo / python 3.12	success	102754674821	2026-09-10T05:24:39Z
Integration - basic / lint-format	skipped	102754662531	2026-09-10T05:19:26Z
Integration - basic / typecheck-mypy	skipped	102754662033	2026-09-10T05:19:26Z
Integration - basic / lint-ruff	skipped	102754661948	2026-09-10T05:19:26Z
Integration - basic / select reusable CI scope	success	102754661146	2026-09-10T05:19:31Z
Integration - full / select reusable CI scope	success	102754654744	2026-09-10T05:19:32Z
Integration - full / lint-ruff	success	102754654718	2026-09-10T05:19:48Z
Integration - full / typecheck-mypy	success	102754654715	2026-09-10T05:20:09Z
Integration - full / lint-format	success	102754654713	2026-09-10T05:20:04Z
Integration - monorepo / typecheck-mypy	success	102754654656	2026-09-10T05:20:14Z
Integration - monorepo / select reusable CI scope	success	102754654581	2026-09-10T05:19:30Z
Integration - monorepo / lint-ruff	success	102754654569	2026-09-10T05:20:06Z
Integration - monorepo / lint-format	success	102754654565	2026-09-10T05:19:54Z
Integration - monorepo / Validate inputs	success	102754642541	2026-09-10T05:19:23Z
Integration - basic / Validate inputs	success	102754642445	2026-09-10T05:19:26Z
Integration - full / Validate inputs	success	102754642403	2026-09-10T05:19:24Z
Select integration scenarios	success	102754609089	2026-09-10T05:19:19Z
Execute / Auto-merge labelled agent PRs	skipped	102754203265	2026-09-10T05:17:04Z
Execute / Promote belt PRs	skipped	102754202661	2026-09-10T05:17:04Z
Execute / Post keepalive instruction	skipped	102754199972	2026-09-10T05:17:03Z
Execute / Keepalive post-work sync	skipped	102754199731	2026-09-10T05:17:03Z
Execute / Validate branch sync (dry-run)	skipped	102754199427	2026-09-10T05:17:03Z
Execute / Summarise belt dispatch outcomes	success	102754199287	2026-09-10T05:17:12Z
Execute / Belt Worker	skipped	102754198803	2026-09-10T05:17:03Z
Execute / Guard existing belt PRs	skipped	102754198386	2026-09-10T05:17:03Z
Execute / Prepare keepalive round	skipped	102754139593	2026-09-10T05:16:45Z
Execute / Record Verification Outcome	skipped	102754139222	2026-09-10T05:16:45Z
Execute / Dispatch Agents Toolkit	skipped	102754138691	2026-09-10T05:16:45Z
Execute / Verify Assignment	skipped	102754138563	2026-09-10T05:16:45Z
Execute / Enforce keepalive run cap	skipped	102754138453	2026-09-10T05:16:45Z
Execute / Resolve orchestrator context	skipped	102754138248	2026-09-10T05:16:45Z
Execute / Belt Dispatcher / Select next agent issue	success	102754137826	2026-09-10T05:17:03Z
Execute / Scan belt promotion queue	failure	102754137286	2026-09-10T05:17:04Z
Execute / Evaluate keepalive gate	success	102754098406	2026-09-10T05:16:45Z
Initialize / Resolve Parameters	success	102754055226	2026-09-10T05:16:33Z
Initialize / Prepare keepalive write token	success	102754021226	2026-09-10T05:16:19Z
Initialize / Idle precheck	success	102753981334	2026-09-10T05:16:09Z
Initialize / Rate limit pre-check	success	102753922153	2026-09-10T05:15:57Z
Check event eligibility	success	102753892571	2026-09-10T05:15:40Z
Generate Diagnostic Report	success	102753632749	2026-09-10T05:14:21Z
Verify Load-Sharing (Token Rotation)	skipped	102753491100	2026-09-10T05:13:32Z
Alert on High Usage	success	102753490084	2026-09-10T05:13:44Z
Check Consumer Repo Activity	success	102753490081	2026-09-10T05:14:15Z
Generate Historical Report	skipped	102753403089	2026-09-10T05:13:06Z
Alert on Repeated Failure	success	102753401900	2026-09-10T05:13:22Z
Collect API Rate Limits	success	102753401708	2026-09-10T05:13:32Z
auto-label	skipped	102753110343	2026-09-10T05:11:35Z
check	success	102753108970	2026-09-10T05:11:43Z
Refresh campaign queue	success	102753044252	2026-09-10T05:11:36Z
Resolve recovered drift alert	skipped	102751649138	2026-09-10T05:04:03Z
Publish actionable drift alert	success	102751648126	2026-09-10T05:04:17Z
Validate consumer repo drift	failure	102751525835	2026-09-10T05:04:03Z
merge_sync_prs	success	102751326831	2026-09-10T05:03:21Z
Create failure issue	skipped	102751274858	2026-09-10T05:02:05Z
Generate summary	success	102751273552	2026-09-10T05:02:13Z
Start generated delivery reconciliation	success	102751273442	2026-09-10T05:02:23Z
Sync stranske/Portable-Alpha-Extension-Model	success	102751184631	2026-09-10T05:01:56Z
Sync stranske/Travel-Plan-Permission	success	102751184532	2026-09-10T05:01:58Z
Sync stranske/trip-planner	success	102751184512	2026-09-10T05:02:05Z
Validate sync files	success	102751133835	2026-09-10T05:01:38Z
Prepare sync from manifest	success	102751080606	2026-09-10T05:01:23Z
auto-label	skipped	102749813356	2026-09-10T04:54:15Z
check	success	102749812618	2026-09-10T04:54:25Z
Refresh campaign queue	success	102749728910	2026-09-10T04:54:19Z
auto-label	skipped	102748389440	2026-09-10T04:46:30Z
check	success	102748388391	2026-09-10T04:46:40Z
Refresh campaign queue	success	102748322737	2026-09-10T04:46:31Z
Execute / Validate branch sync (dry-run)	skipped	102747521623	2026-09-10T04:41:52Z
Execute / Post keepalive instruction	skipped	102747521507	2026-09-10T04:41:53Z
Execute / Summarise belt dispatch outcomes	success	102747521161	2026-09-10T04:42:00Z
Execute / Belt Worker	skipped	102747521070	2026-09-10T04:41:52Z
Execute / Keepalive post-work sync	skipped	102747520920	2026-09-10T04:41:52Z
Execute / Guard existing belt PRs	skipped	102747520203	2026-09-10T04:41:52Z
Execute / Auto-merge labelled agent PRs	skipped	102747513411	2026-09-10T04:41:50Z
Execute / Promote belt PRs	skipped	102747512569	2026-09-10T04:41:50Z
Execute / Dispatch Agents Toolkit	skipped	102747463831	2026-09-10T04:41:35Z
Execute / Prepare keepalive round	skipped	102747463782	2026-09-10T04:41:35Z
Execute / Record Verification Outcome	skipped	102747463348	2026-09-10T04:41:35Z
Execute / Verify Assignment	skipped	102747463147	2026-09-10T04:41:34Z
Execute / Resolve orchestrator context	skipped	102747463039	2026-09-10T04:41:34Z
Execute / Enforce keepalive run cap	skipped	102747462853	2026-09-10T04:41:34Z
Execute / Belt Dispatcher / Select next agent issue	success	102747462393	2026-09-10T04:41:52Z
Execute / Scan belt promotion queue	failure	102747461796	2026-09-10T04:41:49Z
Execute / Evaluate keepalive gate	success	102747423611	2026-09-10T04:41:34Z
Initialize / Resolve Parameters	success	102747399115	2026-09-10T04:41:22Z
Initialize / Prepare keepalive write token	success	102747370648	2026-09-10T04:41:14Z
Initialize / Idle precheck	success	102747334959	2026-09-10T04:41:05Z
Initialize / Rate limit pre-check	success	102747290461	2026-09-10T04:40:53Z
Check event eligibility	success	102747264207	2026-09-10T04:40:39Z
Re-evaluate stalled agent PRs	success	102745955130	2026-09-10T04:33:43Z
auto-label	skipped	102745857426	2026-09-10T04:33:03Z
check	success	102745856126	2026-09-10T04:33:15Z
Refresh campaign queue	success	102745780682	2026-09-10T04:33:03Z
Execute / Validate branch sync (dry-run)	skipped	102743395555	2026-09-10T04:20:08Z
Execute / Post keepalive instruction	skipped	102743395479	2026-09-10T04:20:08Z
Execute / Keepalive post-work sync	skipped	102743395435	2026-09-10T04:20:08Z
Execute / Guard existing belt PRs	skipped	102743395425	2026-09-10T04:20:08Z
Execute / Belt Worker	skipped	102743395056	2026-09-10T04:20:08Z
Execute / Summarise belt dispatch outcomes	success	102743394859	2026-09-10T04:20:19Z
Execute / Auto-merge labelled agent PRs	skipped	102743372046	2026-09-10T04:20:02Z
Execute / Promote belt PRs	skipped	102743371997	2026-09-10T04:20:02Z
Execute / Record Verification Outcome	skipped	102743339458	2026-09-10T04:19:52Z
Execute / Prepare keepalive round	skipped	102743339415	2026-09-10T04:19:52Z
Execute / Resolve orchestrator context	skipped	102743339117	2026-09-10T04:19:52Z
Execute / Verify Assignment	skipped	102743339072	2026-09-10T04:19:52Z
Execute / Dispatch Agents Toolkit	skipped	102743339052	2026-09-10T04:19:52Z
Execute / Enforce keepalive run cap	skipped	102743338971	2026-09-10T04:19:52Z
Execute / Belt Dispatcher / Select next agent issue	success	102743338226	2026-09-10T04:20:08Z
Execute / Scan belt promotion queue	failure	102743338032	2026-09-10T04:20:02Z
Execute / Evaluate keepalive gate	success	102743287069	2026-09-10T04:19:52Z
Initialize / Resolve Parameters	success	102743249227	2026-09-10T04:19:35Z
Initialize / Prepare keepalive write token	success	102743224694	2026-09-10T04:19:24Z
Initialize / Idle precheck	success	102743170690	2026-09-10T04:19:16Z
Initialize / Rate limit pre-check	success	102743124711	2026-09-10T04:18:59Z
Check event eligibility	success	102743102094	2026-09-10T04:18:45Z
Generate Diagnostic Report	success	102742652006	2026-09-10T04:16:30Z
Verify Load-Sharing (Token Rotation)	skipped	102742615069	2026-09-10T04:16:12Z
Alert on High Usage	success	102742614494	2026-09-10T04:16:22Z
Check Consumer Repo Activity	success	102742614488	2026-09-10T04:16:23Z
Generate Historical Report	skipped	102742524271	2026-09-10T04:15:45Z
Collect API Rate Limits	success	102742523267	2026-09-10T04:16:11Z
Alert on Repeated Failure	success	102742523077	2026-09-10T04:15:58Z
auto-label	skipped	102742090957	2026-09-10T04:13:37Z
check	success	102742089112	2026-09-10T04:13:45Z
Refresh campaign queue	success	102742008407	2026-09-10T04:13:40Z
auto-label	skipped	102738432820	2026-09-10T03:54:25Z
check	success	102738431856	2026-09-10T03:54:34Z
Refresh campaign queue	success	102738362059	2026-09-10T03:54:25Z
auto-label	skipped	102737079792	2026-09-10T03:46:55Z
check	success	102737053262	2026-09-10T03:47:04Z
Refresh campaign queue	success	102736957896	2026-09-10T03:46:58Z
Execute / Auto-merge labelled agent PRs	skipped	102736327397	2026-09-10T03:43:01Z
Execute / Promote belt PRs	skipped	102736326817	2026-09-10T03:43:01Z
Execute / Post keepalive instruction	skipped	102736319910	2026-09-10T03:42:58Z
Execute / Keepalive post-work sync	skipped	102736319676	2026-09-10T03:42:58Z
Execute / Validate branch sync (dry-run)	skipped	102736319637	2026-09-10T03:42:58Z
Execute / Summarise belt dispatch outcomes	success	102736319464	2026-09-10T03:43:07Z
Execute / Belt Worker	skipped	102736319244	2026-09-10T03:42:58Z
Execute / Guard existing belt PRs	skipped	102736319122	2026-09-10T03:42:58Z
Execute / Record Verification Outcome	skipped	102736272211	2026-09-10T03:42:43Z
Execute / Dispatch Agents Toolkit	skipped	102736272132	2026-09-10T03:42:43Z
Execute / Verify Assignment	skipped	102736272062	2026-09-10T03:42:42Z
Execute / Prepare keepalive round	skipped	102736271677	2026-09-10T03:42:43Z
Execute / Resolve orchestrator context	skipped	102736271544	2026-09-10T03:42:42Z
Execute / Enforce keepalive run cap	skipped	102736271506	2026-09-10T03:42:42Z
Execute / Belt Dispatcher / Select next agent issue	success	102736271129	2026-09-10T03:42:57Z
Execute / Scan belt promotion queue	failure	102736270593	2026-09-10T03:43:00Z
Execute / Evaluate keepalive gate	success	102736202303	2026-09-10T03:42:42Z
Initialize / Resolve Parameters	success	102736166662	2026-09-10T03:42:21Z
Initialize / Prepare keepalive write token	success	102736148378	2026-09-10T03:42:10Z
Initialize / Idle precheck	success	102736095359	2026-09-10T03:42:05Z
Initialize / Rate limit pre-check	success	102736017662	2026-09-10T03:41:47Z
Check event eligibility	success	102735977064	2026-09-10T03:41:22Z
Re-evaluate stalled agent PRs	success	102734704904	2026-09-10T03:34:29Z
auto-label	skipped	102734635310	2026-09-10T03:33:52Z
check	success	102734634476	2026-09-10T03:34:04Z
Refresh campaign queue	success	102734566991	2026-09-10T03:33:54Z
Execute / Post keepalive instruction	skipped	102732146532	2026-09-10T03:20:41Z
Execute / Keepalive post-work sync	skipped	102732146116	2026-09-10T03:20:41Z
Execute / Validate branch sync (dry-run)	skipped	102732146015	2026-09-10T03:20:41Z
Execute / Summarise belt dispatch outcomes	success	102732145870	2026-09-10T03:20:50Z
Execute / Belt Worker	skipped	102732145553	2026-09-10T03:20:41Z
Execute / Guard existing belt PRs	skipped	102732145198	2026-09-10T03:20:41Z
Execute / Auto-merge labelled agent PRs	skipped	102732135374	2026-09-10T03:20:38Z
Execute / Promote belt PRs	skipped	102732135117	2026-09-10T03:20:38Z
Execute / Dispatch Agents Toolkit	skipped	102732089649	2026-09-10T03:20:24Z
Execute / Resolve orchestrator context	skipped	102732089170	2026-09-10T03:20:24Z
Execute / Record Verification Outcome	skipped	102732089154	2026-09-10T03:20:24Z
Execute / Prepare keepalive round	skipped	102732089084	2026-09-10T03:20:24Z
Execute / Verify Assignment	skipped	102732088751	2026-09-10T03:20:24Z
Execute / Enforce keepalive run cap	skipped	102732088662	2026-09-10T03:20:24Z
Execute / Belt Dispatcher / Select next agent issue	success	102732088256	2026-09-10T03:20:41Z
Execute / Scan belt promotion queue	failure	102732087828	2026-09-10T03:20:37Z
Execute / Evaluate keepalive gate	success	102732019639	2026-09-10T03:20:23Z
Initialize / Resolve Parameters	success	102731992978	2026-09-10T03:20:03Z
Initialize / Prepare keepalive write token	success	102731975668	2026-09-10T03:19:55Z
Initialize / Idle precheck	success	102731923010	2026-09-10T03:19:50Z
Initialize / Rate limit pre-check	success	102731871619	2026-09-10T03:19:33Z
Check event eligibility	success	102731851434	2026-09-10T03:19:18Z
Generate Diagnostic Report	success	102731379775	2026-09-10T03:16:54Z
Verify Load-Sharing (Token Rotation)	skipped	102731358941	2026-09-10T03:16:35Z
Alert on High Usage	success	102731357108	2026-09-10T03:16:45Z
Check Consumer Repo Activity	success	102731357071	2026-09-10T03:16:42Z
Generate Historical Report	skipped	102731263522	2026-09-10T03:16:07Z
Alert on Repeated Failure	success	102731262566	2026-09-10T03:16:21Z
Collect API Rate Limits	success	102731262371	2026-09-10T03:16:35Z
auto-label	skipped	102730920236	2026-09-10T03:14:19Z
check	success	102730918393	2026-09-10T03:14:28Z
Refresh campaign queue	success	102730830268	2026-09-10T03:14:22Z
auto-label	skipped	102726968192	2026-09-10T02:53:53Z
check	success	102726967569	2026-09-10T02:54:01Z
Refresh campaign queue	success	102726882610	2026-09-10T02:53:57Z
auto-label	skipped	102725326692	2026-09-10T02:45:15Z
check	success	102725325503	2026-09-10T02:45:23Z
Refresh campaign queue	success	102725243621	2026-09-10T02:45:17Z
Execute / Post keepalive instruction	skipped	102725130880	2026-09-10T02:44:13Z
Execute / Auto-merge labelled agent PRs	skipped	102725130500	2026-09-10T02:44:13Z
Execute / Validate branch sync (dry-run)	skipped	102725130202	2026-09-10T02:44:13Z
Execute / Summarise belt dispatch outcomes	success	102725130191	2026-09-10T02:44:20Z
Execute / Keepalive post-work sync	skipped	102725130181	2026-09-10T02:44:13Z
Execute / Promote belt PRs	skipped	102725129959	2026-09-10T02:44:13Z
Execute / Belt Worker	skipped	102725129943	2026-09-10T02:44:13Z
Execute / Guard existing belt PRs	skipped	102725129021	2026-09-10T02:44:12Z
Execute / Prepare keepalive round	skipped	102725077578	2026-09-10T02:43:56Z
Execute / Dispatch Agents Toolkit	skipped	102725077372	2026-09-10T02:43:56Z
Execute / Record Verification Outcome	skipped	102725077295	2026-09-10T02:43:56Z
Execute / Verify Assignment	skipped	102725077162	2026-09-10T02:43:56Z
Execute / Resolve orchestrator context	skipped	102725076905	2026-09-10T02:43:56Z
Execute / Enforce keepalive run cap	skipped	102725076785	2026-09-10T02:43:56Z
Execute / Belt Dispatcher / Select next agent issue	success	102725076583	2026-09-10T02:44:12Z
Execute / Scan belt promotion queue	failure	102725076018	2026-09-10T02:44:12Z
Execute / Evaluate keepalive gate	success	102725024774	2026-09-10T02:43:55Z
Initialize / Resolve Parameters	success	102724992625	2026-09-10T02:43:38Z
Initialize / Prepare keepalive write token	success	102724973553	2026-09-10T02:43:29Z
Initialize / Idle precheck	success	102724923933	2026-09-10T02:43:23Z
Initialize / Rate limit pre-check	success	102724884567	2026-09-10T02:43:08Z
Check event eligibility	success	102724849293	2026-09-10T02:42:55Z
Re-evaluate stalled agent PRs	success	102723811606	2026-09-10T02:37:27Z
auto-label	skipped	102722107781	2026-09-10T02:28:51Z
check	success	102722107197	2026-09-10T02:29:02Z
Refresh campaign queue	success	102722018554	2026-09-10T02:28:54Z
Execute / Post keepalive instruction	skipped	102721217457	2026-09-10T02:24:21Z
Execute / Validate branch sync (dry-run)	skipped	102721217380	2026-09-10T02:24:21Z
Execute / Keepalive post-work sync	skipped	102721217256	2026-09-10T02:24:21Z
Execute / Summarise belt dispatch outcomes	success	102721216755	2026-09-10T02:24:32Z
Execute / Belt Worker	skipped	102721216481	2026-09-10T02:24:20Z
Execute / Guard existing belt PRs	skipped	102721216015	2026-09-10T02:24:20Z
Execute / Auto-merge labelled agent PRs	skipped	102721197053	2026-09-10T02:24:14Z
Execute / Promote belt PRs	skipped	102721197001	2026-09-10T02:24:14Z
Execute / Prepare keepalive round	skipped	102721155996	2026-09-10T02:24:02Z
Execute / Dispatch Agents Toolkit	skipped	102721155665	2026-09-10T02:24:02Z
Execute / Record Verification Outcome	skipped	102721155540	2026-09-10T02:24:02Z
Execute / Resolve orchestrator context	skipped	102721155309	2026-09-10T02:24:01Z
Execute / Enforce keepalive run cap	skipped	102721154958	2026-09-10T02:24:01Z
Execute / Verify Assignment	skipped	102721154950	2026-09-10T02:24:01Z
Execute / Belt Dispatcher / Select next agent issue	success	102721154537	2026-09-10T02:24:20Z
Execute / Scan belt promotion queue	failure	102721154090	2026-09-10T02:24:14Z
Execute / Evaluate keepalive gate	success	102721083558	2026-09-10T02:24:01Z
Initialize / Resolve Parameters	success	102721035908	2026-09-10T02:23:40Z
Initialize / Prepare keepalive write token	success	102721007121	2026-09-10T02:23:26Z
Initialize / Idle precheck	success	102720960260	2026-09-10T02:23:17Z
Initialize / Rate limit pre-check	success	102720918115	2026-09-10T02:23:03Z
Check event eligibility	success	102720881296	2026-09-10T02:22:50Z
Generate Diagnostic Report	success	102720251424	2026-09-10T02:19:39Z
Verify Load-Sharing (Token Rotation)	skipped	102720232711	2026-09-10T02:19:24Z
Check Consumer Repo Activity	success	102720231661	2026-09-10T02:19:30Z
Alert on High Usage	success	102720231619	2026-09-10T02:19:34Z
Generate Historical Report	skipped	102720132537	2026-09-10T02:18:54Z
Alert on Repeated Failure	success	102720131604	2026-09-10T02:19:08Z
Collect API Rate Limits	success	102720131503	2026-09-10T02:19:24Z
auto-label	skipped	102716046039	2026-09-10T01:58:37Z
check	success	102716044805	2026-09-10T01:58:47Z
Refresh campaign queue	success	102715977424	2026-09-10T01:58:38Z
auto-label	skipped	102714398013	2026-09-10T01:50:14Z
check	success	102714396855	2026-09-10T01:50:21Z
Refresh campaign queue	success	102714312296	2026-09-10T01:50:17Z
Execute / Post keepalive instruction	skipped	102713901375	2026-09-10T01:47:40Z
Execute / Validate branch sync (dry-run)	skipped	102713900960	2026-09-10T01:47:40Z
Execute / Summarise belt dispatch outcomes	success	102713900791	2026-09-10T01:48:27Z
Execute / Keepalive post-work sync	skipped	102713900643	2026-09-10T01:47:40Z
Execute / Belt Worker	skipped	102713900239	2026-09-10T01:47:40Z
Execute / Guard existing belt PRs	skipped	102713900228	2026-09-10T01:47:40Z
Execute / Auto-merge labelled agent PRs	skipped	102713880135	2026-09-10T01:47:34Z
Execute / Promote belt PRs	skipped	102713879744	2026-09-10T01:47:33Z
Execute / Dispatch Agents Toolkit	skipped	102713846379	2026-09-10T01:47:23Z
Execute / Prepare keepalive round	skipped	102713846131	2026-09-10T01:47:23Z
Execute / Resolve orchestrator context	skipped	102713846075	2026-09-10T01:47:23Z
Execute / Record Verification Outcome	skipped	102713846071	2026-09-10T01:47:23Z
Execute / Verify Assignment	skipped	102713845723	2026-09-10T01:47:23Z
Execute / Enforce keepalive run cap	skipped	102713845720	2026-09-10T01:47:23Z
Execute / Belt Dispatcher / Select next agent issue	success	102713845369	2026-09-10T01:47:39Z
Execute / Scan belt promotion queue	failure	102713844850	2026-09-10T01:47:33Z
Execute / Evaluate keepalive gate	success	102713791125	2026-09-10T01:47:23Z
Initialize / Resolve Parameters	success	102713749499	2026-09-10T01:47:05Z
Initialize / Prepare keepalive write token	success	102713724345	2026-09-10T01:46:53Z
Initialize / Idle precheck	success	102713686656	2026-09-10T01:46:45Z
Initialize / Rate limit pre-check	success	102713630814	2026-09-10T01:46:34Z
Check event eligibility	success	102713603064	2026-09-10T01:46:16Z
Re-evaluate stalled agent PRs	success	102711718101	2026-09-10T01:36:42Z
auto-label	skipped	102710456771	2026-09-10T01:30:18Z
check	success	102710455657	2026-09-10T01:30:28Z
Refresh campaign queue	success	102710361620	2026-09-10T01:30:20Z
Execute / Post keepalive instruction	skipped	102709368984	2026-09-10T01:24:54Z
Execute / Keepalive post-work sync	skipped	102709368470	2026-09-10T01:24:53Z
Execute / Validate branch sync (dry-run)	skipped	102709368322	2026-09-10T01:24:53Z
Execute / Summarise belt dispatch outcomes	success	102709368247	2026-09-10T01:25:03Z
Execute / Belt Worker	skipped	102709367829	2026-09-10T01:24:53Z
Execute / Guard existing belt PRs	skipped	102709367257	2026-09-10T01:24:53Z
Execute / Auto-merge labelled agent PRs	skipped	102709358520	2026-09-10T01:24:50Z
Execute / Promote belt PRs	skipped	102709357875	2026-09-10T01:24:50Z
Execute / Record Verification Outcome	skipped	102709317678	2026-09-10T01:24:38Z
Execute / Dispatch Agents Toolkit	skipped	102709317460	2026-09-10T01:24:38Z
Execute / Prepare keepalive round	skipped	102709317357	2026-09-10T01:24:38Z
Execute / Verify Assignment	skipped	102709316751	2026-09-10T01:24:38Z
Execute / Enforce keepalive run cap	skipped	102709316637	2026-09-10T01:24:38Z
Execute / Resolve orchestrator context	skipped	102709316636	2026-09-10T01:24:38Z
Execute / Belt Dispatcher / Select next agent issue	success	102709316461	2026-09-10T01:24:53Z
Execute / Scan belt promotion queue	failure	102709315848	2026-09-10T01:24:50Z
Execute / Evaluate keepalive gate	success	102709271827	2026-09-10T01:24:38Z
Initialize / Resolve Parameters	success	102709230300	2026-09-10T01:24:25Z
Initialize / Prepare keepalive write token	success	102709211140	2026-09-10T01:24:12Z
Initialize / Idle precheck	success	102709159242	2026-09-10T01:24:07Z
Initialize / Rate limit pre-check	success	102709108919	2026-09-10T01:23:52Z
Check event eligibility	success	102709085748	2026-09-10T01:23:37Z
Generate Diagnostic Report	success	102708801521	2026-09-10T01:22:13Z
Verify Load-Sharing (Token Rotation)	skipped	102708778557	2026-09-10T01:22:00Z
Check Consumer Repo Activity	success	102708777466	2026-09-10T01:22:07Z
Alert on High Usage	success	102708777432	2026-09-10T01:22:14Z
Generate Historical Report	skipped	102708685445	2026-09-10T01:21:32Z
Collect API Rate Limits	success	102708684630	2026-09-10T01:22:00Z
Alert on Repeated Failure	success	102708684465	2026-09-10T01:21:46Z
auto-label	skipped	102707278774	2026-09-10T01:14:33Z
check	success	102707256990	2026-09-10T01:14:40Z
auto-label	skipped	102705774081	2026-09-10T01:07:19Z
check	success	102705773419	2026-09-10T01:07:27Z
Refresh campaign queue	success	102705692237	2026-09-10T01:07:22Z
Re-evaluate stalled agent PRs	success	102704491253	2026-09-10T01:01:33Z
Execute / Post keepalive instruction	skipped	102700811902	2026-09-10T00:43:47Z
Execute / Validate branch sync (dry-run)	skipped	102700811368	2026-09-10T00:43:47Z
Execute / Summarise belt dispatch outcomes	success	102700811187	2026-09-10T00:43:55Z
Execute / Keepalive post-work sync	skipped	102700811178	2026-09-10T00:43:47Z
Execute / Belt Worker	skipped	102700810861	2026-09-10T00:43:47Z
Execute / Guard existing belt PRs	skipped	102700810832	2026-09-10T00:43:47Z
Execute / Auto-merge labelled agent PRs	skipped	102700802848	2026-09-10T00:43:45Z
Execute / Promote belt PRs	skipped	102700802608	2026-09-10T00:43:45Z
Execute / Record Verification Outcome	skipped	102700755583	2026-09-10T00:43:31Z
Execute / Dispatch Agents Toolkit	skipped	102700755515	2026-09-10T00:43:31Z
Execute / Resolve orchestrator context	skipped	102700755314	2026-09-10T00:43:31Z
Execute / Prepare keepalive round	skipped	102700755270	2026-09-10T00:43:31Z
Execute / Enforce keepalive run cap	skipped	102700755071	2026-09-10T00:43:31Z
Execute / Verify Assignment	skipped	102700755000	2026-09-10T00:43:31Z
Execute / Belt Dispatcher / Select next agent issue	success	102700754415	2026-09-10T00:43:47Z
Execute / Scan belt promotion queue	failure	102700753914	2026-09-10T00:43:44Z
Execute / Evaluate keepalive gate	success	102700708728	2026-09-10T00:43:30Z
Initialize / Resolve Parameters	success	102700663719	2026-09-10T00:43:17Z
Initialize / Prepare keepalive write token	success	102700645474	2026-09-10T00:43:05Z
Initialize / Idle precheck	success	102700599969	2026-09-10T00:42:59Z
Initialize / Rate limit pre-check	success	102700551475	2026-09-10T00:42:46Z
Check event eligibility	success	102700465451	2026-09-10T00:42:31Z
Generate Diagnostic Report	success	102699096192	2026-09-10T00:35:46Z
Verify Load-Sharing (Token Rotation)	skipped	102699064971	2026-09-10T00:35:30Z
Alert on High Usage	success	102699063875	2026-09-10T00:35:44Z
Check Consumer Repo Activity	success	102699063814	2026-09-10T00:35:39Z
Generate Historical Report	skipped	102698992897	2026-09-10T00:35:11Z
Collect API Rate Limits	success	102698992102	2026-09-10T00:35:30Z
Alert on Repeated Failure	success	102698991785	2026-09-10T00:35:25Z
auto-label	skipped	102697840103	2026-09-10T00:29:56Z
check	success	102697839136	2026-09-10T00:30:06Z
Refresh campaign queue	success	102697761597	2026-09-10T00:29:56Z
auto-label	skipped	102689688053	2026-09-09T23:53:07Z
check	success	102689686927	2026-09-09T23:53:15Z
Refresh campaign queue	success	102689584459	2026-09-09T23:53:09Z
auto-label	skipped	102687574680	2026-09-09T23:43:13Z
check	success	102687542884	2026-09-09T23:43:21Z
Refresh campaign queue	success	102687464103	2026-09-09T23:43:13Z
Execute / Post keepalive instruction	skipped	102686389733	2026-09-09T23:37:58Z
Execute / Validate branch sync (dry-run)	skipped	102686389132	2026-09-09T23:37:58Z
Execute / Summarise belt dispatch outcomes	success	102686388839	2026-09-09T23:38:06Z
Execute / Keepalive post-work sync	skipped	102686388495	2026-09-09T23:37:58Z
Execute / Belt Worker	skipped	102686388485	2026-09-09T23:37:58Z
Execute / Guard existing belt PRs	skipped	102686387505	2026-09-09T23:37:58Z
Execute / Auto-merge labelled agent PRs	skipped	102686377235	2026-09-09T23:37:55Z
Execute / Promote belt PRs	skipped	102686377079	2026-09-09T23:37:55Z
Execute / Record Verification Outcome	skipped	102686336806	2026-09-09T23:37:44Z
Execute / Dispatch Agents Toolkit	skipped	102686336685	2026-09-09T23:37:44Z
Execute / Resolve orchestrator context	skipped	102686336447	2026-09-09T23:37:44Z
Execute / Enforce keepalive run cap	skipped	102686336439	2026-09-09T23:37:44Z
Execute / Prepare keepalive round	skipped	102686336400	2026-09-09T23:37:44Z
Execute / Verify Assignment	skipped	102686336392	2026-09-09T23:37:44Z
Execute / Belt Dispatcher / Select next agent issue	success	102686335451	2026-09-09T23:37:57Z
Execute / Scan belt promotion queue	failure	102686334837	2026-09-09T23:37:55Z
Execute / Evaluate keepalive gate	success	102686266015	2026-09-09T23:37:43Z
Initialize / Resolve Parameters	success	102686220897	2026-09-09T23:37:24Z
Initialize / Prepare keepalive write token	success	102686196660	2026-09-09T23:37:12Z
Initialize / Idle precheck	success	102686159710	2026-09-09T23:37:05Z
Initialize / Rate limit pre-check	success	102686113386	2026-09-09T23:36:55Z
Check event eligibility	success	102686089502	2026-09-09T23:36:42Z
check	success	102685804951	2026-09-09T23:35:27Z
auto-label	skipped	102685803452	2026-09-09T23:35:18Z
Refresh campaign queue	success	102685707488	2026-09-09T23:35:19Z
Re-evaluate stalled agent PRs	success	102684000829	2026-09-09T23:27:36Z
auto-label	skipped	102682829234	2026-09-09T23:22:17Z
check	success	102682828911	2026-09-09T23:22:25Z
Refresh campaign queue	success	102682690807	2026-09-09T23:22:19Z
Execute / Post keepalive instruction	skipped	102680996031	2026-09-09T23:14:30Z
Execute / Keepalive post-work sync	skipped	102680995478	2026-09-09T23:14:30Z
Execute / Summarise belt dispatch outcomes	success	102680995431	2026-09-09T23:14:42Z
Execute / Validate branch sync (dry-run)	skipped	102680995374	2026-09-09T23:14:30Z
Execute / Belt Worker	skipped	102680994639	2026-09-09T23:14:30Z
Execute / Guard existing belt PRs	skipped	102680994391	2026-09-09T23:14:30Z
Execute / Auto-merge labelled agent PRs	skipped	102680972397	2026-09-09T23:14:24Z
Execute / Promote belt PRs	skipped	102680972308	2026-09-09T23:14:24Z
Execute / Dispatch Agents Toolkit	skipped	102680931428	2026-09-09T23:14:13Z
Execute / Prepare keepalive round	skipped	102680931360	2026-09-09T23:14:13Z
Execute / Verify Assignment	skipped	102680931302	2026-09-09T23:14:13Z
Execute / Enforce keepalive run cap	skipped	102680931220	2026-09-09T23:14:13Z
Execute / Record Verification Outcome	skipped	102680931170	2026-09-09T23:14:13Z
Execute / Resolve orchestrator context	skipped	102680931128	2026-09-09T23:14:13Z
Execute / Belt Dispatcher / Select next agent issue	success	102680930229	2026-09-09T23:14:29Z
Execute / Scan belt promotion queue	failure	102680929560	2026-09-09T23:14:23Z
Execute / Evaluate keepalive gate	success	102680872709	2026-09-09T23:14:13Z
Initialize / Resolve Parameters	success	102680817282	2026-09-09T23:13:59Z
Initialize / Prepare keepalive write token	success	102680781936	2026-09-09T23:13:45Z
Initialize / Idle precheck	success	102680710652	2026-09-09T23:13:36Z
Initialize / Rate limit pre-check	success	102680666655	2026-09-09T23:13:18Z
Check event eligibility	success	102680630288	2026-09-09T23:13:07Z
Generate Diagnostic Report	success	102680268080	2026-09-09T23:11:38Z
Verify Load-Sharing (Token Rotation)	skipped	102680244419	2026-09-09T23:11:20Z
Alert on High Usage	success	102680242939	2026-09-09T23:11:32Z
Check Consumer Repo Activity	success	102680242932	2026-09-09T23:11:26Z
Generate Historical Report	skipped	102680165711	2026-09-09T23:11:00Z
Alert on Repeated Failure	success	102680164823	2026-09-09T23:11:14Z
Collect API Rate Limits	success	102680164750	2026-09-09T23:11:20Z
auto-label	skipped	102679947186	2026-09-09T23:10:06Z
check	success	102679945884	2026-09-09T23:10:49Z
Refresh campaign queue	success	102679858294	2026-09-09T23:10:06Z
auto-label	skipped	102675870839	2026-09-09T22:53:22Z
check	success	102675869911	2026-09-09T22:53:31Z
Refresh campaign queue	success	102675755869	2026-09-09T22:53:26Z
auto-label	skipped	102673368928	2026-09-09T22:43:20Z
check	success	102673368198	2026-09-09T22:43:28Z
Refresh campaign queue	success	102673272311	2026-09-09T22:43:22Z
Execute / Keepalive post-work sync	skipped	102671931520	2026-09-09T22:37:34Z
Execute / Post keepalive instruction	skipped	102671931143	2026-09-09T22:37:34Z
Execute / Belt Worker	skipped	102671930945	2026-09-09T22:37:34Z
Execute / Validate branch sync (dry-run)	skipped	102671930711	2026-09-09T22:37:34Z
Execute / Guard existing belt PRs	skipped	102671930667	2026-09-09T22:37:34Z
Execute / Summarise belt dispatch outcomes	success	102671930332	2026-09-09T22:37:42Z
Execute / Auto-merge labelled agent PRs	skipped	102671903505	2026-09-09T22:37:27Z
Execute / Promote belt PRs	skipped	102671903265	2026-09-09T22:37:27Z
Execute / Dispatch Agents Toolkit	skipped	102671860249	2026-09-09T22:37:17Z
Execute / Resolve orchestrator context	skipped	102671860124	2026-09-09T22:37:17Z
Execute / Record Verification Outcome	skipped	102671860046	2026-09-09T22:37:17Z
Execute / Prepare keepalive round	skipped	102671859872	2026-09-09T22:37:17Z
Execute / Enforce keepalive run cap	skipped	102671859732	2026-09-09T22:37:17Z
Execute / Verify Assignment	skipped	102671859450	2026-09-09T22:37:17Z
Execute / Belt Dispatcher / Select next agent issue	success	102671858914	2026-09-09T22:37:33Z
Execute / Scan belt promotion queue	failure	102671858660	2026-09-09T22:37:27Z
Execute / Evaluate keepalive gate	success	102671779201	2026-09-09T22:37:17Z
Initialize / Resolve Parameters	success	102671725961	2026-09-09T22:36:59Z
Initialize / Prepare keepalive write token	success	102671697821	2026-09-09T22:36:46Z
Initialize / Idle precheck	success	102671635454	2026-09-09T22:36:40Z
Initialize / Rate limit pre-check	success	102671586654	2026-09-09T22:36:26Z
Check event eligibility	success	102671538584	2026-09-09T22:36:14Z
auto-label	skipped	102671252982	2026-09-09T22:34:49Z
check	success	102671219963	2026-09-09T22:34:57Z
Refresh campaign queue	success	102671099985	2026-09-09T22:34:52Z
Re-evaluate stalled agent PRs	success	102669370106	2026-09-09T22:28:04Z
auto-label	skipped	102667867742	2026-09-09T22:22:09Z
check	success	102667863607	2026-09-09T22:22:19Z
Refresh campaign queue	success	102667737714	2026-09-09T22:22:10Z
Execute / Post keepalive instruction	skipped	102665965647	2026-09-09T22:15:10Z
Execute / Validate branch sync (dry-run)	skipped	102665965588	2026-09-09T22:15:10Z
Execute / Keepalive post-work sync	skipped	102665965087	2026-09-09T22:15:10Z
Execute / Summarise belt dispatch outcomes	success	102665964656	2026-09-09T22:15:22Z
Execute / Belt Worker	skipped	102665964475	2026-09-09T22:15:10Z
Execute / Guard existing belt PRs	skipped	102665964411	2026-09-09T22:15:10Z
Execute / Auto-merge labelled agent PRs	skipped	102665930689	2026-09-09T22:15:03Z
Execute / Promote belt PRs	skipped	102665930537	2026-09-09T22:15:02Z
Execute / Record Verification Outcome	skipped	102665869890	2026-09-09T22:14:49Z
Execute / Prepare keepalive round	skipped	102665869842	2026-09-09T22:14:49Z
Execute / Dispatch Agents Toolkit	skipped	102665869352	2026-09-09T22:14:49Z
Execute / Resolve orchestrator context	skipped	102665869193	2026-09-09T22:14:49Z
Execute / Enforce keepalive run cap	skipped	102665869086	2026-09-09T22:14:49Z
Execute / Verify Assignment	skipped	102665868861	2026-09-09T22:14:49Z
Execute / Belt Dispatcher / Select next agent issue	success	102665868248	2026-09-09T22:15:09Z
Execute / Scan belt promotion queue	failure	102665867803	2026-09-09T22:15:02Z
Execute / Evaluate keepalive gate	success	102665769109	2026-09-09T22:14:48Z
Initialize / Resolve Parameters	success	102665709932	2026-09-09T22:14:27Z
Initialize / Prepare keepalive write token	success	102665684165	2026-09-09T22:14:15Z
Initialize / Idle precheck	success	102665625386	2026-09-09T22:14:10Z
Initialize / Rate limit pre-check	success	102665386023	2026-09-09T22:13:57Z
Check event eligibility	success	102665356263	2026-09-09T22:13:06Z
Generate Diagnostic Report	success	102664892925	2026-09-09T22:11:29Z
Verify Load-Sharing (Token Rotation)	skipped	102664847488	2026-09-09T22:11:11Z
Check Consumer Repo Activity	success	102664846594	2026-09-09T22:11:21Z
Alert on High Usage	success	102664846558	2026-09-09T22:11:20Z
Generate Historical Report	skipped	102664739967	2026-09-09T22:10:48Z
Collect API Rate Limits	success	102664738954	2026-09-09T22:11:11Z
Alert on Repeated Failure	success	102664738615	2026-09-09T22:10:59Z
auto-label	skipped	102664447668	2026-09-09T22:09:47Z
check	success	102664445888	2026-09-09T22:09:55Z
Refresh campaign queue	success	102664333769	2026-09-09T22:09:48Z
auto-label	skipped	102659816156	2026-09-09T21:53:11Z
check	success	102659815898	2026-09-09T21:53:21Z
Refresh campaign queue	success	102659696206	2026-09-09T21:53:14Z
auto-label	skipped	102656959512	2026-09-09T21:43:08Z
check	success	102656958852	2026-09-09T21:43:17Z
Refresh campaign queue	success	102656839617	2026-09-09T21:43:10Z
Execute / Auto-merge labelled agent PRs	skipped	102655466031	2026-09-09T21:37:57Z
Execute / Promote belt PRs	skipped	102655465419	2026-09-09T21:37:57Z
Execute / Post keepalive instruction	skipped	102655455066	2026-09-09T21:37:55Z
Execute / Keepalive post-work sync	skipped	102655453690	2026-09-09T21:37:55Z
Execute / Summarise belt dispatch outcomes	success	102655453060	2026-09-09T21:38:04Z
Execute / Validate branch sync (dry-run)	skipped	102655453027	2026-09-09T21:37:55Z
Execute / Belt Worker	skipped	102655451810	2026-09-09T21:37:55Z
Execute / Guard existing belt PRs	skipped	102655451281	2026-09-09T21:37:54Z
Execute / Record Verification Outcome	skipped	102655390143	2026-09-09T21:37:42Z
Execute / Dispatch Agents Toolkit	skipped	102655389970	2026-09-09T21:37:42Z
Execute / Prepare keepalive round	skipped	102655389881	2026-09-09T21:37:42Z
Execute / Verify Assignment	skipped	102655389636	2026-09-09T21:37:42Z
Execute / Enforce keepalive run cap	skipped	102655389566	2026-09-09T21:37:42Z
Execute / Resolve orchestrator context	skipped	102655389093	2026-09-09T21:37:42Z
Execute / Belt Dispatcher / Select next agent issue	success	102655388515	2026-09-09T21:37:54Z
Execute / Scan belt promotion queue	failure	102655387796	2026-09-09T21:37:57Z
Execute / Evaluate keepalive gate	success	102655295053	2026-09-09T21:37:41Z
Initialize / Resolve Parameters	success	102655255082	2026-09-09T21:37:22Z
Initialize / Prepare keepalive write token	success	102655208920	2026-09-09T21:37:14Z
Initialize / Idle precheck	success	102655133195	2026-09-09T21:37:05Z
Initialize / Rate limit pre-check	success	102655077787	2026-09-09T21:36:50Z
Check event eligibility	success	102655036981	2026-09-09T21:36:38Z
auto-label	skipped	102654629390	2026-09-09T21:35:07Z
check	success	102654627825	2026-09-09T21:35:53Z
Refresh campaign queue	success	102654514553	2026-09-09T21:35:07Z
Re-evaluate stalled agent PRs	success	102652374073	2026-09-09T21:27:48Z
auto-label	skipped	102650325134	2026-09-09T21:20:53Z
check	success	102650323766	2026-09-09T21:21:02Z
Refresh campaign queue	success	102650199818	2026-09-09T21:20:54Z
Execute / Post keepalive instruction	skipped	102648069686	2026-09-09T21:13:39Z
Execute / Validate branch sync (dry-run)	skipped	102648068180	2026-09-09T21:13:39Z
Execute / Keepalive post-work sync	skipped	102648068136	2026-09-09T21:13:39Z
Execute / Summarise belt dispatch outcomes	success	102648067797	2026-09-09T21:13:46Z
Execute / Belt Worker	skipped	102648067300	2026-09-09T21:13:39Z
Execute / Guard existing belt PRs	skipped	102648066302	2026-09-09T21:13:38Z
Execute / Auto-merge labelled agent PRs	skipped	102648052242	2026-09-09T21:13:36Z
Execute / Promote belt PRs	skipped	102648051414	2026-09-09T21:13:35Z
Execute / Record Verification Outcome	skipped	102647981655	2026-09-09T21:13:22Z
Execute / Prepare keepalive round	skipped	102647981193	2026-09-09T21:13:22Z
Execute / Dispatch Agents Toolkit	skipped	102647981115	2026-09-09T21:13:22Z
Execute / Verify Assignment	skipped	102647980939	2026-09-09T21:13:22Z
Execute / Resolve orchestrator context	skipped	102647980888	2026-09-09T21:13:22Z
Execute / Enforce keepalive run cap	skipped	102647980378	2026-09-09T21:13:22Z
Execute / Belt Dispatcher / Select next agent issue	success	102647979855	2026-09-09T21:13:38Z
Execute / Scan belt promotion queue	failure	102647979024	2026-09-09T21:13:35Z
Execute / Evaluate keepalive gate	success	102647890118	2026-09-09T21:13:21Z
Initialize / Resolve Parameters	success	102647835280	2026-09-09T21:13:04Z
Initialize / Prepare keepalive write token	success	102647805268	2026-09-09T21:12:54Z
Initialize / Idle precheck	success	102647722826	2026-09-09T21:12:48Z
Initialize / Rate limit pre-check	success	102647634115	2026-09-09T21:12:33Z
Check event eligibility	success	102647587845	2026-09-09T21:12:16Z
Generate Diagnostic Report	success	102647225471	2026-09-09T21:11:09Z
Verify Load-Sharing (Token Rotation)	skipped	102647182155	2026-09-09T21:10:50Z
Check Consumer Repo Activity	success	102647180543	2026-09-09T21:10:58Z
Alert on High Usage	success	102647180531	2026-09-09T21:11:00Z
Generate Historical Report	skipped	102647053064	2026-09-09T21:10:26Z
Collect API Rate Limits	success	102647051561	2026-09-09T21:10:50Z
Alert on Repeated Failure	success	102647051303	2026-09-09T21:10:48Z
auto-label	skipped	102646747469	2026-09-09T21:09:21Z
check	success	102646707413	2026-09-09T21:09:28Z
Refresh campaign queue	success	102646565567	2026-09-09T21:09:24Z
auto-label	skipped	102642134494	2026-09-09T20:55:08Z
check	success	102642133022	2026-09-09T20:55:15Z
Refresh campaign queue	success	102641993125	2026-09-09T20:55:11Z
auto-label	skipped	102639686582	2026-09-09T20:47:33Z
check	success	102639684926	2026-09-09T20:47:43Z
Refresh campaign queue	success	102639532452	2026-09-09T20:47:34Z
auto-label	skipped	102637069992	2026-09-09T20:39:34Z
check	success	102637069039	2026-09-09T20:39:42Z
Refresh campaign queue	success	102636924333	2026-09-09T20:39:37Z
Execute / Post keepalive instruction	skipped	102636714473	2026-09-09T20:38:29Z
Execute / Keepalive post-work sync	skipped	102636713680	2026-09-09T20:38:29Z
Execute / Summarise belt dispatch outcomes	success	102636713524	2026-09-09T20:38:38Z
Execute / Validate branch sync (dry-run)	skipped	102636713474	2026-09-09T20:38:29Z
Execute / Belt Worker	skipped	102636712403	2026-09-09T20:38:29Z
Execute / Guard existing belt PRs	skipped	102636712005	2026-09-09T20:38:29Z
Execute / Auto-merge labelled agent PRs	skipped	102636696515	2026-09-09T20:38:26Z
Execute / Promote belt PRs	skipped	102636696425	2026-09-09T20:38:26Z
Execute / Dispatch Agents Toolkit	skipped	102636617298	2026-09-09T20:38:11Z
Execute / Prepare keepalive round	skipped	102636616752	2026-09-09T20:38:11Z
Execute / Record Verification Outcome	skipped	102636616032	2026-09-09T20:38:11Z
Execute / Verify Assignment	skipped	102636615496	2026-09-09T20:38:11Z
Execute / Resolve orchestrator context	skipped	102636615464	2026-09-09T20:38:11Z
Execute / Enforce keepalive run cap	skipped	102636615406	2026-09-09T20:38:11Z
Execute / Belt Dispatcher / Select next agent issue	success	102636614702	2026-09-09T20:38:28Z
Execute / Scan belt promotion queue	failure	102636613810	2026-09-09T20:38:25Z
Execute / Evaluate keepalive gate	success	102636510530	2026-09-09T20:38:10Z
Initialize / Resolve Parameters	success	102636438094	2026-09-09T20:37:52Z
Initialize / Prepare keepalive write token	success	102636405039	2026-09-09T20:37:39Z
Initialize / Idle precheck	success	102636318769	2026-09-09T20:37:33Z
Initialize / Rate limit pre-check	success	102636222816	2026-09-09T20:37:17Z
Check event eligibility	success	102636172156	2026-09-09T20:36:59Z
Re-evaluate stalled agent PRs	success	102633790016	2026-09-09T20:29:55Z
auto-label	skipped	102633408180	2026-09-09T20:28:32Z
check	success	102633406930	2026-09-09T20:28:43Z
Refresh campaign queue	success	102633269910	2026-09-09T20:28:36Z
check-expiration	success	102630006098	2026-09-09T20:18:38Z
Execute / Post keepalive instruction	skipped	102629504119	2026-09-09T20:16:53Z
Execute / Keepalive post-work sync	skipped	102629503438	2026-09-09T20:16:53Z
Execute / Belt Worker	skipped	102629503398	2026-09-09T20:16:53Z
Execute / Validate branch sync (dry-run)	skipped	102629503143	2026-09-09T20:16:53Z
Execute / Summarise belt dispatch outcomes	success	102629503141	2026-09-09T20:17:05Z
Execute / Guard existing belt PRs	skipped	102629502665	2026-09-09T20:16:53Z
Execute / Auto-merge labelled agent PRs	skipped	102629442076	2026-09-09T20:16:42Z
Execute / Promote belt PRs	skipped	102629441031	2026-09-09T20:16:42Z
Execute / Dispatch Agents Toolkit	skipped	102629382843	2026-09-09T20:16:31Z
Execute / Enforce keepalive run cap	skipped	102629382084	2026-09-09T20:16:31Z
Execute / Resolve orchestrator context	skipped	102629382035	2026-09-09T20:16:31Z
Execute / Record Verification Outcome	skipped	102629382031	2026-09-09T20:16:31Z
Execute / Prepare keepalive round	skipped	102629381950	2026-09-09T20:16:31Z
Execute / Verify Assignment	skipped	102629381576	2026-09-09T20:16:31Z
Execute / Belt Dispatcher / Select next agent issue	success	102629380746	2026-09-09T20:16:52Z
Execute / Scan belt promotion queue	failure	102629379850	2026-09-09T20:16:41Z
Execute / Evaluate keepalive gate	success	102629276836	2026-09-09T20:16:31Z
Initialize / Resolve Parameters	success	102629221291	2026-09-09T20:16:12Z
Initialize / Prepare keepalive write token	success	102629190682	2026-09-09T20:16:02Z
Initialize / Idle precheck	success	102629109552	2026-09-09T20:15:57Z
Initialize / Rate limit pre-check	success	102629027456	2026-09-09T20:15:42Z
Check event eligibility	success	102628992173	2026-09-09T20:15:28Z
Generate Diagnostic Report	success	102628610710	2026-09-09T20:14:24Z
Verify Load-Sharing (Token Rotation)	skipped	102628376138	2026-09-09T20:13:32Z
Check Consumer Repo Activity	success	102628373786	2026-09-09T20:14:14Z
Alert on High Usage	success	102628373737	2026-09-09T20:13:42Z
Generate Historical Report	skipped	102628206338	2026-09-09T20:13:02Z
Alert on Repeated Failure	success	102628204770	2026-09-09T20:13:23Z
Collect API Rate Limits	success	102628204409	2026-09-09T20:13:31Z
auto-label	skipped	102627820328	2026-09-09T20:11:44Z
check	success	102627772526	2026-09-09T20:11:51Z
Refresh campaign queue	success	102627612854	2026-09-09T20:11:46Z
auto-label	skipped	102621793463	2026-09-09T19:54:06Z
check	success	102621761766	2026-09-09T19:54:16Z
Refresh campaign queue	success	102621634382	2026-09-09T19:54:07Z
auto-label	skipped	102619142437	2026-09-09T19:46:13Z
check	success	102619141759	2026-09-09T19:46:23Z
Refresh campaign queue	success	102619005076	2026-09-09T19:46:14Z
auto-label	skipped	102616664232	2026-09-09T19:38:34Z
check	success	102616663521	2026-09-09T19:38:43Z
Refresh campaign queue	success	102616520662	2026-09-09T19:38:38Z
Execute / Post keepalive instruction	skipped	102616199631	2026-09-09T19:37:10Z
Execute / Validate branch sync (dry-run)	skipped	102616199336	2026-09-09T19:37:10Z
Execute / Belt Worker	skipped	102616199170	2026-09-09T19:37:10Z
Execute / Keepalive post-work sync	skipped	102616198767	2026-09-09T19:37:10Z
Execute / Summarise belt dispatch outcomes	success	102616198418	2026-09-09T19:37:20Z
Execute / Guard existing belt PRs	skipped	102616197803	2026-09-09T19:37:10Z
Execute / Auto-merge labelled agent PRs	skipped	102616184145	2026-09-09T19:37:07Z
Execute / Promote belt PRs	skipped	102616183207	2026-09-09T19:37:07Z
Execute / Record Verification Outcome	skipped	102616097723	2026-09-09T19:36:51Z
Execute / Prepare keepalive round	skipped	102616096368	2026-09-09T19:36:51Z
Execute / Dispatch Agents Toolkit	skipped	102616096277	2026-09-09T19:36:51Z
Execute / Enforce keepalive run cap	skipped	102616096224	2026-09-09T19:36:51Z
Execute / Resolve orchestrator context	skipped	102616095975	2026-09-09T19:36:51Z
Execute / Verify Assignment	skipped	102616095907	2026-09-09T19:36:51Z
Execute / Belt Dispatcher / Select next agent issue	success	102616094569	2026-09-09T19:37:09Z
Execute / Scan belt promotion queue	failure	102616093992	2026-09-09T19:37:07Z
Execute / Evaluate keepalive gate	success	102616013659	2026-09-09T19:36:51Z
Initialize / Resolve Parameters	success	102615953232	2026-09-09T19:36:36Z
Initialize / Prepare keepalive write token	success	102615911852	2026-09-09T19:36:26Z
Initialize / Idle precheck	success	102615824294	2026-09-09T19:36:19Z
Initialize / Rate limit pre-check	success	102615753403	2026-09-09T19:36:03Z
Check event eligibility	success	102615709127	2026-09-09T19:35:51Z
auto-label	skipped	102613340507	2026-09-09T19:28:29Z
check	success	102613290580	2026-09-09T19:28:36Z
Refresh campaign queue	success	102613122831	2026-09-09T19:28:32Z
Re-evaluate stalled agent PRs	success	102612849783	2026-09-09T19:27:24Z
auto-label	skipped	102610578204	2026-09-09T19:20:21Z
check	success	102610577002	2026-09-09T19:20:29Z
Refresh campaign queue	success	102610418596	2026-09-09T19:20:24Z
Execute / Post keepalive instruction	skipped	102608457858	2026-09-09T19:13:58Z
Execute / Validate branch sync (dry-run)	skipped	102608457761	2026-09-09T19:13:58Z
Execute / Keepalive post-work sync	skipped	102608457611	2026-09-09T19:13:58Z
Execute / Summarise belt dispatch outcomes	success	102608457406	2026-09-09T19:14:11Z
Execute / Guard existing belt PRs	skipped	102608456837	2026-09-09T19:13:57Z
Execute / Belt Worker	skipped	102608456733	2026-09-09T19:13:58Z
Execute / Auto-merge labelled agent PRs	skipped	102608419441	2026-09-09T19:13:51Z
Execute / Promote belt PRs	skipped	102608417784	2026-09-09T19:13:51Z
Execute / Prepare keepalive round	skipped	102608359484	2026-09-09T19:13:40Z
Execute / Dispatch Agents Toolkit	skipped	102608359314	2026-09-09T19:13:40Z
Execute / Record Verification Outcome	skipped	102608359125	2026-09-09T19:13:40Z
Execute / Resolve orchestrator context	skipped	102608358746	2026-09-09T19:13:40Z
Execute / Enforce keepalive run cap	skipped	102608357864	2026-09-09T19:13:40Z
Execute / Verify Assignment	skipped	102608357229	2026-09-09T19:13:40Z
Execute / Belt Dispatcher / Select next agent issue	success	102608356833	2026-09-09T19:13:57Z
Execute / Scan belt promotion queue	failure	102608355813	2026-09-09T19:13:51Z
Execute / Evaluate keepalive gate	success	102608287856	2026-09-09T19:13:39Z
Initialize / Resolve Parameters	success	102608229024	2026-09-09T19:13:27Z
Initialize / Prepare keepalive write token	success	102608184387	2026-09-09T19:13:17Z
Initialize / Idle precheck	success	102608093865	2026-09-09T19:13:09Z
Initialize / Rate limit pre-check	success	102608018358	2026-09-09T19:12:53Z
Check event eligibility	success	102607779279	2026-09-09T19:12:39Z
Generate Diagnostic Report	success	102607321735	2026-09-09T19:10:41Z
Verify Load-Sharing (Token Rotation)	skipped	102607277226	2026-09-09T19:10:26Z
Check Consumer Repo Activity	success	102607274911	2026-09-09T19:10:34Z
Alert on High Usage	success	102607274832	2026-09-09T19:10:35Z
Generate Historical Report	skipped	102607162422	2026-09-09T19:10:06Z
Collect API Rate Limits	success	102607161153	2026-09-09T19:10:25Z
Alert on Repeated Failure	success	102607160842	2026-09-09T19:10:20Z
auto-label	skipped	102606890327	2026-09-09T19:09:16Z
check	success	102606888965	2026-09-09T19:09:25Z
Refresh campaign queue	success	102606723238	2026-09-09T19:09:17Z
auto-label	skipped	102601722188	2026-09-09T18:53:56Z
check	success	102601666437	2026-09-09T18:54:07Z
Refresh campaign queue	success	102601488787	2026-09-09T18:53:53Z
auto-label	skipped	102599030827	2026-09-09T18:45:57Z
check	success	102599027591	2026-09-09T18:46:07Z
Refresh campaign queue	success	102598876375	2026-09-09T18:45:59Z
Execute / Post keepalive instruction	skipped	102597627510	2026-09-09T18:41:48Z
Execute / Validate branch sync (dry-run)	skipped	102597626381	2026-09-09T18:41:48Z
Execute / Keepalive post-work sync	skipped	102597626007	2026-09-09T18:41:48Z
Execute / Summarise belt dispatch outcomes	success	102597625977	2026-09-09T18:41:56Z
Execute / Belt Worker	skipped	102597623657	2026-09-09T18:41:48Z
Execute / Guard existing belt PRs	skipped	102597623625	2026-09-09T18:41:47Z
Execute / Auto-merge labelled agent PRs	skipped	102597597898	2026-09-09T18:41:43Z
Execute / Promote belt PRs	skipped	102597597034	2026-09-09T18:41:43Z
Execute / Record Verification Outcome	skipped	102597541119	2026-09-09T18:41:33Z
Execute / Prepare keepalive round	skipped	102597540815	2026-09-09T18:41:33Z
Execute / Dispatch Agents Toolkit	skipped	102597540677	2026-09-09T18:41:33Z
Execute / Enforce keepalive run cap	skipped	102597540389	2026-09-09T18:41:33Z
Execute / Resolve orchestrator context	skipped	102597540015	2026-09-09T18:41:33Z
Execute / Verify Assignment	skipped	102597539722	2026-09-09T18:41:33Z
Execute / Belt Dispatcher / Select next agent issue	success	102597538960	2026-09-09T18:41:47Z
Execute / Scan belt promotion queue	failure	102597538198	2026-09-09T18:41:43Z
Execute / Evaluate keepalive gate	success	102597465261	2026-09-09T18:41:32Z
Initialize / Resolve Parameters	success	102597415252	2026-09-09T18:41:19Z
Initialize / Prepare keepalive write token	success	102597382120	2026-09-09T18:41:10Z
Initialize / Idle precheck	success	102597287276	2026-09-09T18:41:04Z
Initialize / Rate limit pre-check	success	102597204493	2026-09-09T18:40:47Z
Check event eligibility	success	102597166043	2026-09-09T18:40:32Z
Re-evaluate stalled agent PRs	success	102595066563	2026-09-09T18:34:43Z
auto-label	skipped	102595044199	2026-09-09T18:34:07Z
check	success	102594999791	2026-09-09T18:34:15Z
Refresh campaign queue	success	102594832582	2026-09-09T18:34:11Z
Execute / Keepalive post-work sync	skipped	102590699373	2026-09-09T18:21:27Z
Execute / Post keepalive instruction	skipped	102590699280	2026-09-09T18:21:27Z
Execute / Validate branch sync (dry-run)	skipped	102590698864	2026-09-09T18:21:27Z
Execute / Summarise belt dispatch outcomes	success	102590698500	2026-09-09T18:21:35Z
Execute / Guard existing belt PRs	skipped	102590698310	2026-09-09T18:21:26Z
Execute / Belt Worker	skipped	102590698259	2026-09-09T18:21:26Z
Execute / Auto-merge labelled agent PRs	skipped	102590690074	2026-09-09T18:21:25Z
Execute / Promote belt PRs	skipped	102590688675	2026-09-09T18:21:25Z
Execute / Prepare keepalive round	skipped	102590625540	2026-09-09T18:21:13Z
Execute / Enforce keepalive run cap	skipped	102590625348	2026-09-09T18:21:13Z
Execute / Dispatch Agents Toolkit	skipped	102590625194	2026-09-09T18:21:13Z
Execute / Resolve orchestrator context	skipped	102590625130	2026-09-09T18:21:13Z
Execute / Record Verification Outcome	skipped	102590625035	2026-09-09T18:21:13Z
Execute / Verify Assignment	skipped	102590624790	2026-09-09T18:21:13Z
Execute / Belt Dispatcher / Select next agent issue	success	102590623956	2026-09-09T18:21:26Z
Execute / Scan belt promotion queue	failure	102590623415	2026-09-09T18:21:25Z
Execute / Evaluate keepalive gate	success	102590528863	2026-09-09T18:21:13Z
Initialize / Resolve Parameters	success	102590481680	2026-09-09T18:20:56Z
Initialize / Prepare keepalive write token	success	102590449071	2026-09-09T18:20:48Z
Initialize / Idle precheck	success	102590337876	2026-09-09T18:20:43Z
Initialize / Rate limit pre-check	success	102590238530	2026-09-09T18:20:23Z
Check event eligibility	success	102590194665	2026-09-09T18:20:06Z
Generate Diagnostic Report	success	102589398967	2026-09-09T18:17:47Z
Verify Load-Sharing (Token Rotation)	skipped	102589341014	2026-09-09T18:17:25Z
Check Consumer Repo Activity	success	102589339890	2026-09-09T18:17:35Z
Alert on High Usage	success	102589339488	2026-09-09T18:18:13Z
Generate Historical Report	skipped	102589175777	2026-09-09T18:16:55Z
Collect API Rate Limits	success	102589174258	2026-09-09T18:17:25Z
Alert on Repeated Failure	success	102589173949	2026-09-09T18:17:07Z
auto-label	skipped	102589101052	2026-09-09T18:16:41Z
check	success	102589098536	2026-09-09T18:16:52Z
auto-label	skipped	102588496017	2026-09-09T18:14:52Z
check	success	102588493981	2026-09-09T18:15:01Z
Refresh campaign queue	success	102588345244	2026-09-09T18:14:56Z
auto-label	skipped	102581089760	2026-09-09T17:53:11Z
check	success	102581088363	2026-09-09T17:53:17Z
Refresh campaign queue	success	102580921212	2026-09-09T17:53:09Z
auto-label	skipped	102577841525	2026-09-09T17:43:28Z
check	success	102577783806	2026-09-09T17:43:37Z
Refresh campaign queue	success	102577628979	2026-09-09T17:43:32Z
Execute / Post keepalive instruction	skipped	102575838343	2026-09-09T17:37:52Z
Execute / Keepalive post-work sync	skipped	102575837707	2026-09-09T17:37:51Z
Execute / Summarise belt dispatch outcomes	success	102575837562	2026-09-09T17:38:06Z
Execute / Validate branch sync (dry-run)	skipped	102575836930	2026-09-09T17:37:51Z
Execute / Belt Worker	skipped	102575836208	2026-09-09T17:37:51Z
Execute / Guard existing belt PRs	skipped	102575835041	2026-09-09T17:37:51Z
Execute / Auto-merge labelled agent PRs	skipped	102575816953	2026-09-09T17:37:48Z
Execute / Promote belt PRs	skipped	102575815839	2026-09-09T17:37:48Z
Execute / Dispatch Agents Toolkit	skipped	102575730215	2026-09-09T17:37:33Z
Execute / Prepare keepalive round	skipped	102575729939	2026-09-09T17:37:33Z
Execute / Record Verification Outcome	skipped	102575729415	2026-09-09T17:37:33Z
Execute / Verify Assignment	skipped	102575728684	2026-09-09T17:37:33Z
Execute / Resolve orchestrator context	skipped	102575728476	2026-09-09T17:37:33Z
Execute / Enforce keepalive run cap	skipped	102575728367	2026-09-09T17:37:33Z
Execute / Belt Dispatcher / Select next agent issue	success	102575728365	2026-09-09T17:37:50Z
Execute / Scan belt promotion queue	failure	102575726143	2026-09-09T17:37:47Z
Execute / Evaluate keepalive gate	success	102575585544	2026-09-09T17:37:32Z
Initialize / Resolve Parameters	success	102575493252	2026-09-09T17:37:07Z
Initialize / Prepare keepalive write token	success	102575439394	2026-09-09T17:36:53Z
Initialize / Idle precheck	success	102575357712	2026-09-09T17:36:43Z
Initialize / Rate limit pre-check	success	102575288024	2026-09-09T17:36:29Z
Check event eligibility	success	102575236378	2026-09-09T17:36:17Z
auto-label	skipped	102574836275	2026-09-09T17:35:01Z
check	success	102574834986	2026-09-09T17:35:12Z
Refresh campaign queue	success	102574709964	2026-09-09T17:35:03Z
Re-evaluate stalled agent PRs	success	102572642338	2026-09-09T17:28:50Z
auto-label	skipped	102570693879	2026-09-09T17:22:49Z
check	success	102570690824	2026-09-09T17:23:00Z
Refresh campaign queue	success	102570533983	2026-09-09T17:22:52Z
Execute / Post keepalive instruction	skipped	102567982459	2026-09-09T17:14:55Z
Execute / Keepalive post-work sync	skipped	102567982343	2026-09-09T17:14:55Z
Execute / Validate branch sync (dry-run)	skipped	102567982045	2026-09-09T17:14:55Z
Execute / Summarise belt dispatch outcomes	success	102567981802	2026-09-09T17:15:09Z
Execute / Belt Worker	skipped	102567981497	2026-09-09T17:14:55Z
Execute / Guard existing belt PRs	skipped	102567980386	2026-09-09T17:14:55Z
Execute / Auto-merge labelled agent PRs	skipped	102567936582	2026-09-09T17:14:47Z
Execute / Promote belt PRs	skipped	102567935346	2026-09-09T17:14:47Z
Execute / Dispatch Agents Toolkit	skipped	102567857049	2026-09-09T17:14:33Z
Execute / Record Verification Outcome	skipped	102567856822	2026-09-09T17:14:33Z
Execute / Prepare keepalive round	skipped	102567856784	2026-09-09T17:14:33Z
Execute / Enforce keepalive run cap	skipped	102567855713	2026-09-09T17:14:33Z
Execute / Resolve orchestrator context	skipped	102567855407	2026-09-09T17:14:33Z
Execute / Verify Assignment	skipped	102567855229	2026-09-09T17:14:33Z
Execute / Belt Dispatcher / Select next agent issue	success	102567854773	2026-09-09T17:14:55Z
Execute / Scan belt promotion queue	failure	102567854190	2026-09-09T17:14:47Z
Execute / Evaluate keepalive gate	success	102567746010	2026-09-09T17:14:32Z
Initialize / Resolve Parameters	success	102567690881	2026-09-09T17:14:13Z
Initialize / Prepare keepalive write token	success	102567632862	2026-09-09T17:14:04Z
Initialize / Idle precheck	success	102567546645	2026-09-09T17:13:52Z
Initialize / Rate limit pre-check	success	102567448159	2026-09-09T17:13:38Z
Check event eligibility	success	102567392989	2026-09-09T17:13:21Z
Generate Diagnostic Report	success	102566843903	2026-09-09T17:11:41Z
Verify Load-Sharing (Token Rotation)	skipped	102566789055	2026-09-09T17:11:25Z
Alert on High Usage	success	102566788004	2026-09-09T17:11:36Z
Check Consumer Repo Activity	success	102566787972	2026-09-09T17:11:34Z
Generate Historical Report	skipped	102566681536	2026-09-09T17:11:05Z
Collect API Rate Limits	success	102566680095	2026-09-09T17:11:24Z
Alert on Repeated Failure	success	102566679814	2026-09-09T17:11:24Z
auto-label	skipped	102566328244	2026-09-09T17:10:03Z
check	success	102566326362	2026-09-09T17:10:13Z
Refresh campaign queue	success	102566174582	2026-09-09T17:10:07Z
auto-label	skipped	102560690874	2026-09-09T16:53:28Z
check	success	102560688556	2026-09-09T16:54:02Z
Refresh campaign queue	success	102560512694	2026-09-09T16:53:30Z
auto-label	skipped	102557984934	2026-09-09T16:45:34Z
check	success	102557982788	2026-09-09T16:45:45Z
Refresh campaign queue	success	102557767936	2026-09-09T16:45:38Z
Execute / Post keepalive instruction	skipped	102556434084	2026-09-09T16:41:07Z
Execute / Validate branch sync (dry-run)	skipped	102556433105	2026-09-09T16:41:07Z
Execute / Keepalive post-work sync	skipped	102556433043	2026-09-09T16:41:07Z
Execute / Belt Worker	skipped	102556432963	2026-09-09T16:41:07Z
Execute / Summarise belt dispatch outcomes	success	102556432850	2026-09-09T16:41:19Z
Execute / Guard existing belt PRs	skipped	102556431568	2026-09-09T16:41:07Z
Execute / Auto-merge labelled agent PRs	skipped	102556429786	2026-09-09T16:41:06Z
Execute / Promote belt PRs	skipped	102556428263	2026-09-09T16:41:06Z
Execute / Dispatch Agents Toolkit	skipped	102556344352	2026-09-09T16:40:51Z
Execute / Prepare keepalive round	skipped	102556344266	2026-09-09T16:40:51Z
Execute / Record Verification Outcome	skipped	102556344210	2026-09-09T16:40:51Z
Execute / Verify Assignment	skipped	102556343450	2026-09-09T16:40:51Z
Execute / Enforce keepalive run cap	skipped	102556343064	2026-09-09T16:40:51Z
Execute / Resolve orchestrator context	skipped	102556342595	2026-09-09T16:40:51Z
Execute / Belt Dispatcher / Select next agent issue	success	102556342279	2026-09-09T16:41:06Z
Execute / Scan belt promotion queue	failure	102556341652	2026-09-09T16:41:06Z
Execute / Evaluate keepalive gate	success	102556264420	2026-09-09T16:40:51Z
Initialize / Resolve Parameters	success	102556196776	2026-09-09T16:40:38Z
Initialize / Prepare keepalive write token	success	102556123225	2026-09-09T16:40:26Z
Initialize / Idle precheck	success	102556012037	2026-09-09T16:40:14Z
Initialize / Rate limit pre-check	success	102555925074	2026-09-09T16:39:54Z
Check event eligibility	success	102555886345	2026-09-09T16:39:39Z
Re-evaluate stalled agent PRs	success	102553296242	2026-09-09T16:32:16Z
auto-label	skipped	102553106463	2026-09-09T16:31:31Z
check	success	102553106164	2026-09-09T16:31:43Z
Refresh campaign queue	success	102552959702	2026-09-09T16:31:32Z
Execute / Keepalive post-work sync	skipped	102548531622	2026-09-09T16:18:42Z
Execute / Post keepalive instruction	skipped	102548531480	2026-09-09T16:18:42Z
Execute / Validate branch sync (dry-run)	skipped	102548531148	2026-09-09T16:18:42Z
Execute / Summarise belt dispatch outcomes	success	102548530463	2026-09-09T16:18:53Z
Execute / Guard existing belt PRs	skipped	102548530349	2026-09-09T16:18:42Z
Execute / Belt Worker	skipped	102548530335	2026-09-09T16:18:42Z
Execute / Auto-merge labelled agent PRs	skipped	102548511924	2026-09-09T16:18:39Z
Execute / Promote belt PRs	skipped	102548510650	2026-09-09T16:18:39Z
Execute / Dispatch Agents Toolkit	skipped	102548445836	2026-09-09T16:18:27Z
Execute / Prepare keepalive round	skipped	102548445736	2026-09-09T16:18:27Z
Execute / Record Verification Outcome	skipped	102548444575	2026-09-09T16:18:27Z
Execute / Resolve orchestrator context	skipped	102548444350	2026-09-09T16:18:27Z
Execute / Enforce keepalive run cap	skipped	102548444165	2026-09-09T16:18:27Z
Execute / Verify Assignment	skipped	102548444132	2026-09-09T16:18:27Z
Execute / Belt Dispatcher / Select next agent issue	success	102548443285	2026-09-09T16:18:41Z
Execute / Scan belt promotion queue	failure	102548442661	2026-09-09T16:18:38Z
Execute / Evaluate keepalive gate	success	102548314213	2026-09-09T16:18:27Z
Initialize / Resolve Parameters	success	102548262321	2026-09-09T16:18:05Z
Initialize / Prepare keepalive write token	success	102548222591	2026-09-09T16:17:56Z
Initialize / Idle precheck	success	102548142696	2026-09-09T16:17:50Z
Initialize / Rate limit pre-check	success	102548057458	2026-09-09T16:17:36Z
Check event eligibility	success	102548000102	2026-09-09T16:17:21Z
Generate Diagnostic Report	success	102547260631	2026-09-09T16:15:17Z
Verify Load-Sharing (Token Rotation)	skipped	102547221649	2026-09-09T16:15:02Z
Check Consumer Repo Activity	success	102547220084	2026-09-09T16:15:08Z
Alert on High Usage	success	102547220035	2026-09-09T16:15:25Z
Generate Historical Report	skipped	102547016170	2026-09-09T16:14:28Z
Alert on Repeated Failure	success	102547014377	2026-09-09T16:14:46Z
Collect API Rate Limits	success	102547014103	2026-09-09T16:15:02Z
auto-label	skipped	102546406649	2026-09-09T16:12:44Z
check	success	102546404202	2026-09-09T16:12:55Z
Refresh campaign queue	success	102546259082	2026-09-09T16:12:45Z
auto-label	skipped	102539399801	2026-09-09T15:53:28Z
check	success	102539354800	2026-09-09T15:53:37Z
Refresh campaign queue	success	102539175385	2026-09-09T15:53:29Z
check	success	102534925831	2026-09-09T15:41:39Z
auto-label	skipped	102534925401	2026-09-09T15:41:31Z
Refresh campaign queue	success	102534739254	2026-09-09T15:41:33Z
Execute / Post keepalive instruction	skipped	102534466655	2026-09-09T15:40:16Z
Execute / Summarise belt dispatch outcomes	success	102534465683	2026-09-09T15:40:28Z
Execute / Keepalive post-work sync	skipped	102534465252	2026-09-09T15:40:15Z
Execute / Validate branch sync (dry-run)	skipped	102534464974	2026-09-09T15:40:15Z
Execute / Belt Worker	skipped	102534462855	2026-09-09T15:40:15Z
Execute / Guard existing belt PRs	skipped	102534462006	2026-09-09T15:40:15Z
Execute / Auto-merge labelled agent PRs	skipped	102534434017	2026-09-09T15:40:10Z
Execute / Promote belt PRs	skipped	102534433694	2026-09-09T15:40:10Z
Execute / Prepare keepalive round	skipped	102534360024	2026-09-09T15:39:59Z
Execute / Dispatch Agents Toolkit	skipped	102534359761	2026-09-09T15:39:59Z
Execute / Record Verification Outcome	skipped	102534359093	2026-09-09T15:39:59Z
Execute / Verify Assignment	skipped	102534358885	2026-09-09T15:39:58Z
Execute / Belt Dispatcher / Select next agent issue	success	102534358254	2026-09-09T15:40:14Z
Execute / Enforce keepalive run cap	skipped	102534357995	2026-09-09T15:39:58Z
Execute / Resolve orchestrator context	skipped	102534357910	2026-09-09T15:39:58Z
Execute / Scan belt promotion queue	failure	102534356491	2026-09-09T15:40:10Z
Execute / Evaluate keepalive gate	success	102534245255	2026-09-09T15:39:58Z
Initialize / Resolve Parameters	success	102534158566	2026-09-09T15:39:40Z
Initialize / Prepare keepalive write token	success	102534111714	2026-09-09T15:39:26Z
Initialize / Idle precheck	success	102534007340	2026-09-09T15:39:18Z
Initialize / Rate limit pre-check	success	102533884886	2026-09-09T15:39:01Z
Check event eligibility	success	102533826683	2026-09-09T15:38:42Z
Re-evaluate stalled agent PRs	success	102530758609	2026-09-09T15:30:30Z
auto-label	skipped	102530272290	2026-09-09T15:28:59Z
check	success	102530269829	2026-09-09T15:29:07Z
Refresh campaign queue	success	102530116294	2026-09-09T15:29:01Z
Execute / Summarise belt dispatch outcomes	success	102525615517	2026-09-09T15:16:42Z
Execute / Post keepalive instruction	skipped	102525610640	2026-09-09T15:16:33Z
Execute / Validate branch sync (dry-run)	skipped	102525605228	2026-09-09T15:16:32Z
Execute / Keepalive post-work sync	skipped	102525605052	2026-09-09T15:16:32Z
Execute / Belt Worker	skipped	102525597300	2026-09-09T15:16:31Z
Execute / Guard existing belt PRs	skipped	102525588772	2026-09-09T15:16:30Z
Execute / Auto-merge labelled agent PRs	skipped	102525586619	2026-09-09T15:16:29Z
Execute / Promote belt PRs	skipped	102525574309	2026-09-09T15:16:27Z
Execute / Record Verification Outcome	skipped	102525431820	2026-09-09T15:16:05Z
Execute / Dispatch Agents Toolkit	skipped	102525431719	2026-09-09T15:16:05Z
Execute / Prepare keepalive round	skipped	102525431112	2026-09-09T15:16:05Z
Execute / Enforce keepalive run cap	skipped	102525430826	2026-09-09T15:16:05Z
Execute / Resolve orchestrator context	skipped	102525430695	2026-09-09T15:16:05Z
Execute / Verify Assignment	skipped	102525430070	2026-09-09T15:16:05Z
Execute / Belt Dispatcher / Select next agent issue	success	102525429475	2026-09-09T15:16:18Z
Execute / Scan belt promotion queue	failure	102525428092	2026-09-09T15:16:20Z
Execute / Evaluate keepalive gate	success	102525347953	2026-09-09T15:16:04Z
Initialize / Resolve Parameters	success	102525287399	2026-09-09T15:15:51Z
Initialize / Prepare keepalive write token	success	102525213501	2026-09-09T15:15:42Z
Initialize / Idle precheck	success	102525091660	2026-09-09T15:15:31Z
Initialize / Rate limit pre-check	success	102525013683	2026-09-09T15:15:12Z
Check event eligibility	success	102524972071	2026-09-09T15:15:00Z
Generate Diagnostic Report	success	102524284058	2026-09-09T15:13:13Z
Verify Load-Sharing (Token Rotation)	skipped	102524232687	2026-09-09T15:12:57Z
Alert on High Usage	success	102524229989	2026-09-09T15:13:09Z
Check Consumer Repo Activity	success	102524229979	2026-09-09T15:13:05Z
Generate Historical Report	skipped	102524033283	2026-09-09T15:12:25Z
Alert on Repeated Failure	success	102524031509	2026-09-09T15:12:41Z
Collect API Rate Limits	success	102524031230	2026-09-09T15:12:56Z
auto-label	skipped	102523718595	2026-09-09T15:11:35Z
check	success	102523716874	2026-09-09T15:11:46Z
Refresh campaign queue	success	102523449760	2026-09-09T15:11:36Z
auto-label	skipped	102517129753	2026-09-09T14:54:17Z
check	success	102517128127	2026-09-09T14:54:30Z
Refresh campaign queue	success	102516647140	2026-09-09T14:54:20Z
auto-label	skipped	102512867191	2026-09-09T14:43:03Z
check	success	102512865337	2026-09-09T14:43:14Z
Refresh campaign queue	success	102512482780	2026-09-09T14:43:05Z
Execute / Post keepalive instruction	skipped	102511995580	2026-09-09T14:40:46Z
Execute / Summarise belt dispatch outcomes	success	102511995109	2026-09-09T14:40:58Z
Execute / Validate branch sync (dry-run)	skipped	102511994672	2026-09-09T14:40:46Z
Execute / Keepalive post-work sync	skipped	102511994368	2026-09-09T14:40:46Z
Execute / Belt Worker	skipped	102511993575	2026-09-09T14:40:46Z
Execute / Guard existing belt PRs	skipped	102511992858	2026-09-09T14:40:46Z
Execute / Auto-merge labelled agent PRs	skipped	102511870608	2026-09-09T14:40:26Z
Execute / Promote belt PRs	skipped	102511868637	2026-09-09T14:40:26Z
Execute / Prepare keepalive round	skipped	102511793764	2026-09-09T14:40:14Z
Execute / Dispatch Agents Toolkit	skipped	102511793355	2026-09-09T14:40:14Z
Execute / Record Verification Outcome	skipped	102511792919	2026-09-09T14:40:14Z
Execute / Enforce keepalive run cap	skipped	102511791189	2026-09-09T14:40:14Z
Execute / Resolve orchestrator context	skipped	102511791153	2026-09-09T14:40:14Z
Execute / Belt Dispatcher / Select next agent issue	success	102511791089	2026-09-09T14:40:45Z
Execute / Verify Assignment	skipped	102511790878	2026-09-09T14:40:14Z
Execute / Scan belt promotion queue	failure	102511789680	2026-09-09T14:40:26Z
Execute / Evaluate keepalive gate	success	102511704998	2026-09-09T14:40:14Z
Initialize / Resolve Parameters	success	102511655064	2026-09-09T14:40:00Z
Initialize / Prepare keepalive write token	success	102511604443	2026-09-09T14:39:52Z
Initialize / Idle precheck	success	102511522167	2026-09-09T14:39:44Z
Initialize / Rate limit pre-check	success	102511414957	2026-09-09T14:39:31Z
Check event eligibility	success	102511372477	2026-09-09T14:39:14Z
Re-evaluate stalled agent PRs	success	102508326026	2026-09-09T14:31:15Z
auto-label	skipped	102507998983	2026-09-09T14:30:13Z
check	success	102507998269	2026-09-09T14:30:22Z
Refresh campaign queue	success	102507831001	2026-09-09T14:30:13Z
Execute / Post keepalive instruction	skipped	102503117084	2026-09-09T14:17:10Z
Execute / Keepalive post-work sync	skipped	102503116654	2026-09-09T14:17:10Z
Execute / Validate branch sync (dry-run)	skipped	102503115803	2026-09-09T14:17:10Z
Execute / Belt Worker	skipped	102503115775	2026-09-09T14:17:09Z
Execute / Summarise belt dispatch outcomes	success	102503115699	2026-09-09T14:17:22Z
Execute / Guard existing belt PRs	skipped	102503114275	2026-09-09T14:17:09Z
Execute / Auto-merge labelled agent PRs	skipped	102503083006	2026-09-09T14:17:04Z
Execute / Promote belt PRs	skipped	102503081976	2026-09-09T14:17:04Z
Execute / Record Verification Outcome	skipped	102502985526	2026-09-09T14:16:48Z
Execute / Dispatch Agents Toolkit	skipped	102502985256	2026-09-09T14:16:48Z
Execute / Prepare keepalive round	skipped	102502985046	2026-09-09T14:16:48Z
Execute / Enforce keepalive run cap	skipped	102502985035	2026-09-09T14:16:48Z
Execute / Verify Assignment	skipped	102502983878	2026-09-09T14:16:48Z
Execute / Resolve orchestrator context	skipped	102502983749	2026-09-09T14:16:48Z
Execute / Belt Dispatcher / Select next agent issue	success	102502983139	2026-09-09T14:17:09Z
Execute / Scan belt promotion queue	failure	102502982179	2026-09-09T14:17:04Z
Execute / Evaluate keepalive gate	success	102502858121	2026-09-09T14:16:48Z
Initialize / Resolve Parameters	success	102502773088	2026-09-09T14:16:28Z
Initialize / Prepare keepalive write token	success	102502727043	2026-09-09T14:16:15Z
Initialize / Idle precheck	success	102502646454	2026-09-09T14:16:07Z
Initialize / Rate limit pre-check	success	102502568980	2026-09-09T14:15:55Z
Check event eligibility	success	102502513500	2026-09-09T14:15:43Z
Generate Diagnostic Report	success	102501864436	2026-09-09T14:14:01Z
Verify Load-Sharing (Token Rotation)	skipped	102501820657	2026-09-09T14:13:44Z
Check Consumer Repo Activity	success	102501818397	2026-09-09T14:13:51Z
Alert on High Usage	success	102501818346	2026-09-09T14:13:55Z
Generate Historical Report	skipped	102501610762	2026-09-09T14:13:10Z
Alert on Repeated Failure	success	102501609487	2026-09-09T14:13:25Z
Collect API Rate Limits	success	102501609234	2026-09-09T14:13:44Z
auto-label	skipped	102501137596	2026-09-09T14:11:54Z
check	success	102501135673	2026-09-09T14:12:04Z
Refresh campaign queue	success	102500953196	2026-09-09T14:11:57Z
auto-label	skipped	102494222525	2026-09-09T13:53:24Z
check	success	102494221061	2026-09-09T13:53:36Z
Refresh campaign queue	success	102494026546	2026-09-09T13:53:25Z
auto-label	skipped	102489876974	2026-09-09T13:41:35Z
check	success	102489875146	2026-09-09T13:41:45Z
Refresh campaign queue	success	102489721491	2026-09-09T13:41:36Z
Execute / Post keepalive instruction	skipped	102489286591	2026-09-09T13:39:59Z
Execute / Keepalive post-work sync	skipped	102489285871	2026-09-09T13:39:59Z
Execute / Summarise belt dispatch outcomes	success	102489285456	2026-09-09T13:40:11Z
Execute / Validate branch sync (dry-run)	skipped	102489284857	2026-09-09T13:39:59Z
Execute / Belt Worker	skipped	102489284806	2026-09-09T13:39:59Z
Execute / Guard existing belt PRs	skipped	102489284161	2026-09-09T13:39:59Z
Execute / Auto-merge labelled agent PRs	skipped	102489272522	2026-09-09T13:39:57Z
Execute / Promote belt PRs	skipped	102489271917	2026-09-09T13:39:57Z
Execute / Record Verification Outcome	skipped	102489182537	2026-09-09T13:39:43Z
Execute / Dispatch Agents Toolkit	skipped	102489182039	2026-09-09T13:39:42Z
Execute / Verify Assignment	skipped	102489182030	2026-09-09T13:39:42Z
Execute / Prepare keepalive round	skipped	102489181938	2026-09-09T13:39:43Z
Execute / Resolve orchestrator context	skipped	102489181726	2026-09-09T13:39:42Z
Execute / Enforce keepalive run cap	skipped	102489181595	2026-09-09T13:39:42Z
Execute / Belt Dispatcher / Select next agent issue	success	102489180408	2026-09-09T13:39:59Z
Execute / Scan belt promotion queue	failure	102489179483	2026-09-09T13:39:57Z
Execute / Evaluate keepalive gate	success	102489103312	2026-09-09T13:39:42Z
Initialize / Resolve Parameters	success	102489036824	2026-09-09T13:39:28Z
Initialize / Prepare keepalive write token	success	102488983083	2026-09-09T13:39:18Z
Initialize / Idle precheck	success	102488884488	2026-09-09T13:39:09Z
Initialize / Rate limit pre-check	success	102488787008	2026-09-09T13:38:53Z
Check event eligibility	success	102488733536	2026-09-09T13:38:38Z
Re-evaluate stalled agent PRs	success	102485701842	2026-09-09T13:30:23Z
auto-label	skipped	102485552086	2026-09-09T13:29:45Z
check	success	102485549232	2026-09-09T13:30:30Z
Refresh campaign queue	success	102485405370	2026-09-09T13:29:46Z
Execute / Post keepalive instruction	skipped	102481048497	2026-09-09T13:17:03Z
Execute / Summarise belt dispatch outcomes	success	102481047801	2026-09-09T13:17:19Z
Execute / Keepalive post-work sync	skipped	102481047707	2026-09-09T13:17:03Z
Execute / Validate branch sync (dry-run)	skipped	102481047437	2026-09-09T13:17:03Z
Execute / Belt Worker	skipped	102481046525	2026-09-09T13:17:02Z
Execute / Guard existing belt PRs	skipped	102481045851	2026-09-09T13:17:02Z
Execute / Auto-merge labelled agent PRs	skipped	102481017359	2026-09-09T13:16:58Z
Execute / Promote belt PRs	skipped	102481016849	2026-09-09T13:16:58Z
Execute / Prepare keepalive round	skipped	102480935131	2026-09-09T13:16:44Z
Execute / Dispatch Agents Toolkit	skipped	102480934695	2026-09-09T13:16:44Z
Execute / Record Verification Outcome	skipped	102480934680	2026-09-09T13:16:44Z
Execute / Enforce keepalive run cap	skipped	102480934562	2026-09-09T13:16:44Z
Execute / Verify Assignment	skipped	102480933887	2026-09-09T13:16:44Z
Execute / Resolve orchestrator context	skipped	102480933625	2026-09-09T13:16:44Z
Execute / Belt Dispatcher / Select next agent issue	success	102480933009	2026-09-09T13:17:02Z
Execute / Scan belt promotion queue	failure	102480931853	2026-09-09T13:16:57Z
Execute / Evaluate keepalive gate	success	102480737851	2026-09-09T13:16:44Z
Initialize / Resolve Parameters	success	102480653864	2026-09-09T13:16:10Z
Initialize / Prepare keepalive write token	success	102480590366	2026-09-09T13:15:57Z
Initialize / Idle precheck	success	102480489805	2026-09-09T13:15:41Z
Initialize / Rate limit pre-check	success	102480412910	2026-09-09T13:15:29Z
Check event eligibility	success	102480368822	2026-09-09T13:15:17Z
Generate Diagnostic Report	success	102479699844	2026-09-09T13:13:24Z
Verify Load-Sharing (Token Rotation)	skipped	102479656439	2026-09-09T13:13:08Z
Alert on High Usage	success	102479654687	2026-09-09T13:13:18Z
Check Consumer Repo Activity	success	102479654655	2026-09-09T13:13:16Z
Generate Historical Report	skipped	102479490735	2026-09-09T13:12:39Z
Alert on Repeated Failure	success	102479489753	2026-09-09T13:12:53Z
Collect API Rate Limits	success	102479489376	2026-09-09T13:13:08Z
auto-label	skipped	102479379964	2026-09-09T13:12:20Z
check	success	102479377668	2026-09-09T13:12:29Z
Refresh campaign queue	success	102479198623	2026-09-09T13:12:23Z
check	success	102473626344	2026-09-09T12:55:53Z
auto-label	skipped	102473614037	2026-09-09T12:55:42Z
Refresh campaign queue	success	102473463166	2026-09-09T12:55:42Z
Execute / Post keepalive instruction	skipped	102470937758	2026-09-09T12:47:37Z
Execute / Keepalive post-work sync	skipped	102470937278	2026-09-09T12:47:37Z
Execute / Validate branch sync (dry-run)	skipped	102470937134	2026-09-09T12:47:37Z
Execute / Summarise belt dispatch outcomes	success	102470936809	2026-09-09T12:47:45Z
Execute / Belt Worker	skipped	102470935884	2026-09-09T12:47:37Z
Execute / Guard existing belt PRs	skipped	102470935651	2026-09-09T12:47:37Z
Execute / Auto-merge labelled agent PRs	skipped	102470892665	2026-09-09T12:47:29Z
Execute / Promote belt PRs	skipped	102470892308	2026-09-09T12:47:29Z
Execute / Prepare keepalive round	skipped	102470811132	2026-09-09T12:47:14Z
Execute / Dispatch Agents Toolkit	skipped	102470810800	2026-09-09T12:47:14Z
Execute / Verify Assignment	skipped	102470810787	2026-09-09T12:47:14Z
Execute / Enforce keepalive run cap	skipped	102470810713	2026-09-09T12:47:14Z
Execute / Record Verification Outcome	skipped	102470810712	2026-09-09T12:47:14Z
Execute / Resolve orchestrator context	skipped	102470810191	2026-09-09T12:47:14Z
Execute / Belt Dispatcher / Select next agent issue	success	102470809559	2026-09-09T12:47:36Z
Execute / Scan belt promotion queue	failure	102470808970	2026-09-09T12:47:29Z
Execute / Evaluate keepalive gate	success	102470711131	2026-09-09T12:47:14Z
Initialize / Resolve Parameters	success	102470633836	2026-09-09T12:46:54Z
Initialize / Prepare keepalive write token	success	102470580276	2026-09-09T12:46:41Z
Initialize / Idle precheck	success	102470515461	2026-09-09T12:46:31Z
Initialize / Rate limit pre-check	success	102470418138	2026-09-09T12:46:19Z
Check event eligibility	success	102470382383	2026-09-09T12:46:01Z
auto-label	skipped	102468727626	2026-09-09T12:40:52Z
check	success	102468727071	2026-09-09T12:41:00Z
Re-evaluate stalled agent PRs	success	102468660709	2026-09-09T12:41:30Z
Refresh campaign queue	success	102468577800	2026-09-09T12:40:55Z
Execute / Post keepalive instruction	skipped	102463702159	2026-09-09T12:25:22Z
Execute / Summarise belt dispatch outcomes	success	102463701880	2026-09-09T12:25:34Z
Execute / Keepalive post-work sync	skipped	102463701348	2026-09-09T12:25:22Z
Execute / Validate branch sync (dry-run)	skipped	102463701319	2026-09-09T12:25:22Z
Execute / Belt Worker	skipped	102463701286	2026-09-09T12:25:22Z
Execute / Guard existing belt PRs	skipped	102463700039	2026-09-09T12:25:21Z
Execute / Auto-merge labelled agent PRs	skipped	102463688428	2026-09-09T12:25:19Z
Execute / Promote belt PRs	skipped	102463687447	2026-09-09T12:25:19Z
Execute / Dispatch Agents Toolkit	skipped	102463607359	2026-09-09T12:25:05Z
Execute / Record Verification Outcome	skipped	102463606820	2026-09-09T12:25:05Z
Execute / Prepare keepalive round	skipped	102463606702	2026-09-09T12:25:05Z
Execute / Resolve orchestrator context	skipped	102463606264	2026-09-09T12:25:05Z
Execute / Verify Assignment	skipped	102463606082	2026-09-09T12:25:05Z
Execute / Enforce keepalive run cap	skipped	102463605370	2026-09-09T12:25:05Z
Execute / Belt Dispatcher / Select next agent issue	success	102463605146	2026-09-09T12:25:21Z
Execute / Scan belt promotion queue	failure	102463604181	2026-09-09T12:25:19Z
Execute / Evaluate keepalive gate	success	102463532343	2026-09-09T12:25:04Z
Initialize / Resolve Parameters	success	102463480154	2026-09-09T12:24:50Z
Initialize / Prepare keepalive write token	success	102463431668	2026-09-09T12:24:42Z
Initialize / Idle precheck	success	102463373173	2026-09-09T12:24:32Z
Initialize / Rate limit pre-check	success	102463290777	2026-09-09T12:24:21Z
Check event eligibility	success	102463238491	2026-09-09T12:24:06Z
Generate Diagnostic Report	success	102462347400	2026-09-09T12:21:19Z
Verify Load-Sharing (Token Rotation)	skipped	102462124580	2026-09-09T12:20:26Z
Alert on High Usage	success	102462123508	2026-09-09T12:20:42Z
Check Consumer Repo Activity	success	102462123244	2026-09-09T12:21:08Z
Generate Historical Report	skipped	102461999640	2026-09-09T12:20:03Z
Collect API Rate Limits	success	102461997562	2026-09-09T12:20:26Z
Alert on Repeated Failure	success	102461997217	2026-09-09T12:20:21Z
auto-label	skipped	102461260812	2026-09-09T12:17:41Z
check	success	102461259901	2026-09-09T12:17:50Z
Refresh campaign queue	success	102461094088	2026-09-09T12:17:44Z
auto-label	skipped	102453935885	2026-09-09T11:54:12Z
check	success	102453933371	2026-09-09T11:54:20Z
Refresh campaign queue	success	102453786448	2026-09-09T11:54:09Z
auto-label	skipped	102451840801	2026-09-09T11:46:26Z
check	success	102451835975	2026-09-09T11:46:35Z
Refresh campaign queue	success	102451719696	2026-09-09T11:46:27Z
auto-label	skipped	102449648355	2026-09-09T11:38:23Z
check	success	102449646584	2026-09-09T11:38:34Z
Execute	skipped	102449646416	2026-09-09T11:38:23Z
Initialize	skipped	102449645043	2026-09-09T11:38:22Z
Check event eligibility	success	102449600491	2026-09-09T11:38:22Z
Execute / Keepalive post-work sync	skipped	102449543911	2026-09-09T11:38:00Z
Execute / Guard existing belt PRs	skipped	102449541991	2026-09-09T11:38:00Z
Execute / Post keepalive instruction	skipped	102449541569	2026-09-09T11:38:00Z
Execute / Validate branch sync (dry-run)	skipped	102449541512	2026-09-09T11:38:00Z
Execute / Summarise belt dispatch outcomes	success	102449540878	2026-09-09T11:38:13Z
Execute / Belt Worker	skipped	102449540101	2026-09-09T11:38:00Z
Refresh campaign queue	success	102449495250	2026-09-09T11:38:28Z
Execute / Promote belt PRs	skipped	102449490645	2026-09-09T11:37:49Z
Execute / Auto-merge labelled agent PRs	skipped	102449489920	2026-09-09T11:37:50Z
Record keepalive dispatch completion	skipped	102449463441	2026-09-09T11:37:44Z
Keepalive next task (Cursor)	skipped	102449462190	2026-09-09T11:37:44Z
Update keepalive summary	skipped	102449462082	2026-09-09T11:37:44Z
Keepalive next task (Gemini)	skipped	102449461608	2026-09-09T11:37:44Z
Review agent progress alignment	skipped	102449461446	2026-09-09T11:37:43Z
Mark agent running	skipped	102449461316	2026-09-09T11:37:44Z
Keepalive next task (Claude)	skipped	102449461021	2026-09-09T11:37:44Z
Verify secrets available	skipped	102449460137	2026-09-09T11:37:43Z
Keepalive next task (Codex)	skipped	102449460124	2026-09-09T11:37:44Z
Keepalive next task (Codex)	skipped	102449459226	2026-09-09T11:37:43Z
Update keepalive summary	skipped	102449459160	2026-09-09T11:37:43Z
Keepalive next task (Claude)	skipped	102449458623	2026-09-09T11:37:43Z
Record keepalive dispatch completion	skipped	102449458132	2026-09-09T11:37:43Z
Keepalive next task (Gemini)	skipped	102449457922	2026-09-09T11:37:43Z
Mark agent running	skipped	102449457672	2026-09-09T11:37:43Z
Keepalive next task (Cursor)	skipped	102449457666	2026-09-09T11:37:43Z
Verify secrets available	skipped	102449456177	2026-09-09T11:37:43Z
Review agent progress alignment	skipped	102449456101	2026-09-09T11:37:43Z
Record autofix dispatch completion	skipped	102449450242	2026-09-09T11:37:41Z
Flag for human follow-up	skipped	102449450226	2026-09-09T11:37:41Z
Record autofix metrics	success	102449449235	2026-09-09T11:37:55Z
Run Codex autofix	skipped	102449448798	2026-09-09T11:37:41Z
Run Cursor autofix	skipped	102449448714	2026-09-09T11:37:41Z
Run Claude autofix	skipped	102449448539	2026-09-09T11:37:41Z
Record autofix dispatch completion	skipped	102449443634	2026-09-09T11:37:40Z
Run Codex autofix	skipped	102449443450	2026-09-09T11:37:40Z
Run Claude autofix	skipped	102449443219	2026-09-09T11:37:40Z
Flag for human follow-up	skipped	102449442838	2026-09-09T11:37:40Z
Run Cursor autofix	skipped	102449442347	2026-09-09T11:37:40Z
Record autofix metrics	success	102449441900	2026-09-09T11:37:51Z
Execute / Record Verification Outcome	skipped	102449434896	2026-09-09T11:37:38Z
Execute / Prepare keepalive round	skipped	102449434813	2026-09-09T11:37:38Z
Execute / Dispatch Agents Toolkit	skipped	102449434645	2026-09-09T11:37:38Z
Execute / Resolve orchestrator context	skipped	102449434023	2026-09-09T11:37:38Z
Execute / Verify Assignment	skipped	102449433571	2026-09-09T11:37:38Z
Execute / Enforce keepalive run cap	skipped	102449433343	2026-09-09T11:37:38Z
Execute / Belt Dispatcher / Select next agent issue	success	102449432791	2026-09-09T11:38:00Z
Cleanup	skipped	102449432624	2026-09-09T11:37:38Z
Execute / Scan belt promotion queue	failure	102449432187	2026-09-09T11:37:49Z
Handle bot comments	skipped	102449431394	2026-09-09T11:37:37Z
Cleanup	skipped	102449422344	2026-09-09T11:37:35Z
Handle bot comments	skipped	102449421964	2026-09-09T11:37:35Z
comment_event_context	skipped	102449407252	2026-09-09T11:37:23Z
Record autofix dispatch completion	skipped	102449400220	2026-09-09T11:37:31Z
autofix	skipped	102449398799	2026-09-09T11:37:31Z
Record autofix dispatch completion	skipped	102449393935	2026-09-09T11:37:29Z
autofix	skipped	102449393162	2026-09-09T11:37:29Z
gate_no_pr_summary	skipped	102449371715	2026-09-09T11:37:24Z
Dispatch keepalive orchestrator	skipped	102449371364	2026-09-09T11:37:24Z
Detect keepalive round comments	skipped	102449371344	2026-09-09T11:37:24Z
Resume keepalive after Gate	skipped	102449371153	2026-09-09T11:37:24Z
Prepare autofix context	success	102449371107	2026-09-09T11:37:39Z
Evaluate keepalive loop	success	102449371101	2026-09-09T11:37:43Z
gate_event_context	skipped	102449371075	2026-09-09T11:37:24Z
comment_event_context	skipped	102449370869	2026-09-09T11:37:24Z
Resolve Context	success	102449370728	2026-09-09T11:37:30Z
Resolve PR	success	102449370511	2026-09-09T11:37:37Z
post ci summary	success	102449369868	2026-09-09T11:37:47Z
Upsert PR body sections	success	102449369728	2026-09-09T11:37:48Z
Resume keepalive after Gate	skipped	102449364440	2026-09-09T11:37:23Z
Dispatch keepalive orchestrator	skipped	102449364257	2026-09-09T11:37:23Z
Detect keepalive round comments	skipped	102449363638	2026-09-09T11:37:23Z
gate_no_pr_summary	skipped	102449363421	2026-09-09T11:37:23Z
Evaluate keepalive loop	success	102449363393	2026-09-09T11:37:43Z
Prepare autofix context	success	102449363106	2026-09-09T11:37:41Z
gate_event_context	skipped	102449362921	2026-09-09T11:37:23Z
Resolve PR	success	102449362087	2026-09-09T11:37:35Z
Resolve Context	success	102449362065	2026-09-09T11:37:29Z
Upsert PR body sections	success	102449361642	2026-09-09T11:37:42Z
post ci summary	success	102449361214	2026-09-09T11:37:52Z
Execute / Evaluate keepalive gate	success	102449355477	2026-09-09T11:37:38Z
Update keepalive summary	skipped	102449323505	2026-09-09T11:37:14Z
Record keepalive dispatch completion	skipped	102449323419	2026-09-09T11:37:14Z
Keepalive next task (Gemini)	skipped	102449322936	2026-09-09T11:37:14Z
Keepalive next task (Claude)	skipped	102449322826	2026-09-09T11:37:14Z
Keepalive next task (Cursor)	skipped	102449322732	2026-09-09T11:37:14Z
Keepalive next task (Codex)	skipped	102449322521	2026-09-09T11:37:14Z
Mark agent running	skipped	102449321468	2026-09-09T11:37:14Z
Review agent progress alignment	skipped	102449320976	2026-09-09T11:37:14Z
Verify secrets available	skipped	102449320940	2026-09-09T11:37:14Z
Initialize / Resolve Parameters	success	102449290627	2026-09-09T11:37:21Z
Cleanup	skipped	102449290511	2026-09-09T11:37:07Z
Handle bot comments	skipped	102449289630	2026-09-09T11:37:07Z
Record autofix dispatch completion	skipped	102449287900	2026-09-09T11:37:07Z
Flag for human follow-up	skipped	102449287449	2026-09-09T11:37:07Z
Run Codex autofix	skipped	102449287440	2026-09-09T11:37:07Z
Run Cursor autofix	skipped	102449287106	2026-09-09T11:37:07Z
Run Claude autofix	skipped	102449286776	2026-09-09T11:37:07Z
Record autofix metrics	success	102449286093	2026-09-09T11:37:21Z
Record autofix dispatch completion	skipped	102449279987	2026-09-09T11:37:05Z
autofix	skipped	102449278829	2026-09-09T11:37:05Z
Initialize / Prepare keepalive write token	success	102449247930	2026-09-09T11:37:07Z
Dispatch keepalive orchestrator	skipped	102449233650	2026-09-09T11:36:55Z
Detect keepalive round comments	skipped	102449233201	2026-09-09T11:36:55Z
Evaluate keepalive loop	success	102449232845	2026-09-09T11:37:13Z
Prepare autofix context	success	102449232772	2026-09-09T11:37:06Z
Resume keepalive after Gate	skipped	102449232689	2026-09-09T11:36:55Z
gate_no_pr_summary	skipped	102449232678	2026-09-09T11:36:55Z
comment_event_context	skipped	102449232674	2026-09-09T11:36:55Z
Resolve PR	success	102449232436	2026-09-09T11:37:07Z
Resolve Context	success	102449232399	2026-09-09T11:37:04Z
gate_event_context	skipped	102449232257	2026-09-09T11:36:55Z
Upsert PR body sections	success	102449231178	2026-09-09T11:37:08Z
post ci summary	success	102449230794	2026-09-09T11:37:17Z
Initialize / Idle precheck	success	102449160460	2026-09-09T11:36:58Z
Initialize / Rate limit pre-check	success	102449104968	2026-09-09T11:36:40Z
Check event eligibility	success	102449062054	2026-09-09T11:36:29Z
Re-evaluate stalled agent PRs	success	102446936140	2026-09-09T11:29:11Z
auto-label	skipped	102446467029	2026-09-09T11:27:23Z
check	success	102446464935	2026-09-09T11:27:36Z
Refresh campaign queue	success	102446336543	2026-09-09T11:27:26Z
Execute / Validate branch sync (dry-run)	skipped	102443035549	2026-09-09T11:15:23Z
Execute / Post keepalive instruction	skipped	102443035351	2026-09-09T11:15:23Z
Execute / Keepalive post-work sync	skipped	102443035034	2026-09-09T11:15:23Z
Execute / Summarise belt dispatch outcomes	success	102443034484	2026-09-09T11:15:34Z
Execute / Belt Worker	skipped	102443034200	2026-09-09T11:15:23Z
Execute / Guard existing belt PRs	skipped	102443033821	2026-09-09T11:15:23Z
Execute / Auto-merge labelled agent PRs	skipped	102443018600	2026-09-09T11:15:20Z
Execute / Promote belt PRs	skipped	102443018417	2026-09-09T11:15:20Z
Execute / Prepare keepalive round	skipped	102442968087	2026-09-09T11:15:09Z
Execute / Dispatch Agents Toolkit	skipped	102442967835	2026-09-09T11:15:09Z
Execute / Record Verification Outcome	skipped	102442967477	2026-09-09T11:15:09Z
Execute / Verify Assignment	skipped	102442967260	2026-09-09T11:15:09Z
Execute / Enforce keepalive run cap	skipped	102442967145	2026-09-09T11:15:09Z
Execute / Resolve orchestrator context	skipped	102442966858	2026-09-09T11:15:09Z
Execute / Belt Dispatcher / Select next agent issue	success	102442965938	2026-09-09T11:15:22Z
Execute / Scan belt promotion queue	failure	102442965438	2026-09-09T11:15:19Z
Execute / Evaluate keepalive gate	success	102442902121	2026-09-09T11:15:09Z
Initialize / Resolve Parameters	success	102442840145	2026-09-09T11:14:55Z
Initialize / Prepare keepalive write token	success	102442814035	2026-09-09T11:14:42Z
Initialize / Idle precheck	success	102442758692	2026-09-09T11:14:37Z
Initialize / Rate limit pre-check	success	102442707095	2026-09-09T11:14:25Z
Check event eligibility	success	102442677360	2026-09-09T11:14:15Z
Generate Diagnostic Report	success	102442219924	2026-09-09T11:12:42Z
Verify Load-Sharing (Token Rotation)	skipped	102442189215	2026-09-09T11:12:25Z
Alert on High Usage	success	102442187787	2026-09-09T11:12:39Z
Check Consumer Repo Activity	success	102442187418	2026-09-09T11:12:31Z
Generate Historical Report	skipped	102442082991	2026-09-09T11:12:03Z
Collect API Rate Limits	success	102442082296	2026-09-09T11:12:25Z
Alert on Repeated Failure	success	102442082055	2026-09-09T11:12:19Z
auto-label	skipped	102441810402	2026-09-09T11:10:58Z
check	success	102441770433	2026-09-09T11:11:06Z
Refresh campaign queue	success	102441624086	2026-09-09T11:11:03Z
auto-label	skipped	102436725564	2026-09-09T10:53:27Z
check	success	102436723745	2026-09-09T10:53:36Z
Refresh campaign queue	success	102436614041	2026-09-09T10:53:29Z
auto-label	skipped	102433200812	2026-09-09T10:41:05Z
check	success	102433199937	2026-09-09T10:41:15Z
Refresh campaign queue	success	102433075442	2026-09-09T10:41:07Z
Execute / Auto-merge labelled agent PRs	skipped	102432817602	2026-09-09T10:39:45Z
Execute / Promote belt PRs	skipped	102432816881	2026-09-09T10:39:45Z
Execute / Post keepalive instruction	skipped	102432800278	2026-09-09T10:39:42Z
Execute / Summarise belt dispatch outcomes	success	102432799673	2026-09-09T10:39:51Z
Execute / Keepalive post-work sync	skipped	102432799671	2026-09-09T10:39:41Z
Execute / Validate branch sync (dry-run)	skipped	102432799181	2026-09-09T10:39:41Z
Execute / Belt Worker	skipped	102432798940	2026-09-09T10:39:41Z
Execute / Guard existing belt PRs	skipped	102432798188	2026-09-09T10:39:41Z
Execute / Prepare keepalive round	skipped	102432736566	2026-09-09T10:39:28Z
Execute / Dispatch Agents Toolkit	skipped	102432736133	2026-09-09T10:39:28Z
Execute / Record Verification Outcome	skipped	102432736044	2026-09-09T10:39:28Z
Execute / Verify Assignment	skipped	102432735523	2026-09-09T10:39:28Z
Execute / Resolve orchestrator context	skipped	102432735271	2026-09-09T10:39:28Z
Execute / Enforce keepalive run cap	skipped	102432735094	2026-09-09T10:39:28Z
Execute / Belt Dispatcher / Select next agent issue	success	102432734745	2026-09-09T10:39:41Z
Execute / Scan belt promotion queue	failure	102432733906	2026-09-09T10:39:44Z
Execute / Evaluate keepalive gate	success	102432633266	2026-09-09T10:39:28Z
Initialize / Resolve Parameters	success	102432570827	2026-09-09T10:39:07Z
Initialize / Prepare keepalive write token	success	102432531540	2026-09-09T10:38:54Z
Initialize / Idle precheck	success	102432478474	2026-09-09T10:38:46Z
Initialize / Rate limit pre-check	success	102432419182	2026-09-09T10:38:35Z
Check event eligibility	success	102432371657	2026-09-09T10:38:22Z
Re-evaluate stalled agent PRs	success	102430155087	2026-09-09T10:30:43Z
auto-label	skipped	102429941734	2026-09-09T10:29:46Z
check	success	102429939575	2026-09-09T10:29:55Z
Refresh campaign queue	success	102429814786	2026-09-09T10:29:49Z
health	success	102428934403	2026-09-09T10:26:32Z
