Python CI / python 3.13	UNKNOWN STEP	﻿2026-09-11T15:23:30.9982793Z Current runner version: '2.337.0'
Python CI / python 3.13	UNKNOWN STEP	2026-09-11T15:23:31.0012465Z ##[group]Runner Image Provisioner
Python CI / python 3.13	UNKNOWN STEP	2026-09-11T15:23:31.0014230Z Hosted Compute Agent
Python CI / python 3.13	UNKNOWN STEP	2026-09-11T15:23:31.0015206Z Version: 20260828.587
Python CI / python 3.13	UNKNOWN STEP	2026-09-11T15:23:31.0016235Z Commit: abac92662cab4cc7352de4f9f9d2e2419aad9c29
Python CI / python 3.13	UNKNOWN STEP	2026-09-11T15:23:31.0017428Z Build Date: 2026-08-28T16:44:25Z
Python CI / python 3.13	UNKNOWN STEP	2026-09-11T15:23:31.0018484Z Worker ID: {bb227983-c877-4b27-9b60-dac9014f97db}
Python CI / python 3.13	UNKNOWN STEP	2026-09-11T15:23:31.0019605Z Azure Region: westus2
Python CI / python 3.13	UNKNOWN STEP	2026-09-11T15:23:31.0020956Z ##[endgroup]
Python CI / python 3.13	UNKNOWN STEP	2026-09-11T15:23:31.0023346Z ##[group]Operating System
Python CI / python 3.13	UNKNOWN STEP	2026-09-11T15:23:31.0024483Z Ubuntu
Python CI / python 3.13	UNKNOWN STEP	2026-09-11T15:23:31.0025440Z 24.04.5
Python CI / python 3.13	UNKNOWN STEP	2026-09-11T15:23:31.0026316Z LTS
Python CI / python 3.13	UNKNOWN STEP	2026-09-11T15:23:31.0027175Z ##[endgroup]
Python CI / python 3.13	UNKNOWN STEP	2026-09-11T15:23:31.0028157Z ##[group]Runner Image
Python CI / python 3.13	UNKNOWN STEP	2026-09-11T15:23:31.0029081Z Image: ubuntu-24.04
Python CI / python 3.13	UNKNOWN STEP	2026-09-11T15:23:31.0030017Z Version: 20260907.300.1
Python CI / python 3.13	UNKNOWN STEP	2026-09-11T15:23:31.0031810Z Included Software: https://github.com/actions/runner-images/blob/ubuntu24/20260907.300/images/ubuntu/Ubuntu2404-Readme.md
Python CI / python 3.13	UNKNOWN STEP	2026-09-11T15:23:31.0034080Z Image Release: https://github.com/actions/runner-images/releases/tag/ubuntu24%2F20260907.300
Python CI / python 3.13	UNKNOWN STEP	2026-09-11T15:23:31.0035470Z ##[endgroup]
Python CI / python 3.13	UNKNOWN STEP	2026-09-11T15:23:31.0037156Z ##[group]GITHUB_TOKEN Permissions
Python CI / python 3.13	UNKNOWN STEP	2026-09-11T15:23:31.0039727Z Contents: read
Python CI / python 3.13	UNKNOWN STEP	2026-09-11T15:23:31.0040719Z Metadata: read
Python CI / python 3.13	UNKNOWN STEP	2026-09-11T15:23:31.0041570Z ##[endgroup]
Python CI / python 3.13	UNKNOWN STEP	2026-09-11T15:23:31.0044516Z Secret source: Actions
Python CI / python 3.13	UNKNOWN STEP	2026-09-11T15:23:31.0046506Z Cache mode: write
Python CI / python 3.13	UNKNOWN STEP	2026-09-11T15:23:31.0047993Z Prepare workflow directory
Python CI / python 3.13	UNKNOWN STEP	2026-09-11T15:23:31.0738440Z Prepare all required actions
Python CI / python 3.13	UNKNOWN STEP	2026-09-11T15:23:31.0791517Z Getting action download info
Python CI / python 3.13	UNKNOWN STEP	2026-09-11T15:23:31.4885074Z Download action repository 'actions/create-github-app-token@v3' (SHA:bcd2ba49218906704ab6c1aa796996da409d3eb1)
Python CI / python 3.13	UNKNOWN STEP	2026-09-11T15:23:31.7699392Z Download action repository 'actions/checkout@v7' (SHA:3d3c42e5aac5ba805825da76410c181273ba90b1)
Python CI / python 3.13	UNKNOWN STEP	2026-09-11T15:23:31.8118867Z Download action repository 'actions/setup-python@v7' (SHA:5fda3b95a4ea91299a34e894583c3862153e4b97)
Python CI / python 3.13	UNKNOWN STEP	2026-09-11T15:23:31.9312035Z Download action repository 'actions/setup-node@820762786026740c76f36085b0efc47a31fe5020' (SHA:820762786026740c76f36085b0efc47a31fe5020)
Python CI / python 3.13	UNKNOWN STEP	2026-09-11T15:23:32.0207145Z Download action repository 'actions/cache@55cc8345863c7cc4c66a329aec7e433d2d1c52a9' (SHA:55cc8345863c7cc4c66a329aec7e433d2d1c52a9)
Python CI / python 3.13	UNKNOWN STEP	2026-09-11T15:23:32.1334961Z Download action repository 'actions/upload-artifact@v7' (SHA:043fb46d1a93c77aae656e7c1c64a875d1fc6a0a)
Python CI / python 3.13	UNKNOWN STEP	2026-09-11T15:23:32.2183684Z Download action repository 'actions/checkout@3d3c42e5aac5ba805825da76410c181273ba90b1' (SHA:3d3c42e5aac5ba805825da76410c181273ba90b1)
Python CI / python 3.13	UNKNOWN STEP	2026-09-11T15:23:32.5735776Z Uses: stranske/Workflows/.github/workflows/reusable-10-ci-python.yml@refs/heads/main (afb75079055d61f864dc76ecedfde06aea9dd562)
Python CI / python 3.13	UNKNOWN STEP	2026-09-11T15:23:32.5742253Z ##[group] Inputs
Python CI / python 3.13	UNKNOWN STEP	2026-09-11T15:23:32.5743862Z   working-directory: .
Python CI / python 3.13	UNKNOWN STEP	2026-09-11T15:23:32.5744994Z   workflows_ref: main
Python CI / python 3.13	UNKNOWN STEP	2026-09-11T15:23:32.5746068Z   python-version: 3.12
Python CI / python 3.13	UNKNOWN STEP	2026-09-11T15:23:32.5747179Z   python-versions: ["3.12", "3.13"]
Python CI / python 3.13	UNKNOWN STEP	2026-09-11T15:23:32.5748405Z   changed-files-json: []
Python CI / python 3.13	UNKNOWN STEP	2026-09-11T15:23:32.5749973Z   force-full: false
Python CI / python 3.13	UNKNOWN STEP	2026-09-11T15:23:32.5751086Z   primary-python-version: 3.12
Python CI / python 3.13	UNKNOWN STEP	2026-09-11T15:23:32.5752239Z   marker: 
Python CI / python 3.13	UNKNOWN STEP	2026-09-11T15:23:32.5753418Z   pytest_markers: 
Python CI / python 3.13	UNKNOWN STEP	2026-09-11T15:23:32.5754455Z   pytest_args: 
Python CI / python 3.13	UNKNOWN STEP	2026-09-11T15:23:32.5755467Z   coverage-min: 80
Python CI / python 3.13	UNKNOWN STEP	2026-09-11T15:23:32.5756482Z   lint: true
Python CI / python 3.13	UNKNOWN STEP	2026-09-11T15:23:32.5757467Z   format_check: true
Python CI / python 3.13	UNKNOWN STEP	2026-09-11T15:23:32.5758519Z   typecheck: true
Python CI / python 3.13	UNKNOWN STEP	2026-09-11T15:23:32.5759540Z   run-mypy: true
Python CI / python 3.13	UNKNOWN STEP	2026-09-11T15:23:32.5760560Z   coverage: true
Python CI / python 3.13	UNKNOWN STEP	2026-09-11T15:23:32.5761577Z   cache: true
Python CI / python 3.13	UNKNOWN STEP	2026-09-11T15:23:32.5762592Z   enable-metrics: false
Python CI / python 3.13	UNKNOWN STEP	2026-09-11T15:23:32.5763806Z   slow-test-top: 15
Python CI / python 3.13	UNKNOWN STEP	2026-09-11T15:23:32.5764890Z   slow-test-min-seconds: 1
Python CI / python 3.13	UNKNOWN STEP	2026-09-11T15:23:32.5766016Z   enable-history: false
Python CI / python 3.13	UNKNOWN STEP	2026-09-11T15:23:32.5767139Z   enable-classification: false
Python CI / python 3.13	UNKNOWN STEP	2026-09-11T15:23:32.5768418Z   history-artifact-name: metrics-history.ndjson
Python CI / python 3.13	UNKNOWN STEP	2026-09-11T15:23:32.5770085Z   enable-coverage-delta: false
Python CI / python 3.13	UNKNOWN STEP	2026-09-11T15:23:32.5771422Z   baseline-coverage: 0
Python CI / python 3.13	UNKNOWN STEP	2026-09-11T15:23:32.5772556Z   coverage-alert-drop: 1
Python CI / python 3.13	UNKNOWN STEP	2026-09-11T15:23:32.5773831Z   fail-on-coverage-drop: false
Python CI / python 3.13	UNKNOWN STEP	2026-09-11T15:23:32.5775054Z   coverage-drop-label: coverage-drop
Python CI / python 3.13	UNKNOWN STEP	2026-09-11T15:23:32.5776297Z   enable-soft-gate: false
Python CI / python 3.13	UNKNOWN STEP	2026-09-11T15:23:32.5777413Z   artifact-prefix: gate-
Python CI / python 3.13	UNKNOWN STEP	2026-09-11T15:23:32.5778526Z ##[endgroup]
Python CI / python 3.13	UNKNOWN STEP	2026-09-11T15:23:32.5779736Z Complete job name: Python CI / python 3.13
Python CI / python 3.13	UNKNOWN STEP	2026-09-11T15:23:32.7248265Z ##[group]Run actions/create-github-app-token@v3
Python CI / python 3.13	UNKNOWN STEP	2026-09-11T15:23:32.7250000Z with:
Python CI / python 3.13	UNKNOWN STEP	2026-09-11T15:23:32.7251370Z   client-id: ***
Python CI / python 3.13	UNKNOWN STEP	2026-09-11T15:23:32.7276722Z   private-key: ***
Python CI / python 3.13	UNKNOWN STEP	2026-09-11T15:23:32.7277832Z   owner: stranske
Python CI / python 3.13	UNKNOWN STEP	2026-09-11T15:23:32.7278902Z   skip-token-revoke: false
Python CI / python 3.13	UNKNOWN STEP	2026-09-11T15:23:32.7280121Z   github-api-url: https://api.github.com
Python CI / python 3.13	UNKNOWN STEP	2026-09-11T15:23:32.7281781Z env:
Python CI / python 3.13	UNKNOWN STEP	2026-09-11T15:23:32.7282757Z   WORKDIR: .
Python CI / python 3.13	UNKNOWN STEP	2026-09-11T15:23:32.7284359Z   WORKSPACE_ROOT: /home/runner/work/Trend_Model_Project/Trend_Model_Project
Python CI / python 3.13	UNKNOWN STEP	2026-09-11T15:23:32.7286379Z   PROJECT_ROOT: /home/runner/work/Trend_Model_Project/Trend_Model_Project
Python CI / python 3.13	UNKNOWN STEP	2026-09-11T15:23:32.7287957Z ##[endgroup]
Python CI / python 3.13	UNKNOWN STEP	2026-09-11T15:23:32.8249559Z Input 'repositories' is not set. Creating token for all repositories owned by stranske.
Python CI / python 3.13	UNKNOWN STEP	2026-09-11T15:23:33.1985010Z ##[group]Run actions/checkout@v7
Python CI / python 3.13	UNKNOWN STEP	2026-09-11T15:23:33.1986220Z with:
Python CI / python 3.13	UNKNOWN STEP	2026-09-11T15:23:33.1987163Z   submodules: false
Python CI / python 3.13	UNKNOWN STEP	2026-09-11T15:23:33.1988167Z   fetch-depth: 1
Python CI / python 3.13	UNKNOWN STEP	2026-09-11T15:23:33.1989262Z   repository: stranske/Trend_Model_Project
Python CI / python 3.13	UNKNOWN STEP	2026-09-11T15:23:33.1998627Z   token: ***
Python CI / python 3.13	UNKNOWN STEP	2026-09-11T15:23:33.1999616Z   ssh-strict: true
Python CI / python 3.13	UNKNOWN STEP	2026-09-11T15:23:33.2000624Z   ssh-user: git
Python CI / python 3.13	UNKNOWN STEP	2026-09-11T15:23:33.2001693Z   persist-credentials: true
Python CI / python 3.13	UNKNOWN STEP	2026-09-11T15:23:33.2002793Z   clean: true
Python CI / python 3.13	UNKNOWN STEP	2026-09-11T15:23:33.2003959Z   sparse-checkout-cone-mode: true
Python CI / python 3.13	UNKNOWN STEP	2026-09-11T15:23:33.2005153Z   fetch-tags: false
Python CI / python 3.13	UNKNOWN STEP	2026-09-11T15:23:33.2006171Z   show-progress: true
Python CI / python 3.13	UNKNOWN STEP	2026-09-11T15:23:33.2007215Z   lfs: false
Python CI / python 3.13	UNKNOWN STEP	2026-09-11T15:23:33.2008223Z   set-safe-directory: true
Python CI / python 3.13	UNKNOWN STEP	2026-09-11T15:23:33.2009379Z   allow-unsafe-pr-checkout: false
Python CI / python 3.13	UNKNOWN STEP	2026-09-11T15:23:33.2010527Z env:
Python CI / python 3.13	UNKNOWN STEP	2026-09-11T15:23:33.2011447Z   WORKDIR: .
Python CI / python 3.13	UNKNOWN STEP	2026-09-11T15:23:33.2012795Z   WORKSPACE_ROOT: /home/runner/work/Trend_Model_Project/Trend_Model_Project
Python CI / python 3.13	UNKNOWN STEP	2026-09-11T15:23:33.2014991Z   PROJECT_ROOT: /home/runner/work/Trend_Model_Project/Trend_Model_Project
Python CI / python 3.13	UNKNOWN STEP	2026-09-11T15:23:33.2016518Z ##[endgroup]
Python CI / python 3.13	UNKNOWN STEP	2026-09-11T15:23:33.3028683Z Syncing repository: stranske/Trend_Model_Project
Python CI / python 3.13	UNKNOWN STEP	2026-09-11T15:23:33.3033776Z ##[group]Getting Git version info
Python CI / python 3.13	UNKNOWN STEP	2026-09-11T15:23:33.3035633Z Working directory is '/home/runner/work/Trend_Model_Project/Trend_Model_Project'
Python CI / python 3.13	UNKNOWN STEP	2026-09-11T15:23:33.3038135Z [command]/usr/bin/git version
Python CI / python 3.13	UNKNOWN STEP	2026-09-11T15:23:33.3104937Z git version 2.55.0
Python CI / python 3.13	UNKNOWN STEP	2026-09-11T15:23:33.3133743Z ##[endgroup]
Python CI / python 3.13	UNKNOWN STEP	2026-09-11T15:23:33.3144765Z Temporarily overriding HOME='/home/runner/work/_temp/4052dea8-b09b-446c-b953-48e44bbf1c8d' before making global git config changes
Python CI / python 3.13	UNKNOWN STEP	2026-09-11T15:23:33.3149724Z Adding repository directory to the temporary git global config as a safe directory
Python CI / python 3.13	UNKNOWN STEP	2026-09-11T15:23:33.3153617Z [command]/usr/bin/git config --global --add safe.directory /home/runner/work/Trend_Model_Project/Trend_Model_Project
Python CI / python 3.13	UNKNOWN STEP	2026-09-11T15:23:33.3363559Z Deleting the contents of '/home/runner/work/Trend_Model_Project/Trend_Model_Project'
Python CI / python 3.13	UNKNOWN STEP	2026-09-11T15:23:33.3369904Z ##[group]Determining repository object format
Python CI / python 3.13	UNKNOWN STEP	2026-09-11T15:23:33.3386363Z ##[endgroup]
Python CI / python 3.13	UNKNOWN STEP	2026-09-11T15:23:33.3389826Z ##[group]Initializing the repository
Python CI / python 3.13	UNKNOWN STEP	2026-09-11T15:23:33.3393567Z [command]/usr/bin/git init /home/runner/work/Trend_Model_Project/Trend_Model_Project
Python CI / python 3.13	UNKNOWN STEP	2026-09-11T15:23:33.5556474Z hint: Using 'master' as the name for the initial branch. This default branch name
Python CI / python 3.13	UNKNOWN STEP	2026-09-11T15:23:33.5560645Z hint: will change to "main" in Git 3.0. To configure the initial branch name
Python CI / python 3.13	UNKNOWN STEP	2026-09-11T15:23:33.5564897Z hint: to use in all of your new repositories, which will suppress this warning,
Python CI / python 3.13	UNKNOWN STEP	2026-09-11T15:23:33.5567749Z hint: call:
Python CI / python 3.13	UNKNOWN STEP	2026-09-11T15:23:33.5568908Z hint:
Python CI / python 3.13	UNKNOWN STEP	2026-09-11T15:23:33.5571145Z hint: 	git config --global init.defaultBranch <name>
Python CI / python 3.13	UNKNOWN STEP	2026-09-11T15:23:33.5572953Z hint:
Python CI / python 3.13	UNKNOWN STEP	2026-09-11T15:23:33.5574873Z hint: Names commonly chosen instead of 'master' are 'main', 'trunk' and
Python CI / python 3.13	UNKNOWN STEP	2026-09-11T15:23:33.5577199Z hint: 'development'. The just-created branch can be renamed via this command:
Python CI / python 3.13	UNKNOWN STEP	2026-09-11T15:23:33.5579097Z hint:
Python CI / python 3.13	UNKNOWN STEP	2026-09-11T15:23:33.5580101Z hint: 	git branch -m <name>
Python CI / python 3.13	UNKNOWN STEP	2026-09-11T15:23:33.5581219Z hint:
Python CI / python 3.13	UNKNOWN STEP	2026-09-11T15:23:33.5582626Z hint: Disable this message with "git config set advice.defaultBranchName false"
Python CI / python 3.13	UNKNOWN STEP	2026-09-11T15:23:33.5585467Z Initialized empty Git repository in /home/runner/work/Trend_Model_Project/Trend_Model_Project/.git/
Python CI / python 3.13	UNKNOWN STEP	2026-09-11T15:23:33.5589444Z [command]/usr/bin/git remote add origin https://github.com/stranske/Trend_Model_Project
Python CI / python 3.13	UNKNOWN STEP	2026-09-11T15:23:33.5624852Z ##[endgroup]
Python CI / python 3.13	UNKNOWN STEP	2026-09-11T15:23:33.5627248Z ##[group]Disabling automatic garbage collection
Python CI / python 3.13	UNKNOWN STEP	2026-09-11T15:23:33.5628951Z [command]/usr/bin/git config --local gc.auto 0
Python CI / python 3.13	UNKNOWN STEP	2026-09-11T15:23:33.5660436Z ##[endgroup]
Python CI / python 3.13	UNKNOWN STEP	2026-09-11T15:23:33.5662641Z ##[group]Setting up auth
Python CI / python 3.13	UNKNOWN STEP	2026-09-11T15:23:33.5664635Z Removing SSH command configuration
Python CI / python 3.13	UNKNOWN STEP	2026-09-11T15:23:33.5666709Z [command]/usr/bin/git config --local --name-only --get-regexp core\.sshCommand
Python CI / python 3.13	UNKNOWN STEP	2026-09-11T15:23:33.5696849Z [command]/usr/bin/git submodule foreach --recursive sh -c "git config --local --name-only --get-regexp 'core\.sshCommand' && git config --local --unset-all 'core.sshCommand' || :"
Python CI / python 3.13	UNKNOWN STEP	2026-09-11T15:23:33.6040280Z Removing HTTP extra header
Python CI / python 3.13	UNKNOWN STEP	2026-09-11T15:23:33.6047822Z [command]/usr/bin/git config --local --name-only --get-regexp http\.https\:\/\/github\.com\/\.extraheader
Python CI / python 3.13	UNKNOWN STEP	2026-09-11T15:23:33.6083909Z [command]/usr/bin/git submodule foreach --recursive sh -c "git config --local --name-only --get-regexp 'http\.https\:\/\/github\.com\/\.extraheader' && git config --local --unset-all 'http.https://github.com/.extraheader' || :"
Python CI / python 3.13	UNKNOWN STEP	2026-09-11T15:23:33.6301310Z Removing includeIf entries pointing to credentials config files
Python CI / python 3.13	UNKNOWN STEP	2026-09-11T15:23:33.6307742Z [command]/usr/bin/git config --local --name-only --get-regexp ^includeIf\.gitdir:
Python CI / python 3.13	UNKNOWN STEP	2026-09-11T15:23:33.6341885Z [command]/usr/bin/git submodule foreach --recursive git config --local --show-origin --name-only --get-regexp remote.origin.url
Python CI / python 3.13	UNKNOWN STEP	2026-09-11T15:23:33.6581755Z [command]/usr/bin/git config --file /home/runner/work/_temp/git-credentials-d4a6b235-af36-43a4-bcbc-a24652c28423.config http.https://github.com/.extraheader AUTHORIZATION: basic ***
Python CI / python 3.13	UNKNOWN STEP	2026-09-11T15:23:33.6620614Z [command]/usr/bin/git config --local includeIf.gitdir:/home/runner/work/Trend_Model_Project/Trend_Model_Project/.git.path /home/runner/work/_temp/git-credentials-d4a6b235-af36-43a4-bcbc-a24652c28423.config
Python CI / python 3.13	UNKNOWN STEP	2026-09-11T15:23:33.6651461Z [command]/usr/bin/git config --local includeIf.gitdir:/home/runner/work/Trend_Model_Project/Trend_Model_Project/.git/worktrees/*.path /home/runner/work/_temp/git-credentials-d4a6b235-af36-43a4-bcbc-a24652c28423.config
Python CI / python 3.13	UNKNOWN STEP	2026-09-11T15:23:33.6685292Z [command]/usr/bin/git config --local includeIf.gitdir:/github/workspace/.git.path /github/runner_temp/git-credentials-d4a6b235-af36-43a4-bcbc-a24652c28423.config
Python CI / python 3.13	UNKNOWN STEP	2026-09-11T15:23:33.6717213Z [command]/usr/bin/git config --local includeIf.gitdir:/github/workspace/.git/worktrees/*.path /github/runner_temp/git-credentials-d4a6b235-af36-43a4-bcbc-a24652c28423.config
Python CI / python 3.13	UNKNOWN STEP	2026-09-11T15:23:33.6745021Z ##[endgroup]
Python CI / python 3.13	UNKNOWN STEP	2026-09-11T15:23:33.6747921Z ##[group]Fetching the repository
Python CI / python 3.13	UNKNOWN STEP	2026-09-11T15:23:33.6753403Z [command]/usr/bin/git -c protocol.version=2 fetch --no-tags --prune --no-recurse-submodules --depth=1 origin +71022c1b5e4f71853b77ebf958db88c2597409b7:refs/remotes/origin/main
Python CI / python 3.13	UNKNOWN STEP	2026-09-11T15:23:35.5938748Z From https://github.com/stranske/Trend_Model_Project
Python CI / python 3.13	UNKNOWN STEP	2026-09-11T15:23:35.5940093Z  * [new ref]         71022c1b5e4f71853b77ebf958db88c2597409b7 -> origin/main
Python CI / python 3.13	UNKNOWN STEP	2026-09-11T15:23:35.5965363Z [command]/usr/bin/git branch --list --remote origin/main
Python CI / python 3.13	UNKNOWN STEP	2026-09-11T15:23:35.5974990Z   origin/main
Python CI / python 3.13	UNKNOWN STEP	2026-09-11T15:23:35.5985489Z [command]/usr/bin/git rev-parse refs/remotes/origin/main
Python CI / python 3.13	UNKNOWN STEP	2026-09-11T15:23:35.6009040Z 71022c1b5e4f71853b77ebf958db88c2597409b7
Python CI / python 3.13	UNKNOWN STEP	2026-09-11T15:23:35.6013842Z ##[endgroup]
Python CI / python 3.13	UNKNOWN STEP	2026-09-11T15:23:35.6014708Z ##[group]Determining the checkout info
Python CI / python 3.13	UNKNOWN STEP	2026-09-11T15:23:35.6015543Z ##[endgroup]
Python CI / python 3.13	UNKNOWN STEP	2026-09-11T15:23:35.6020186Z [command]/usr/bin/git sparse-checkout disable
Python CI / python 3.13	UNKNOWN STEP	2026-09-11T15:23:35.6071908Z [command]/usr/bin/git config --local --unset-all extensions.worktreeConfig
Python CI / python 3.13	UNKNOWN STEP	2026-09-11T15:23:35.6101885Z ##[group]Checking out the ref
Python CI / python 3.13	UNKNOWN STEP	2026-09-11T15:23:35.6106079Z [command]/usr/bin/git checkout --progress --force -B main refs/remotes/origin/main
Python CI / python 3.13	UNKNOWN STEP	2026-09-11T15:23:36.4368607Z Switched to a new branch 'main'
Python CI / python 3.13	UNKNOWN STEP	2026-09-11T15:23:36.4372508Z branch 'main' set up to track 'origin/main'.
Python CI / python 3.13	UNKNOWN STEP	2026-09-11T15:23:36.4445702Z ##[endgroup]
Python CI / python 3.13	UNKNOWN STEP	2026-09-11T15:23:36.4450955Z [command]/usr/bin/git log -1 --format=%H
Python CI / python 3.13	UNKNOWN STEP	2026-09-11T15:23:36.4481299Z 71022c1b5e4f71853b77ebf958db88c2597409b7
Python CI / python 3.13	UNKNOWN STEP	2026-09-11T15:23:36.4721440Z ##[group]Run actions/setup-python@v7
Python CI / python 3.13	UNKNOWN STEP	2026-09-11T15:23:36.4721900Z with:
Python CI / python 3.13	UNKNOWN STEP	2026-09-11T15:23:36.4722240Z   python-version: 3.13
Python CI / python 3.13	UNKNOWN STEP	2026-09-11T15:23:36.4722645Z   check-latest: false
Python CI / python 3.13	UNKNOWN STEP	2026-09-11T15:23:36.4725956Z   token: ***
Python CI / python 3.13	UNKNOWN STEP	2026-09-11T15:23:36.4726352Z   update-environment: true
Python CI / python 3.13	UNKNOWN STEP	2026-09-11T15:23:36.4726744Z   allow-prereleases: false
Python CI / python 3.13	UNKNOWN STEP	2026-09-11T15:23:36.4727130Z   freethreaded: false
Python CI / python 3.13	UNKNOWN STEP	2026-09-11T15:23:36.4727505Z env:
Python CI / python 3.13	UNKNOWN STEP	2026-09-11T15:23:36.4727835Z   WORKDIR: .
Python CI / python 3.13	UNKNOWN STEP	2026-09-11T15:23:36.4728312Z   WORKSPACE_ROOT: /home/runner/work/Trend_Model_Project/Trend_Model_Project
Python CI / python 3.13	UNKNOWN STEP	2026-09-11T15:23:36.4728988Z   PROJECT_ROOT: /home/runner/work/Trend_Model_Project/Trend_Model_Project
Python CI / python 3.13	UNKNOWN STEP	2026-09-11T15:23:36.4729546Z ##[endgroup]
Python CI / python 3.13	UNKNOWN STEP	2026-09-11T15:23:36.5960532Z ##[group]Installed versions
Python CI / python 3.13	UNKNOWN STEP	2026-09-11T15:23:36.6054810Z Successfully set up CPython (3.13.15)
Python CI / python 3.13	UNKNOWN STEP	2026-09-11T15:23:36.6056471Z ##[endgroup]
Python CI / python 3.13	UNKNOWN STEP	2026-09-11T15:23:36.6296255Z ##[group]Run actions/setup-node@820762786026740c76f36085b0efc47a31fe5020
Python CI / python 3.13	UNKNOWN STEP	2026-09-11T15:23:36.6296953Z with:
Python CI / python 3.13	UNKNOWN STEP	2026-09-11T15:23:36.6297355Z   node-version: 24
Python CI / python 3.13	UNKNOWN STEP	2026-09-11T15:23:36.6297790Z   check-latest: false
Python CI / python 3.13	UNKNOWN STEP	2026-09-11T15:23:36.6301611Z   token: ***
Python CI / python 3.13	UNKNOWN STEP	2026-09-11T15:23:36.6302056Z   package-manager-cache: true
Python CI / python 3.13	UNKNOWN STEP	2026-09-11T15:23:36.6302520Z env:
Python CI / python 3.13	UNKNOWN STEP	2026-09-11T15:23:36.6302894Z   WORKDIR: .
Python CI / python 3.13	UNKNOWN STEP	2026-09-11T15:23:36.6303835Z   WORKSPACE_ROOT: /home/runner/work/Trend_Model_Project/Trend_Model_Project
Python CI / python 3.13	UNKNOWN STEP	2026-09-11T15:23:36.6304963Z   PROJECT_ROOT: /home/runner/work/Trend_Model_Project/Trend_Model_Project
Python CI / python 3.13	UNKNOWN STEP	2026-09-11T15:23:36.6305706Z   pythonLocation: /opt/hostedtoolcache/Python/3.13.15/x64
Python CI / python 3.13	UNKNOWN STEP	2026-09-11T15:23:36.6306452Z   PKG_CONFIG_PATH: /opt/hostedtoolcache/Python/3.13.15/x64/lib/pkgconfig
Python CI / python 3.13	UNKNOWN STEP	2026-09-11T15:23:36.6307167Z   Python_ROOT_DIR: /opt/hostedtoolcache/Python/3.13.15/x64
Python CI / python 3.13	UNKNOWN STEP	2026-09-11T15:23:36.6307830Z   Python2_ROOT_DIR: /opt/hostedtoolcache/Python/3.13.15/x64
Python CI / python 3.13	UNKNOWN STEP	2026-09-11T15:23:36.6308568Z   Python3_ROOT_DIR: /opt/hostedtoolcache/Python/3.13.15/x64
Python CI / python 3.13	UNKNOWN STEP	2026-09-11T15:23:36.6309231Z   LD_LIBRARY_PATH: /opt/hostedtoolcache/Python/3.13.15/x64/lib
Python CI / python 3.13	UNKNOWN STEP	2026-09-11T15:23:36.6309806Z ##[endgroup]
Python CI / python 3.13	UNKNOWN STEP	2026-09-11T15:23:36.7755219Z Found in cache @ /opt/hostedtoolcache/node/24.20.0/x64
Python CI / python 3.13	UNKNOWN STEP	2026-09-11T15:23:36.7759580Z ##[group]Environment details
Python CI / python 3.13	UNKNOWN STEP	2026-09-11T15:23:37.1985453Z node: v24.20.0
Python CI / python 3.13	UNKNOWN STEP	2026-09-11T15:23:37.1986356Z npm: 11.19.0
Python CI / python 3.13	UNKNOWN STEP	2026-09-11T15:23:37.1987086Z yarn: 1.22.22
Python CI / python 3.13	UNKNOWN STEP	2026-09-11T15:23:37.1988928Z ##[endgroup]
Python CI / python 3.13	UNKNOWN STEP	2026-09-11T15:23:37.2196183Z ##[group]Run actions/checkout@v7
Python CI / python 3.13	UNKNOWN STEP	2026-09-11T15:23:37.2196608Z with:
Python CI / python 3.13	UNKNOWN STEP	2026-09-11T15:23:37.2196955Z   repository: stranske/Workflows
Python CI / python 3.13	UNKNOWN STEP	2026-09-11T15:23:37.2197337Z   ref: main
Python CI / python 3.13	UNKNOWN STEP	2026-09-11T15:23:37.2197670Z   path: .workflows-lib
Python CI / python 3.13	UNKNOWN STEP	2026-09-11T15:23:37.2200638Z   token: ***
Python CI / python 3.13	UNKNOWN STEP	2026-09-11T15:23:37.2201002Z   persist-credentials: false
Python CI / python 3.13	UNKNOWN STEP	2026-09-11T15:23:37.2201731Z   sparse-checkout: .github/actions/artifact-cache
Python CI / python 3.13	UNKNOWN STEP	config/langsmith_fleet_registry.json
Python CI / python 3.13	UNKNOWN STEP	scripts/ensure_langsmith_fleet_artifact.py
Python CI / python 3.13	UNKNOWN STEP	
Python CI / python 3.13	UNKNOWN STEP	2026-09-11T15:23:37.2202492Z   sparse-checkout-cone-mode: false
Python CI / python 3.13	UNKNOWN STEP	2026-09-11T15:23:37.2202898Z   ssh-strict: true
Python CI / python 3.13	UNKNOWN STEP	2026-09-11T15:23:37.2203533Z   ssh-user: git
Python CI / python 3.13	UNKNOWN STEP	2026-09-11T15:23:37.2203868Z   clean: true
Python CI / python 3.13	UNKNOWN STEP	2026-09-11T15:23:37.2204207Z   fetch-depth: 1
Python CI / python 3.13	UNKNOWN STEP	2026-09-11T15:23:37.2204555Z   fetch-tags: false
Python CI / python 3.13	UNKNOWN STEP	2026-09-11T15:23:37.2205123Z   show-progress: true
Python CI / python 3.13	UNKNOWN STEP	2026-09-11T15:23:37.2205483Z   lfs: false
Python CI / python 3.13	UNKNOWN STEP	2026-09-11T15:23:37.2205815Z   submodules: false
Python CI / python 3.13	UNKNOWN STEP	2026-09-11T15:23:37.2206172Z   set-safe-directory: true
Python CI / python 3.13	UNKNOWN STEP	2026-09-11T15:23:37.2206599Z   allow-unsafe-pr-checkout: false
Python CI / python 3.13	UNKNOWN STEP	2026-09-11T15:23:37.2206987Z env:
Python CI / python 3.13	UNKNOWN STEP	2026-09-11T15:23:37.2207311Z   WORKDIR: .
Python CI / python 3.13	UNKNOWN STEP	2026-09-11T15:23:37.2207775Z   WORKSPACE_ROOT: /home/runner/work/Trend_Model_Project/Trend_Model_Project
Python CI / python 3.13	UNKNOWN STEP	2026-09-11T15:23:37.2208411Z   PROJECT_ROOT: /home/runner/work/Trend_Model_Project/Trend_Model_Project
Python CI / python 3.13	UNKNOWN STEP	2026-09-11T15:23:37.2208992Z   pythonLocation: /opt/hostedtoolcache/Python/3.13.15/x64
Python CI / python 3.13	UNKNOWN STEP	2026-09-11T15:23:37.2209581Z   PKG_CONFIG_PATH: /opt/hostedtoolcache/Python/3.13.15/x64/lib/pkgconfig
Python CI / python 3.13	UNKNOWN STEP	2026-09-11T15:23:37.2210158Z   Python_ROOT_DIR: /opt/hostedtoolcache/Python/3.13.15/x64
Python CI / python 3.13	UNKNOWN STEP	2026-09-11T15:23:37.2210692Z   Python2_ROOT_DIR: /opt/hostedtoolcache/Python/3.13.15/x64
Python CI / python 3.13	UNKNOWN STEP	2026-09-11T15:23:37.2211216Z   Python3_ROOT_DIR: /opt/hostedtoolcache/Python/3.13.15/x64
Python CI / python 3.13	UNKNOWN STEP	2026-09-11T15:23:37.2211734Z   LD_LIBRARY_PATH: /opt/hostedtoolcache/Python/3.13.15/x64/lib
Python CI / python 3.13	UNKNOWN STEP	2026-09-11T15:23:37.2212205Z ##[endgroup]
Python CI / python 3.13	UNKNOWN STEP	2026-09-11T15:23:37.3114137Z Syncing repository: stranske/Workflows
Python CI / python 3.13	UNKNOWN STEP	2026-09-11T15:23:37.3115603Z ##[group]Getting Git version info
Python CI / python 3.13	UNKNOWN STEP	2026-09-11T15:23:37.3117203Z Working directory is '/home/runner/work/Trend_Model_Project/Trend_Model_Project/.workflows-lib'
Python CI / python 3.13	UNKNOWN STEP	2026-09-11T15:23:37.3161894Z [command]/usr/bin/git version
Python CI / python 3.13	UNKNOWN STEP	2026-09-11T15:23:37.3201018Z git version 2.55.0
Python CI / python 3.13	UNKNOWN STEP	2026-09-11T15:23:37.3221433Z ##[endgroup]
Python CI / python 3.13	UNKNOWN STEP	2026-09-11T15:23:37.3233752Z Temporarily overriding HOME='/home/runner/work/_temp/45e9cc32-80cb-4b14-a0d6-bc6f6e471cb1' before making global git config changes
Python CI / python 3.13	UNKNOWN STEP	2026-09-11T15:23:37.3235616Z Adding repository directory to the temporary git global config as a safe directory
Python CI / python 3.13	UNKNOWN STEP	2026-09-11T15:23:37.3241269Z [command]/usr/bin/git config --global --add safe.directory /home/runner/work/Trend_Model_Project/Trend_Model_Project/.workflows-lib
Python CI / python 3.13	UNKNOWN STEP	2026-09-11T15:23:37.3275962Z ##[group]Determining repository object format
Python CI / python 3.13	UNKNOWN STEP	2026-09-11T15:23:37.6609446Z ##[endgroup]
Python CI / python 3.13	UNKNOWN STEP	2026-09-11T15:23:37.6610910Z ##[group]Initializing the repository
Python CI / python 3.13	UNKNOWN STEP	2026-09-11T15:23:37.6622007Z [command]/usr/bin/git init /home/runner/work/Trend_Model_Project/Trend_Model_Project/.workflows-lib
Python CI / python 3.13	UNKNOWN STEP	2026-09-11T15:23:37.6692440Z hint: Using 'master' as the name for the initial branch. This default branch name
Python CI / python 3.13	UNKNOWN STEP	2026-09-11T15:23:37.6694642Z hint: will change to "main" in Git 3.0. To configure the initial branch name
Python CI / python 3.13	UNKNOWN STEP	2026-09-11T15:23:37.6696212Z hint: to use in all of your new repositories, which will suppress this warning,
Python CI / python 3.13	UNKNOWN STEP	2026-09-11T15:23:37.6697327Z hint: call:
Python CI / python 3.13	UNKNOWN STEP	2026-09-11T15:23:37.6697886Z hint:
Python CI / python 3.13	UNKNOWN STEP	2026-09-11T15:23:37.6698690Z hint: 	git config --global init.defaultBranch <name>
Python CI / python 3.13	UNKNOWN STEP	2026-09-11T15:23:37.6699495Z hint:
Python CI / python 3.13	UNKNOWN STEP	2026-09-11T15:23:37.6700421Z hint: Names commonly chosen instead of 'master' are 'main', 'trunk' and
Python CI / python 3.13	UNKNOWN STEP	2026-09-11T15:23:37.6701781Z hint: 'development'. The just-created branch can be renamed via this command:
Python CI / python 3.13	UNKNOWN STEP	2026-09-11T15:23:37.6702844Z hint:
Python CI / python 3.13	UNKNOWN STEP	2026-09-11T15:23:37.6703772Z hint: 	git branch -m <name>
Python CI / python 3.13	UNKNOWN STEP	2026-09-11T15:23:37.6704478Z hint:
Python CI / python 3.13	UNKNOWN STEP	2026-09-11T15:23:37.6705459Z hint: Disable this message with "git config set advice.defaultBranchName false"
Python CI / python 3.13	UNKNOWN STEP	2026-09-11T15:23:37.6707537Z Initialized empty Git repository in /home/runner/work/Trend_Model_Project/Trend_Model_Project/.workflows-lib/.git/
Python CI / python 3.13	UNKNOWN STEP	2026-09-11T15:23:37.6734520Z [command]/usr/bin/git remote add origin https://github.com/stranske/Workflows
Python CI / python 3.13	UNKNOWN STEP	2026-09-11T15:23:37.6786603Z ##[endgroup]
Python CI / python 3.13	UNKNOWN STEP	2026-09-11T15:23:37.6788303Z ##[group]Disabling automatic garbage collection
Python CI / python 3.13	UNKNOWN STEP	2026-09-11T15:23:37.6790925Z [command]/usr/bin/git config --local gc.auto 0
Python CI / python 3.13	UNKNOWN STEP	2026-09-11T15:23:37.6865187Z ##[endgroup]
Python CI / python 3.13	UNKNOWN STEP	2026-09-11T15:23:37.6866451Z ##[group]Setting up auth
Python CI / python 3.13	UNKNOWN STEP	2026-09-11T15:23:37.6868347Z Removing SSH command configuration
Python CI / python 3.13	UNKNOWN STEP	2026-09-11T15:23:37.6869977Z [command]/usr/bin/git config --local --name-only --get-regexp core\.sshCommand
Python CI / python 3.13	UNKNOWN STEP	2026-09-11T15:23:37.6906729Z [command]/usr/bin/git submodule foreach --recursive sh -c "git config --local --name-only --get-regexp 'core\.sshCommand' && git config --local --unset-all 'core.sshCommand' || :"
Python CI / python 3.13	UNKNOWN STEP	2026-09-11T15:23:37.7223465Z Removing HTTP extra header
Python CI / python 3.13	UNKNOWN STEP	2026-09-11T15:23:37.7225718Z [command]/usr/bin/git config --local --name-only --get-regexp http\.https\:\/\/github\.com\/\.extraheader
Python CI / python 3.13	UNKNOWN STEP	2026-09-11T15:23:37.7264313Z [command]/usr/bin/git submodule foreach --recursive sh -c "git config --local --name-only --get-regexp 'http\.https\:\/\/github\.com\/\.extraheader' && git config --local --unset-all 'http.https://github.com/.extraheader' || :"
Python CI / python 3.13	UNKNOWN STEP	2026-09-11T15:23:37.7522824Z Removing includeIf entries pointing to credentials config files
Python CI / python 3.13	UNKNOWN STEP	2026-09-11T15:23:37.7532264Z [command]/usr/bin/git config --local --name-only --get-regexp ^includeIf\.gitdir:
Python CI / python 3.13	UNKNOWN STEP	2026-09-11T15:23:37.7575796Z [command]/usr/bin/git submodule foreach --recursive git config --local --show-origin --name-only --get-regexp remote.origin.url
Python CI / python 3.13	UNKNOWN STEP	2026-09-11T15:23:37.7855118Z [command]/usr/bin/git config --file /home/runner/work/_temp/git-credentials-ec559a0f-052e-4a47-bd2b-c63c1cb76e7f.config http.https://github.com/.extraheader AUTHORIZATION: basic ***
Python CI / python 3.13	UNKNOWN STEP	2026-09-11T15:23:37.7906903Z [command]/usr/bin/git config --local includeIf.gitdir:/home/runner/work/Trend_Model_Project/Trend_Model_Project/.workflows-lib/.git.path /home/runner/work/_temp/git-credentials-ec559a0f-052e-4a47-bd2b-c63c1cb76e7f.config
Python CI / python 3.13	UNKNOWN STEP	2026-09-11T15:23:37.7946824Z [command]/usr/bin/git config --local includeIf.gitdir:/home/runner/work/Trend_Model_Project/Trend_Model_Project/.workflows-lib/.git/worktrees/*.path /home/runner/work/_temp/git-credentials-ec559a0f-052e-4a47-bd2b-c63c1cb76e7f.config
Python CI / python 3.13	UNKNOWN STEP	2026-09-11T15:23:37.7984964Z [command]/usr/bin/git config --local includeIf.gitdir:/github/workspace/.workflows-lib/.git.path /github/runner_temp/git-credentials-ec559a0f-052e-4a47-bd2b-c63c1cb76e7f.config
Python CI / python 3.13	UNKNOWN STEP	2026-09-11T15:23:37.8023060Z [command]/usr/bin/git config --local includeIf.gitdir:/github/workspace/.workflows-lib/.git/worktrees/*.path /github/runner_temp/git-credentials-ec559a0f-052e-4a47-bd2b-c63c1cb76e7f.config
Python CI / python 3.13	UNKNOWN STEP	2026-09-11T15:23:37.8055963Z ##[endgroup]
Python CI / python 3.13	UNKNOWN STEP	2026-09-11T15:23:37.8057007Z ##[group]Fetching the repository
Python CI / python 3.13	UNKNOWN STEP	2026-09-11T15:23:37.8066960Z [command]/usr/bin/git -c protocol.version=2 fetch --no-tags --prune --no-recurse-submodules --filter=blob:none --depth=1 origin +refs/heads/main*:refs/remotes/origin/main* +refs/tags/main*:refs/tags/main*
Python CI / python 3.13	UNKNOWN STEP	2026-09-11T15:23:38.3577885Z From https://github.com/stranske/Workflows
Python CI / python 3.13	UNKNOWN STEP	2026-09-11T15:23:38.3579021Z  * [new branch]      main       -> origin/main
Python CI / python 3.13	UNKNOWN STEP	2026-09-11T15:23:38.3585267Z ##[endgroup]
Python CI / python 3.13	UNKNOWN STEP	2026-09-11T15:23:38.3586876Z ##[group]Determining the checkout info
Python CI / python 3.13	UNKNOWN STEP	2026-09-11T15:23:38.3592582Z [command]/usr/bin/git branch --list --remote origin/main
Python CI / python 3.13	UNKNOWN STEP	2026-09-11T15:23:38.3631198Z   origin/main
Python CI / python 3.13	UNKNOWN STEP	2026-09-11T15:23:38.3635195Z ##[endgroup]
Python CI / python 3.13	UNKNOWN STEP	2026-09-11T15:23:38.3636477Z ##[group]Setting up sparse checkout
Python CI / python 3.13	UNKNOWN STEP	2026-09-11T15:23:38.3641627Z [command]/usr/bin/git config core.sparseCheckout true
Python CI / python 3.13	UNKNOWN STEP	2026-09-11T15:23:38.3682375Z [command]/usr/bin/git rev-parse --git-path info/sparse-checkout
Python CI / python 3.13	UNKNOWN STEP	2026-09-11T15:23:38.3715158Z .git/info/sparse-checkout
Python CI / python 3.13	UNKNOWN STEP	2026-09-11T15:23:38.3725892Z ##[endgroup]
Python CI / python 3.13	UNKNOWN STEP	2026-09-11T15:23:38.3726903Z ##[group]Checking out the ref
Python CI / python 3.13	UNKNOWN STEP	2026-09-11T15:23:38.3734163Z [command]/usr/bin/git checkout --progress --force -B main refs/remotes/origin/main
Python CI / python 3.13	UNKNOWN STEP	2026-09-11T15:23:39.1661107Z Switched to a new branch 'main'
Python CI / python 3.13	UNKNOWN STEP	2026-09-11T15:23:39.1671941Z branch 'main' set up to track 'origin/main'.
Python CI / python 3.13	UNKNOWN STEP	2026-09-11T15:23:39.1674493Z ##[endgroup]
Python CI / python 3.13	UNKNOWN STEP	2026-09-11T15:23:39.1730551Z [command]/usr/bin/git log -1 --format=%H
Python CI / python 3.13	UNKNOWN STEP	2026-09-11T15:23:39.1761811Z afb75079055d61f864dc76ecedfde06aea9dd562
Python CI / python 3.13	UNKNOWN STEP	2026-09-11T15:23:39.1776290Z ##[group]Removing auth
Python CI / python 3.13	UNKNOWN STEP	2026-09-11T15:23:39.1777296Z Removing SSH command configuration
Python CI / python 3.13	UNKNOWN STEP	2026-09-11T15:23:39.1780022Z [command]/usr/bin/git config --local --name-only --get-regexp core\.sshCommand
Python CI / python 3.13	UNKNOWN STEP	2026-09-11T15:23:39.1817710Z [command]/usr/bin/git submodule foreach --recursive sh -c "git config --local --name-only --get-regexp 'core\.sshCommand' && git config --local --unset-all 'core.sshCommand' || :"
Python CI / python 3.13	UNKNOWN STEP	2026-09-11T15:23:39.2062650Z Removing HTTP extra header
Python CI / python 3.13	UNKNOWN STEP	2026-09-11T15:23:39.2069506Z [command]/usr/bin/git config --local --name-only --get-regexp http\.https\:\/\/github\.com\/\.extraheader
Python CI / python 3.13	UNKNOWN STEP	2026-09-11T15:23:39.2118113Z [command]/usr/bin/git submodule foreach --recursive sh -c "git config --local --name-only --get-regexp 'http\.https\:\/\/github\.com\/\.extraheader' && git config --local --unset-all 'http.https://github.com/.extraheader' || :"
Python CI / python 3.13	UNKNOWN STEP	2026-09-11T15:23:39.2380220Z Removing includeIf entries pointing to credentials config files
Python CI / python 3.13	UNKNOWN STEP	2026-09-11T15:23:39.2384994Z [command]/usr/bin/git config --local --name-only --get-regexp ^includeIf\.gitdir:
Python CI / python 3.13	UNKNOWN STEP	2026-09-11T15:23:39.4050469Z includeif.gitdir:/home/runner/work/Trend_Model_Project/Trend_Model_Project/.workflows-lib/.git.path
Python CI / python 3.13	UNKNOWN STEP	2026-09-11T15:23:39.4052122Z includeif.gitdir:/home/runner/work/Trend_Model_Project/Trend_Model_Project/.workflows-lib/.git/worktrees/*.path
Python CI / python 3.13	UNKNOWN STEP	2026-09-11T15:23:39.4053698Z includeif.gitdir:/github/workspace/.workflows-lib/.git.path
Python CI / python 3.13	UNKNOWN STEP	2026-09-11T15:23:39.4054895Z includeif.gitdir:/github/workspace/.workflows-lib/.git/worktrees/*.path
Python CI / python 3.13	UNKNOWN STEP	2026-09-11T15:23:39.4064424Z [command]/usr/bin/git config --local --get-all includeif.gitdir:/home/runner/work/Trend_Model_Project/Trend_Model_Project/.workflows-lib/.git.path
Python CI / python 3.13	UNKNOWN STEP	2026-09-11T15:23:39.4103688Z /home/runner/work/_temp/git-credentials-ec559a0f-052e-4a47-bd2b-c63c1cb76e7f.config
Python CI / python 3.13	UNKNOWN STEP	2026-09-11T15:23:39.4117504Z [command]/usr/bin/git config --local --unset includeif.gitdir:/home/runner/work/Trend_Model_Project/Trend_Model_Project/.workflows-lib/.git.path \/home\/runner\/work\/_temp\/git\-credentials\-ec559a0f\-052e\-4a47\-bd2b\-c63c1cb76e7f\.config
Python CI / python 3.13	UNKNOWN STEP	2026-09-11T15:23:39.4164160Z [command]/usr/bin/git config --local --get-all includeif.gitdir:/home/runner/work/Trend_Model_Project/Trend_Model_Project/.workflows-lib/.git/worktrees/*.path
Python CI / python 3.13	UNKNOWN STEP	2026-09-11T15:23:39.4215572Z /home/runner/work/_temp/git-credentials-ec559a0f-052e-4a47-bd2b-c63c1cb76e7f.config
Python CI / python 3.13	UNKNOWN STEP	2026-09-11T15:23:39.4219795Z [command]/usr/bin/git config --local --unset includeif.gitdir:/home/runner/work/Trend_Model_Project/Trend_Model_Project/.workflows-lib/.git/worktrees/*.path \/home\/runner\/work\/_temp\/git\-credentials\-ec559a0f\-052e\-4a47\-bd2b\-c63c1cb76e7f\.config
Python CI / python 3.13	UNKNOWN STEP	2026-09-11T15:23:39.4546398Z [command]/usr/bin/git config --local --get-all includeif.gitdir:/github/workspace/.workflows-lib/.git.path
Python CI / python 3.13	UNKNOWN STEP	2026-09-11T15:23:39.4578825Z /github/runner_temp/git-credentials-ec559a0f-052e-4a47-bd2b-c63c1cb76e7f.config
Python CI / python 3.13	UNKNOWN STEP	2026-09-11T15:23:39.4588979Z [command]/usr/bin/git config --local --unset includeif.gitdir:/github/workspace/.workflows-lib/.git.path \/github\/runner_temp\/git\-credentials\-ec559a0f\-052e\-4a47\-bd2b\-c63c1cb76e7f\.config
Python CI / python 3.13	UNKNOWN STEP	2026-09-11T15:23:39.5017969Z [command]/usr/bin/git config --local --get-all includeif.gitdir:/github/workspace/.workflows-lib/.git/worktrees/*.path
Python CI / python 3.13	UNKNOWN STEP	2026-09-11T15:23:39.5048767Z /github/runner_temp/git-credentials-ec559a0f-052e-4a47-bd2b-c63c1cb76e7f.config
Python CI / python 3.13	UNKNOWN STEP	2026-09-11T15:23:39.5057571Z [command]/usr/bin/git config --local --unset includeif.gitdir:/github/workspace/.workflows-lib/.git/worktrees/*.path \/github\/runner_temp\/git\-credentials\-ec559a0f\-052e\-4a47\-bd2b\-c63c1cb76e7f\.config
Python CI / python 3.13	UNKNOWN STEP	2026-09-11T15:23:39.5501172Z [command]/usr/bin/git submodule foreach --recursive git config --local --show-origin --name-only --get-regexp remote.origin.url
Python CI / python 3.13	UNKNOWN STEP	2026-09-11T15:23:39.5755919Z Removing credentials config '/home/runner/work/_temp/git-credentials-ec559a0f-052e-4a47-bd2b-c63c1cb76e7f.config'
Python CI / python 3.13	UNKNOWN STEP	2026-09-11T15:23:39.5772257Z ##[endgroup]
Python CI / python 3.13	UNKNOWN STEP	2026-09-11T15:23:39.5909669Z ##[group]Run curl -LsSf https://astral.sh/uv/install.sh | sh
Python CI / python 3.13	UNKNOWN STEP	2026-09-11T15:23:39.5910386Z ^[[36;1mcurl -LsSf https://astral.sh/uv/install.sh | sh^[[0m
Python CI / python 3.13	UNKNOWN STEP	2026-09-11T15:23:39.5910961Z ^[[36;1mecho "$HOME/.local/bin" >> "$GITHUB_PATH"^[[0m
Python CI / python 3.13	UNKNOWN STEP	2026-09-11T15:23:39.5997561Z shell: /usr/bin/bash --noprofile --norc -e -o pipefail {0}
Python CI / python 3.13	UNKNOWN STEP	2026-09-11T15:23:39.5998347Z env:
Python CI / python 3.13	UNKNOWN STEP	2026-09-11T15:23:39.5998851Z   WORKDIR: .
Python CI / python 3.13	UNKNOWN STEP	2026-09-11T15:23:39.5999600Z   WORKSPACE_ROOT: /home/runner/work/Trend_Model_Project/Trend_Model_Project
Python CI / python 3.13	UNKNOWN STEP	2026-09-11T15:23:39.6000684Z   PROJECT_ROOT: /home/runner/work/Trend_Model_Project/Trend_Model_Project
Python CI / python 3.13	UNKNOWN STEP	2026-09-11T15:23:39.6001896Z   pythonLocation: /opt/hostedtoolcache/Python/3.13.15/x64
Python CI / python 3.13	UNKNOWN STEP	2026-09-11T15:23:39.6002866Z   PKG_CONFIG_PATH: /opt/hostedtoolcache/Python/3.13.15/x64/lib/pkgconfig
Python CI / python 3.13	UNKNOWN STEP	2026-09-11T15:23:39.6004064Z   Python_ROOT_DIR: /opt/hostedtoolcache/Python/3.13.15/x64
Python CI / python 3.13	UNKNOWN STEP	2026-09-11T15:23:39.6004953Z   Python2_ROOT_DIR: /opt/hostedtoolcache/Python/3.13.15/x64
Python CI / python 3.13	UNKNOWN STEP	2026-09-11T15:23:39.6005866Z   Python3_ROOT_DIR: /opt/hostedtoolcache/Python/3.13.15/x64
Python CI / python 3.13	UNKNOWN STEP	2026-09-11T15:23:39.6006755Z   LD_LIBRARY_PATH: /opt/hostedtoolcache/Python/3.13.15/x64/lib
Python CI / python 3.13	UNKNOWN STEP	2026-09-11T15:23:39.6007537Z ##[endgroup]
Python CI / python 3.13	UNKNOWN STEP	2026-09-11T15:23:39.8166516Z downloading uv 0.12.13 x86_64-unknown-linux-gnu
Python CI / python 3.13	UNKNOWN STEP	2026-09-11T15:23:40.5173776Z installing to /home/runner/.local/bin
Python CI / python 3.13	UNKNOWN STEP	2026-09-11T15:23:40.5237651Z   uv
Python CI / python 3.13	UNKNOWN STEP	2026-09-11T15:23:40.5256856Z   uvx
Python CI / python 3.13	UNKNOWN STEP	2026-09-11T15:23:40.5294718Z everything's installed!
Python CI / python 3.13	UNKNOWN STEP	2026-09-11T15:23:40.6608188Z ##[group]Run actions/cache@55cc8345863c7cc4c66a329aec7e433d2d1c52a9
Python CI / python 3.13	UNKNOWN STEP	2026-09-11T15:23:40.6608825Z with:
Python CI / python 3.13	UNKNOWN STEP	2026-09-11T15:23:40.6609246Z   path: ~/.cache/uv
Python CI / python 3.13	UNKNOWN STEP	
Python CI / python 3.13	UNKNOWN STEP	2026-09-11T15:23:40.6610309Z   key: uv-Linux-3.13-8fde423813b65d4ac6b60e1d6b999ab98cf824b294e4689cf37edb8f22b1df03-4ec9d871eaec01d16f2773bf4879befc65b673f50cdcc88cb222a7348a4a6811
Python CI / python 3.13	UNKNOWN STEP	2026-09-11T15:23:40.6611474Z   restore-keys: uv-Linux-3.13-
Python CI / python 3.13	UNKNOWN STEP	uv-Linux-
Python CI / python 3.13	UNKNOWN STEP	
Python CI / python 3.13	UNKNOWN STEP	2026-09-11T15:23:40.6612004Z   enableCrossOsArchive: false
Python CI / python 3.13	UNKNOWN STEP	2026-09-11T15:23:40.6612481Z   fail-on-cache-miss: false
Python CI / python 3.13	UNKNOWN STEP	2026-09-11T15:23:40.6612939Z   lookup-only: false
Python CI / python 3.13	UNKNOWN STEP	2026-09-11T15:23:40.6613662Z   save-always: false
Python CI / python 3.13	UNKNOWN STEP	2026-09-11T15:23:40.6614026Z env:
Python CI / python 3.13	UNKNOWN STEP	2026-09-11T15:23:40.6614352Z   WORKDIR: .
Python CI / python 3.13	UNKNOWN STEP	2026-09-11T15:23:40.6614852Z   WORKSPACE_ROOT: /home/runner/work/Trend_Model_Project/Trend_Model_Project
Python CI / python 3.13	UNKNOWN STEP	2026-09-11T15:23:40.6615551Z   PROJECT_ROOT: /home/runner/work/Trend_Model_Project/Trend_Model_Project
Python CI / python 3.13	UNKNOWN STEP	2026-09-11T15:23:40.6616188Z   pythonLocation: /opt/hostedtoolcache/Python/3.13.15/x64
Python CI / python 3.13	UNKNOWN STEP	2026-09-11T15:23:40.6616852Z   PKG_CONFIG_PATH: /opt/hostedtoolcache/Python/3.13.15/x64/lib/pkgconfig
Python CI / python 3.13	UNKNOWN STEP	2026-09-11T15:23:40.6617469Z   Python_ROOT_DIR: /opt/hostedtoolcache/Python/3.13.15/x64
Python CI / python 3.13	UNKNOWN STEP	2026-09-11T15:23:40.6618049Z   Python2_ROOT_DIR: /opt/hostedtoolcache/Python/3.13.15/x64
Python CI / python 3.13	UNKNOWN STEP	2026-09-11T15:23:40.6618616Z   Python3_ROOT_DIR: /opt/hostedtoolcache/Python/3.13.15/x64
Python CI / python 3.13	UNKNOWN STEP	2026-09-11T15:23:40.6619200Z   LD_LIBRARY_PATH: /opt/hostedtoolcache/Python/3.13.15/x64/lib
Python CI / python 3.13	UNKNOWN STEP	2026-09-11T15:23:40.6619715Z ##[endgroup]
Python CI / python 3.13	UNKNOWN STEP	2026-09-11T15:23:41.0686362Z Cache hit for: uv-Linux-3.13-8fde423813b65d4ac6b60e1d6b999ab98cf824b294e4689cf37edb8f22b1df03-4ec9d871eaec01d16f2773bf4879befc65b673f50cdcc88cb222a7348a4a6811
Python CI / python 3.13	UNKNOWN STEP	2026-09-11T15:23:42.3817225Z Received 0 of 331241210 (0.0%), 0.0 MBs/sec
Python CI / python 3.13	UNKNOWN STEP	2026-09-11T15:23:43.3855012Z Received 100663296 of 331241210 (30.4%), 48.0 MBs/sec
Python CI / python 3.13	UNKNOWN STEP	2026-09-11T15:23:44.3830501Z Received 239075328 of 331241210 (72.2%), 76.0 MBs/sec
Python CI / python 3.13	UNKNOWN STEP	2026-09-11T15:23:45.0394729Z Received 331241210 of 331241210 (100.0%), 86.4 MBs/sec
Python CI / python 3.13	UNKNOWN STEP	2026-09-11T15:23:45.0396671Z Cache Size: ~316 MB (331241210 B)
Python CI / python 3.13	UNKNOWN STEP	2026-09-11T15:23:45.0442037Z [command]/usr/bin/tar -xf /home/runner/work/_temp/e385ac76-5f45-4090-9cf0-999fb52ff325/cache.tzst -P -C /home/runner/work/Trend_Model_Project/Trend_Model_Project --use-compress-program unzstd
Python CI / python 3.13	UNKNOWN STEP	2026-09-11T15:23:47.8608533Z Cache restored successfully
Python CI / python 3.13	UNKNOWN STEP	2026-09-11T15:23:47.8895949Z Cache restored from key: uv-Linux-3.13-8fde423813b65d4ac6b60e1d6b999ab98cf824b294e4689cf37edb8f22b1df03-4ec9d871eaec01d16f2773bf4879befc65b673f50cdcc88cb222a7348a4a6811
Python CI / python 3.13	UNKNOWN STEP	2026-09-11T15:23:47.9053662Z ##[group]Run set -euo pipefail
Python CI / python 3.13	UNKNOWN STEP	2026-09-11T15:23:47.9054822Z ^[[36;1mset -euo pipefail^[[0m
Python CI / python 3.13	UNKNOWN STEP	2026-09-11T15:23:47.9055280Z ^[[36;1mstart_ts=$(date +%s)^[[0m
Python CI / python 3.13	UNKNOWN STEP	2026-09-11T15:23:47.9055676Z ^[[36;1m^[[0m
Python CI / python 3.13	UNKNOWN STEP	2026-09-11T15:23:47.9056021Z ^[[36;1mto_bool() {^[[0m
Python CI / python 3.13	UNKNOWN STEP	2026-09-11T15:23:47.9056503Z ^[[36;1m  case "$(printf '%s' "${1:-}" | tr '[:upper:]' '[:lower:]')" in^[[0m
Python CI / python 3.13	UNKNOWN STEP	2026-09-11T15:23:47.9057068Z ^[[36;1m    1|true|yes|y|on) echo "true" ;;^[[0m
Python CI / python 3.13	UNKNOWN STEP	2026-09-11T15:23:47.9057532Z ^[[36;1m    *) echo "false" ;;^[[0m
Python CI / python 3.13	UNKNOWN STEP	2026-09-11T15:23:47.9057943Z ^[[36;1m  esac^[[0m
Python CI / python 3.13	UNKNOWN STEP	2026-09-11T15:23:47.9058294Z ^[[36;1m}^[[0m
Python CI / python 3.13	UNKNOWN STEP	2026-09-11T15:23:47.9058856Z ^[[36;1m^[[0m
Python CI / python 3.13	UNKNOWN STEP	2026-09-11T15:23:47.9059234Z ^[[36;1mlint_enabled=$(to_bool "$INPUT_LINT")^[[0m
Python CI / python 3.13	UNKNOWN STEP	2026-09-11T15:23:47.9059769Z ^[[36;1mformat_enabled=$(to_bool "$INPUT_FORMAT_CHECK")^[[0m
Python CI / python 3.13	UNKNOWN STEP	2026-09-11T15:23:47.9060308Z ^[[36;1mtypecheck_enabled=$(to_bool "$INPUT_TYPECHECK")^[[0m
Python CI / python 3.13	UNKNOWN STEP	2026-09-11T15:23:47.9060824Z ^[[36;1mrun_mypy_enabled=$(to_bool "$INPUT_RUN_MYPY")^[[0m
Python CI / python 3.13	UNKNOWN STEP	2026-09-11T15:23:47.9061379Z ^[[36;1mcoverage_enabled=$(to_bool "$INPUT_COVERAGE")^[[0m
Python CI / python 3.13	UNKNOWN STEP	2026-09-11T15:23:47.9061847Z ^[[36;1mmypy_enabled="false"^[[0m
Python CI / python 3.13	UNKNOWN STEP	2026-09-11T15:23:47.9062386Z ^[[36;1mif [ "$typecheck_enabled" = "true" ] && [ "$run_mypy_enabled" = "true" ]; then^[[0m
Python CI / python 3.13	UNKNOWN STEP	2026-09-11T15:23:47.9062984Z ^[[36;1m  mypy_enabled="true"^[[0m
Python CI / python 3.13	UNKNOWN STEP	2026-09-11T15:23:47.9064273Z ^[[36;1mfi^[[0m
Python CI / python 3.13	UNKNOWN STEP	2026-09-11T15:23:47.9064639Z ^[[36;1m^[[0m
Python CI / python 3.13	UNKNOWN STEP	2026-09-11T15:23:47.9064987Z ^[[36;1madd_tool() {^[[0m
Python CI / python 3.13	UNKNOWN STEP	2026-09-11T15:23:47.9065386Z ^[[36;1m  specs+=("$1")^[[0m
Python CI / python 3.13	UNKNOWN STEP	2026-09-11T15:23:47.9065788Z ^[[36;1m  tools_installed+=("$2")^[[0m
Python CI / python 3.13	UNKNOWN STEP	2026-09-11T15:23:47.9066194Z ^[[36;1m}^[[0m
Python CI / python 3.13	UNKNOWN STEP	2026-09-11T15:23:47.9066527Z ^[[36;1m^[[0m
Python CI / python 3.13	UNKNOWN STEP	2026-09-11T15:23:47.9066882Z ^[[36;1mskip_tool() {^[[0m
Python CI / python 3.13	UNKNOWN STEP	2026-09-11T15:23:47.9067264Z ^[[36;1m  tools_skipped+=("$1")^[[0m
Python CI / python 3.13	UNKNOWN STEP	2026-09-11T15:23:47.9067663Z ^[[36;1m}^[[0m
Python CI / python 3.13	UNKNOWN STEP	2026-09-11T15:23:47.9067990Z ^[[36;1m^[[0m
Python CI / python 3.13	UNKNOWN STEP	2026-09-11T15:23:47.9068453Z ^[[36;1m# A pyproject.toml that only carries tool configuration (e.g.^[[0m
Python CI / python 3.13	UNKNOWN STEP	2026-09-11T15:23:47.9069118Z ^[[36;1m# [tool.coverage]) is not an installable distribution. Treat the repo^[[0m
Python CI / python 3.13	UNKNOWN STEP	2026-09-11T15:23:47.9069740Z ^[[36;1m# as a package only when it declares [project] (PEP 621),^[[0m
Python CI / python 3.13	UNKNOWN STEP	2026-09-11T15:23:47.9070342Z ^[[36;1m# [build-system], or [tool.poetry]; otherwise `-e .[app,dev]` fails^[[0m
Python CI / python 3.13	UNKNOWN STEP	2026-09-11T15:23:47.9071014Z ^[[36;1m# for a consumer that merely wants somewhere to keep tool config.^[[0m
Python CI / python 3.13	UNKNOWN STEP	2026-09-11T15:23:47.9071574Z ^[[36;1mpyproject_declares_distribution() {^[[0m
Python CI / python 3.13	UNKNOWN STEP	2026-09-11T15:23:47.9072045Z ^[[36;1m  [ -f pyproject.toml ] || return 1^[[0m
Python CI / python 3.13	UNKNOWN STEP	2026-09-11T15:23:47.9072482Z ^[[36;1m  grep -Eq \^[[0m
Python CI / python 3.13	UNKNOWN STEP	2026-09-11T15:23:47.9072999Z ^[[36;1m    '^[[:space:]]*\[[[:space:]]*(project|build-system|tool\.poetry)[[:space:]]*\]' \^[[0m
Python CI / python 3.13	UNKNOWN STEP	2026-09-11T15:23:47.9073936Z ^[[36;1m    pyproject.toml^[[0m
Python CI / python 3.13	UNKNOWN STEP	2026-09-11T15:23:47.9074313Z ^[[36;1m}^[[0m
Python CI / python 3.13	UNKNOWN STEP	2026-09-11T15:23:47.9074644Z ^[[36;1m^[[0m
Python CI / python 3.13	UNKNOWN STEP	2026-09-11T15:23:47.9075017Z ^[[36;1mif [ -n "${PRIVATE_PYPI_TOKEN:-}" ]; then^[[0m
Python CI / python 3.13	UNKNOWN STEP	2026-09-11T15:23:47.9075668Z ^[[36;1m  export PIP_INDEX_URL="https://__token__:${PRIVATE_PYPI_TOKEN}@pypi.org/simple"^[[0m
Python CI / python 3.13	UNKNOWN STEP	2026-09-11T15:23:47.9076275Z ^[[36;1mfi^[[0m
Python CI / python 3.13	UNKNOWN STEP	2026-09-11T15:23:47.9076623Z ^[[36;1mspecs=()^[[0m
Python CI / python 3.13	UNKNOWN STEP	2026-09-11T15:23:47.9076994Z ^[[36;1mtools_installed=()^[[0m
Python CI / python 3.13	UNKNOWN STEP	2026-09-11T15:23:47.9077392Z ^[[36;1mtools_skipped=()^[[0m
Python CI / python 3.13	UNKNOWN STEP	2026-09-11T15:23:47.9077760Z ^[[36;1m^[[0m
Python CI / python 3.13	UNKNOWN STEP	2026-09-11T15:23:47.9078119Z ^[[36;1mif [ -f requirements.lock ]; then^[[0m
Python CI / python 3.13	UNKNOWN STEP	2026-09-11T15:23:47.9078578Z ^[[36;1m  specs+=('-r' 'requirements.lock')^[[0m
Python CI / python 3.13	UNKNOWN STEP	2026-09-11T15:23:47.9079003Z ^[[36;1mfi^[[0m
Python CI / python 3.13	UNKNOWN STEP	2026-09-11T15:23:47.9079336Z ^[[36;1m^[[0m
Python CI / python 3.13	UNKNOWN STEP	2026-09-11T15:23:47.9079700Z ^[[36;1mif pyproject_declares_distribution \^[[0m
Python CI / python 3.13	UNKNOWN STEP	2026-09-11T15:23:47.9080182Z ^[[36;1m  || [ -f setup.cfg ] || [ -f setup.py ]; then^[[0m
Python CI / python 3.13	UNKNOWN STEP	2026-09-11T15:23:47.9080654Z ^[[36;1m  specs+=('-e' '.[app,dev]')^[[0m
Python CI / python 3.13	UNKNOWN STEP	2026-09-11T15:23:47.9081060Z ^[[36;1mfi^[[0m
Python CI / python 3.13	UNKNOWN STEP	2026-09-11T15:23:47.9081398Z ^[[36;1m^[[0m
Python CI / python 3.13	UNKNOWN STEP	2026-09-11T15:23:47.9081724Z ^[[36;1mblack_spec="black"^[[0m
Python CI / python 3.13	UNKNOWN STEP	2026-09-11T15:23:47.9082128Z ^[[36;1mdocformatter_spec="docformatter"^[[0m
Python CI / python 3.13	UNKNOWN STEP	2026-09-11T15:23:47.9082555Z ^[[36;1misort_spec="isort"^[[0m
Python CI / python 3.13	UNKNOWN STEP	2026-09-11T15:23:47.9083404Z ^[[36;1mruff_spec="ruff"^[[0m
Python CI / python 3.13	UNKNOWN STEP	2026-09-11T15:23:47.9083841Z ^[[36;1mmypy_spec="mypy"^[[0m
Python CI / python 3.13	UNKNOWN STEP	2026-09-11T15:23:47.9084224Z ^[[36;1mpytest_spec=""^[[0m
Python CI / python 3.13	UNKNOWN STEP	2026-09-11T15:23:47.9084619Z ^[[36;1mpytest_cov_spec=""^[[0m
Python CI / python 3.13	UNKNOWN STEP	2026-09-11T15:23:47.9085106Z ^[[36;1mcoverage_spec=""^[[0m
Python CI / python 3.13	UNKNOWN STEP	2026-09-11T15:23:47.9085516Z ^[[36;1mpytest_xdist_spec=""^[[0m
Python CI / python 3.13	UNKNOWN STEP	2026-09-11T15:23:47.9086012Z ^[[36;1m# Do not install heavyweight "baseline" test deps implicitly.^[[0m
Python CI / python 3.13	UNKNOWN STEP	2026-09-11T15:23:47.9086624Z ^[[36;1m# Repos should declare their own runtime/test dependencies.^[[0m
Python CI / python 3.13	UNKNOWN STEP	2026-09-11T15:23:47.9087117Z ^[[36;1m^[[0m
Python CI / python 3.13	UNKNOWN STEP	2026-09-11T15:23:47.9087451Z ^[[36;1mresolve_spec() {^[[0m
Python CI / python 3.13	UNKNOWN STEP	2026-09-11T15:23:47.9087835Z ^[[36;1m  local package=$1^[[0m
Python CI / python 3.13	UNKNOWN STEP	2026-09-11T15:23:47.9088359Z ^[[36;1m  local version=${2:-}^[[0m
Python CI / python 3.13	UNKNOWN STEP	2026-09-11T15:23:47.9088769Z ^[[36;1m  local default_version=${3:-}^[[0m
Python CI / python 3.13	UNKNOWN STEP	2026-09-11T15:23:47.9089192Z ^[[36;1m  if [ -n "$version" ]; then^[[0m
Python CI / python 3.13	UNKNOWN STEP	2026-09-11T15:23:47.9089638Z ^[[36;1m    echo "${package}==${version}"^[[0m
Python CI / python 3.13	UNKNOWN STEP	2026-09-11T15:23:47.9090088Z ^[[36;1m  elif [ -n "$default_version" ]; then^[[0m
Python CI / python 3.13	UNKNOWN STEP	2026-09-11T15:23:47.9090561Z ^[[36;1m    echo "${package}>=${default_version}"^[[0m
Python CI / python 3.13	UNKNOWN STEP	2026-09-11T15:23:47.9090998Z ^[[36;1m  else^[[0m
Python CI / python 3.13	UNKNOWN STEP	2026-09-11T15:23:47.9091349Z ^[[36;1m    echo "$package"^[[0m
Python CI / python 3.13	UNKNOWN STEP	2026-09-11T15:23:47.9091736Z ^[[36;1m  fi^[[0m
Python CI / python 3.13	UNKNOWN STEP	2026-09-11T15:23:47.9092080Z ^[[36;1m}^[[0m
Python CI / python 3.13	UNKNOWN STEP	2026-09-11T15:23:47.9092405Z ^[[36;1m^[[0m
Python CI / python 3.13	UNKNOWN STEP	2026-09-11T15:23:47.9092890Z ^[[36;1mautofix_env="${GITHUB_WORKSPACE}/.github/workflows/autofix-versions.env"^[[0m
Python CI / python 3.13	UNKNOWN STEP	2026-09-11T15:23:47.9093747Z ^[[36;1mrequire_exact_pin() {^[[0m
Python CI / python 3.13	UNKNOWN STEP	2026-09-11T15:23:47.9094151Z ^[[36;1m  local tool=$1^[[0m
Python CI / python 3.13	UNKNOWN STEP	2026-09-11T15:23:47.9094532Z ^[[36;1m  local spec=${2:-}^[[0m
Python CI / python 3.13	UNKNOWN STEP	2026-09-11T15:23:47.9094979Z ^[[36;1m  if [ -z "$spec" ] || [ "${spec#*==}" = "$spec" ]; then^[[0m
Python CI / python 3.13	UNKNOWN STEP	2026-09-11T15:23:47.9095667Z ^[[36;1m    echo "Error: ${tool} must be pinned in ${autofix_env}; refusing to install unpinned tooling." >&2^[[0m
Python CI / python 3.13	UNKNOWN STEP	2026-09-11T15:23:47.9096281Z ^[[36;1m    exit 1^[[0m
Python CI / python 3.13	UNKNOWN STEP	2026-09-11T15:23:47.9096630Z ^[[36;1m  fi^[[0m
Python CI / python 3.13	UNKNOWN STEP	2026-09-11T15:23:47.9096962Z ^[[36;1m}^[[0m
Python CI / python 3.13	UNKNOWN STEP	2026-09-11T15:23:47.9097482Z ^[[36;1m# Always honor tool pins when present. Lock files typically only capture runtime deps.^[[0m
Python CI / python 3.13	UNKNOWN STEP	2026-09-11T15:23:47.9098092Z ^[[36;1mif [ -f "$autofix_env" ]; then^[[0m
Python CI / python 3.13	UNKNOWN STEP	2026-09-11T15:23:47.9098609Z ^[[36;1m  # shellcheck source=.github/workflows/autofix-versions.env^[[0m
Python CI / python 3.13	UNKNOWN STEP	2026-09-11T15:23:47.9099133Z ^[[36;1m  source "$autofix_env"^[[0m
Python CI / python 3.13	UNKNOWN STEP	2026-09-11T15:23:47.9099618Z ^[[36;1m  black_spec=$(resolve_spec "black" "${BLACK_VERSION:-}" "")^[[0m
Python CI / python 3.13	UNKNOWN STEP	2026-09-11T15:23:47.9100279Z ^[[36;1m  docformatter_spec=$(resolve_spec "docformatter" "${DOCFORMATTER_VERSION:-}" "")^[[0m
Python CI / python 3.13	UNKNOWN STEP	2026-09-11T15:23:47.9100949Z ^[[36;1m  isort_spec=$(resolve_spec "isort" "${ISORT_VERSION:-}" "")^[[0m
Python CI / python 3.13	UNKNOWN STEP	2026-09-11T15:23:47.9101529Z ^[[36;1m  ruff_spec=$(resolve_spec "ruff" "${RUFF_VERSION:-}" "")^[[0m
Python CI / python 3.13	UNKNOWN STEP	2026-09-11T15:23:47.9102085Z ^[[36;1m  mypy_spec=$(resolve_spec "mypy" "${MYPY_VERSION:-}" "")^[[0m
Python CI / python 3.13	UNKNOWN STEP	2026-09-11T15:23:47.9102660Z ^[[36;1m  pytest_spec=$(resolve_spec "pytest" "${PYTEST_VERSION:-}" "")^[[0m
Python CI / python 3.13	UNKNOWN STEP	2026-09-11T15:23:47.9103579Z ^[[36;1m  pytest_cov_spec=$(resolve_spec "pytest-cov" "${PYTEST_COV_VERSION:-}" "")^[[0m
Python CI / python 3.13	UNKNOWN STEP	2026-09-11T15:23:47.9104278Z ^[[36;1m  coverage_spec=$(resolve_spec "coverage" "${COVERAGE_VERSION:-}" "")^[[0m
Python CI / python 3.13	UNKNOWN STEP	2026-09-11T15:23:47.9104969Z ^[[36;1m  pytest_xdist_spec=$(resolve_spec "pytest-xdist" "${PYTEST_XDIST_VERSION:-}" "")^[[0m
Python CI / python 3.13	UNKNOWN STEP	2026-09-11T15:23:47.9105535Z ^[[36;1melse^[[0m
Python CI / python 3.13	UNKNOWN STEP	2026-09-11T15:23:47.9106052Z ^[[36;1m  echo "Error: ${autofix_env} is required; refusing to install unpinned tooling." >&2^[[0m
Python CI / python 3.13	UNKNOWN STEP	2026-09-11T15:23:47.9106631Z ^[[36;1m  exit 1^[[0m
Python CI / python 3.13	UNKNOWN STEP	2026-09-11T15:23:47.9106975Z ^[[36;1mfi^[[0m
Python CI / python 3.13	UNKNOWN STEP	2026-09-11T15:23:47.9107319Z ^[[36;1m^[[0m
Python CI / python 3.13	UNKNOWN STEP	2026-09-11T15:23:47.9107694Z ^[[36;1mrequire_exact_pin "pytest" "$pytest_spec"^[[0m
Python CI / python 3.13	UNKNOWN STEP	2026-09-11T15:23:47.9108234Z ^[[36;1mrequire_exact_pin "pytest-xdist" "$pytest_xdist_spec"^[[0m
Python CI / python 3.13	UNKNOWN STEP	2026-09-11T15:23:47.9108756Z ^[[36;1mif [ "$coverage_enabled" = "true" ]; then^[[0m
Python CI / python 3.13	UNKNOWN STEP	2026-09-11T15:23:47.9109261Z ^[[36;1m  require_exact_pin "pytest-cov" "$pytest_cov_spec"^[[0m
Python CI / python 3.13	UNKNOWN STEP	2026-09-11T15:23:47.9109787Z ^[[36;1m  require_exact_pin "coverage" "$coverage_spec"^[[0m
Python CI / python 3.13	UNKNOWN STEP	2026-09-11T15:23:47.9110403Z ^[[36;1mfi^[[0m
Python CI / python 3.13	UNKNOWN STEP	2026-09-11T15:23:47.9110734Z ^[[36;1m^[[0m
Python CI / python 3.13	UNKNOWN STEP	2026-09-11T15:23:47.9111224Z ^[[36;1m# Always install dev tools - lock files only contain runtime deps, not dev tools^[[0m
Python CI / python 3.13	UNKNOWN STEP	2026-09-11T15:23:47.9111819Z ^[[36;1mif [ "$format_enabled" = "true" ]; then^[[0m
Python CI / python 3.13	UNKNOWN STEP	2026-09-11T15:23:47.9112265Z ^[[36;1m  add_tool "$black_spec" "black"^[[0m
Python CI / python 3.13	UNKNOWN STEP	2026-09-11T15:23:47.9112738Z ^[[36;1m  add_tool "$docformatter_spec" "docformatter"^[[0m
Python CI / python 3.13	UNKNOWN STEP	2026-09-11T15:23:47.9113466Z ^[[36;1m  add_tool "$isort_spec" "isort"^[[0m
Python CI / python 3.13	UNKNOWN STEP	2026-09-11T15:23:47.9113882Z ^[[36;1melse^[[0m
Python CI / python 3.13	UNKNOWN STEP	2026-09-11T15:23:47.9114268Z ^[[36;1m  skip_tool "black (format_check disabled)"^[[0m
Python CI / python 3.13	UNKNOWN STEP	2026-09-11T15:23:47.9114943Z ^[[36;1m  skip_tool "docformatter (format_check disabled)"^[[0m
Python CI / python 3.13	UNKNOWN STEP	2026-09-11T15:23:47.9115451Z ^[[36;1m  skip_tool "isort (format_check disabled)"^[[0m
Python CI / python 3.13	UNKNOWN STEP	2026-09-11T15:23:47.9115886Z ^[[36;1mfi^[[0m
Python CI / python 3.13	UNKNOWN STEP	2026-09-11T15:23:47.9116211Z ^[[36;1m^[[0m
Python CI / python 3.13	UNKNOWN STEP	2026-09-11T15:23:47.9116569Z ^[[36;1mif [ "$mypy_enabled" = "true" ]; then^[[0m
Python CI / python 3.13	UNKNOWN STEP	2026-09-11T15:23:47.9117020Z ^[[36;1m  add_tool "$mypy_spec" "mypy"^[[0m
Python CI / python 3.13	UNKNOWN STEP	2026-09-11T15:23:47.9117440Z ^[[36;1melse^[[0m
Python CI / python 3.13	UNKNOWN STEP	2026-09-11T15:23:47.9117823Z ^[[36;1m  skip_tool "mypy (typecheck disabled)"^[[0m
Python CI / python 3.13	UNKNOWN STEP	2026-09-11T15:23:47.9118257Z ^[[36;1mfi^[[0m
Python CI / python 3.13	UNKNOWN STEP	2026-09-11T15:23:47.9118589Z ^[[36;1m^[[0m
Python CI / python 3.13	UNKNOWN STEP	2026-09-11T15:23:47.9118937Z ^[[36;1mif [ "$lint_enabled" = "true" ]; then^[[0m
Python CI / python 3.13	UNKNOWN STEP	2026-09-11T15:23:47.9119372Z ^[[36;1m  add_tool "$ruff_spec" "ruff"^[[0m
Python CI / python 3.13	UNKNOWN STEP	2026-09-11T15:23:47.9119776Z ^[[36;1melse^[[0m
Python CI / python 3.13	UNKNOWN STEP	2026-09-11T15:23:47.9120133Z ^[[36;1m  skip_tool "ruff (lint disabled)"^[[0m
Python CI / python 3.13	UNKNOWN STEP	2026-09-11T15:23:47.9120552Z ^[[36;1mfi^[[0m
Python CI / python 3.13	UNKNOWN STEP	2026-09-11T15:23:47.9120879Z ^[[36;1m^[[0m
Python CI / python 3.13	UNKNOWN STEP	2026-09-11T15:23:47.9121220Z ^[[36;1madd_tool "$pytest_spec" "pytest"^[[0m
Python CI / python 3.13	UNKNOWN STEP	2026-09-11T15:23:47.9121698Z ^[[36;1madd_tool "$pytest_xdist_spec" "pytest-xdist"^[[0m
Python CI / python 3.13	UNKNOWN STEP	2026-09-11T15:23:47.9122146Z ^[[36;1m^[[0m
Python CI / python 3.13	UNKNOWN STEP	2026-09-11T15:23:47.9122512Z ^[[36;1mif [ "$coverage_enabled" = "true" ]; then^[[0m
Python CI / python 3.13	UNKNOWN STEP	2026-09-11T15:23:47.9122988Z ^[[36;1m  add_tool "$pytest_cov_spec" "pytest-cov"^[[0m
Python CI / python 3.13	UNKNOWN STEP	2026-09-11T15:23:47.9123758Z ^[[36;1m  add_tool "$coverage_spec" "coverage"^[[0m
Python CI / python 3.13	UNKNOWN STEP	2026-09-11T15:23:47.9124199Z ^[[36;1melse^[[0m
Python CI / python 3.13	UNKNOWN STEP	2026-09-11T15:23:47.9124587Z ^[[36;1m  skip_tool "pytest-cov (coverage disabled)"^[[0m
Python CI / python 3.13	UNKNOWN STEP	2026-09-11T15:23:47.9125078Z ^[[36;1m  skip_tool "coverage (coverage disabled)"^[[0m
Python CI / python 3.13	UNKNOWN STEP	2026-09-11T15:23:47.9125516Z ^[[36;1mfi^[[0m
Python CI / python 3.13	UNKNOWN STEP	2026-09-11T15:23:47.9125851Z ^[[36;1m^[[0m
Python CI / python 3.13	UNKNOWN STEP	2026-09-11T15:23:47.9126199Z ^[[36;1mif [ ${#specs[@]} -eq 0 ]; then^[[0m
Python CI / python 3.13	UNKNOWN STEP	2026-09-11T15:23:47.9126738Z ^[[36;1m  echo "No install targets found; skipping dependency installation."^[[0m
Python CI / python 3.13	UNKNOWN STEP	2026-09-11T15:23:47.9127264Z ^[[36;1melse^[[0m
Python CI / python 3.13	UNKNOWN STEP	2026-09-11T15:23:47.9127644Z ^[[36;1m  uv pip install --system "${specs[@]}"^[[0m
Python CI / python 3.13	UNKNOWN STEP	2026-09-11T15:23:47.9128076Z ^[[36;1mfi^[[0m
Python CI / python 3.13	UNKNOWN STEP	2026-09-11T15:23:47.9128415Z ^[[36;1m^[[0m
Python CI / python 3.13	UNKNOWN STEP	2026-09-11T15:23:47.9128744Z ^[[36;1mend_ts=$(date +%s)^[[0m
Python CI / python 3.13	UNKNOWN STEP	2026-09-11T15:23:47.9129136Z ^[[36;1mduration=$((end_ts - start_ts))^[[0m
Python CI / python 3.13	UNKNOWN STEP	2026-09-11T15:23:47.9129587Z ^[[36;1mif [ -n "${GITHUB_STEP_SUMMARY:-}" ]; then^[[0m
Python CI / python 3.13	UNKNOWN STEP	2026-09-11T15:23:47.9130040Z ^[[36;1m  installed_label="none"^[[0m
Python CI / python 3.13	UNKNOWN STEP	2026-09-11T15:23:47.9130454Z ^[[36;1m  skipped_label="none"^[[0m
Python CI / python 3.13	UNKNOWN STEP	2026-09-11T15:23:47.9130888Z ^[[36;1m  if [ ${#tools_installed[@]} -gt 0 ]; then^[[0m
Python CI / python 3.13	UNKNOWN STEP	2026-09-11T15:23:47.9131416Z ^[[36;1m    installed_label=$(printf '%s, ' "${tools_installed[@]}")^[[0m
Python CI / python 3.13	UNKNOWN STEP	2026-09-11T15:23:47.9131955Z ^[[36;1m    installed_label=${installed_label%, }^[[0m
Python CI / python 3.13	UNKNOWN STEP	2026-09-11T15:23:47.9132396Z ^[[36;1m  fi^[[0m
Python CI / python 3.13	UNKNOWN STEP	2026-09-11T15:23:47.9132760Z ^[[36;1m  if [ ${#tools_skipped[@]} -gt 0 ]; then^[[0m
Python CI / python 3.13	UNKNOWN STEP	2026-09-11T15:23:47.9133508Z ^[[36;1m    skipped_label=$(printf '%s, ' "${tools_skipped[@]}")^[[0m
Python CI / python 3.13	UNKNOWN STEP	2026-09-11T15:23:47.9134029Z ^[[36;1m    skipped_label=${skipped_label%, }^[[0m
Python CI / python 3.13	UNKNOWN STEP	2026-09-11T15:23:47.9134453Z ^[[36;1m  fi^[[0m
Python CI / python 3.13	UNKNOWN STEP	2026-09-11T15:23:47.9134793Z ^[[36;1m  {^[[0m
Python CI / python 3.13	UNKNOWN STEP	2026-09-11T15:23:47.9135188Z ^[[36;1m    printf '## Dependency installation timing\n'^[[0m
Python CI / python 3.13	UNKNOWN STEP	2026-09-11T15:23:47.9135701Z ^[[36;1m    printf -- '- Duration: %ss\n' "$duration"^[[0m
Python CI / python 3.13	UNKNOWN STEP	2026-09-11T15:23:47.9136252Z ^[[36;1m    printf -- '- Tools installed: %s\n' "$installed_label"^[[0m
Python CI / python 3.13	UNKNOWN STEP	2026-09-11T15:23:47.9136973Z ^[[36;1m    printf -- '- Tools skipped (disabled): %s\n' "$skipped_label"^[[0m
Python CI / python 3.13	UNKNOWN STEP	2026-09-11T15:23:47.9137528Z ^[[36;1m    if [ ${#tools_skipped[@]} -gt 0 ]; then^[[0m
Python CI / python 3.13	UNKNOWN STEP	2026-09-11T15:23:47.9138138Z ^[[36;1m      printf -- '- Note: skipping %d tool(s) avoids extra setup time when disabled.\n' \^[[0m
Python CI / python 3.13	UNKNOWN STEP	2026-09-11T15:23:47.9138741Z ^[[36;1m        "${#tools_skipped[@]}"^[[0m
Python CI / python 3.13	UNKNOWN STEP	2026-09-11T15:23:47.9139161Z ^[[36;1m    fi^[[0m
Python CI / python 3.13	UNKNOWN STEP	2026-09-11T15:23:47.9139681Z ^[[36;1m    req_hash=$(sha256sum requirements.lock 2>/dev/null | cut -d' ' -f1 || echo none)^[[0m
Python CI / python 3.13	UNKNOWN STEP	2026-09-11T15:23:47.9140475Z ^[[36;1m    pyproject_hash=$(sha256sum pyproject.toml 2>/dev/null | cut -d' ' -f1 || echo none)^[[0m
Python CI / python 3.13	UNKNOWN STEP	2026-09-11T15:23:47.9141136Z ^[[36;1m    printf -- '- Cache key: uv-%s-%s-%s-%s\n' \^[[0m
Python CI / python 3.13	UNKNOWN STEP	2026-09-11T15:23:47.9141726Z ^[[36;1m      "Linux" \^[[0m
Python CI / python 3.13	UNKNOWN STEP	2026-09-11T15:23:47.9142120Z ^[[36;1m      "$INPUT_PYTHON_VERSION" \^[[0m
Python CI / python 3.13	UNKNOWN STEP	2026-09-11T15:23:47.9159233Z ^[[36;1m      "$req_hash" \^[[0m
Python CI / python 3.13	UNKNOWN STEP	2026-09-11T15:23:47.9159706Z ^[[36;1m      "$pyproject_hash"^[[0m
Python CI / python 3.13	UNKNOWN STEP	2026-09-11T15:23:47.9160155Z ^[[36;1m  } >>"${GITHUB_STEP_SUMMARY}"^[[0m
Python CI / python 3.13	UNKNOWN STEP	2026-09-11T15:23:47.9160601Z ^[[36;1mfi^[[0m
Python CI / python 3.13	UNKNOWN STEP	2026-09-11T15:23:47.9198113Z shell: /usr/bin/bash --noprofile --norc -e -o pipefail {0}
Python CI / python 3.13	UNKNOWN STEP	2026-09-11T15:23:47.9198679Z env:
Python CI / python 3.13	UNKNOWN STEP	2026-09-11T15:23:47.9199039Z   WORKDIR: .
Python CI / python 3.13	UNKNOWN STEP	2026-09-11T15:23:47.9199571Z   WORKSPACE_ROOT: /home/runner/work/Trend_Model_Project/Trend_Model_Project
Python CI / python 3.13	UNKNOWN STEP	2026-09-11T15:23:47.9200344Z   PROJECT_ROOT: /home/runner/work/Trend_Model_Project/Trend_Model_Project
Python CI / python 3.13	UNKNOWN STEP	2026-09-11T15:23:47.9201065Z   pythonLocation: /opt/hostedtoolcache/Python/3.13.15/x64
Python CI / python 3.13	UNKNOWN STEP	2026-09-11T15:23:47.9201752Z   PKG_CONFIG_PATH: /opt/hostedtoolcache/Python/3.13.15/x64/lib/pkgconfig
Python CI / python 3.13	UNKNOWN STEP	2026-09-11T15:23:47.9202445Z   Python_ROOT_DIR: /opt/hostedtoolcache/Python/3.13.15/x64
Python CI / python 3.13	UNKNOWN STEP	2026-09-11T15:23:47.9203306Z   Python2_ROOT_DIR: /opt/hostedtoolcache/Python/3.13.15/x64
Python CI / python 3.13	UNKNOWN STEP	2026-09-11T15:23:47.9203926Z   Python3_ROOT_DIR: /opt/hostedtoolcache/Python/3.13.15/x64
Python CI / python 3.13	UNKNOWN STEP	2026-09-11T15:23:47.9204542Z   LD_LIBRARY_PATH: /opt/hostedtoolcache/Python/3.13.15/x64/lib
Python CI / python 3.13	UNKNOWN STEP	2026-09-11T15:23:47.9205102Z   PRIVATE_PYPI_TOKEN: 
Python CI / python 3.13	UNKNOWN STEP	2026-09-11T15:23:47.9205518Z   INPUT_LINT: false
Python CI / python 3.13	UNKNOWN STEP	2026-09-11T15:23:47.9205914Z   INPUT_FORMAT_CHECK: false
Python CI / python 3.13	UNKNOWN STEP	2026-09-11T15:23:47.9206325Z   INPUT_TYPECHECK: false
Python CI / python 3.13	UNKNOWN STEP	2026-09-11T15:23:47.9206734Z   INPUT_RUN_MYPY: false
Python CI / python 3.13	UNKNOWN STEP	2026-09-11T15:23:47.9207136Z   INPUT_COVERAGE: true
Python CI / python 3.13	UNKNOWN STEP	2026-09-11T15:23:47.9207533Z   INPUT_PYTHON_VERSION: 3.13
Python CI / python 3.13	UNKNOWN STEP	2026-09-11T15:23:47.9207956Z ##[endgroup]
Python CI / python 3.13	UNKNOWN STEP	2026-09-11T15:23:48.9862267Z Using Python 3.13.15 environment at: /opt/hostedtoolcache/Python/3.13.15/x64
Python CI / python 3.13	UNKNOWN STEP	2026-09-11T15:23:49.1415496Z    Updating https://github.com/stranske/Workflows.git (HEAD)
Python CI / python 3.13	UNKNOWN STEP	2026-09-11T15:23:49.9081714Z     Updated https://github.com/stranske/Workflows.git (afb75079055d61f864dc76ecedfde06aea9dd562)
Python CI / python 3.13	UNKNOWN STEP	2026-09-11T15:23:50.6093017Z Resolved 181 packages in 1.62s
Python CI / python 3.13	UNKNOWN STEP	2026-09-11T15:23:50.6157744Z    Building trend-model @ file:///home/runner/work/Trend_Model_Project/Trend_Model_Project
Python CI / python 3.13	UNKNOWN STEP	2026-09-11T15:23:50.6301546Z    Building app-baseline-kit @ git+https://github.com/stranske/Workflows.git@afb75079055d61f864dc76ecedfde06aea9dd562#subdirectory=packages/app-baseline-kit
Python CI / python 3.13	UNKNOWN STEP	2026-09-11T15:23:51.9530314Z       Built app-baseline-kit @ git+https://github.com/stranske/Workflows.git@afb75079055d61f864dc76ecedfde06aea9dd562#subdirectory=packages/app-baseline-kit
Python CI / python 3.13	UNKNOWN STEP	2026-09-11T15:23:52.0526624Z       Built trend-model @ file:///home/runner/work/Trend_Model_Project/Trend_Model_Project
Python CI / python 3.13	UNKNOWN STEP	2026-09-11T15:23:52.0537252Z Prepared 2 packages in 1.43s
Python CI / python 3.13	UNKNOWN STEP	2026-09-11T15:23:52.3679924Z Installed 181 packages in 313ms
Python CI / python 3.13	UNKNOWN STEP	2026-09-11T15:23:52.3681117Z  + aiohappyeyeballs==2.6.1
Python CI / python 3.13	UNKNOWN STEP	2026-09-11T15:23:52.3682153Z  + aiohttp==3.13.5
Python CI / python 3.13	UNKNOWN STEP	2026-09-11T15:23:52.3683274Z  + aiosignal==1.4.0
Python CI / python 3.13	UNKNOWN STEP	2026-09-11T15:23:52.3684261Z  + altair==6.0.0
Python CI / python 3.13	UNKNOWN STEP	2026-09-11T15:23:52.3685112Z  + annotated-doc==0.0.4
Python CI / python 3.13	UNKNOWN STEP	2026-09-11T15:23:52.3686018Z  + annotated-types==0.7.0
Python CI / python 3.13	UNKNOWN STEP	2026-09-11T15:23:52.3686908Z  + anthropic==0.96.0
Python CI / python 3.13	UNKNOWN STEP	2026-09-11T15:23:52.3687740Z  + anyio==4.13.0
Python CI / python 3.13	UNKNOWN STEP	2026-09-11T15:23:52.3690048Z  + app-baseline-kit==0.2.0 (from git+https://github.com/stranske/Workflows.git@afb75079055d61f864dc76ecedfde06aea9dd562#subdirectory=packages/app-baseline-kit)
Python CI / python 3.13	UNKNOWN STEP	2026-09-11T15:23:52.3692590Z  + ast-serialize==0.6.0
Python CI / python 3.13	UNKNOWN STEP	2026-09-11T15:23:52.3693618Z  + asttokens==3.0.1
Python CI / python 3.13	UNKNOWN STEP	2026-09-11T15:23:52.3694216Z  + attrs==26.1.0
Python CI / python 3.13	UNKNOWN STEP	2026-09-11T15:23:52.3694773Z  + black==26.5.1
Python CI / python 3.13	UNKNOWN STEP	2026-09-11T15:23:52.3695340Z  + blinker==1.9.0
Python CI / python 3.13	UNKNOWN STEP	2026-09-11T15:23:52.3695923Z  + cachetools==7.0.6
Python CI / python 3.13	UNKNOWN STEP	2026-09-11T15:23:52.3696526Z  + certifi==2026.2.25
Python CI / python 3.13	UNKNOWN STEP	2026-09-11T15:23:52.3697107Z  + cfgv==3.5.0
Python CI / python 3.13	UNKNOWN STEP	2026-09-11T15:23:52.3697699Z  + charset-normalizer==3.4.7
Python CI / python 3.13	UNKNOWN STEP	2026-09-11T15:23:52.3698323Z  + click==8.3.2
Python CI / python 3.13	UNKNOWN STEP	2026-09-11T15:23:52.3698880Z  + comm==0.2.3
Python CI / python 3.13	UNKNOWN STEP	2026-09-11T15:23:52.3699439Z  + contourpy==1.3.3
Python CI / python 3.13	UNKNOWN STEP	2026-09-11T15:23:52.3700015Z  + coverage==7.16.0
Python CI / python 3.13	UNKNOWN STEP	2026-09-11T15:23:52.3700856Z  + cycler==0.12.1
Python CI / python 3.13	UNKNOWN STEP	2026-09-11T15:23:52.3701449Z  + dataclasses-json==0.6.7
Python CI / python 3.13	UNKNOWN STEP	2026-09-11T15:23:52.3702074Z  + decorator==5.2.1
Python CI / python 3.13	UNKNOWN STEP	2026-09-11T15:23:52.3702662Z  + defusedxml==0.7.1
Python CI / python 3.13	UNKNOWN STEP	2026-09-11T15:23:52.3703477Z  + distlib==0.4.0
Python CI / python 3.13	UNKNOWN STEP	2026-09-11T15:23:52.3704065Z  + distro==1.9.0
Python CI / python 3.13	UNKNOWN STEP	2026-09-11T15:23:52.3704649Z  + docformatter==1.7.8
Python CI / python 3.13	UNKNOWN STEP	2026-09-11T15:23:52.3705277Z  + docstring-parser==0.18.0
Python CI / python 3.13	UNKNOWN STEP	2026-09-11T15:23:52.3705919Z  + et-xmlfile==2.0.0
Python CI / python 3.13	UNKNOWN STEP	2026-09-11T15:23:52.3706504Z  + execnet==2.1.2
Python CI / python 3.13	UNKNOWN STEP	2026-09-11T15:23:52.3707084Z  + executing==2.2.1
Python CI / python 3.13	UNKNOWN STEP	2026-09-11T15:23:52.3707664Z  + fastapi==0.138.1
Python CI / python 3.13	UNKNOWN STEP	2026-09-11T15:23:52.3708257Z  + fastjsonschema==2.21.2
Python CI / python 3.13	UNKNOWN STEP	2026-09-11T15:23:52.3708877Z  + filelock==3.29.0
Python CI / python 3.13	UNKNOWN STEP	2026-09-11T15:23:52.3709478Z  + flake8==7.3.0
Python CI / python 3.13	UNKNOWN STEP	2026-09-11T15:23:52.3710053Z  + fonttools==4.62.1
Python CI / python 3.13	UNKNOWN STEP	2026-09-11T15:23:52.3710633Z  + fpdf2==2.8.7
Python CI / python 3.13	UNKNOWN STEP	2026-09-11T15:23:52.3711198Z  + frozenlist==1.8.0
Python CI / python 3.13	UNKNOWN STEP	2026-09-11T15:23:52.3711771Z  + gitdb==4.0.12
Python CI / python 3.13	UNKNOWN STEP	2026-09-11T15:23:52.3712338Z  + gitpython==3.1.46
Python CI / python 3.13	UNKNOWN STEP	2026-09-11T15:23:52.3712922Z  + greenlet==3.5.5
Python CI / python 3.13	UNKNOWN STEP	2026-09-11T15:23:52.3713680Z  + h11==0.16.0
Python CI / python 3.13	UNKNOWN STEP	2026-09-11T15:23:52.3714236Z  + httpcore==1.0.9
Python CI / python 3.13	UNKNOWN STEP	2026-09-11T15:23:52.3714805Z  + httptools==0.8.0
Python CI / python 3.13	UNKNOWN STEP	2026-09-11T15:23:52.3715364Z  + httpx==0.28.1
Python CI / python 3.13	UNKNOWN STEP	2026-09-11T15:23:52.3715938Z  + httpx-sse==0.4.3
Python CI / python 3.13	UNKNOWN STEP	2026-09-11T15:23:52.3716510Z  + hypothesis==6.155.7
Python CI / python 3.13	UNKNOWN STEP	2026-09-11T15:23:52.3717093Z  + identify==2.6.19
Python CI / python 3.13	UNKNOWN STEP	2026-09-11T15:23:52.3717665Z  + idna==3.11
Python CI / python 3.13	UNKNOWN STEP	2026-09-11T15:23:52.3718227Z  + iniconfig==2.3.0
Python CI / python 3.13	UNKNOWN STEP	2026-09-11T15:23:52.3718815Z  + ipyfilechooser==0.6.0
Python CI / python 3.13	UNKNOWN STEP	2026-09-11T15:23:52.3719437Z  + ipython==9.12.0
Python CI / python 3.13	UNKNOWN STEP	2026-09-11T15:23:52.3720100Z  + ipython-pygments-lexers==1.1.1
Python CI / python 3.13	UNKNOWN STEP	2026-09-11T15:23:52.3720790Z  + ipywidgets==8.1.8
Python CI / python 3.13	UNKNOWN STEP	2026-09-11T15:23:52.3721373Z  + isort==8.0.1
Python CI / python 3.13	UNKNOWN STEP	2026-09-11T15:23:52.3721961Z  + itsdangerous==2.2.0
Python CI / python 3.13	UNKNOWN STEP	2026-09-11T15:23:52.3722547Z  + jedi==0.19.2
Python CI / python 3.13	UNKNOWN STEP	2026-09-11T15:23:52.3723286Z  + jinja2==3.1.6
Python CI / python 3.13	UNKNOWN STEP	2026-09-11T15:23:52.3723801Z  + jiter==0.14.0
Python CI / python 3.13	UNKNOWN STEP	2026-09-11T15:23:52.3724319Z  + joblib==1.5.3
Python CI / python 3.13	UNKNOWN STEP	2026-09-11T15:23:52.3724861Z  + jsonpatch==1.33
Python CI / python 3.13	UNKNOWN STEP	2026-09-11T15:23:52.3725449Z  + jsonpointer==3.1.1
Python CI / python 3.13	UNKNOWN STEP	2026-09-11T15:23:52.3726075Z  + jsonschema==4.26.0
Python CI / python 3.13	UNKNOWN STEP	2026-09-11T15:23:52.3726728Z  + jsonschema-specifications==2025.9.1
Python CI / python 3.13	UNKNOWN STEP	2026-09-11T15:23:52.3727432Z  + jupyter-core==5.9.1
Python CI / python 3.13	UNKNOWN STEP	2026-09-11T15:23:52.3728047Z  + jupyterlab-widgets==3.0.16
Python CI / python 3.13	UNKNOWN STEP	2026-09-11T15:23:52.3728681Z  + kiwisolver==1.5.0
Python CI / python 3.13	UNKNOWN STEP	2026-09-11T15:23:52.3729252Z  + langchain==1.3.9
Python CI / python 3.13	UNKNOWN STEP	2026-09-11T15:23:52.3729836Z  + langchain-anthropic==1.4.6
Python CI / python 3.13	UNKNOWN STEP	2026-09-11T15:23:52.3730540Z  + langchain-classic==1.0.4
Python CI / python 3.13	UNKNOWN STEP	2026-09-11T15:23:52.3731233Z  + langchain-community==0.4.1
Python CI / python 3.13	UNKNOWN STEP	2026-09-11T15:23:52.3731954Z  + langchain-core==1.4.7
Python CI / python 3.13	UNKNOWN STEP	2026-09-11T15:23:52.3732642Z  + langchain-ollama==1.1.0
Python CI / python 3.13	UNKNOWN STEP	2026-09-11T15:23:52.3733751Z  + langchain-openai==1.3.2
Python CI / python 3.13	UNKNOWN STEP	2026-09-11T15:23:52.3734474Z  + langchain-protocol==0.0.17
Python CI / python 3.13	UNKNOWN STEP	2026-09-11T15:23:52.3735259Z  + langchain-text-splitters==1.1.2
Python CI / python 3.13	UNKNOWN STEP	2026-09-11T15:23:52.3735988Z  + langgraph==1.2.5
Python CI / python 3.13	UNKNOWN STEP	2026-09-11T15:23:52.3736671Z  + langgraph-checkpoint==4.1.1
Python CI / python 3.13	UNKNOWN STEP	2026-09-11T15:23:52.3737386Z  + langgraph-prebuilt==1.1.0
Python CI / python 3.13	UNKNOWN STEP	2026-09-11T15:23:52.3738105Z  + langgraph-sdk==0.4.2
Python CI / python 3.13	UNKNOWN STEP	2026-09-11T15:23:52.3738773Z  + langsmith==0.10.9
Python CI / python 3.13	UNKNOWN STEP	2026-09-11T15:23:52.3739376Z  + librt==0.13.0
Python CI / python 3.13	UNKNOWN STEP	2026-09-11T15:23:52.3739962Z  + markupsafe==3.0.3
Python CI / python 3.13	UNKNOWN STEP	2026-09-11T15:23:52.3740575Z  + marshmallow==3.26.2
Python CI / python 3.13	UNKNOWN STEP	2026-09-11T15:23:52.3741182Z  + matplotlib==3.11.0
Python CI / python 3.13	UNKNOWN STEP	2026-09-11T15:23:52.3741799Z  + matplotlib-inline==0.2.1
Python CI / python 3.13	UNKNOWN STEP	2026-09-11T15:23:52.3742442Z  + mccabe==0.7.0
Python CI / python 3.13	UNKNOWN STEP	2026-09-11T15:23:52.3743728Z  + multidict==6.7.1
Python CI / python 3.13	UNKNOWN STEP	2026-09-11T15:23:52.3744377Z  + mypy==2.3.1
Python CI / python 3.13	UNKNOWN STEP	2026-09-11T15:23:52.3744996Z  + mypy-extensions==1.1.0
Python CI / python 3.13	UNKNOWN STEP	2026-09-11T15:23:52.3745639Z  + narwhals==2.20.0
Python CI / python 3.13	UNKNOWN STEP	2026-09-11T15:23:52.3746221Z  + nbformat==5.10.4
Python CI / python 3.13	UNKNOWN STEP	2026-09-11T15:23:52.3746810Z  + nodeenv==1.10.0
Python CI / python 3.13	UNKNOWN STEP	2026-09-11T15:23:52.3747379Z  + numpy==2.5.0
Python CI / python 3.13	UNKNOWN STEP	2026-09-11T15:23:52.3747936Z  + ollama==0.6.1
Python CI / python 3.13	UNKNOWN STEP	2026-09-11T15:23:52.3748519Z  + openai==2.32.0
Python CI / python 3.13	UNKNOWN STEP	2026-09-11T15:23:52.3749086Z  + openpyxl==3.1.5
Python CI / python 3.13	UNKNOWN STEP	2026-09-11T15:23:52.3749649Z  + orjson==3.11.8
Python CI / python 3.13	UNKNOWN STEP	2026-09-11T15:23:52.3750217Z  + ormsgpack==1.12.2
Python CI / python 3.13	UNKNOWN STEP	2026-09-11T15:23:52.3750798Z  + packaging==26.2
Python CI / python 3.13	UNKNOWN STEP	2026-09-11T15:23:52.3751358Z  + pandas==3.0.3
Python CI / python 3.13	UNKNOWN STEP	2026-09-11T15:23:52.3752129Z  + pandera==0.32.0
Python CI / python 3.13	UNKNOWN STEP	2026-09-11T15:23:52.3752694Z  + parso==0.8.6
Python CI / python 3.13	UNKNOWN STEP	2026-09-11T15:23:52.3753431Z  + pathspec==1.0.4
Python CI / python 3.13	UNKNOWN STEP	2026-09-11T15:23:52.3754008Z  + pexpect==4.9.0
Python CI / python 3.13	UNKNOWN STEP	2026-09-11T15:23:52.3754564Z  + pillow==12.2.0
Python CI / python 3.13	UNKNOWN STEP	2026-09-11T15:23:52.3755140Z  + platformdirs==4.9.6
Python CI / python 3.13	UNKNOWN STEP	2026-09-11T15:23:52.3755721Z  + plotly==6.8.0
Python CI / python 3.13	UNKNOWN STEP	2026-09-11T15:23:52.3756275Z  + pluggy==1.6.0
Python CI / python 3.13	UNKNOWN STEP	2026-09-11T15:23:52.3756842Z  + pre-commit==4.6.0
Python CI / python 3.13	UNKNOWN STEP	2026-09-11T15:23:52.3757430Z  + prompt-toolkit==3.0.52
Python CI / python 3.13	UNKNOWN STEP	2026-09-11T15:23:52.3758047Z  + propcache==0.4.1
Python CI / python 3.13	UNKNOWN STEP	2026-09-11T15:23:52.3758612Z  + protobuf==7.34.1
Python CI / python 3.13	UNKNOWN STEP	2026-09-11T15:23:52.3759178Z  + ptyprocess==0.7.0
Python CI / python 3.13	UNKNOWN STEP	2026-09-11T15:23:52.3759769Z  + pure-eval==0.2.3
Python CI / python 3.13	UNKNOWN STEP	2026-09-11T15:23:52.3760338Z  + pyarrow==25.0.0
Python CI / python 3.13	UNKNOWN STEP	2026-09-11T15:23:52.3760913Z  + pycodestyle==2.14.0
Python CI / python 3.13	UNKNOWN STEP	2026-09-11T15:23:52.3761449Z  + pydantic==2.13.4
Python CI / python 3.13	UNKNOWN STEP	2026-09-11T15:23:52.3762010Z  + pydantic-core==2.46.4
Python CI / python 3.13	UNKNOWN STEP	2026-09-11T15:23:52.3762565Z  + pydantic-settings==2.14.0
Python CI / python 3.13	UNKNOWN STEP	2026-09-11T15:23:52.3763334Z  + pydeck==0.9.2
Python CI / python 3.13	UNKNOWN STEP	2026-09-11T15:23:52.3763976Z  + pyflakes==3.4.0
Python CI / python 3.13	UNKNOWN STEP	2026-09-11T15:23:52.3764512Z  + pygments==2.20.0
Python CI / python 3.13	UNKNOWN STEP	2026-09-11T15:23:52.3765029Z  + pyparsing==3.3.2
Python CI / python 3.13	UNKNOWN STEP	2026-09-11T15:23:52.3765549Z  + pytest==9.1.1
Python CI / python 3.13	UNKNOWN STEP	2026-09-11T15:23:52.3766071Z  + pytest-cov==7.1.0
Python CI / python 3.13	UNKNOWN STEP	2026-09-11T15:23:52.3766612Z  + pytest-datadir==1.8.0
Python CI / python 3.13	UNKNOWN STEP	2026-09-11T15:23:52.3767188Z  + pytest-regressions==2.11.0
Python CI / python 3.13	UNKNOWN STEP	2026-09-11T15:23:52.3767790Z  + pytest-rerunfailures==16.3
Python CI / python 3.13	UNKNOWN STEP	2026-09-11T15:23:52.3768371Z  + pytest-xdist==3.8.0
Python CI / python 3.13	UNKNOWN STEP	2026-09-11T15:23:52.3768972Z  + python-dateutil==2.9.0.post0
Python CI / python 3.13	UNKNOWN STEP	2026-09-11T15:23:52.3769570Z  + python-discovery==1.2.2
Python CI / python 3.13	UNKNOWN STEP	2026-09-11T15:23:52.3770146Z  + python-dotenv==1.2.2
Python CI / python 3.13	UNKNOWN STEP	2026-09-11T15:23:52.3770720Z  + python-multipart==0.0.27
Python CI / python 3.13	UNKNOWN STEP	2026-09-11T15:23:52.3771299Z  + pytokens==0.4.1
Python CI / python 3.13	UNKNOWN STEP	2026-09-11T15:23:52.3771920Z  + pyyaml==6.0.3
Python CI / python 3.13	UNKNOWN STEP	2026-09-11T15:23:52.3772468Z  + referencing==0.37.0
Python CI / python 3.13	UNKNOWN STEP	2026-09-11T15:23:52.3773017Z  + regex==2026.4.4
Python CI / python 3.13	UNKNOWN STEP	2026-09-11T15:23:52.3773752Z  + requests==2.34.2
Python CI / python 3.13	UNKNOWN STEP	2026-09-11T15:23:52.3774298Z  + requests-toolbelt==1.0.0
Python CI / python 3.13	UNKNOWN STEP	2026-09-11T15:23:52.3774880Z  + rpds-py==0.30.0
Python CI / python 3.13	UNKNOWN STEP	2026-09-11T15:23:52.3775395Z  + ruff==0.16.6
Python CI / python 3.13	UNKNOWN STEP	2026-09-11T15:23:52.3775904Z  + scipy==1.18.0
Python CI / python 3.13	UNKNOWN STEP	2026-09-11T15:23:52.3776425Z  + six==1.17.0
Python CI / python 3.13	UNKNOWN STEP	2026-09-11T15:23:52.3776932Z  + smmap==5.0.3
Python CI / python 3.13	UNKNOWN STEP	2026-09-11T15:23:52.3777446Z  + sniffio==1.3.1
Python CI / python 3.13	UNKNOWN STEP	2026-09-11T15:23:52.3777997Z  + sortedcontainers==2.4.0
Python CI / python 3.13	UNKNOWN STEP	2026-09-11T15:23:52.3778570Z  + sqlalchemy==2.0.49
Python CI / python 3.13	UNKNOWN STEP	2026-09-11T15:23:52.3779134Z  + stack-data==0.6.3
Python CI / python 3.13	UNKNOWN STEP	2026-09-11T15:23:52.3779723Z  + starlette==1.0.0
Python CI / python 3.13	UNKNOWN STEP	2026-09-11T15:23:52.3780385Z  + streamlit==1.58.0
Python CI / python 3.13	UNKNOWN STEP	2026-09-11T15:23:52.3780992Z  + streamlit-sortables==0.3.1
Python CI / python 3.13	UNKNOWN STEP	2026-09-11T15:23:52.3781616Z  + tenacity==9.1.4
Python CI / python 3.13	UNKNOWN STEP	2026-09-11T15:23:52.3782147Z  + tiktoken==0.12.0
Python CI / python 3.13	UNKNOWN STEP	2026-09-11T15:23:52.3782665Z  + toml==0.10.2
Python CI / python 3.13	UNKNOWN STEP	2026-09-11T15:23:52.3783355Z  + tomlkit==0.15.0
Python CI / python 3.13	UNKNOWN STEP	2026-09-11T15:23:52.3783897Z  + tqdm==4.67.3
Python CI / python 3.13	UNKNOWN STEP	2026-09-11T15:23:52.3784430Z  + traitlets==5.14.3
Python CI / python 3.13	UNKNOWN STEP	2026-09-11T15:23:52.3785383Z  + trend-model==0.1.0 (from file:///home/runner/work/Trend_Model_Project/Trend_Model_Project)
Python CI / python 3.13	UNKNOWN STEP	2026-09-11T15:23:52.3786320Z  + typeguard==4.5.1
Python CI / python 3.13	UNKNOWN STEP	2026-09-11T15:23:52.3786913Z  + types-pyyaml==6.0.12.20260518
Python CI / python 3.13	UNKNOWN STEP	2026-09-11T15:23:52.3787605Z  + types-requests==2.33.0.20260518
Python CI / python 3.13	UNKNOWN STEP	2026-09-11T15:23:52.3788267Z  + typing-extensions==4.15.0
Python CI / python 3.13	UNKNOWN STEP	2026-09-11T15:23:52.3788879Z  + typing-inspect==0.9.0
Python CI / python 3.13	UNKNOWN STEP	2026-09-11T15:23:52.3789480Z  + typing-inspection==0.4.2
Python CI / python 3.13	UNKNOWN STEP	2026-09-11T15:23:52.3790078Z  + urllib3==2.6.3
Python CI / python 3.13	UNKNOWN STEP	2026-09-11T15:23:52.3790620Z  + uuid-utils==0.14.1
Python CI / python 3.13	UNKNOWN STEP	2026-09-11T15:23:52.3791222Z  + uvicorn==0.49.0
Python CI / python 3.13	UNKNOWN STEP	2026-09-11T15:23:52.3792122Z  + uvloop==0.22.1
Python CI / python 3.13	UNKNOWN STEP	2026-09-11T15:23:52.3792689Z  + virtualenv==21.2.4
Python CI / python 3.13	UNKNOWN STEP	2026-09-11T15:23:52.3793493Z  + watchdog==6.0.0
Python CI / python 3.13	UNKNOWN STEP	2026-09-11T15:23:52.3794095Z  + watchfiles==1.1.1
Python CI / python 3.13	UNKNOWN STEP	2026-09-11T15:23:52.3794667Z  + wcwidth==0.6.0
Python CI / python 3.13	UNKNOWN STEP	2026-09-11T15:23:52.3795245Z  + websockets==15.0.1
Python CI / python 3.13	UNKNOWN STEP	2026-09-11T15:23:52.3795822Z  + widgetsnbextension==4.0.15
Python CI / python 3.13	UNKNOWN STEP	2026-09-11T15:23:52.3796424Z  + xlsxwriter==3.2.9
Python CI / python 3.13	UNKNOWN STEP	2026-09-11T15:23:52.3797038Z  + xxhash==3.6.0
Python CI / python 3.13	UNKNOWN STEP	2026-09-11T15:23:52.3797571Z  + yarl==1.23.0
Python CI / python 3.13	UNKNOWN STEP	2026-09-11T15:23:52.3798096Z  + zstandard==0.25.0
Python CI / python 3.13	UNKNOWN STEP	2026-09-11T15:23:52.4147687Z ##[group]Run set -euo pipefail
Python CI / python 3.13	UNKNOWN STEP	2026-09-11T15:23:52.4148390Z ^[[36;1mset -euo pipefail^[[0m
Python CI / python 3.13	UNKNOWN STEP	2026-09-11T15:23:52.4148830Z ^[[36;1msummary_file="${GITHUB_STEP_SUMMARY:-}"^[[0m
Python CI / python 3.13	UNKNOWN STEP	2026-09-11T15:23:52.4149287Z ^[[36;1m^[[0m
Python CI / python 3.13	UNKNOWN STEP	2026-09-11T15:23:52.4149634Z ^[[36;1mappend_summary() {^[[0m
Python CI / python 3.13	UNKNOWN STEP	2026-09-11T15:23:52.4150048Z ^[[36;1m  if [ -n "$summary_file" ]; then^[[0m
Python CI / python 3.13	UNKNOWN STEP	2026-09-11T15:23:52.4150508Z ^[[36;1m    printf '%s\n' "$1" >>"$summary_file"^[[0m
Python CI / python 3.13	UNKNOWN STEP	2026-09-11T15:23:52.4150937Z ^[[36;1m  else^[[0m
Python CI / python 3.13	UNKNOWN STEP	2026-09-11T15:23:52.4151291Z ^[[36;1m    printf '%s\n' "$1"^[[0m
Python CI / python 3.13	UNKNOWN STEP	2026-09-11T15:23:52.4151669Z ^[[36;1m  fi^[[0m
Python CI / python 3.13	UNKNOWN STEP	2026-09-11T15:23:52.4152002Z ^[[36;1m}^[[0m
Python CI / python 3.13	UNKNOWN STEP	2026-09-11T15:23:52.4152322Z ^[[36;1m^[[0m
Python CI / python 3.13	UNKNOWN STEP	2026-09-11T15:23:52.4152657Z ^[[36;1mrun_to_summary() {^[[0m
Python CI / python 3.13	UNKNOWN STEP	2026-09-11T15:23:52.4153556Z ^[[36;1m  if [ -n "$summary_file" ]; then^[[0m
Python CI / python 3.13	UNKNOWN STEP	2026-09-11T15:23:52.4154034Z ^[[36;1m    "$@" >>"$summary_file" 2>&1^[[0m
Python CI / python 3.13	UNKNOWN STEP	2026-09-11T15:23:52.4154457Z ^[[36;1m  else^[[0m
Python CI / python 3.13	UNKNOWN STEP	2026-09-11T15:23:52.4154803Z ^[[36;1m    "$@" 2>&1^[[0m
Python CI / python 3.13	UNKNOWN STEP	2026-09-11T15:23:52.4155191Z ^[[36;1m  fi^[[0m
Python CI / python 3.13	UNKNOWN STEP	2026-09-11T15:23:52.4155523Z ^[[36;1m}^[[0m
Python CI / python 3.13	UNKNOWN STEP	2026-09-11T15:23:52.4155864Z ^[[36;1m^[[0m
Python CI / python 3.13	UNKNOWN STEP	2026-09-11T15:23:52.4156258Z ^[[36;1mappend_summary "## Test Dependency Validation"^[[0m
Python CI / python 3.13	UNKNOWN STEP	2026-09-11T15:23:52.4156737Z ^[[36;1mappend_summary ""^[[0m
Python CI / python 3.13	UNKNOWN STEP	2026-09-11T15:23:52.4157112Z ^[[36;1m^[[0m
Python CI / python 3.13	UNKNOWN STEP	2026-09-11T15:23:52.4157492Z ^[[36;1m# Run the dependency check script if it exists^[[0m
Python CI / python 3.13	UNKNOWN STEP	2026-09-11T15:23:52.4158086Z ^[[36;1mif [ -f "${GITHUB_WORKSPACE}/scripts/check_test_dependencies.sh" ]; then^[[0m
Python CI / python 3.13	UNKNOWN STEP	2026-09-11T15:23:52.4158700Z ^[[36;1m  append_summary "Running dependency check script..."^[[0m
Python CI / python 3.13	UNKNOWN STEP	2026-09-11T15:23:52.4159327Z ^[[36;1m  run_to_summary "${GITHUB_WORKSPACE}/scripts/check_test_dependencies.sh" || true^[[0m
Python CI / python 3.13	UNKNOWN STEP	2026-09-11T15:23:52.4159892Z ^[[36;1melse^[[0m
Python CI / python 3.13	UNKNOWN STEP	2026-09-11T15:23:52.4160409Z ^[[36;1m  append_summary "⚠️ Dependency check script not found, running basic validation"^[[0m
Python CI / python 3.13	UNKNOWN STEP	2026-09-11T15:23:52.4161008Z ^[[36;1m  append_summary ""^[[0m
Python CI / python 3.13	UNKNOWN STEP	2026-09-11T15:23:52.4161392Z ^[[36;1m^[[0m
Python CI / python 3.13	UNKNOWN STEP	2026-09-11T15:23:52.4161746Z ^[[36;1m  # Basic Python version check^[[0m
Python CI / python 3.13	UNKNOWN STEP	2026-09-11T15:23:52.4162269Z ^[[36;1m  python_version=$(python --version 2>&1 | awk '{print $2}')^[[0m
Python CI / python 3.13	UNKNOWN STEP	2026-09-11T15:23:52.4162842Z ^[[36;1m  append_summary "✓ Python ${python_version}"^[[0m
Python CI / python 3.13	UNKNOWN STEP	2026-09-11T15:23:52.4163555Z ^[[36;1m^[[0m
Python CI / python 3.13	UNKNOWN STEP	2026-09-11T15:23:52.4163929Z ^[[36;1m  # Check key test packages^[[0m
Python CI / python 3.13	UNKNOWN STEP	2026-09-11T15:23:52.4164572Z ^[[36;1m  for pkg in pytest coverage hypothesis pandas numpy pydantic yaml requests jsonschema; do^[[0m
Python CI / python 3.13	UNKNOWN STEP	2026-09-11T15:23:52.4165258Z ^[[36;1m    if python -c "import ${pkg}" 2>/dev/null; then^[[0m
Python CI / python 3.13	UNKNOWN STEP	2026-09-11T15:23:52.4165749Z ^[[36;1m      append_summary "✓ ${pkg}"^[[0m
Python CI / python 3.13	UNKNOWN STEP	2026-09-11T15:23:52.4166164Z ^[[36;1m    else^[[0m
Python CI / python 3.13	UNKNOWN STEP	2026-09-11T15:23:52.4166550Z ^[[36;1m      append_summary "✗ ${pkg} (missing)"^[[0m
Python CI / python 3.13	UNKNOWN STEP	2026-09-11T15:23:52.4166986Z ^[[36;1m    fi^[[0m
Python CI / python 3.13	UNKNOWN STEP	2026-09-11T15:23:52.4167316Z ^[[36;1m  done^[[0m
Python CI / python 3.13	UNKNOWN STEP	2026-09-11T15:23:52.4167654Z ^[[36;1m^[[0m
Python CI / python 3.13	UNKNOWN STEP	2026-09-11T15:23:52.4167992Z ^[[36;1m  # Check optional tools^[[0m
Python CI / python 3.13	UNKNOWN STEP	2026-09-11T15:23:52.4168397Z ^[[36;1m  append_summary ""^[[0m
Python CI / python 3.13	UNKNOWN STEP	2026-09-11T15:23:52.4168831Z ^[[36;1m  append_summary "### Optional Tools"^[[0m
Python CI / python 3.13	UNKNOWN STEP	2026-09-11T15:23:52.4169275Z ^[[36;1m  for tool in node npm uv; do^[[0m
Python CI / python 3.13	UNKNOWN STEP	2026-09-11T15:23:52.4169731Z ^[[36;1m    if command -v "$tool" &>/dev/null; then^[[0m
Python CI / python 3.13	UNKNOWN STEP	2026-09-11T15:23:52.4170277Z ^[[36;1m      version=$("$tool" --version 2>&1 | head -n1 || echo "unknown")^[[0m
Python CI / python 3.13	UNKNOWN STEP	2026-09-11T15:23:52.4170825Z ^[[36;1m      append_summary "✓ ${tool} (${version})"^[[0m
Python CI / python 3.13	UNKNOWN STEP	2026-09-11T15:23:52.4171267Z ^[[36;1m    else^[[0m
Python CI / python 3.13	UNKNOWN STEP	2026-09-11T15:23:52.4171761Z ^[[36;1m      append_summary "○ ${tool} (not installed - some tests may skip)"^[[0m
Python CI / python 3.13	UNKNOWN STEP	2026-09-11T15:23:52.4172277Z ^[[36;1m    fi^[[0m
Python CI / python 3.13	UNKNOWN STEP	2026-09-11T15:23:52.4172626Z ^[[36;1m  done^[[0m
Python CI / python 3.13	UNKNOWN STEP	2026-09-11T15:23:52.4172963Z ^[[36;1mfi^[[0m
Python CI / python 3.13	UNKNOWN STEP	2026-09-11T15:23:52.4210198Z shell: /usr/bin/bash --noprofile --norc -e -o pipefail {0}
Python CI / python 3.13	UNKNOWN STEP	2026-09-11T15:23:52.4210697Z env:
Python CI / python 3.13	UNKNOWN STEP	2026-09-11T15:23:52.4211039Z   WORKDIR: .
Python CI / python 3.13	UNKNOWN STEP	2026-09-11T15:23:52.4211519Z   WORKSPACE_ROOT: /home/runner/work/Trend_Model_Project/Trend_Model_Project
Python CI / python 3.13	UNKNOWN STEP	2026-09-11T15:23:52.4212379Z   PROJECT_ROOT: /home/runner/work/Trend_Model_Project/Trend_Model_Project
Python CI / python 3.13	UNKNOWN STEP	2026-09-11T15:23:52.4213267Z   pythonLocation: /opt/hostedtoolcache/Python/3.13.15/x64
Python CI / python 3.13	UNKNOWN STEP	2026-09-11T15:23:52.4214428Z   PKG_CONFIG_PATH: /opt/hostedtoolcache/Python/3.13.15/x64/lib/pkgconfig
Python CI / python 3.13	UNKNOWN STEP	2026-09-11T15:23:52.4215291Z   Python_ROOT_DIR: /opt/hostedtoolcache/Python/3.13.15/x64
Python CI / python 3.13	UNKNOWN STEP	2026-09-11T15:23:52.4231286Z   Python2_ROOT_DIR: /opt/hostedtoolcache/Python/3.13.15/x64
Python CI / python 3.13	UNKNOWN STEP	2026-09-11T15:23:52.4231875Z   Python3_ROOT_DIR: /opt/hostedtoolcache/Python/3.13.15/x64
Python CI / python 3.13	UNKNOWN STEP	2026-09-11T15:23:52.4232420Z   LD_LIBRARY_PATH: /opt/hostedtoolcache/Python/3.13.15/x64/lib
Python CI / python 3.13	UNKNOWN STEP	2026-09-11T15:23:52.4232901Z ##[endgroup]
Python CI / python 3.13	UNKNOWN STEP	2026-09-11T15:24:00.9461340Z ##[group]Run python "${GITHUB_WORKSPACE}/scripts/sync_test_dependencies.py" --verify
Python CI / python 3.13	UNKNOWN STEP	2026-09-11T15:24:00.9462251Z ^[[36;1mpython "${GITHUB_WORKSPACE}/scripts/sync_test_dependencies.py" --verify^[[0m
Python CI / python 3.13	UNKNOWN STEP	2026-09-11T15:24:00.9501645Z shell: /usr/bin/bash --noprofile --norc -e -o pipefail {0}
Python CI / python 3.13	UNKNOWN STEP	2026-09-11T15:24:00.9502209Z env:
Python CI / python 3.13	UNKNOWN STEP	2026-09-11T15:24:00.9502565Z   WORKDIR: .
Python CI / python 3.13	UNKNOWN STEP	2026-09-11T15:24:00.9503365Z   WORKSPACE_ROOT: /home/runner/work/Trend_Model_Project/Trend_Model_Project
Python CI / python 3.13	UNKNOWN STEP	2026-09-11T15:24:00.9504170Z   PROJECT_ROOT: /home/runner/work/Trend_Model_Project/Trend_Model_Project
Python CI / python 3.13	UNKNOWN STEP	2026-09-11T15:24:00.9504914Z   pythonLocation: /opt/hostedtoolcache/Python/3.13.15/x64
Python CI / python 3.13	UNKNOWN STEP	2026-09-11T15:24:00.9505654Z   PKG_CONFIG_PATH: /opt/hostedtoolcache/Python/3.13.15/x64/lib/pkgconfig
Python CI / python 3.13	UNKNOWN STEP	2026-09-11T15:24:00.9506387Z   Python_ROOT_DIR: /opt/hostedtoolcache/Python/3.13.15/x64
Python CI / python 3.13	UNKNOWN STEP	2026-09-11T15:24:00.9507050Z   Python2_ROOT_DIR: /opt/hostedtoolcache/Python/3.13.15/x64
Python CI / python 3.13	UNKNOWN STEP	2026-09-11T15:24:00.9507748Z   Python3_ROOT_DIR: /opt/hostedtoolcache/Python/3.13.15/x64
Python CI / python 3.13	UNKNOWN STEP	2026-09-11T15:24:00.9508415Z   LD_LIBRARY_PATH: /opt/hostedtoolcache/Python/3.13.15/x64/lib
Python CI / python 3.13	UNKNOWN STEP	2026-09-11T15:24:00.9509006Z ##[endgroup]
Python CI / python 3.13	UNKNOWN STEP	2026-09-11T15:24:02.5708365Z ✅ All test dependencies are declared in pyproject.toml
Python CI / python 3.13	UNKNOWN STEP	2026-09-11T15:24:02.5878782Z ##[group]Run set -euo pipefail
Python CI / python 3.13	UNKNOWN STEP	2026-09-11T15:24:02.5879352Z ^[[36;1mset -euo pipefail^[[0m
Python CI / python 3.13	UNKNOWN STEP	2026-09-11T15:24:02.5879956Z ^[[36;1mpython "${GITHUB_WORKSPACE}/tools/resolve_mypy_pin.py"^[[0m
Python CI / python 3.13	UNKNOWN STEP	2026-09-11T15:24:02.5919486Z shell: /usr/bin/bash --noprofile --norc -e -o pipefail {0}
Python CI / python 3.13	UNKNOWN STEP	2026-09-11T15:24:02.5920146Z env:
Python CI / python 3.13	UNKNOWN STEP	2026-09-11T15:24:02.5920573Z   WORKDIR: .
Python CI / python 3.13	UNKNOWN STEP	2026-09-11T15:24:02.5921212Z   WORKSPACE_ROOT: /home/runner/work/Trend_Model_Project/Trend_Model_Project
Python CI / python 3.13	UNKNOWN STEP	2026-09-11T15:24:02.5922128Z   PROJECT_ROOT: /home/runner/work/Trend_Model_Project/Trend_Model_Project
Python CI / python 3.13	UNKNOWN STEP	2026-09-11T15:24:02.5922944Z   pythonLocation: /opt/hostedtoolcache/Python/3.13.15/x64
Python CI / python 3.13	UNKNOWN STEP	2026-09-11T15:24:02.5923972Z   PKG_CONFIG_PATH: /opt/hostedtoolcache/Python/3.13.15/x64/lib/pkgconfig
Python CI / python 3.13	UNKNOWN STEP	2026-09-11T15:24:02.5924782Z   Python_ROOT_DIR: /opt/hostedtoolcache/Python/3.13.15/x64
Python CI / python 3.13	UNKNOWN STEP	2026-09-11T15:24:02.5925521Z   Python2_ROOT_DIR: /opt/hostedtoolcache/Python/3.13.15/x64
Python CI / python 3.13	UNKNOWN STEP	2026-09-11T15:24:02.5926284Z   Python3_ROOT_DIR: /opt/hostedtoolcache/Python/3.13.15/x64
Python CI / python 3.13	UNKNOWN STEP	2026-09-11T15:24:02.5927029Z   LD_LIBRARY_PATH: /opt/hostedtoolcache/Python/3.13.15/x64/lib
Python CI / python 3.13	UNKNOWN STEP	2026-09-11T15:24:02.5927700Z   MATRIX_PYTHON_VERSION: 3.13
Python CI / python 3.13	UNKNOWN STEP	2026-09-11T15:24:02.5928207Z ##[endgroup]
Python CI / python 3.13	UNKNOWN STEP	2026-09-11T15:24:02.7056907Z Resolved mypy Python version: 3.12
Python CI / python 3.13	UNKNOWN STEP	2026-09-11T15:24:02.9789648Z ##[group]Run actions/cache@55cc8345863c7cc4c66a329aec7e433d2d1c52a9
Python CI / python 3.13	UNKNOWN STEP	2026-09-11T15:24:02.9790257Z with:
Python CI / python 3.13	UNKNOWN STEP	2026-09-11T15:24:02.9790627Z   path: ./.mypy_cache
Python CI / python 3.13	UNKNOWN STEP	2026-09-11T15:24:02.9791575Z   key: mypy-Linux -3.13 -4ec9d871eaec01d16f2773bf4879befc65b673f50cdcc88cb222a7348a4a6811 -5780b46ee174fdfc11200f055b13dc272898ebe5099ce54bfa6b30786b353703
Python CI / python 3.13	UNKNOWN STEP	2026-09-11T15:24:02.9792627Z   restore-keys: mypy-Linux-3.13-
Python CI / python 3.13	UNKNOWN STEP	mypy-Linux-
Python CI / python 3.13	UNKNOWN STEP	
Python CI / python 3.13	UNKNOWN STEP	2026-09-11T15:24:02.9793806Z   enableCrossOsArchive: false
Python CI / python 3.13	UNKNOWN STEP	2026-09-11T15:24:02.9794267Z   fail-on-cache-miss: false
Python CI / python 3.13	UNKNOWN STEP	2026-09-11T15:24:02.9794680Z   lookup-only: false
Python CI / python 3.13	UNKNOWN STEP	2026-09-11T15:24:02.9795052Z   save-always: false
Python CI / python 3.13	UNKNOWN STEP	2026-09-11T15:24:02.9795423Z env:
Python CI / python 3.13	UNKNOWN STEP	2026-09-11T15:24:02.9795758Z   WORKDIR: .
Python CI / python 3.13	UNKNOWN STEP	2026-09-11T15:24:02.9796264Z   WORKSPACE_ROOT: /home/runner/work/Trend_Model_Project/Trend_Model_Project
Python CI / python 3.13	UNKNOWN STEP	2026-09-11T15:24:02.9815371Z   PROJECT_ROOT: /home/runner/work/Trend_Model_Project/Trend_Model_Project
Python CI / python 3.13	UNKNOWN STEP	2026-09-11T15:24:02.9816345Z   pythonLocation: /opt/hostedtoolcache/Python/3.13.15/x64
Python CI / python 3.13	UNKNOWN STEP	2026-09-11T15:24:02.9817259Z   PKG_CONFIG_PATH: /opt/hostedtoolcache/Python/3.13.15/x64/lib/pkgconfig
Python CI / python 3.13	UNKNOWN STEP	2026-09-11T15:24:02.9817918Z   Python_ROOT_DIR: /opt/hostedtoolcache/Python/3.13.15/x64
Python CI / python 3.13	UNKNOWN STEP	2026-09-11T15:24:02.9818511Z   Python2_ROOT_DIR: /opt/hostedtoolcache/Python/3.13.15/x64
Python CI / python 3.13	UNKNOWN STEP	2026-09-11T15:24:02.9819080Z   Python3_ROOT_DIR: /opt/hostedtoolcache/Python/3.13.15/x64
Python CI / python 3.13	UNKNOWN STEP	2026-09-11T15:24:02.9819660Z   LD_LIBRARY_PATH: /opt/hostedtoolcache/Python/3.13.15/x64/lib
Python CI / python 3.13	UNKNOWN STEP	2026-09-11T15:24:02.9820182Z ##[endgroup]
Python CI / python 3.13	UNKNOWN STEP	2026-09-11T15:24:03.3757092Z Cache not found for input keys: mypy-Linux -3.13 -4ec9d871eaec01d16f2773bf4879befc65b673f50cdcc88cb222a7348a4a6811 -5780b46ee174fdfc11200f055b13dc272898ebe5099ce54bfa6b30786b353703, mypy-Linux-3.13-, mypy-Linux-
Python CI / python 3.13	UNKNOWN STEP	2026-09-11T15:24:03.5028909Z ##[group]Run actions/cache@55cc8345863c7cc4c66a329aec7e433d2d1c52a9
Python CI / python 3.13	UNKNOWN STEP	2026-09-11T15:24:03.5029579Z with:
Python CI / python 3.13	UNKNOWN STEP	2026-09-11T15:24:03.5029985Z   path: ./.pytest_cache
Python CI / python 3.13	UNKNOWN STEP	2026-09-11T15:24:03.5031053Z   key: pytest-Linux -3.13 -4ec9d871eaec01d16f2773bf4879befc65b673f50cdcc88cb222a7348a4a6811 -8fde423813b65d4ac6b60e1d6b999ab98cf824b294e4689cf37edb8f22b1df03
Python CI / python 3.13	UNKNOWN STEP	2026-09-11T15:24:03.5032250Z   restore-keys: pytest-Linux-3.13-
Python CI / python 3.13	UNKNOWN STEP	pytest-Linux-
Python CI / python 3.13	UNKNOWN STEP	
Python CI / python 3.13	UNKNOWN STEP	2026-09-11T15:24:03.5032833Z   enableCrossOsArchive: false
Python CI / python 3.13	UNKNOWN STEP	2026-09-11T15:24:03.5033657Z   fail-on-cache-miss: false
Python CI / python 3.13	UNKNOWN STEP	2026-09-11T15:24:03.5034101Z   lookup-only: false
Python CI / python 3.13	UNKNOWN STEP	2026-09-11T15:24:03.5034494Z   save-always: false
Python CI / python 3.13	UNKNOWN STEP	2026-09-11T15:24:03.5034876Z env:
Python CI / python 3.13	UNKNOWN STEP	2026-09-11T15:24:03.5035229Z   WORKDIR: .
Python CI / python 3.13	UNKNOWN STEP	2026-09-11T15:24:03.5035761Z   WORKSPACE_ROOT: /home/runner/work/Trend_Model_Project/Trend_Model_Project
Python CI / python 3.13	UNKNOWN STEP	2026-09-11T15:24:03.5036514Z   PROJECT_ROOT: /home/runner/work/Trend_Model_Project/Trend_Model_Project
Python CI / python 3.13	UNKNOWN STEP	2026-09-11T15:24:03.5037234Z   pythonLocation: /opt/hostedtoolcache/Python/3.13.15/x64
Python CI / python 3.13	UNKNOWN STEP	2026-09-11T15:24:03.5037908Z   PKG_CONFIG_PATH: /opt/hostedtoolcache/Python/3.13.15/x64/lib/pkgconfig
Python CI / python 3.13	UNKNOWN STEP	2026-09-11T15:24:03.5038579Z   Python_ROOT_DIR: /opt/hostedtoolcache/Python/3.13.15/x64
Python CI / python 3.13	UNKNOWN STEP	2026-09-11T15:24:03.5039210Z   Python2_ROOT_DIR: /opt/hostedtoolcache/Python/3.13.15/x64
Python CI / python 3.13	UNKNOWN STEP	2026-09-11T15:24:03.5039817Z   Python3_ROOT_DIR: /opt/hostedtoolcache/Python/3.13.15/x64
Python CI / python 3.13	UNKNOWN STEP	2026-09-11T15:24:03.5040437Z   LD_LIBRARY_PATH: /opt/hostedtoolcache/Python/3.13.15/x64/lib
Python CI / python 3.13	UNKNOWN STEP	2026-09-11T15:24:03.5040993Z ##[endgroup]
Python CI / python 3.13	UNKNOWN STEP	2026-09-11T15:24:03.9036200Z Cache hit for: pytest-Linux -3.13 -4ec9d871eaec01d16f2773bf4879befc65b673f50cdcc88cb222a7348a4a6811 -8fde423813b65d4ac6b60e1d6b999ab98cf824b294e4689cf37edb8f22b1df03
Python CI / python 3.13	UNKNOWN STEP	2026-09-11T15:24:04.4957406Z Received 834 of 834 (100.0%), 0.0 MBs/sec
Python CI / python 3.13	UNKNOWN STEP	2026-09-11T15:24:04.4958748Z Cache Size: ~0 MB (834 B)
Python CI / python 3.13	UNKNOWN STEP	2026-09-11T15:24:04.4991561Z [command]/usr/bin/tar -xf /home/runner/work/_temp/8f200144-dc5c-42e0-892c-efa1dacd7e30/cache.tzst -P -C /home/runner/work/Trend_Model_Project/Trend_Model_Project --use-compress-program unzstd
Python CI / python 3.13	UNKNOWN STEP	2026-09-11T15:24:04.5042048Z Cache restored successfully
Python CI / python 3.13	UNKNOWN STEP	2026-09-11T15:24:04.5120976Z Cache restored from key: pytest-Linux -3.13 -4ec9d871eaec01d16f2773bf4879befc65b673f50cdcc88cb222a7348a4a6811 -8fde423813b65d4ac6b60e1d6b999ab98cf824b294e4689cf37edb8f22b1df03
Python CI / python 3.13	UNKNOWN STEP	2026-09-11T15:24:04.5364781Z Prepare all required actions
Python CI / python 3.13	UNKNOWN STEP	2026-09-11T15:24:04.5365716Z Getting action download info
Python CI / python 3.13	UNKNOWN STEP	2026-09-11T15:24:04.6967980Z Download action repository 'actions/download-artifact@v8' (SHA:3e5f45b2cfb9172054b4087a40e8e0b5a5461e7c)
Python CI / python 3.13	UNKNOWN STEP	2026-09-11T15:24:05.0140844Z ##[group]Run ./.workflows-lib/.github/actions/artifact-cache
Python CI / python 3.13	UNKNOWN STEP	2026-09-11T15:24:05.0141423Z with:
Python CI / python 3.13	UNKNOWN STEP	2026-09-11T15:24:05.0141840Z   cache-key-base: ci-artifacts-3.13
Python CI / python 3.13	UNKNOWN STEP	2026-09-11T15:24:05.0142331Z   window-resolution: daily
Python CI / python 3.13	UNKNOWN STEP	2026-09-11T15:24:05.0142771Z   artifact-name: gate-coverage-3.13-1
Python CI / python 3.13	UNKNOWN STEP	2026-09-11T15:24:05.0143655Z   artifact-path: /home/runner/work/Trend_Model_Project/Trend_Model_Project/artifacts/coverage
Python CI / python 3.13	UNKNOWN STEP	2026-09-11T15:24:05.0144302Z   fail-fast: false
Python CI / python 3.13	UNKNOWN STEP	2026-09-11T15:24:05.0144701Z env:
Python CI / python 3.13	UNKNOWN STEP	2026-09-11T15:24:05.0145072Z   WORKDIR: .
Python CI / python 3.13	UNKNOWN STEP	2026-09-11T15:24:05.0145591Z   WORKSPACE_ROOT: /home/runner/work/Trend_Model_Project/Trend_Model_Project
Python CI / python 3.13	UNKNOWN STEP	2026-09-11T15:24:05.0146285Z   PROJECT_ROOT: /home/runner/work/Trend_Model_Project/Trend_Model_Project
Python CI / python 3.13	UNKNOWN STEP	2026-09-11T15:24:05.0147227Z   pythonLocation: /opt/hostedtoolcache/Python/3.13.15/x64
Python CI / python 3.13	UNKNOWN STEP	2026-09-11T15:24:05.0147857Z   PKG_CONFIG_PATH: /opt/hostedtoolcache/Python/3.13.15/x64/lib/pkgconfig
Python CI / python 3.13	UNKNOWN STEP	2026-09-11T15:24:05.0148470Z   Python_ROOT_DIR: /opt/hostedtoolcache/Python/3.13.15/x64
Python CI / python 3.13	UNKNOWN STEP	2026-09-11T15:24:05.0149050Z   Python2_ROOT_DIR: /opt/hostedtoolcache/Python/3.13.15/x64
Python CI / python 3.13	UNKNOWN STEP	2026-09-11T15:24:05.0149629Z   Python3_ROOT_DIR: /opt/hostedtoolcache/Python/3.13.15/x64
Python CI / python 3.13	UNKNOWN STEP	2026-09-11T15:24:05.0150196Z   LD_LIBRARY_PATH: /opt/hostedtoolcache/Python/3.13.15/x64/lib
Python CI / python 3.13	UNKNOWN STEP	2026-09-11T15:24:05.0150718Z ##[endgroup]
Python CI / python 3.13	UNKNOWN STEP	2026-09-11T15:24:05.0216595Z ##[start-action display=Prepare artifact cache key;id=ci-artifact-cache.prepare]
Python CI / python 3.13	UNKNOWN STEP	2026-09-11T15:24:05.0244838Z ##[group]Run node "$GITHUB_ACTION_PATH/artifact_cache.js" prepare
Python CI / python 3.13	UNKNOWN STEP	2026-09-11T15:24:05.0245580Z ^[[36;1mnode "$GITHUB_ACTION_PATH/artifact_cache.js" prepare^[[0m
Python CI / python 3.13	UNKNOWN STEP	2026-09-11T15:24:05.0286889Z shell: /usr/bin/bash --noprofile --norc -e -o pipefail {0}
Python CI / python 3.13	UNKNOWN STEP	2026-09-11T15:24:05.0287595Z env:
Python CI / python 3.13	UNKNOWN STEP	2026-09-11T15:24:05.0288085Z   WORKDIR: .
Python CI / python 3.13	UNKNOWN STEP	2026-09-11T15:24:05.0288751Z   WORKSPACE_ROOT: /home/runner/work/Trend_Model_Project/Trend_Model_Project
Python CI / python 3.13	UNKNOWN STEP	2026-09-11T15:24:05.0289655Z   PROJECT_ROOT: /home/runner/work/Trend_Model_Project/Trend_Model_Project
Python CI / python 3.13	UNKNOWN STEP	2026-09-11T15:24:05.0290505Z   pythonLocation: /opt/hostedtoolcache/Python/3.13.15/x64
Python CI / python 3.13	UNKNOWN STEP	2026-09-11T15:24:05.0291381Z   PKG_CONFIG_PATH: /opt/hostedtoolcache/Python/3.13.15/x64/lib/pkgconfig
Python CI / python 3.13	UNKNOWN STEP	2026-09-11T15:24:05.0292277Z   Python_ROOT_DIR: /opt/hostedtoolcache/Python/3.13.15/x64
Python CI / python 3.13	UNKNOWN STEP	2026-09-11T15:24:05.0293252Z   Python2_ROOT_DIR: /opt/hostedtoolcache/Python/3.13.15/x64
Python CI / python 3.13	UNKNOWN STEP	2026-09-11T15:24:05.0294088Z   Python3_ROOT_DIR: /opt/hostedtoolcache/Python/3.13.15/x64
Python CI / python 3.13	UNKNOWN STEP	2026-09-11T15:24:05.0294920Z   LD_LIBRARY_PATH: /opt/hostedtoolcache/Python/3.13.15/x64/lib
Python CI / python 3.13	UNKNOWN STEP	2026-09-11T15:24:05.0295690Z   INPUT_CACHE_KEY_BASE: ci-artifacts-3.13
Python CI / python 3.13	UNKNOWN STEP	2026-09-11T15:24:05.0296375Z   INPUT_WINDOW_RESOLUTION: daily
Python CI / python 3.13	UNKNOWN STEP	2026-09-11T15:24:05.0297046Z   INPUT_ARTIFACT_NAME: gate-coverage-3.13-1
Python CI / python 3.13	UNKNOWN STEP	2026-09-11T15:24:05.0298043Z   INPUT_ARTIFACT_PATH: /home/runner/work/Trend_Model_Project/Trend_Model_Project/artifacts/coverage
Python CI / python 3.13	UNKNOWN STEP	2026-09-11T15:24:05.0299011Z ##[endgroup]
Python CI / python 3.13	UNKNOWN STEP	2026-09-11T15:24:05.0708535Z ##[end-action id=ci-artifact-cache.prepare;outcome=success;conclusion=success;duration_ms=49]
Python CI / python 3.13	UNKNOWN STEP	2026-09-11T15:24:05.0712810Z ##[start-action display=Restore artifact cache;id=ci-artifact-cache.restore]
Python CI / python 3.13	UNKNOWN STEP	2026-09-11T15:24:05.0761770Z ##[group]Run actions/cache@55cc8345863c7cc4c66a329aec7e433d2d1c52a9
Python CI / python 3.13	UNKNOWN STEP	2026-09-11T15:24:05.0762319Z with:
Python CI / python 3.13	UNKNOWN STEP	2026-09-11T15:24:05.0762868Z   path: /home/runner/work/Trend_Model_Project/Trend_Model_Project/artifacts/coverage
Python CI / python 3.13	UNKNOWN STEP	2026-09-11T15:24:05.0763789Z   key: ci-artifacts-3.13-2026-09-11
Python CI / python 3.13	UNKNOWN STEP	2026-09-11T15:24:05.0764251Z   enableCrossOsArchive: false
Python CI / python 3.13	UNKNOWN STEP	2026-09-11T15:24:05.0764681Z   fail-on-cache-miss: false
Python CI / python 3.13	UNKNOWN STEP	2026-09-11T15:24:05.0765098Z   lookup-only: false
Python CI / python 3.13	UNKNOWN STEP	2026-09-11T15:24:05.0765489Z   save-always: false
Python CI / python 3.13	UNKNOWN STEP	2026-09-11T15:24:05.0765865Z env:
Python CI / python 3.13	UNKNOWN STEP	2026-09-11T15:24:05.0766205Z   WORKDIR: .
Python CI / python 3.13	UNKNOWN STEP	2026-09-11T15:24:05.0766954Z   WORKSPACE_ROOT: /home/runner/work/Trend_Model_Project/Trend_Model_Project
Python CI / python 3.13	UNKNOWN STEP	2026-09-11T15:24:05.0767684Z   PROJECT_ROOT: /home/runner/work/Trend_Model_Project/Trend_Model_Project
Python CI / python 3.13	UNKNOWN STEP	2026-09-11T15:24:05.0768336Z   pythonLocation: /opt/hostedtoolcache/Python/3.13.15/x64
Python CI / python 3.13	UNKNOWN STEP	2026-09-11T15:24:05.0768983Z   PKG_CONFIG_PATH: /opt/hostedtoolcache/Python/3.13.15/x64/lib/pkgconfig
Python CI / python 3.13	UNKNOWN STEP	2026-09-11T15:24:05.0769617Z   Python_ROOT_DIR: /opt/hostedtoolcache/Python/3.13.15/x64
Python CI / python 3.13	UNKNOWN STEP	2026-09-11T15:24:05.0770204Z   Python2_ROOT_DIR: /opt/hostedtoolcache/Python/3.13.15/x64
Python CI / python 3.13	UNKNOWN STEP	2026-09-11T15:24:05.0770794Z   Python3_ROOT_DIR: /opt/hostedtoolcache/Python/3.13.15/x64
Python CI / python 3.13	UNKNOWN STEP	2026-09-11T15:24:05.0771387Z   LD_LIBRARY_PATH: /opt/hostedtoolcache/Python/3.13.15/x64/lib
Python CI / python 3.13	UNKNOWN STEP	2026-09-11T15:24:05.0771907Z ##[endgroup]
Python CI / python 3.13	UNKNOWN STEP	2026-09-11T15:24:05.4339494Z Cache not found for input keys: ci-artifacts-3.13-2026-09-11
Python CI / python 3.13	UNKNOWN STEP	2026-09-11T15:24:05.4407345Z ##[end-action id=ci-artifact-cache.restore;outcome=success;conclusion=success;duration_ms=369]
Python CI / python 3.13	UNKNOWN STEP	2026-09-11T15:24:05.4414084Z ##[start-action display=Discover artifact in run window;id=ci-artifact-cache.discover]
Python CI / python 3.13	UNKNOWN STEP	2026-09-11T15:24:05.4451647Z ##[group]Run node "$GITHUB_ACTION_PATH/artifact_cache.js" discover
Python CI / python 3.13	UNKNOWN STEP	2026-09-11T15:24:05.4452753Z ^[[36;1mnode "$GITHUB_ACTION_PATH/artifact_cache.js" discover^[[0m
Python CI / python 3.13	UNKNOWN STEP	2026-09-11T15:24:05.4502184Z shell: /usr/bin/bash --noprofile --norc -e -o pipefail {0}
Python CI / python 3.13	UNKNOWN STEP	2026-09-11T15:24:05.4502724Z env:
Python CI / python 3.13	UNKNOWN STEP	2026-09-11T15:24:05.4503308Z   WORKDIR: .
Python CI / python 3.13	UNKNOWN STEP	2026-09-11T15:24:05.4503839Z   WORKSPACE_ROOT: /home/runner/work/Trend_Model_Project/Trend_Model_Project
Python CI / python 3.13	UNKNOWN STEP	2026-09-11T15:24:05.4504547Z   PROJECT_ROOT: /home/runner/work/Trend_Model_Project/Trend_Model_Project
Python CI / python 3.13	UNKNOWN STEP	2026-09-11T15:24:05.4505178Z   pythonLocation: /opt/hostedtoolcache/Python/3.13.15/x64
Python CI / python 3.13	UNKNOWN STEP	2026-09-11T15:24:05.4505807Z   PKG_CONFIG_PATH: /opt/hostedtoolcache/Python/3.13.15/x64/lib/pkgconfig
Python CI / python 3.13	UNKNOWN STEP	2026-09-11T15:24:05.4506422Z   Python_ROOT_DIR: /opt/hostedtoolcache/Python/3.13.15/x64
Python CI / python 3.13	UNKNOWN STEP	2026-09-11T15:24:05.4506987Z   Python2_ROOT_DIR: /opt/hostedtoolcache/Python/3.13.15/x64
Python CI / python 3.13	UNKNOWN STEP	2026-09-11T15:24:05.4507588Z   Python3_ROOT_DIR: /opt/hostedtoolcache/Python/3.13.15/x64
Python CI / python 3.13	UNKNOWN STEP	2026-09-11T15:24:05.4508156Z   LD_LIBRARY_PATH: /opt/hostedtoolcache/Python/3.13.15/x64/lib
Python CI / python 3.13	UNKNOWN STEP	2026-09-11T15:24:05.4508701Z   INPUT_CACHE_KEY_BASE: ci-artifacts-3.13
Python CI / python 3.13	UNKNOWN STEP	2026-09-11T15:24:05.4509169Z   INPUT_WINDOW_RESOLUTION: daily
Python CI / python 3.13	UNKNOWN STEP	2026-09-11T15:24:05.4509610Z   INPUT_ARTIFACT_NAME: gate-coverage-3.13-1
Python CI / python 3.13	UNKNOWN STEP	2026-09-11T15:24:05.4510292Z   INPUT_ARTIFACT_PATH: /home/runner/work/Trend_Model_Project/Trend_Model_Project/artifacts/coverage
Python CI / python 3.13	UNKNOWN STEP	2026-09-11T15:24:05.4510947Z   INPUT_FAIL_FAST: false
Python CI / python 3.13	UNKNOWN STEP	2026-09-11T15:24:05.4511332Z   INPUT_PRODUCER_RUN_ID: 
Python CI / python 3.13	UNKNOWN STEP	2026-09-11T15:24:05.4511728Z   INPUT_PRODUCER_BRANCH: 
Python CI / python 3.13	UNKNOWN STEP	2026-09-11T15:24:05.4515483Z   GITHUB_TOKEN: ***
Python CI / python 3.13	UNKNOWN STEP	2026-09-11T15:24:05.4515885Z ##[endgroup]
Python CI / python 3.13	UNKNOWN STEP	2026-09-11T15:24:05.6668396Z ##[warning]Artifact discovery failed: Failed to list artifacts: 403 Forbidden Producer steps may repopulate /home/runner/work/Trend_Model_Project/Trend_Model_Project/artifacts/coverage.
Python CI / python 3.13	UNKNOWN STEP	2026-09-11T15:24:05.7135036Z ##[end-action id=ci-artifact-cache.discover;outcome=success;conclusion=success;duration_ms=271]
Python CI / python 3.13	UNKNOWN STEP	2026-09-11T15:24:05.7138636Z ##[start-action display=Download discovered artifact;id=ci-artifact-cache.__actions_download-artifact]
Python CI / python 3.13	UNKNOWN STEP	2026-09-11T15:24:05.7152740Z ##[end-action id=ci-artifact-cache.__actions_download-artifact;outcome=skipped;conclusion=skipped;duration_ms=0]
Python CI / python 3.13	UNKNOWN STEP	2026-09-11T15:24:05.7225396Z ##[group]Run set -euo pipefail
Python CI / python 3.13	UNKNOWN STEP	2026-09-11T15:24:05.7225970Z ^[[36;1mset -euo pipefail^[[0m
Python CI / python 3.13	UNKNOWN STEP	2026-09-11T15:24:05.7226500Z ^[[36;1margs=("--junitxml=pytest-junit.xml")^[[0m
Python CI / python 3.13	UNKNOWN STEP	2026-09-11T15:24:05.7227106Z ^[[36;1mif [ "${COVERAGE_ENABLED}" = "true" ]; then^[[0m
Python CI / python 3.13	UNKNOWN STEP	2026-09-11T15:24:05.7227671Z ^[[36;1m  args+=("--cov")^[[0m
Python CI / python 3.13	UNKNOWN STEP	2026-09-11T15:24:05.7228314Z ^[[36;1m  # Only pin the config when the file exists; coverage otherwise^[[0m
Python CI / python 3.13	UNKNOWN STEP	2026-09-11T15:24:05.7229447Z ^[[36;1m  # discovers .coveragerc / setup.cfg / tox.ini on its own. Passing a^[[0m
Python CI / python 3.13	UNKNOWN STEP	2026-09-11T15:24:05.7230529Z ^[[36;1m  # missing path is fatal ("Couldn't read 'pyproject.toml' as a config^[[0m
Python CI / python 3.13	UNKNOWN STEP	2026-09-11T15:24:05.7231520Z ^[[36;1m  # file") and kills collection before any test runs.^[[0m
Python CI / python 3.13	UNKNOWN STEP	2026-09-11T15:24:05.7232387Z ^[[36;1m  if [ -f pyproject.toml ]; then^[[0m
Python CI / python 3.13	UNKNOWN STEP	2026-09-11T15:24:05.7233421Z ^[[36;1m    args+=("--cov-config=pyproject.toml")^[[0m
Python CI / python 3.13	UNKNOWN STEP	2026-09-11T15:24:05.7234218Z ^[[36;1m  fi^[[0m
Python CI / python 3.13	UNKNOWN STEP	2026-09-11T15:24:05.7234962Z ^[[36;1m  args+=("--cov-report=xml:coverage.xml")^[[0m
Python CI / python 3.13	UNKNOWN STEP	2026-09-11T15:24:05.7235889Z ^[[36;1m  args+=("--cov-report=term-missing")^[[0m
Python CI / python 3.13	UNKNOWN STEP	2026-09-11T15:24:05.7236799Z ^[[36;1m  args+=("--cov-report=json:coverage.json")^[[0m
Python CI / python 3.13	UNKNOWN STEP	2026-09-11T15:24:05.7237662Z ^[[36;1mfi^[[0m
Python CI / python 3.13	UNKNOWN STEP	2026-09-11T15:24:05.7238313Z ^[[36;1mif [ -n "${PYTEST_MARKERS}" ]; then^[[0m
Python CI / python 3.13	UNKNOWN STEP	2026-09-11T15:24:05.7239176Z ^[[36;1m  args=("-m" "${PYTEST_MARKERS}" "${args[@]}")^[[0m
Python CI / python 3.13	UNKNOWN STEP	2026-09-11T15:24:05.7240048Z ^[[36;1mfi^[[0m
Python CI / python 3.13	UNKNOWN STEP	2026-09-11T15:24:05.7240774Z ^[[36;1mif [ -n "${PYTEST_ARGS}" ]; then^[[0m
Python CI / python 3.13	UNKNOWN STEP	2026-09-11T15:24:05.7241559Z ^[[36;1m  mapfile -t extra_args < <(^[[0m
Python CI / python 3.13	UNKNOWN STEP	2026-09-11T15:24:05.7242356Z ^[[36;1m    python -c \^[[0m
Python CI / python 3.13	UNKNOWN STEP	2026-09-11T15:24:05.7243849Z ^[[36;1m      'import os, shlex; print(*shlex.split(os.getenv("PYTEST_ARGS", "")), sep="\n")'^[[0m
Python CI / python 3.13	UNKNOWN STEP	2026-09-11T15:24:05.7244866Z ^[[36;1m  )^[[0m
Python CI / python 3.13	UNKNOWN STEP	2026-09-11T15:24:05.7245604Z ^[[36;1m  if [ ${#extra_args[@]} -gt 0 ]; then^[[0m
Python CI / python 3.13	UNKNOWN STEP	2026-09-11T15:24:05.7246506Z ^[[36;1m    args+=("${extra_args[@]}")^[[0m
Python CI / python 3.13	UNKNOWN STEP	2026-09-11T15:24:05.7247271Z ^[[36;1m  fi^[[0m
Python CI / python 3.13	UNKNOWN STEP	2026-09-11T15:24:05.7247927Z ^[[36;1mfi^[[0m
Python CI / python 3.13	UNKNOWN STEP	2026-09-11T15:24:05.7248669Z ^[[36;1mif python -c "import xdist" 2>/dev/null; then^[[0m
Python CI / python 3.13	UNKNOWN STEP	2026-09-11T15:24:05.7249607Z ^[[36;1m  args+=("-n" "auto" "--dist=loadgroup")^[[0m
Python CI / python 3.13	UNKNOWN STEP	2026-09-11T15:24:05.7250634Z ^[[36;1m  echo "Running tests in parallel with pytest-xdist (loadgroup scheduler)..."^[[0m
Python CI / python 3.13	UNKNOWN STEP	2026-09-11T15:24:05.7251613Z ^[[36;1mfi^[[0m
Python CI / python 3.13	UNKNOWN STEP	2026-09-11T15:24:05.7252301Z ^[[36;1mpytest "${args[@]}"^[[0m
Python CI / python 3.13	UNKNOWN STEP	2026-09-11T15:24:05.7290487Z shell: /usr/bin/bash --noprofile --norc -e -o pipefail {0}
Python CI / python 3.13	UNKNOWN STEP	2026-09-11T15:24:05.7291445Z env:
Python CI / python 3.13	UNKNOWN STEP	2026-09-11T15:24:05.7292119Z   WORKDIR: .
Python CI / python 3.13	UNKNOWN STEP	2026-09-11T15:24:05.7293390Z   WORKSPACE_ROOT: /home/runner/work/Trend_Model_Project/Trend_Model_Project
Python CI / python 3.13	UNKNOWN STEP	2026-09-11T15:24:05.7294638Z   PROJECT_ROOT: /home/runner/work/Trend_Model_Project/Trend_Model_Project
Python CI / python 3.13	UNKNOWN STEP	2026-09-11T15:24:05.7295869Z   pythonLocation: /opt/hostedtoolcache/Python/3.13.15/x64
Python CI / python 3.13	UNKNOWN STEP	2026-09-11T15:24:05.7297037Z   PKG_CONFIG_PATH: /opt/hostedtoolcache/Python/3.13.15/x64/lib/pkgconfig
Python CI / python 3.13	UNKNOWN STEP	2026-09-11T15:24:05.7298128Z   Python_ROOT_DIR: /opt/hostedtoolcache/Python/3.13.15/x64
Python CI / python 3.13	UNKNOWN STEP	2026-09-11T15:24:05.7299212Z   Python2_ROOT_DIR: /opt/hostedtoolcache/Python/3.13.15/x64
Python CI / python 3.13	UNKNOWN STEP	2026-09-11T15:24:05.7300264Z   Python3_ROOT_DIR: /opt/hostedtoolcache/Python/3.13.15/x64
Python CI / python 3.13	UNKNOWN STEP	2026-09-11T15:24:05.7301364Z   LD_LIBRARY_PATH: /opt/hostedtoolcache/Python/3.13.15/x64/lib
Python CI / python 3.13	UNKNOWN STEP	2026-09-11T15:24:05.7302322Z   PYTEST_MARKERS: 
Python CI / python 3.13	UNKNOWN STEP	2026-09-11T15:24:05.7303015Z   PYTEST_ARGS: 
Python CI / python 3.13	UNKNOWN STEP	2026-09-11T15:24:05.7304132Z   COVERAGE_ENABLED: true
Python CI / python 3.13	UNKNOWN STEP	2026-09-11T15:24:05.7305128Z   PYTHONPATH: /home/runner/work/Trend_Model_Project/Trend_Model_Project/.
Python CI / python 3.13	UNKNOWN STEP	2026-09-11T15:24:05.7306113Z ##[endgroup]
Python CI / python 3.13	UNKNOWN STEP	2026-09-11T15:24:05.8905625Z Running tests in parallel with pytest-xdist (loadgroup scheduler)...
Python CI / python 3.13	UNKNOWN STEP	2026-09-11T15:24:52.6616352Z ============================= test session starts ==============================
Python CI / python 3.13	UNKNOWN STEP	2026-09-11T15:24:52.6617868Z platform linux -- Python 3.13.15, pytest-9.1.1, pluggy-1.6.0
Python CI / python 3.13	UNKNOWN STEP	2026-09-11T15:24:52.6619207Z rootdir: /home/runner/work/Trend_Model_Project/Trend_Model_Project
Python CI / python 3.13	UNKNOWN STEP	2026-09-11T15:24:52.6621106Z configfile: pytest.ini (WARNING: ignoring pytest config in pyproject.toml!)
Python CI / python 3.13	UNKNOWN STEP	2026-09-11T15:24:52.6623713Z plugins: typeguard-4.5.1, hypothesis-6.155.7, cov-7.1.0, langsmith-0.10.9, anyio-4.13.0, datadir-1.8.0, rerunfailures-16.3, regressions-2.11.0, xdist-3.8.0
Python CI / python 3.13	UNKNOWN STEP	2026-09-11T15:24:52.6627028Z created: 1/1 worker
Python CI / python 3.13	UNKNOWN STEP	2026-09-11T15:24:52.6628003Z 1 worker [5941 items]
Python CI / python 3.13	UNKNOWN STEP	2026-09-11T15:24:52.6628487Z 
Python CI / python 3.13	UNKNOWN STEP	2026-09-11T15:25:01.1598014Z ........................................................................ [  1%]
Python CI / python 3.13	UNKNOWN STEP	2026-09-11T15:25:01.9086848Z ........................................................................ [  2%]
Python CI / python 3.13	UNKNOWN STEP	2026-09-11T15:25:02.6033349Z ........................................................................ [  3%]
Python CI / python 3.13	UNKNOWN STEP	2026-09-11T15:25:04.1474790Z ........................................................................ [  4%]
Python CI / python 3.13	UNKNOWN STEP	2026-09-11T15:25:32.1976072Z .....................s.................................................. [  6%]
Python CI / python 3.13	UNKNOWN STEP	2026-09-11T15:25:40.1715901Z ......................s................................................. [  7%]
Python CI / python 3.13	UNKNOWN STEP	2026-09-11T15:26:21.2452035Z ...............s........................................................ [  8%]
Python CI / python 3.13	UNKNOWN STEP	2026-09-11T15:26:25.9035373Z ........................................................................ [  9%]
Python CI / python 3.13	UNKNOWN STEP	2026-09-11T15:26:27.8160049Z ........................................................................ [ 10%]
Python CI / python 3.13	UNKNOWN STEP	2026-09-11T15:26:30.5536146Z ........................................................................ [ 12%]
Python CI / python 3.13	UNKNOWN STEP	2026-09-11T15:26:35.3939659Z ........................................................................ [ 13%]
Python CI / python 3.13	UNKNOWN STEP	2026-09-11T15:26:36.4847009Z ........................................................................ [ 14%]
Python CI / python 3.13	UNKNOWN STEP	2026-09-11T15:26:43.3928153Z ........................................................................ [ 15%]
Python CI / python 3.13	UNKNOWN STEP	2026-09-11T15:26:54.9903699Z ........................................................................ [ 16%]
Python CI / python 3.13	UNKNOWN STEP	2026-09-11T15:26:55.9880949Z ........................................................................ [ 18%]
Python CI / python 3.13	UNKNOWN STEP	2026-09-11T15:26:59.2855846Z ........................................................................ [ 19%]
Python CI / python 3.13	UNKNOWN STEP	2026-09-11T15:27:01.9198848Z ........................................................................ [ 20%]
Python CI / python 3.13	UNKNOWN STEP	2026-09-11T15:27:06.5435769Z ........................................................................ [ 21%]
Python CI / python 3.13	UNKNOWN STEP	2026-09-11T15:27:14.2672189Z ........................................................................ [ 23%]
Python CI / python 3.13	UNKNOWN STEP	2026-09-11T15:27:15.8642629Z ........................................................................ [ 24%]
Python CI / python 3.13	UNKNOWN STEP	2026-09-11T15:27:17.6469667Z ........................................................................ [ 25%]
Python CI / python 3.13	UNKNOWN STEP	2026-09-11T15:28:00.3062471Z .......s................................................................ [ 26%]
Python CI / python 3.13	UNKNOWN STEP	2026-09-11T15:28:01.7084647Z ........................................................................ [ 27%]
Python CI / python 3.13	UNKNOWN STEP	2026-09-11T15:28:02.3066889Z ........................................................................ [ 29%]
Python CI / python 3.13	UNKNOWN STEP	2026-09-11T15:28:02.8829176Z ........................................................................ [ 30%]
Python CI / python 3.13	UNKNOWN STEP	2026-09-11T15:28:03.6797678Z ........................................................................ [ 31%]
Python CI / python 3.13	UNKNOWN STEP	2026-09-11T15:28:05.0721417Z ........................................................................ [ 32%]
Python CI / python 3.13	UNKNOWN STEP	2026-09-11T15:28:09.4924024Z ........................................................................ [ 33%]
Python CI / python 3.13	UNKNOWN STEP	2026-09-11T15:28:11.8449221Z ........................................................................ [ 35%]
Python CI / python 3.13	UNKNOWN STEP	2026-09-11T15:28:12.6349579Z ........................................................................ [ 36%]
Python CI / python 3.13	UNKNOWN STEP	2026-09-11T15:28:13.7968332Z ........................................................................ [ 37%]
Python CI / python 3.13	UNKNOWN STEP	2026-09-11T15:28:39.7307036Z ........................................................................ [ 38%]
Python CI / python 3.13	UNKNOWN STEP	2026-09-11T15:28:52.2946712Z ........................................................................ [ 39%]
Python CI / python 3.13	UNKNOWN STEP	2026-09-11T15:28:59.9689589Z ........................................................................ [ 41%]
Python CI / python 3.13	UNKNOWN STEP	2026-09-11T15:29:01.0855236Z ........................................................................ [ 42%]
Python CI / python 3.13	UNKNOWN STEP	2026-09-11T15:29:02.5301943Z ........................................................................ [ 43%]
Python CI / python 3.13	UNKNOWN STEP	2026-09-11T15:29:21.6772356Z ........................................................................ [ 44%]
Python CI / python 3.13	UNKNOWN STEP	2026-09-11T15:29:51.2593844Z ........................................................................ [ 46%]
Python CI / python 3.13	UNKNOWN STEP	2026-09-11T15:29:52.2356008Z .................................................s...................... [ 47%]
Python CI / python 3.13	UNKNOWN STEP	2026-09-11T15:29:53.2737629Z ........................................................................ [ 48%]
Python CI / python 3.13	UNKNOWN STEP	2026-09-11T15:29:54.7035650Z ........................................................................ [ 49%]
Python CI / python 3.13	UNKNOWN STEP	2026-09-11T15:29:56.9371405Z ........................................................................ [ 50%]
Python CI / python 3.13	UNKNOWN STEP	2026-09-11T15:30:01.8826760Z ........................................................................ [ 52%]
Python CI / python 3.13	UNKNOWN STEP	2026-09-11T15:30:19.7730335Z ........................................................................ [ 53%]
Python CI / python 3.13	UNKNOWN STEP	2026-09-11T15:30:25.3549001Z ........................................................................ [ 54%]
Python CI / python 3.13	UNKNOWN STEP	2026-09-11T15:30:26.0702200Z ........................................................................ [ 55%]
Python CI / python 3.13	UNKNOWN STEP	2026-09-11T15:30:26.8686348Z ........................................................................ [ 56%]
Python CI / python 3.13	UNKNOWN STEP	2026-09-11T15:30:33.4724894Z ........................................................................ [ 58%]
Python CI / python 3.13	UNKNOWN STEP	2026-09-11T15:30:35.9062642Z ........................................................................ [ 59%]
Python CI / python 3.13	UNKNOWN STEP	2026-09-11T15:30:46.5707910Z ........................................................................ [ 60%]
Python CI / python 3.13	UNKNOWN STEP	2026-09-11T15:30:49.0329196Z ........................................................................ [ 61%]
Python CI / python 3.13	UNKNOWN STEP	2026-09-11T15:30:49.9449330Z ........................................................................ [ 63%]
Python CI / python 3.13	UNKNOWN STEP	2026-09-11T15:30:53.4071644Z ........................................................................ [ 64%]
Python CI / python 3.13	UNKNOWN STEP	2026-09-11T15:30:54.7857150Z ........................................................................ [ 65%]
Python CI / python 3.13	UNKNOWN STEP	2026-09-11T15:30:55.8205635Z ........................................................................ [ 66%]
Python CI / python 3.13	UNKNOWN STEP	2026-09-11T15:30:57.4279549Z ........................................................................ [ 67%]
Python CI / python 3.13	UNKNOWN STEP	2026-09-11T15:30:59.1798346Z ........................................................................ [ 69%]
Python CI / python 3.13	UNKNOWN STEP	2026-09-11T15:31:05.2277958Z ........................................................................ [ 70%]
Python CI / python 3.13	UNKNOWN STEP	2026-09-11T15:31:38.5005495Z ........................................................................ [ 71%]
Python CI / python 3.13	UNKNOWN STEP	2026-09-11T15:31:42.7175599Z ........................................................................ [ 72%]
Python CI / python 3.13	UNKNOWN STEP	2026-09-11T15:31:51.7035788Z ........................................................................ [ 73%]
Python CI / python 3.13	UNKNOWN STEP	2026-09-11T15:31:54.7075185Z ........................................................................ [ 75%]
Python CI / python 3.13	UNKNOWN STEP	2026-09-11T15:31:55.7829552Z ........................................................................ [ 76%]
Python CI / python 3.13	UNKNOWN STEP	2026-09-11T15:31:56.8195545Z ........................................................................ [ 77%]
Python CI / python 3.13	UNKNOWN STEP	2026-09-11T15:31:58.4830777Z ........................................................................ [ 78%]
Python CI / python 3.13	UNKNOWN STEP	2026-09-11T15:32:01.0185956Z ........................................................................ [ 79%]
Python CI / python 3.13	UNKNOWN STEP	2026-09-11T15:32:04.2957995Z ........................................................................ [ 81%]
Python CI / python 3.13	UNKNOWN STEP	2026-09-11T15:32:06.0226101Z ........................................................................ [ 82%]
Python CI / python 3.13	UNKNOWN STEP	2026-09-11T15:32:12.2100431Z ........................................................................ [ 83%]
Python CI / python 3.13	UNKNOWN STEP	2026-09-11T15:32:13.3398066Z ........................................................................ [ 84%]
Python CI / python 3.13	UNKNOWN STEP	2026-09-11T15:32:14.3171058Z ........................................................................ [ 86%]
Python CI / python 3.13	UNKNOWN STEP	2026-09-11T15:32:39.4566344Z ........................................................................ [ 87%]
Python CI / python 3.13	UNKNOWN STEP	2026-09-11T15:32:41.8774369Z ........................................................................ [ 88%]
Python CI / python 3.13	UNKNOWN STEP	2026-09-11T15:32:43.4380348Z ........................................................................ [ 89%]
Python CI / python 3.13	UNKNOWN STEP	2026-09-11T15:32:56.8345562Z ........................................................................ [ 90%]
Python CI / python 3.13	UNKNOWN STEP	2026-09-11T15:32:58.2273358Z ........................................................................ [ 92%]
Python CI / python 3.13	UNKNOWN STEP	2026-09-11T15:33:00.3266667Z ........................................................................ [ 93%]
Python CI / python 3.13	UNKNOWN STEP	2026-09-11T15:33:01.6084326Z ........................................................................ [ 94%]
Python CI / python 3.13	UNKNOWN STEP	2026-09-11T15:33:02.6956749Z ........................................................................ [ 95%]
Python CI / python 3.13	UNKNOWN STEP	2026-09-11T15:33:03.9420344Z ........................................................................ [ 96%]
Python CI / python 3.13	UNKNOWN STEP	2026-09-11T15:33:04.9067122Z ........................................................................ [ 98%]
Python CI / python 3.13	UNKNOWN STEP	2026-09-11T15:33:41.8304951Z ........................................................................ [ 99%]
Python CI / python 3.13	UNKNOWN STEP	2026-09-11T15:34:36.4718490Z ...............................F.....                                    [100%]
Python CI / python 3.13	UNKNOWN STEP	2026-09-11T15:34:36.4719872Z =================================== FAILURES ===================================
Python CI / python 3.13	UNKNOWN STEP	2026-09-11T15:34:36.4721307Z ___________ test_keepalive_sync_detects_head_change_without_actions ____________
Python CI / python 3.13	UNKNOWN STEP	2026-09-11T15:34:36.4722852Z [gw0] linux -- Python 3.13.15 /opt/hostedtoolcache/Python/3.13.15/x64/bin/python
Python CI / python 3.13	UNKNOWN STEP	2026-09-11T15:34:36.4723930Z 
Python CI / python 3.13	UNKNOWN STEP	2026-09-11T15:34:36.4724596Z     def test_keepalive_sync_detects_head_change_without_actions() -> None:
Python CI / python 3.13	UNKNOWN STEP	2026-09-11T15:34:36.4726311Z         data = _run_scenario("head_change")
Python CI / python 3.13	UNKNOWN STEP	2026-09-11T15:34:36.4727197Z         events = data["events"]
Python CI / python 3.13	UNKNOWN STEP	2026-09-11T15:34:36.4727994Z         outputs = data["outputs"]
Python CI / python 3.13	UNKNOWN STEP	2026-09-11T15:34:36.4728776Z         assert events["dispatches"] == []
Python CI / python 3.13	UNKNOWN STEP	2026-09-11T15:34:36.4729798Z         state_comments, other_comments = _partition_comments(events)
Python CI / python 3.13	UNKNOWN STEP	2026-09-11T15:34:36.4730771Z         assert len(state_comments) == 1
Python CI / python 3.13	UNKNOWN STEP	2026-09-11T15:34:36.4731570Z         assert other_comments == []
Python CI / python 3.13	UNKNOWN STEP	2026-09-11T15:34:36.4732340Z         table = _summary_table(data)
Python CI / python 3.13	UNKNOWN STEP	2026-09-11T15:34:36.4733794Z >       assert any(row[0] == "Initial poll" and "Branch advanced" in row[1] for row in table)
Python CI / python 3.13	UNKNOWN STEP	2026-09-11T15:34:36.4734878Z E       assert False
Python CI / python 3.13	UNKNOWN STEP	2026-09-11T15:34:36.4736521Z E        +  where False = any(<generator object test_keepalive_sync_detects_head_change_without_actions.<locals>.<genexpr> at 0x7f27a486e400>)
Python CI / python 3.13	UNKNOWN STEP	2026-09-11T15:34:36.4737681Z 
Python CI / python 3.13	UNKNOWN STEP	2026-09-11T15:34:36.4738287Z tests/workflows/test_keepalive_post_work.py:66: AssertionError
Python CI / python 3.13	UNKNOWN STEP	2026-09-11T15:34:36.4739543Z =============================== warnings summary ===============================
Python CI / python 3.13	UNKNOWN STEP	2026-09-11T15:34:36.4740540Z scripts/test_settings_wiring.py:403
Python CI / python 3.13	UNKNOWN STEP	2026-09-11T15:34:36.4742900Z   /home/runner/work/Trend_Model_Project/Trend_Model_Project/scripts/test_settings_wiring.py:403: PytestCollectionWarning: cannot collect test class 'TestResult' because it has a __init__ constructor (from: scripts/test_settings_wiring.py)
Python CI / python 3.13	UNKNOWN STEP	2026-09-11T15:34:36.4745176Z     @dataclass
Python CI / python 3.13	UNKNOWN STEP	2026-09-11T15:34:36.4745508Z 
Python CI / python 3.13	UNKNOWN STEP	2026-09-11T15:34:36.4745972Z tests/baseline/test_coverage_manifest.py: 1 warning
Python CI / python 3.13	UNKNOWN STEP	2026-09-11T15:34:36.4746928Z tests/baseline/test_directional.py: 16 warnings
Python CI / python 3.13	UNKNOWN STEP	2026-09-11T15:34:36.4747810Z tests/baseline/test_golden.py: 8 warnings
Python CI / python 3.13	UNKNOWN STEP	2026-09-11T15:34:36.4748681Z tests/baseline/test_invariants.py: 8 warnings
Python CI / python 3.13	UNKNOWN STEP	2026-09-11T15:34:36.4749555Z tests/baseline/test_wiring.py: 6 warnings
Python CI / python 3.13	UNKNOWN STEP	2026-09-11T15:34:36.4750377Z tests/test_analysis_fleet.py: 1 warning
Python CI / python 3.13	UNKNOWN STEP	2026-09-11T15:34:36.4753416Z   /home/runner/work/Trend_Model_Project/Trend_Model_Project/src/trend_analysis/config/coverage.py:181: PydanticDeprecatedSince211: Accessing the 'model_fields' attribute on the instance is deprecated. Instead, you should access this attribute from the model class. Deprecated in Pydantic V2.11 to be removed in V3.0.
Python CI / python 3.13	UNKNOWN STEP	2026-09-11T15:34:36.4756557Z     fields = getattr(cfg, "model_fields", None) or getattr(cfg, "__fields__", None)
Python CI / python 3.13	UNKNOWN STEP	2026-09-11T15:34:36.4757278Z 
Python CI / python 3.13	UNKNOWN STEP	2026-09-11T15:34:36.4757741Z tests/baseline/test_coverage_manifest.py: 1 warning
Python CI / python 3.13	UNKNOWN STEP	2026-09-11T15:34:36.4758668Z tests/baseline/test_directional.py: 16 warnings
Python CI / python 3.13	UNKNOWN STEP	2026-09-11T15:34:36.4759537Z tests/baseline/test_golden.py: 8 warnings
Python CI / python 3.13	UNKNOWN STEP	2026-09-11T15:34:36.4760394Z tests/baseline/test_invariants.py: 8 warnings
Python CI / python 3.13	UNKNOWN STEP	2026-09-11T15:34:36.4761371Z tests/baseline/test_rank_fund_count_limits.py: 16 warnings
Python CI / python 3.13	UNKNOWN STEP	2026-09-11T15:34:36.4762294Z tests/baseline/test_wiring.py: 6 warnings
Python CI / python 3.13	UNKNOWN STEP	2026-09-11T15:34:36.4763357Z tests/monte_carlo/test_cash_handling.py: 3 warnings
Python CI / python 3.13	UNKNOWN STEP	2026-09-11T15:34:36.4764269Z tests/monte_carlo/test_runner.py: 85 warnings
Python CI / python 3.13	UNKNOWN STEP	2026-09-11T15:34:36.4765324Z tests/monte_carlo/test_runner_path_window_alignment.py: 6 warnings
Python CI / python 3.13	UNKNOWN STEP	2026-09-11T15:34:36.4766525Z tests/monte_carlo/test_runner_turnover_diagnostics.py: 2 warnings
Python CI / python 3.13	UNKNOWN STEP	2026-09-11T15:34:36.4767552Z tests/smoke/test_pipeline_smoke.py: 1 warning
Python CI / python 3.13	UNKNOWN STEP	2026-09-11T15:34:36.4768418Z tests/test_analysis_fleet.py: 4 warnings
Python CI / python 3.13	UNKNOWN STEP	2026-09-11T15:34:36.4769255Z tests/test_api_run_simulation.py: 13 warnings
Python CI / python 3.13	UNKNOWN STEP	2026-09-11T15:34:36.4770151Z tests/test_api_signal_settings.py: 4 warnings
Python CI / python 3.13	UNKNOWN STEP	2026-09-11T15:34:36.4770996Z tests/test_avgcorr_export.py: 2 warnings
Python CI / python 3.13	UNKNOWN STEP	2026-09-11T15:34:36.4771870Z tests/test_buy_and_hold_selection.py: 36 warnings
Python CI / python 3.13	UNKNOWN STEP	2026-09-11T15:34:36.4772744Z tests/test_cli_api_golden_master.py: 3 warnings
Python CI / python 3.13	UNKNOWN STEP	2026-09-11T15:34:36.4773751Z tests/test_constants.py: 1 warning
Python CI / python 3.13	UNKNOWN STEP	2026-09-11T15:34:36.4774588Z tests/test_engine_incremental_cov.py: 28 warnings
Python CI / python 3.13	UNKNOWN STEP	2026-09-11T15:34:36.4775537Z tests/test_entrypoint_contract_parity.py: 10 warnings
Python CI / python 3.13	UNKNOWN STEP	2026-09-11T15:34:36.4776453Z tests/test_logging_integration.py: 1 warning
Python CI / python 3.13	UNKNOWN STEP	2026-09-11T15:34:36.4777539Z tests/test_monthly_cost_documented.py: 2 warnings
Python CI / python 3.13	UNKNOWN STEP	2026-09-11T15:34:36.4778567Z tests/test_multi_period_engine_turnover_regression.py: 4 warnings
Python CI / python 3.13	UNKNOWN STEP	2026-09-11T15:34:36.4779588Z tests/test_multi_period_export.py: 34 warnings
Python CI / python 3.13	UNKNOWN STEP	2026-09-11T15:34:36.4780472Z tests/test_multi_period_regime_wiring.py: 4 warnings
Python CI / python 3.13	UNKNOWN STEP	2026-09-11T15:34:36.4781438Z tests/test_multi_period_selection.py: 15 warnings
Python CI / python 3.13	UNKNOWN STEP	2026-09-11T15:34:36.4782323Z tests/test_na_as_zero_policy.py: 2 warnings
Python CI / python 3.13	UNKNOWN STEP	2026-09-11T15:34:36.4783380Z tests/test_optional_notebook_deps.py: 1 warning
Python CI / python 3.13	UNKNOWN STEP	2026-09-11T15:34:36.4784225Z tests/test_pipeline.py: 16 warnings
Python CI / python 3.13	UNKNOWN STEP	2026-09-11T15:34:36.4785081Z tests/test_pipeline_branch_coverage.py: 2 warnings
Python CI / python 3.13	UNKNOWN STEP	2026-09-11T15:34:36.4786024Z tests/test_pipeline_calendar_alignment.py: 1 warning
Python CI / python 3.13	UNKNOWN STEP	2026-09-11T15:34:36.4787044Z tests/test_pipeline_constraints_integration.py: 7 warnings
Python CI / python 3.13	UNKNOWN STEP	2026-09-11T15:34:36.4788067Z tests/test_pipeline_helpers_additional.py: 8 warnings
Python CI / python 3.13	UNKNOWN STEP	2026-09-11T15:34:36.4788991Z tests/test_pipeline_indices.py: 3 warnings
Python CI / python 3.13	UNKNOWN STEP	2026-09-11T15:34:36.4789893Z tests/test_pipeline_integration_direct.py: 9 warnings
Python CI / python 3.13	UNKNOWN STEP	2026-09-11T15:34:36.4790837Z tests/test_pipeline_optional_features.py: 29 warnings
Python CI / python 3.13	UNKNOWN STEP	2026-09-11T15:34:36.4791799Z tests/test_pipeline_run_analysis_helpers.py: 1 warning
Python CI / python 3.13	UNKNOWN STEP	2026-09-11T15:34:36.4792816Z tests/test_pipeline_run_cache_fallbacks.py: 2 warnings
Python CI / python 3.13	UNKNOWN STEP	2026-09-11T15:34:36.4793974Z tests/test_pipeline_stage_isolation.py: 4 warnings
Python CI / python 3.13	UNKNOWN STEP	2026-09-11T15:34:36.4794891Z tests/test_pipeline_warmup_autofix.py: 2 warnings
Python CI / python 3.13	UNKNOWN STEP	2026-09-11T15:34:36.4795748Z tests/test_rank_selection.py: 2 warnings
Python CI / python 3.13	UNKNOWN STEP	2026-09-11T15:34:36.4796709Z tests/test_rebalance_frequency_wiring.py: 2 warnings
Python CI / python 3.13	UNKNOWN STEP	2026-09-11T15:34:36.4797582Z tests/test_rf_handling.py: 6 warnings
Python CI / python 3.13	UNKNOWN STEP	2026-09-11T15:34:36.4798478Z tests/test_robust_weighting_integration.py: 6 warnings
Python CI / python 3.13	UNKNOWN STEP	2026-09-11T15:34:36.4799363Z tests/test_run_analysis.py: 7 warnings
Python CI / python 3.13	UNKNOWN STEP	2026-09-11T15:34:36.4800195Z tests/test_run_envelope_schema.py: 9 warnings
Python CI / python 3.13	UNKNOWN STEP	2026-09-11T15:34:36.4801023Z tests/test_run_full.py: 4 warnings
Python CI / python 3.13	UNKNOWN STEP	2026-09-11T15:34:36.4801844Z tests/test_single_period_costs.py: 3 warnings
Python CI / python 3.13	UNKNOWN STEP	2026-09-11T15:34:36.4802696Z tests/test_streamlit_demo_runner.py: 1 warning
Python CI / python 3.13	UNKNOWN STEP	2026-09-11T15:34:36.4803750Z tests/test_streamlit_smoke_ci.py: 2 warnings
Python CI / python 3.13	UNKNOWN STEP	2026-09-11T15:34:36.4804682Z tests/test_transaction_costs_and_turnover.py: 8 warnings
Python CI / python 3.13	UNKNOWN STEP	2026-09-11T15:34:36.4805840Z tests/test_unified_api_integration.py: 3 warnings
Python CI / python 3.13	UNKNOWN STEP	2026-09-11T15:34:36.4806753Z tests/test_vol_floor_and_warmup.py: 4 warnings
Python CI / python 3.13	UNKNOWN STEP	2026-09-11T15:34:36.4807627Z tests/test_vol_target_contract.py: 4 warnings
Python CI / python 3.13	UNKNOWN STEP	2026-09-11T15:34:36.4808543Z tests/test_volatility_settings_wiring.py: 90 warnings
Python CI / python 3.13	UNKNOWN STEP	2026-09-11T15:34:36.4809475Z tests/test_weight_engine_logging.py: 6 warnings
Python CI / python 3.13	UNKNOWN STEP	2026-09-11T15:34:36.4812503Z   /home/runner/work/Trend_Model_Project/Trend_Model_Project/src/trend_analysis/stages/portfolio.py:880: Pandas4Warning: The copy keyword is deprecated and will be removed in a future version. Copy-on-Write is active in pandas since 3.0 which utilizes a lazy copy mechanism that defers copies until necessary. Use .copy() to make an eager copy if necessary.
Python CI / python 3.13	UNKNOWN STEP	2026-09-11T15:34:36.4815474Z     "User": out_user.astype(float, copy=False),
Python CI / python 3.13	UNKNOWN STEP	2026-09-11T15:34:36.4815948Z 
Python CI / python 3.13	UNKNOWN STEP	2026-09-11T15:34:36.4816391Z tests/baseline/test_coverage_manifest.py: 1 warning
Python CI / python 3.13	UNKNOWN STEP	2026-09-11T15:34:36.4817294Z tests/baseline/test_directional.py: 16 warnings
Python CI / python 3.13	UNKNOWN STEP	2026-09-11T15:34:36.4818135Z tests/baseline/test_golden.py: 8 warnings
Python CI / python 3.13	UNKNOWN STEP	2026-09-11T15:34:36.4818966Z tests/baseline/test_invariants.py: 8 warnings
Python CI / python 3.13	UNKNOWN STEP	2026-09-11T15:34:36.4819903Z tests/baseline/test_rank_fund_count_limits.py: 16 warnings
Python CI / python 3.13	UNKNOWN STEP	2026-09-11T15:34:36.4820812Z tests/baseline/test_wiring.py: 6 warnings
Python CI / python 3.13	UNKNOWN STEP	2026-09-11T15:34:36.4821675Z tests/monte_carlo/test_cash_handling.py: 3 warnings
Python CI / python 3.13	UNKNOWN STEP	2026-09-11T15:34:36.4822558Z tests/monte_carlo/test_runner.py: 85 warnings
Python CI / python 3.13	UNKNOWN STEP	2026-09-11T15:34:36.4823768Z tests/monte_carlo/test_runner_path_window_alignment.py: 6 warnings
Python CI / python 3.13	UNKNOWN STEP	2026-09-11T15:34:36.4824898Z tests/monte_carlo/test_runner_turnover_diagnostics.py: 2 warnings
Python CI / python 3.13	UNKNOWN STEP	2026-09-11T15:34:36.4826046Z tests/smoke/test_pipeline_smoke.py: 1 warning
Python CI / python 3.13	UNKNOWN STEP	2026-09-11T15:34:36.4826878Z tests/test_analysis_fleet.py: 4 warnings
Python CI / python 3.13	UNKNOWN STEP	2026-09-11T15:34:36.4827712Z tests/test_api_run_simulation.py: 13 warnings
Python CI / python 3.13	UNKNOWN STEP	2026-09-11T15:34:36.4828554Z tests/test_api_signal_settings.py: 4 warnings
Python CI / python 3.13	UNKNOWN STEP	2026-09-11T15:34:36.4829384Z tests/test_avgcorr_export.py: 2 warnings
Python CI / python 3.13	UNKNOWN STEP	2026-09-11T15:34:36.4830266Z tests/test_buy_and_hold_selection.py: 36 warnings
Python CI / python 3.13	UNKNOWN STEP	2026-09-11T15:34:36.4831137Z tests/test_cli_api_golden_master.py: 3 warnings
Python CI / python 3.13	UNKNOWN STEP	2026-09-11T15:34:36.4831944Z tests/test_constants.py: 1 warning
Python CI / python 3.13	UNKNOWN STEP	2026-09-11T15:34:36.4832750Z tests/test_engine_incremental_cov.py: 28 warnings
Python CI / python 3.13	UNKNOWN STEP	2026-09-11T15:34:36.4833820Z tests/test_entrypoint_contract_parity.py: 10 warnings
Python CI / python 3.13	UNKNOWN STEP	2026-09-11T15:34:36.4834704Z tests/test_logging_integration.py: 1 warning
Python CI / python 3.13	UNKNOWN STEP	2026-09-11T15:34:36.4835574Z tests/test_monthly_cost_documented.py: 2 warnings
Python CI / python 3.13	UNKNOWN STEP	2026-09-11T15:34:36.4836594Z tests/test_multi_period_engine_turnover_regression.py: 4 warnings
Python CI / python 3.13	UNKNOWN STEP	2026-09-11T15:34:36.4837604Z tests/test_multi_period_export.py: 34 warnings
Python CI / python 3.13	UNKNOWN STEP	2026-09-11T15:34:36.4838543Z tests/test_multi_period_regime_wiring.py: 4 warnings
Python CI / python 3.13	UNKNOWN STEP	2026-09-11T15:34:36.4839482Z tests/test_multi_period_selection.py: 15 warnings
Python CI / python 3.13	UNKNOWN STEP	2026-09-11T15:34:36.4840365Z tests/test_na_as_zero_policy.py: 2 warnings
Python CI / python 3.13	UNKNOWN STEP	2026-09-11T15:34:36.4841185Z tests/test_optional_notebook_deps.py: 1 warning
Python CI / python 3.13	UNKNOWN STEP	2026-09-11T15:34:36.4842016Z tests/test_pipeline.py: 16 warnings
Python CI / python 3.13	UNKNOWN STEP	2026-09-11T15:34:36.4842847Z tests/test_pipeline_branch_coverage.py: 2 warnings
Python CI / python 3.13	UNKNOWN STEP	2026-09-11T15:34:36.4844062Z tests/test_pipeline_calendar_alignment.py: 1 warning
Python CI / python 3.13	UNKNOWN STEP	2026-09-11T15:34:36.4845086Z tests/test_pipeline_constraints_integration.py: 7 warnings
Python CI / python 3.13	UNKNOWN STEP	2026-09-11T15:34:36.4846088Z tests/test_pipeline_helpers_additional.py: 8 warnings
Python CI / python 3.13	UNKNOWN STEP	2026-09-11T15:34:36.4847002Z tests/test_pipeline_indices.py: 3 warnings
Python CI / python 3.13	UNKNOWN STEP	2026-09-11T15:34:36.4847891Z tests/test_pipeline_integration_direct.py: 9 warnings
Python CI / python 3.13	UNKNOWN STEP	2026-09-11T15:34:36.4848833Z tests/test_pipeline_optional_features.py: 29 warnings
Python CI / python 3.13	UNKNOWN STEP	2026-09-11T15:34:36.4849795Z tests/test_pipeline_run_analysis_helpers.py: 1 warning
Python CI / python 3.13	UNKNOWN STEP	2026-09-11T15:34:36.4850756Z tests/test_pipeline_run_cache_fallbacks.py: 2 warnings
Python CI / python 3.13	UNKNOWN STEP	2026-09-11T15:34:36.4851683Z tests/test_pipeline_stage_isolation.py: 4 warnings
Python CI / python 3.13	UNKNOWN STEP	2026-09-11T15:34:36.4852598Z tests/test_pipeline_warmup_autofix.py: 2 warnings
Python CI / python 3.13	UNKNOWN STEP	2026-09-11T15:34:36.4853632Z tests/test_rank_selection.py: 2 warnings
Python CI / python 3.13	UNKNOWN STEP	2026-09-11T15:34:36.4854732Z tests/test_rebalance_frequency_wiring.py: 2 warnings
Python CI / python 3.13	UNKNOWN STEP	2026-09-11T15:34:36.4855621Z tests/test_rf_handling.py: 6 warnings
Python CI / python 3.13	UNKNOWN STEP	2026-09-11T15:34:36.4856551Z tests/test_robust_weighting_integration.py: 6 warnings
Python CI / python 3.13	UNKNOWN STEP	2026-09-11T15:34:36.4857443Z tests/test_run_analysis.py: 7 warnings
Python CI / python 3.13	UNKNOWN STEP	2026-09-11T15:34:36.4858247Z tests/test_run_envelope_schema.py: 9 warnings
Python CI / python 3.13	UNKNOWN STEP	2026-09-11T15:34:36.4859030Z tests/test_run_full.py: 4 warnings
Python CI / python 3.13	UNKNOWN STEP	2026-09-11T15:34:36.4859812Z tests/test_single_period_costs.py: 3 warnings
Python CI / python 3.13	UNKNOWN STEP	2026-09-11T15:34:36.4860648Z tests/test_streamlit_demo_runner.py: 1 warning
Python CI / python 3.13	UNKNOWN STEP	2026-09-11T15:34:36.4861481Z tests/test_streamlit_smoke_ci.py: 2 warnings
Python CI / python 3.13	UNKNOWN STEP	2026-09-11T15:34:36.4862396Z tests/test_transaction_costs_and_turnover.py: 8 warnings
Python CI / python 3.13	UNKNOWN STEP	2026-09-11T15:34:36.4863503Z tests/test_unified_api_integration.py: 3 warnings
Python CI / python 3.13	UNKNOWN STEP	2026-09-11T15:34:36.4864361Z tests/test_vol_floor_and_warmup.py: 4 warnings
Python CI / python 3.13	UNKNOWN STEP	2026-09-11T15:34:36.4865196Z tests/test_vol_target_contract.py: 4 warnings
Python CI / python 3.13	UNKNOWN STEP	2026-09-11T15:34:36.4866091Z tests/test_volatility_settings_wiring.py: 90 warnings
Python CI / python 3.13	UNKNOWN STEP	2026-09-11T15:34:36.4867002Z tests/test_weight_engine_logging.py: 6 warnings
Python CI / python 3.13	UNKNOWN STEP	2026-09-11T15:34:36.4870126Z   /home/runner/work/Trend_Model_Project/Trend_Model_Project/src/trend_analysis/stages/portfolio.py:881: Pandas4Warning: The copy keyword is deprecated and will be removed in a future version. Copy-on-Write is active in pandas since 3.0 which utilizes a lazy copy mechanism that defers copies until necessary. Use .copy() to make an eager copy if necessary.
Python CI / python 3.13	UNKNOWN STEP	2026-09-11T15:34:36.4873007Z     "Equal-Weight": out_ew.astype(float, copy=False),
Python CI / python 3.13	UNKNOWN STEP	2026-09-11T15:34:36.4873698Z 
Python CI / python 3.13	UNKNOWN STEP	2026-09-11T15:34:36.4874152Z tests/baseline/test_coverage_manifest.py: 1 warning
Python CI / python 3.13	UNKNOWN STEP	2026-09-11T15:34:36.4875236Z tests/baseline/test_directional.py: 16 warnings
Python CI / python 3.13	UNKNOWN STEP	2026-09-11T15:34:36.4876070Z tests/baseline/test_golden.py: 8 warnings
Python CI / python 3.13	UNKNOWN STEP	2026-09-11T15:34:36.4876893Z tests/baseline/test_invariants.py: 8 warnings
Python CI / python 3.13	UNKNOWN STEP	2026-09-11T15:34:36.4877817Z tests/baseline/test_rank_fund_count_limits.py: 16 warnings
Python CI / python 3.13	UNKNOWN STEP	2026-09-11T15:34:36.4878742Z tests/baseline/test_wiring.py: 6 warnings
Python CI / python 3.13	UNKNOWN STEP	2026-09-11T15:34:36.4879619Z tests/monte_carlo/test_cash_handling.py: 3 warnings
Python CI / python 3.13	UNKNOWN STEP	2026-09-11T15:34:36.4880506Z tests/monte_carlo/test_runner.py: 85 warnings
Python CI / python 3.13	UNKNOWN STEP	2026-09-11T15:34:36.4881519Z tests/monte_carlo/test_runner_path_window_alignment.py: 6 warnings
Python CI / python 3.13	UNKNOWN STEP	2026-09-11T15:34:36.4882680Z tests/monte_carlo/test_runner_turnover_diagnostics.py: 2 warnings
Python CI / python 3.13	UNKNOWN STEP	2026-09-11T15:34:36.4883856Z tests/smoke/test_pipeline_smoke.py: 1 warning
Python CI / python 3.13	UNKNOWN STEP	2026-09-11T15:34:36.4884705Z tests/test_analysis_fleet.py: 4 warnings
Python CI / python 3.13	UNKNOWN STEP	2026-09-11T15:34:36.4885561Z tests/test_api_run_simulation.py: 13 warnings
Python CI / python 3.13	UNKNOWN STEP	2026-09-11T15:34:36.4886412Z tests/test_api_signal_settings.py: 4 warnings
Python CI / python 3.13	UNKNOWN STEP	2026-09-11T15:34:36.4887267Z tests/test_avgcorr_export.py: 2 warnings
Python CI / python 3.13	UNKNOWN STEP	2026-09-11T15:34:36.4888148Z tests/test_buy_and_hold_selection.py: 36 warnings
Python CI / python 3.13	UNKNOWN STEP	2026-09-11T15:34:36.4889025Z tests/test_cli_api_golden_master.py: 3 warnings
Python CI / python 3.13	UNKNOWN STEP	2026-09-11T15:34:36.4889851Z tests/test_constants.py: 1 warning
Python CI / python 3.13	UNKNOWN STEP	2026-09-11T15:34:36.4890682Z tests/test_engine_incremental_cov.py: 28 warnings
Python CI / python 3.13	UNKNOWN STEP	2026-09-11T15:34:36.4891618Z tests/test_entrypoint_contract_parity.py: 10 warnings
Python CI / python 3.13	UNKNOWN STEP	2026-09-11T15:34:36.4892530Z tests/test_logging_integration.py: 1 warning
Python CI / python 3.13	UNKNOWN STEP	2026-09-11T15:34:36.4893609Z tests/test_monthly_cost_documented.py: 2 warnings
Python CI / python 3.13	UNKNOWN STEP	2026-09-11T15:34:36.4894277Z tests/test_multi_period_engine_turnover_regression.py: 4 warnings
Python CI / python 3.13	UNKNOWN STEP	2026-09-11T15:34:36.4894891Z tests/test_multi_period_export.py: 34 warnings
Python CI / python 3.13	UNKNOWN STEP	2026-09-11T15:34:36.4895453Z tests/test_multi_period_regime_wiring.py: 4 warnings
Python CI / python 3.13	UNKNOWN STEP	2026-09-11T15:34:36.4896011Z tests/test_multi_period_selection.py: 15 warnings
Python CI / python 3.13	UNKNOWN STEP	2026-09-11T15:34:36.4896590Z tests/test_na_as_zero_policy.py: 2 warnings
Python CI / python 3.13	UNKNOWN STEP	2026-09-11T15:34:36.4897148Z tests/test_optional_notebook_deps.py: 1 warning
Python CI / python 3.13	UNKNOWN STEP	2026-09-11T15:34:36.4897660Z tests/test_pipeline.py: 16 warnings
Python CI / python 3.13	UNKNOWN STEP	2026-09-11T15:34:36.4898196Z tests/test_pipeline_branch_coverage.py: 2 warnings
Python CI / python 3.13	UNKNOWN STEP	2026-09-11T15:34:36.4898775Z tests/test_pipeline_calendar_alignment.py: 1 warning
Python CI / python 3.13	UNKNOWN STEP	2026-09-11T15:34:36.4899560Z tests/test_pipeline_constraints_integration.py: 7 warnings
Python CI / python 3.13	UNKNOWN STEP	2026-09-11T15:34:36.4900185Z tests/test_pipeline_helpers_additional.py: 8 warnings
Python CI / python 3.13	UNKNOWN STEP	2026-09-11T15:34:36.4900742Z tests/test_pipeline_indices.py: 3 warnings
Python CI / python 3.13	UNKNOWN STEP	2026-09-11T15:34:36.4901299Z tests/test_pipeline_integration_direct.py: 9 warnings
Python CI / python 3.13	UNKNOWN STEP	2026-09-11T15:34:36.4901885Z tests/test_pipeline_optional_features.py: 29 warnings
Python CI / python 3.13	UNKNOWN STEP	2026-09-11T15:34:36.4902458Z tests/test_pipeline_run_analysis_helpers.py: 1 warning
Python CI / python 3.13	UNKNOWN STEP	2026-09-11T15:34:36.4903185Z tests/test_pipeline_run_cache_fallbacks.py: 2 warnings
Python CI / python 3.13	UNKNOWN STEP	2026-09-11T15:34:36.4903773Z tests/test_pipeline_stage_isolation.py: 4 warnings
Python CI / python 3.13	UNKNOWN STEP	2026-09-11T15:34:36.4904336Z tests/test_pipeline_warmup_autofix.py: 2 warnings
Python CI / python 3.13	UNKNOWN STEP	2026-09-11T15:34:36.4904878Z tests/test_rank_selection.py: 2 warnings
Python CI / python 3.13	UNKNOWN STEP	2026-09-11T15:34:36.4905429Z tests/test_rebalance_frequency_wiring.py: 2 warnings
Python CI / python 3.13	UNKNOWN STEP	2026-09-11T15:34:36.4905953Z tests/test_rf_handling.py: 6 warnings
Python CI / python 3.13	UNKNOWN STEP	2026-09-11T15:34:36.4906509Z tests/test_robust_weighting_integration.py: 6 warnings
Python CI / python 3.13	UNKNOWN STEP	2026-09-11T15:34:36.4907051Z tests/test_run_analysis.py: 7 warnings
Python CI / python 3.13	UNKNOWN STEP	2026-09-11T15:34:36.4907570Z tests/test_run_envelope_schema.py: 9 warnings
Python CI / python 3.13	UNKNOWN STEP	2026-09-11T15:34:36.4908081Z tests/test_run_full.py: 4 warnings
Python CI / python 3.13	UNKNOWN STEP	2026-09-11T15:34:36.4908586Z tests/test_single_period_costs.py: 3 warnings
Python CI / python 3.13	UNKNOWN STEP	2026-09-11T15:34:36.4909119Z tests/test_streamlit_demo_runner.py: 1 warning
Python CI / python 3.13	UNKNOWN STEP	2026-09-11T15:34:36.4909658Z tests/test_streamlit_smoke_ci.py: 2 warnings
Python CI / python 3.13	UNKNOWN STEP	2026-09-11T15:34:36.4910223Z tests/test_transaction_costs_and_turnover.py: 8 warnings
Python CI / python 3.13	UNKNOWN STEP	2026-09-11T15:34:36.4910811Z tests/test_unified_api_integration.py: 3 warnings
Python CI / python 3.13	UNKNOWN STEP	2026-09-11T15:34:36.4911354Z tests/test_vol_floor_and_warmup.py: 4 warnings
Python CI / python 3.13	UNKNOWN STEP	2026-09-11T15:34:36.4911888Z tests/test_vol_target_contract.py: 4 warnings
Python CI / python 3.13	UNKNOWN STEP	2026-09-11T15:34:36.4912569Z tests/test_volatility_settings_wiring.py: 90 warnings
Python CI / python 3.13	UNKNOWN STEP	2026-09-11T15:34:36.4913278Z tests/test_weight_engine_logging.py: 6 warnings
Python CI / python 3.13	UNKNOWN STEP	2026-09-11T15:34:36.4914464Z   /home/runner/work/Trend_Model_Project/Trend_Model_Project/analysis/results.py:86: UserWarning: data file missing: /home/runner/work/Trend_Model_Project/Trend_Model_Project/data/Trend Universe Data.csv
Python CI / python 3.13	UNKNOWN STEP	2026-09-11T15:34:36.4915549Z     warnings.warn(message, UserWarning)
Python CI / python 3.13	UNKNOWN STEP	2026-09-11T15:34:36.4915834Z 
Python CI / python 3.13	UNKNOWN STEP	2026-09-11T15:34:36.4916269Z tests/baseline/test_invariants.py::test_scenario_invariants[max_weight_down]
Python CI / python 3.13	UNKNOWN STEP	2026-09-11T15:34:36.4917551Z   /home/runner/work/Trend_Model_Project/Trend_Model_Project/tests/baseline/test_invariants.py:23: UserWarning: [soft] max_weight_down max_weight_respected: max_weight=0.2000, cap=0.05, n=5, feasible=False
Python CI / python 3.13	UNKNOWN STEP	2026-09-11T15:34:36.4918637Z     assert_invariants(results, context=context)
Python CI / python 3.13	UNKNOWN STEP	2026-09-11T15:34:36.4918932Z 
Python CI / python 3.13	UNKNOWN STEP	2026-09-11T15:34:36.4919241Z tests/baseline/test_rank_fund_count_limits.py: 12 warnings
Python CI / python 3.13	UNKNOWN STEP	2026-09-11T15:34:36.4919813Z tests/test_cost_model_wired.py: 1 warning
Python CI / python 3.13	UNKNOWN STEP	2026-09-11T15:34:36.4920348Z tests/test_engine_incremental_cov.py: 28 warnings
Python CI / python 3.13	UNKNOWN STEP	2026-09-11T15:34:36.4920889Z tests/test_multi_period_engine.py: 1 warning
Python CI / python 3.13	UNKNOWN STEP	2026-09-11T15:34:36.4921463Z tests/test_multi_period_engine_additional.py: 4 warnings
Python CI / python 3.13	UNKNOWN STEP	2026-09-11T15:34:36.4922113Z tests/test_multi_period_engine_branch_completion.py: 3 warnings
Python CI / python 3.13	UNKNOWN STEP	2026-09-11T15:34:36.4922775Z tests/test_multi_period_engine_branch_coverage.py: 1 warning
Python CI / python 3.13	UNKNOWN STEP	2026-09-11T15:34:36.4923520Z tests/test_multi_period_engine_cov_cache.py: 1 warning
Python CI / python 3.13	UNKNOWN STEP	2026-09-11T15:34:36.4924100Z tests/test_multi_period_engine_extended.py: 1 warning
Python CI / python 3.13	UNKNOWN STEP	2026-09-11T15:34:36.4924734Z tests/test_multi_period_engine_helpers_additional.py: 4 warnings
Python CI / python 3.13	UNKNOWN STEP	2026-09-11T15:34:36.4925399Z tests/test_multi_period_engine_incremental_cov.py: 26 warnings
Python CI / python 3.13	UNKNOWN STEP	2026-09-11T15:34:36.4926055Z tests/test_multi_period_engine_incremental_extra.py: 7 warnings
Python CI / python 3.13	UNKNOWN STEP	2026-09-11T15:34:36.4926730Z tests/test_multi_period_engine_incremental_fallback.py: 2 warnings
Python CI / python 3.13	UNKNOWN STEP	2026-09-11T15:34:36.4927397Z tests/test_multi_period_engine_missing_policy.py: 2 warnings
Python CI / python 3.13	UNKNOWN STEP	2026-09-11T15:34:36.4928016Z tests/test_multi_period_engine_price_frames.py: 2 warnings
Python CI / python 3.13	UNKNOWN STEP	2026-09-11T15:34:36.4928660Z tests/test_multi_period_engine_turnover_extended.py: 2 warnings
Python CI / python 3.13	UNKNOWN STEP	2026-09-11T15:34:36.4929484Z tests/test_multi_period_engine_turnover_regression.py: 4 warnings
Python CI / python 3.13	UNKNOWN STEP	2026-09-11T15:34:36.4930115Z tests/test_multi_period_export.py: 34 warnings
Python CI / python 3.13	UNKNOWN STEP	2026-09-11T15:34:36.4930680Z tests/test_multi_period_regime_wiring.py: 4 warnings
Python CI / python 3.13	UNKNOWN STEP	2026-09-11T15:34:36.4931254Z tests/test_multi_period_selection.py: 15 warnings
Python CI / python 3.13	UNKNOWN STEP	2026-09-11T15:34:36.4931842Z tests/test_pipeline_integration_direct.py: 9 warnings
Python CI / python 3.13	UNKNOWN STEP	2026-09-11T15:34:36.4932405Z tests/test_run_envelope_schema.py: 4 warnings
Python CI / python 3.13	UNKNOWN STEP	2026-09-11T15:34:36.4934406Z   /home/runner/work/Trend_Model_Project/Trend_Model_Project/src/trend_analysis/multi_period/engine.py:766: Pandas4Warning: The copy keyword is deprecated and will be removed in a future version. Copy-on-Write is active in pandas since 3.0 which utilizes a lazy copy mechanism that defers copies until necessary. Use .copy() to make an eager copy if necessary.
Python CI / python 3.13	UNKNOWN STEP	2026-09-11T15:34:36.4936115Z     prepared = df.astype(float, copy=True)
Python CI / python 3.13	UNKNOWN STEP	2026-09-11T15:34:36.4936408Z 
Python CI / python 3.13	UNKNOWN STEP	2026-09-11T15:34:36.4936922Z tests/baseline/test_rank_fund_count_limits.py::test_top_pct_rank_n_does_not_cap_percentage_selection
Python CI / python 3.13	UNKNOWN STEP	2026-09-11T15:34:36.4937965Z tests/baseline/test_rank_fund_count_limits.py::test_pipeline_subset_manual_holdings_remain_realised_holdings
Python CI / python 3.13	UNKNOWN STEP	2026-09-11T15:34:36.4939375Z   /home/runner/work/Trend_Model_Project/Trend_Model_Project/src/trend_analysis/stages/selection.py:99: UserWarning: Converting to PeriodArray/Index representation will drop timezone information.
Python CI / python 3.13	UNKNOWN STEP	2026-09-11T15:34:36.4940539Z     idx_me = idx.to_period("M").to_timestamp(how="end").normalize()
Python CI / python 3.13	UNKNOWN STEP	2026-09-11T15:34:36.4940897Z 
Python CI / python 3.13	UNKNOWN STEP	2026-09-11T15:34:36.4941204Z tests/baseline/test_rank_fund_count_limits.py: 25 warnings
Python CI / python 3.13	UNKNOWN STEP	2026-09-11T15:34:36.4941863Z tests/baseline/test_threshold_hold_scenarios.py: 110 warnings
Python CI / python 3.13	UNKNOWN STEP	2026-09-11T15:34:36.4942676Z tests/monte_carlo/test_runner_turnover_diagnostics.py: 8 warnings
Python CI / python 3.13	UNKNOWN STEP	2026-09-11T15:34:36.4943437Z tests/test_buy_and_hold_selection.py: 108 warnings
Python CI / python 3.13	UNKNOWN STEP	2026-09-11T15:34:36.4943980Z tests/test_cost_model_wired.py: 3 warnings
Python CI / python 3.13	UNKNOWN STEP	2026-09-11T15:34:36.4944585Z tests/test_engine_nan_handlers_surface_errors.py: 15 warnings
Python CI / python 3.13	UNKNOWN STEP	2026-09-11T15:34:36.4945199Z tests/test_engine_run_refactor_parity.py: 21 warnings
Python CI / python 3.13	UNKNOWN STEP	2026-09-11T15:34:36.4945790Z tests/test_entrypoint_contract_parity.py: 24 warnings
Python CI / python 3.13	UNKNOWN STEP	2026-09-11T15:34:36.4967213Z tests/test_multi_period_engine_additional.py: 30 warnings
Python CI / python 3.13	UNKNOWN STEP	2026-09-11T15:34:36.4967986Z tests/test_multi_period_engine_branch_coverage.py: 3 warnings
Python CI / python 3.13	UNKNOWN STEP	2026-09-11T15:34:36.4968656Z tests/test_multi_period_engine_branch_new.py: 6 warnings
Python CI / python 3.13	UNKNOWN STEP	2026-09-11T15:34:36.4969336Z tests/test_multi_period_engine_helpers_additional.py: 6 warnings
Python CI / python 3.13	UNKNOWN STEP	2026-09-11T15:34:36.4970001Z tests/test_multi_period_engine_lambda_tc.py: 3 warnings
Python CI / python 3.13	UNKNOWN STEP	2026-09-11T15:34:36.4970679Z tests/test_multi_period_engine_threshold_bounds.py: 12 warnings
Python CI / python 3.13	UNKNOWN STEP	2026-09-11T15:34:36.4971388Z tests/test_multi_period_engine_threshold_edgecases.py: 37 warnings
Python CI / python 3.13	UNKNOWN STEP	2026-09-11T15:34:36.4972127Z tests/test_multi_period_engine_threshold_events_extended.py: 10 warnings
Python CI / python 3.13	UNKNOWN STEP	2026-09-11T15:34:36.4972870Z tests/test_multi_period_engine_turnover_regression.py: 7 warnings
Python CI / python 3.13	UNKNOWN STEP	2026-09-11T15:34:36.4973680Z tests/test_multi_period_exits_cooldown.py: 110 warnings
Python CI / python 3.13	UNKNOWN STEP	2026-09-11T15:34:36.4974330Z tests/test_multi_period_inception_filter.py: 7 warnings
Python CI / python 3.13	UNKNOWN STEP	2026-09-11T15:34:36.4974930Z tests/test_multi_period_sticky_periods.py: 54 warnings
Python CI / python 3.13	UNKNOWN STEP	2026-09-11T15:34:36.4975532Z tests/test_rebalance_frequency_wiring.py: 6 warnings
Python CI / python 3.13	UNKNOWN STEP	2026-09-11T15:34:36.4976115Z tests/test_threshold_hold_alignment.py: 9 warnings
Python CI / python 3.13	UNKNOWN STEP	2026-09-11T15:34:36.4976717Z tests/test_transaction_costs_and_turnover.py: 24 warnings
Python CI / python 3.13	UNKNOWN STEP	2026-09-11T15:34:36.4977341Z tests/test_volatility_settings_wiring.py: 290 warnings
Python CI / python 3.13	UNKNOWN STEP	2026-09-11T15:34:36.4977939Z tests/test_weighting_fallback_surfaced.py: 12 warnings
Python CI / python 3.13	UNKNOWN STEP	2026-09-11T15:34:36.4980053Z   /home/runner/work/Trend_Model_Project/Trend_Model_Project/src/trend_analysis/multi_period/engine.py:982: Pandas4Warning: The copy keyword is deprecated and will be removed in a future version. Copy-on-Write is active in pandas since 3.0 which utilizes a lazy copy mechanism that defers copies until necessary. Use .copy() to make an eager copy if necessary.
Python CI / python 3.13	UNKNOWN STEP	2026-09-11T15:34:36.4981782Z     bounded = weights.astype(float, copy=False)
Python CI / python 3.13	UNKNOWN STEP	2026-09-11T15:34:36.4982101Z 
Python CI / python 3.13	UNKNOWN STEP	2026-09-11T15:34:36.4982498Z tests/baseline/test_wiring.py::test_flag_is_wired[shrinkage_toggle]
Python CI / python 3.13	UNKNOWN STEP	2026-09-11T15:34:36.4983384Z tests/baseline/test_wiring.py::test_flag_is_wired[shrinkage_toggle]
Python CI / python 3.13	UNKNOWN STEP	2026-09-11T15:34:36.4984660Z   /home/runner/work/Trend_Model_Project/Trend_Model_Project/src/trend_analysis/pipeline_helpers.py:520: UserWarning: Converting to PeriodArray/Index representation will drop timezone information.
Python CI / python 3.13	UNKNOWN STEP	2026-09-11T15:34:36.4985833Z     sorted_periods = date_series.dt.to_period("M").sort_values()
Python CI / python 3.13	UNKNOWN STEP	2026-09-11T15:34:36.4986195Z 
Python CI / python 3.13	UNKNOWN STEP	2026-09-11T15:34:36.4986526Z tests/test_app_coverage.py::test_launch_run_with_empty_metrics
Python CI / python 3.13	UNKNOWN STEP	2026-09-11T15:34:36.4987583Z   /home/runner/work/Trend_Model_Project/Trend_Model_Project/src/trend_analysis/gui/app.py:953: UserWarning: Run produced no metrics; no files were exported.
Python CI / python 3.13	UNKNOWN STEP	2026-09-11T15:34:36.4988608Z     warnings.warn("Run produced no metrics; no files were exported.")
Python CI / python 3.13	UNKNOWN STEP	2026-09-11T15:34:36.4988987Z 
Python CI / python 3.13	UNKNOWN STEP	2026-09-11T15:34:36.4989329Z tests/test_cli_mc.py::test_mc_viz_loads_summary_and_results_frames
Python CI / python 3.13	UNKNOWN STEP	2026-09-11T15:34:36.4990923Z   /home/runner/work/Trend_Model_Project/Trend_Model_Project/src/trend/mc/viz.py:420: MCNavPathsWarning: Missing optional nav_paths.parquet file in MC bundle: /tmp/pytest-of-runner/pytest-0/popen-gw0/test_mc_viz_loads_summary_and_0/bundle. Continuing without NAV-path data.
Python CI / python 3.13	UNKNOWN STEP	2026-09-11T15:34:36.5340113Z     nav_paths_frame = load_nav_paths(bundle_path)
Python CI / python 3.13	UNKNOWN STEP	2026-09-11T15:34:36.5340869Z 
Python CI / python 3.13	UNKNOWN STEP	2026-09-11T15:34:36.5341957Z tests/test_cli_mc.py::test_mc_viz_routes_selected_charts_and_exports_requested_formats
Python CI / python 3.13	UNKNOWN STEP	2026-09-11T15:34:36.5346840Z   /home/runner/work/Trend_Model_Project/Trend_Model_Project/src/trend/mc/viz.py:420: MCNavPathsWarning: Missing optional nav_paths.parquet file in MC bundle: /tmp/pytest-of-runner/pytest-0/popen-gw0/test_mc_viz_routes_selected_ch0/bundle. Continuing without NAV-path data.
Python CI / python 3.13	UNKNOWN STEP	2026-09-11T15:34:36.5349876Z     nav_paths_frame = load_nav_paths(bundle_path)
Python CI / python 3.13	UNKNOWN STEP	2026-09-11T15:34:36.5350404Z 
Python CI / python 3.13	UNKNOWN STEP	2026-09-11T15:34:36.5351073Z tests/test_cli_mc.py::test_mc_viz_acceptance_command_writes_plots_artifacts
Python CI / python 3.13	UNKNOWN STEP	2026-09-11T15:34:36.5354011Z   /home/runner/work/Trend_Model_Project/Trend_Model_Project/src/trend/mc/viz.py:420: MCNavPathsWarning: Missing optional nav_paths.parquet file in MC bundle: /tmp/pytest-of-runner/pytest-0/popen-gw0/test_mc_viz_acceptance_command0/bundle. Continuing without NAV-path data.
Python CI / python 3.13	UNKNOWN STEP	2026-09-11T15:34:36.5358161Z     nav_paths_frame = load_nav_paths(bundle_path)
Python CI / python 3.13	UNKNOWN STEP	2026-09-11T15:34:36.5359157Z 
Python CI / python 3.13	UNKNOWN STEP	2026-09-11T15:34:36.5359998Z tests/test_dependency_enforcement.py: 45214 warnings
Python CI / python 3.13	UNKNOWN STEP	2026-09-11T15:34:36.5363272Z   /home/runner/work/Trend_Model_Project/Trend_Model_Project/tests/test_dependency_enforcement.py:313: DeprecationWarning: ast.Str is deprecated and will be removed in Python 3.14; use ast.Constant instead
Python CI / python 3.13	UNKNOWN STEP	2026-09-11T15:34:36.5364900Z     if isinstance(node, ast.Str) and isinstance(node.s, str):
Python CI / python 3.13	UNKNOWN STEP	2026-09-11T15:34:36.5365379Z 
Python CI / python 3.13	UNKNOWN STEP	2026-09-11T15:34:36.5365762Z tests/test_dependency_enforcement.py: 4328 warnings
Python CI / python 3.13	UNKNOWN STEP	2026-09-11T15:34:36.5367422Z   /home/runner/work/Trend_Model_Project/Trend_Model_Project/tests/test_dependency_enforcement.py:313: DeprecationWarning: Attribute s is deprecated and will be removed in Python 3.14; use value instead
Python CI / python 3.13	UNKNOWN STEP	2026-09-11T15:34:36.5368999Z     if isinstance(node, ast.Str) and isinstance(node.s, str):
Python CI / python 3.13	UNKNOWN STEP	2026-09-11T15:34:36.5369458Z 
Python CI / python 3.13	UNKNOWN STEP	2026-09-11T15:34:36.5369831Z tests/test_dependency_enforcement.py: 21640 warnings
Python CI / python 3.13	UNKNOWN STEP	2026-09-11T15:34:36.5371318Z   /home/runner/work/Trend_Model_Project/Trend_Model_Project/tests/test_dependency_enforcement.py:316: DeprecationWarning: Attribute s is deprecated and will be removed in Python 3.14; use value instead
Python CI / python 3.13	UNKNOWN STEP	2026-09-11T15:34:36.5372548Z     if tool in node.s.lower():
Python CI / python 3.13	UNKNOWN STEP	2026-09-11T15:34:36.5372817Z 
Python CI / python 3.13	UNKNOWN STEP	2026-09-11T15:34:36.5373567Z tests/test_market_data_validation.py::test_validate_market_data_rejects_invalid_dates_when_auto_fix_disabled
Python CI / python 3.13	UNKNOWN STEP	2026-09-11T15:34:36.5375821Z   /home/runner/work/Trend_Model_Project/Trend_Model_Project/src/trend_analysis/io/market_data.py:370: UserWarning: Could not infer format, so each element will be parsed individually, falling back to `dateutil`. To ensure parsing is consistent and as-expected, please specify a format.
Python CI / python 3.13	UNKNOWN STEP	2026-09-11T15:34:36.5377496Z     parsed = pd.to_datetime(working[date_col], errors="coerce")
Python CI / python 3.13	UNKNOWN STEP	2026-09-11T15:34:36.5377892Z 
Python CI / python 3.13	UNKNOWN STEP	2026-09-11T15:34:36.5378178Z tests/test_multi_period_engine.py: 4 warnings
Python CI / python 3.13	UNKNOWN STEP	2026-09-11T15:34:36.5378827Z tests/test_multi_period_engine_additional.py: 1 warning
Python CI / python 3.13	UNKNOWN STEP	2026-09-11T15:34:36.5379560Z tests/test_multi_period_engine_branch_completion.py: 2 warnings
Python CI / python 3.13	UNKNOWN STEP	2026-09-11T15:34:36.5380320Z tests/test_multi_period_engine_branch_coverage.py: 1 warning
Python CI / python 3.13	UNKNOWN STEP	2026-09-11T15:34:36.5381027Z tests/test_multi_period_engine_branch_new.py: 1 warning
Python CI / python 3.13	UNKNOWN STEP	2026-09-11T15:34:36.5381693Z tests/test_multi_period_engine_debug.py: 2 warnings
Python CI / python 3.13	UNKNOWN STEP	2026-09-11T15:34:36.5382349Z tests/test_multi_period_engine_extended.py: 1 warning
Python CI / python 3.13	UNKNOWN STEP	2026-09-11T15:34:36.5383196Z tests/test_multi_period_engine_helpers_additional.py: 2 warnings
Python CI / python 3.13	UNKNOWN STEP	2026-09-11T15:34:36.5383935Z tests/test_multi_period_engine_keepalive.py: 2 warnings
Python CI / python 3.13	UNKNOWN STEP	2026-09-11T15:34:36.5384643Z tests/test_multi_period_engine_portfolio_unit.py: 2 warnings
Python CI / python 3.13	UNKNOWN STEP	2026-09-11T15:34:36.5385393Z tests/test_multi_period_engine_turnover_extended.py: 1 warning
Python CI / python 3.13	UNKNOWN STEP	2026-09-11T15:34:36.5386091Z tests/test_rebalancing_integration.py: 2 warnings
Python CI / python 3.13	UNKNOWN STEP	2026-09-11T15:34:36.5386704Z tests/test_threshold_policy.py: 4 warnings
Python CI / python 3.13	UNKNOWN STEP	2026-09-11T15:34:36.5387312Z tests/test_turnover_vectorization.py: 100 warnings
Python CI / python 3.13	UNKNOWN STEP	2026-09-11T15:34:36.5387914Z tests/test_weight_policy.py: 2 warnings
Python CI / python 3.13	UNKNOWN STEP	2026-09-11T15:34:36.5390070Z   /home/runner/work/Trend_Model_Project/Trend_Model_Project/src/trend_analysis/multi_period/engine.py:926: Pandas4Warning: The copy keyword is deprecated and will be removed in a future version. Copy-on-Write is active in pandas since 3.0 which utilizes a lazy copy mechanism that defers copies until necessary. Use .copy() to make an eager copy if necessary.
Python CI / python 3.13	UNKNOWN STEP	2026-09-11T15:34:36.5392059Z     new_series = new_series.astype(float, copy=False)
Python CI / python 3.13	UNKNOWN STEP	2026-09-11T15:34:36.5392391Z 
Python CI / python 3.13	UNKNOWN STEP	2026-09-11T15:34:36.5392986Z tests/test_multi_period_engine_helpers_additional.py::test_rebalance_frame_reuses_parameterized_risk_engine
Python CI / python 3.13	UNKNOWN STEP	2026-09-11T15:34:36.5394383Z   /opt/hostedtoolcache/Python/3.13.15/x64/lib/python3.13/site-packages/pandas/core/frame.py:13300: RuntimeWarning: Degrees of freedom <= 0 for slice
Python CI / python 3.13	UNKNOWN STEP	2026-09-11T15:34:36.5395314Z     base_cov = np.cov(mat.T, ddof=ddof)
Python CI / python 3.13	UNKNOWN STEP	2026-09-11T15:34:36.5395601Z 
Python CI / python 3.13	UNKNOWN STEP	2026-09-11T15:34:36.5396179Z tests/test_multi_period_engine_helpers_additional.py::test_rebalance_frame_reuses_parameterized_risk_engine
Python CI / python 3.13	UNKNOWN STEP	2026-09-11T15:34:36.5397501Z   /opt/hostedtoolcache/Python/3.13.15/x64/lib/python3.13/site-packages/numpy/lib/_function_base_impl.py:2901: RuntimeWarning: divide by zero encountered in divide
Python CI / python 3.13	UNKNOWN STEP	2026-09-11T15:34:36.5398478Z     c *= np.true_divide(1, fact)
Python CI / python 3.13	UNKNOWN STEP	2026-09-11T15:34:36.5398738Z 
Python CI / python 3.13	UNKNOWN STEP	2026-09-11T15:34:36.5399316Z tests/test_multi_period_engine_helpers_additional.py::test_rebalance_frame_reuses_parameterized_risk_engine
Python CI / python 3.13	UNKNOWN STEP	2026-09-11T15:34:36.5400621Z   /opt/hostedtoolcache/Python/3.13.15/x64/lib/python3.13/site-packages/numpy/lib/_function_base_impl.py:2901: RuntimeWarning: invalid value encountered in multiply
Python CI / python 3.13	UNKNOWN STEP	2026-09-11T15:34:36.5401531Z     c *= np.true_divide(1, fact)
Python CI / python 3.13	UNKNOWN STEP	2026-09-11T15:34:36.5401775Z 
Python CI / python 3.13	UNKNOWN STEP	2026-09-11T15:34:36.5402212Z tests/test_nav_paths_contract.py::test_nav_paths_contract_requires_datetime_like_index
Python CI / python 3.13	UNKNOWN STEP	2026-09-11T15:34:36.5403993Z   /home/runner/work/Trend_Model_Project/Trend_Model_Project/src/trend_analysis/viz/adapters.py:437: UserWarning: Could not infer format, so each element will be parsed individually, falling back to `dateutil`. To ensure parsing is consistent and as-expected, please specify a format.
Python CI / python 3.13	UNKNOWN STEP	2026-09-11T15:34:36.5405457Z     date_index = pd.to_datetime(frame.index, errors="coerce")
Python CI / python 3.13	UNKNOWN STEP	2026-09-11T15:34:36.5405799Z 
Python CI / python 3.13	UNKNOWN STEP	2026-09-11T15:34:36.5406260Z tests/test_pipeline_helpers_additional.py::test_resolve_sample_split_invalid_dates_raise
Python CI / python 3.13	UNKNOWN STEP	2026-09-11T15:34:36.5408130Z   /home/runner/work/Trend_Model_Project/Trend_Model_Project/src/trend_analysis/pipeline_helpers.py:515: UserWarning: Could not infer format, so each element will be parsed individually, falling back to `dateutil`. To ensure parsing is consistent and as-expected, please specify a format.
Python CI / python 3.13	UNKNOWN STEP	2026-09-11T15:34:36.5409588Z     date_series = pd.to_datetime(df["Date"], errors="coerce")
Python CI / python 3.13	UNKNOWN STEP	2026-09-11T15:34:36.5409923Z 
Python CI / python 3.13	UNKNOWN STEP	2026-09-11T15:34:36.5410354Z tests/test_pipeline_helpers_additional.py::test_run_analysis_uses_empty_signal_frame
Python CI / python 3.13	UNKNOWN STEP	2026-09-11T15:34:36.5411210Z tests/test_pipeline_helpers_additional.py::test_run_analysis_uses_empty_signal_frame
Python CI / python 3.13	UNKNOWN STEP	2026-09-11T15:34:36.5412062Z tests/test_pipeline_helpers_additional.py::test_run_analysis_uses_empty_signal_frame
Python CI / python 3.13	UNKNOWN STEP	2026-09-11T15:34:36.5413856Z   /home/runner/work/Trend_Model_Project/Trend_Model_Project/tests/test_pipeline_helpers_additional.py:1512: Pandas4Warning: The 'verify_integrity' keyword in DataFrame.set_index is deprecated and will be removed in a future version. Directly check the result.index.is_unique instead.
Python CI / python 3.13	UNKNOWN STEP	2026-09-11T15:34:36.5415240Z     result = super().set_index(
Python CI / python 3.13	UNKNOWN STEP	2026-09-11T15:34:36.5415484Z 
Python CI / python 3.13	UNKNOWN STEP	2026-09-11T15:34:36.5415887Z tests/test_proxy.py::TestStreamlitProxy::test_proxy_main_entrypoint_executes
Python CI / python 3.13	UNKNOWN STEP	2026-09-11T15:34:36.5417346Z   <frozen runpy>:130: RuntimeWarning: 'trend_analysis.proxy.__main__' found in sys.modules after import of package 'trend_analysis.proxy', but prior to execution of 'trend_analysis.proxy.__main__'; this may result in unpredictable behaviour
Python CI / python 3.13	UNKNOWN STEP	2026-09-11T15:34:36.5418341Z 
Python CI / python 3.13	UNKNOWN STEP	2026-09-11T15:34:36.5418704Z tests/test_proxy_cli_entrypoint.py::test_proxy_cli_main_invocation
Python CI / python 3.13	UNKNOWN STEP	2026-09-11T15:34:36.5420213Z   <frozen runpy>:130: RuntimeWarning: 'trend_analysis.proxy.cli' found in sys.modules after import of package 'trend_analysis.proxy', but prior to execution of 'trend_analysis.proxy.cli'; this may result in unpredictable behaviour
Python CI / python 3.13	UNKNOWN STEP	2026-09-11T15:34:36.5421182Z 
Python CI / python 3.13	UNKNOWN STEP	2026-09-11T15:34:36.5421717Z tests/test_rank_selection_additional.py::test_rank_select_funds_threshold_branch_uses_canonical_transform
Python CI / python 3.13	UNKNOWN STEP	2026-09-11T15:34:36.5423595Z   /home/runner/work/Trend_Model_Project/Trend_Model_Project/src/trend_analysis/core/rank_selection.py:477: RuntimeWarning: All candidate scores filtered out by threshold (metric=AnnualReturn, transform=rank, approach=threshold, total_candidates=3, non_null_scores=0, threshold=0.5)
Python CI / python 3.13	UNKNOWN STEP	2026-09-11T15:34:36.5425053Z     warnings.warn(diagnostics.message(), RuntimeWarning)
Python CI / python 3.13	UNKNOWN STEP	2026-09-11T15:34:36.5425382Z 
Python CI / python 3.13	UNKNOWN STEP	2026-09-11T15:34:36.5425765Z tests/test_rank_widgets.py::test_rank_widgets_loads_csv_and_updates_fields
Python CI / python 3.13	UNKNOWN STEP	2026-09-11T15:34:36.5426456Z tests/test_rank_widgets.py::test_rank_widgets_manual_flow
Python CI / python 3.13	UNKNOWN STEP	2026-09-11T15:34:36.5427645Z   /home/runner/work/Trend_Model_Project/Trend_Model_Project/src/trend_analysis/ui/rank_widgets.py:99: UserWarning: Converting to PeriodArray/Index representation will drop timezone information.
Python CI / python 3.13	UNKNOWN STEP	2026-09-11T15:34:36.5428697Z     dates = df["Date"].dt.to_period("M")
Python CI / python 3.13	UNKNOWN STEP	2026-09-11T15:34:36.5428971Z 
Python CI / python 3.13	UNKNOWN STEP	2026-09-11T15:34:36.5429366Z tests/test_selector_cache.py::test_rank_selector_reuses_cached_window_metrics
Python CI / python 3.13	UNKNOWN STEP	2026-09-11T15:34:36.5430947Z   /home/runner/work/Trend_Model_Project/Trend_Model_Project/src/trend_analysis/core/rank_selection.py:477: RuntimeWarning: No candidate scores available after filtering and transform (metric=Sortino, transform=raw, approach=top_n, total_candidates=3, non_null_scores=0)
Python CI / python 3.13	UNKNOWN STEP	2026-09-11T15:34:36.5432337Z     warnings.warn(diagnostics.message(), RuntimeWarning)
Python CI / python 3.13	UNKNOWN STEP	2026-09-11T15:34:36.5432670Z 
Python CI / python 3.13	UNKNOWN STEP	2026-09-11T15:34:36.5433224Z tests/test_time_utils.py::test_align_calendar_all_invalid_dates_raise_value_error
Python CI / python 3.13	UNKNOWN STEP	2026-09-11T15:34:36.5434869Z   /home/runner/work/Trend_Model_Project/Trend_Model_Project/src/trend_analysis/time_utils.py:171: UserWarning: Could not infer format, so each element will be parsed individually, falling back to `dateutil`. To ensure parsing is consistent and as-expected, please specify a format.
Python CI / python 3.13	UNKNOWN STEP	2026-09-11T15:34:36.5436309Z     series = pd.to_datetime(work[date_col], errors="coerce")
Python CI / python 3.13	UNKNOWN STEP	2026-09-11T15:34:36.5436642Z 
Python CI / python 3.13	UNKNOWN STEP	2026-09-11T15:34:36.5437029Z tests/test_timeseries_properties.py: 18 warnings
Python CI / python 3.13	UNKNOWN STEP	2026-09-11T15:34:36.5439021Z   /home/runner/work/Trend_Model_Project/Trend_Model_Project/tests/test_timeseries_properties.py:80: Pandas4Warning: Sorting by default when concatenating all DatetimeIndex is deprecated.  In the future, pandas will respect the default of `sort=False`. Specify `sort=True` or `sort=False` to silence this message. If you see this warnings when not directly calling concat, report a bug to pandas.
Python CI / python 3.13	UNKNOWN STEP	2026-09-11T15:34:36.5440961Z     frame = pd.concat(columns.values(), axis=1)
Python CI / python 3.13	UNKNOWN STEP	2026-09-11T15:34:36.5441298Z 
Python CI / python 3.13	UNKNOWN STEP	2026-09-11T15:34:36.5441735Z tests/test_trend_analysis_data.py::test_ensure_datetime_converts_and_rejects_bad_inputs
Python CI / python 3.13	UNKNOWN STEP	2026-09-11T15:34:36.5443477Z   /home/runner/work/Trend_Model_Project/Trend_Model_Project/src/trend_analysis/data.py:545: UserWarning: Could not infer format, so each element will be parsed individually, falling back to `dateutil`. To ensure parsing is consistent and as-expected, please specify a format.
Python CI / python 3.13	UNKNOWN STEP	2026-09-11T15:34:36.5444885Z     parsed_dates = pd.to_datetime(df[column], errors="coerce")
Python CI / python 3.13	UNKNOWN STEP	2026-09-11T15:34:36.5445227Z 
Python CI / python 3.13	UNKNOWN STEP	2026-09-11T15:34:36.5448168Z tests/test_trend_cli.py::test_mc_viz_loads_summary_and_results_frames
Python CI / python 3.13	UNKNOWN STEP	2026-09-11T15:34:36.5450610Z   /home/runner/work/Trend_Model_Project/Trend_Model_Project/src/trend/mc/viz.py:420: MCNavPathsWarning: Missing optional nav_paths.parquet file in MC bundle: /tmp/pytest-of-runner/pytest-0/popen-gw0/test_mc_viz_loads_summary_and_1/bundle. Continuing without NAV-path data.
Python CI / python 3.13	UNKNOWN STEP	2026-09-11T15:34:36.5452952Z     nav_paths_frame = load_nav_paths(bundle_path)
Python CI / python 3.13	UNKNOWN STEP	2026-09-11T15:34:36.5453719Z 
Python CI / python 3.13	UNKNOWN STEP	2026-09-11T15:34:36.5454692Z tests/test_trend_cli.py::test_mc_viz_warns_when_nav_paths_missing_and_using_fallback_data
Python CI / python 3.13	UNKNOWN STEP	2026-09-11T15:34:36.5456890Z   /home/runner/work/Trend_Model_Project/Trend_Model_Project/src/trend/mc/viz.py:420: MCNavPathsWarning: Missing optional nav_paths.parquet file in MC bundle: /tmp/pytest-of-runner/pytest-0/popen-gw0/test_mc_viz_warns_when_nav_pat0/bundle. Continuing without NAV-path data.
Python CI / python 3.13	UNKNOWN STEP	2026-09-11T15:34:36.5458305Z     nav_paths_frame = load_nav_paths(bundle_path)
Python CI / python 3.13	UNKNOWN STEP	2026-09-11T15:34:36.5458620Z 
Python CI / python 3.13	UNKNOWN STEP	2026-09-11T15:34:36.5459113Z tests/test_trend_cli.py::test_mc_viz_errors_when_path_dist_requires_nav_paths_parquet
Python CI / python 3.13	UNKNOWN STEP	2026-09-11T15:34:36.5460745Z   /home/runner/work/Trend_Model_Project/Trend_Model_Project/src/trend/mc/viz.py:420: MCNavPathsWarning: Missing optional nav_paths.parquet file in MC bundle: /tmp/pytest-of-runner/pytest-0/popen-gw0/test_mc_viz_errors_when_path_d0/bundle. Continuing without NAV-path data.
Python CI / python 3.13	UNKNOWN STEP	2026-09-11T15:34:36.5462113Z     nav_paths_frame = load_nav_paths(bundle_path)
Python CI / python 3.13	UNKNOWN STEP	2026-09-11T15:34:36.5462421Z 
Python CI / python 3.13	UNKNOWN STEP	2026-09-11T15:34:36.5462896Z tests/test_trend_cli.py::test_mc_viz_errors_when_fold_nav_paths_exist_but_no_selection_provided
Python CI / python 3.13	UNKNOWN STEP	2026-09-11T15:34:36.5464854Z   /home/runner/work/Trend_Model_Project/Trend_Model_Project/src/trend/mc/viz.py:420: MCNavPathsWarning: Missing optional nav_paths.parquet file in MC bundle: /tmp/pytest-of-runner/pytest-0/popen-gw0/test_mc_viz_errors_when_fold_n0/bundle. Continuing without NAV-path data.
Python CI / python 3.13	UNKNOWN STEP	2026-09-11T15:34:36.5466239Z     nav_paths_frame = load_nav_paths(bundle_path)
Python CI / python 3.13	UNKNOWN STEP	2026-09-11T15:34:36.5466540Z 
Python CI / python 3.13	UNKNOWN STEP	2026-09-11T15:34:36.5466991Z tests/test_trend_cli.py::test_mc_viz_routes_selected_charts_and_exports_requested_formats
Python CI / python 3.13	UNKNOWN STEP	2026-09-11T15:34:36.5468620Z   /home/runner/work/Trend_Model_Project/Trend_Model_Project/src/trend/mc/viz.py:420: MCNavPathsWarning: Missing optional nav_paths.parquet file in MC bundle: /tmp/pytest-of-runner/pytest-0/popen-gw0/test_mc_viz_routes_selected_ch1/bundle. Continuing without NAV-path data.
Python CI / python 3.13	UNKNOWN STEP	2026-09-11T15:34:36.5469983Z     nav_paths_frame = load_nav_paths(bundle_path)
Python CI / python 3.13	UNKNOWN STEP	2026-09-11T15:34:36.5470283Z 
Python CI / python 3.13	UNKNOWN STEP	2026-09-11T15:34:36.5470746Z tests/test_trend_cli.py::test_mc_viz_renames_collision_without_overwriting_existing_plot_file
Python CI / python 3.13	UNKNOWN STEP	2026-09-11T15:34:36.5472565Z   /home/runner/work/Trend_Model_Project/Trend_Model_Project/src/trend/mc/viz.py:420: MCNavPathsWarning: Missing optional nav_paths.parquet file in MC bundle: /tmp/pytest-of-runner/pytest-0/popen-gw0/test_mc_viz_renames_collision_0/bundle. Continuing without NAV-path data.
Python CI / python 3.13	UNKNOWN STEP	2026-09-11T15:34:36.5474219Z     nav_paths_frame = load_nav_paths(bundle_path)
Python CI / python 3.13	UNKNOWN STEP	2026-09-11T15:34:36.5474521Z 
Python CI / python 3.13	UNKNOWN STEP	2026-09-11T15:34:36.5474959Z tests/test_trend_mc_io.py::test_load_nav_paths_returns_none_when_optional_file_missing
Python CI / python 3.13	UNKNOWN STEP	2026-09-11T15:34:36.5476618Z   /home/runner/work/Trend_Model_Project/Trend_Model_Project/tests/test_trend_mc_io.py:19: MCNavPathsWarning: Missing optional nav_paths.parquet file in MC bundle: /tmp/pytest-of-runner/pytest-0/popen-gw0/test_load_nav_paths_returns_no0/bundle. Continuing without NAV-path data.
Python CI / python 3.13	UNKNOWN STEP	2026-09-11T15:34:36.5478020Z     assert load_nav_paths(bundle_dir) is None
Python CI / python 3.13	UNKNOWN STEP	2026-09-11T15:34:36.5478314Z 
Python CI / python 3.13	UNKNOWN STEP	2026-09-11T15:34:36.5478700Z tests/test_unified_api_integration.py::test_comprehensive_api_integration
Python CI / python 3.13	UNKNOWN STEP	2026-09-11T15:34:36.5480035Z   /home/runner/work/Trend_Model_Project/Trend_Model_Project/tests/test_unified_api_integration.py:28: UserWarning: obj.round has no effect with datetime, timedelta, or period dtypes. Use obj.dt.round(...) instead.
Python CI / python 3.13	UNKNOWN STEP	2026-09-11T15:34:36.5481149Z     test_df = test_df.round(6)
Python CI / python 3.13	UNKNOWN STEP	2026-09-11T15:34:36.5481392Z 
Python CI / python 3.13	UNKNOWN STEP	2026-09-11T15:34:36.5481772Z tests/test_unified_api_integration.py::test_comprehensive_api_integration
Python CI / python 3.13	UNKNOWN STEP	2026-09-11T15:34:36.5483287Z   /home/runner/work/Trend_Model_Project/Trend_Model_Project/tests/test_unified_api_integration.py:33: UserWarning: obj.round has no effect with datetime, timedelta, or period dtypes. Use obj.dt.round(...) instead.
Python CI / python 3.13	UNKNOWN STEP	2026-09-11T15:34:36.5484456Z     test_df.round(6).to_csv(csv_file, index=False)
Python CI / python 3.13	UNKNOWN STEP	2026-09-11T15:34:36.5484770Z 
Python CI / python 3.13	UNKNOWN STEP	2026-09-11T15:34:36.5485153Z tests/test_unified_report.py::test_generate_unified_report_can_emit_pdf
Python CI / python 3.13	UNKNOWN STEP	2026-09-11T15:34:36.5486682Z   /home/runner/work/Trend_Model_Project/Trend_Model_Project/src/trend/reporting/unified.py:879: DeprecationWarning: The parameter "ln" is deprecated since v2.5.2. Instead of ln=True use new_x=XPos.LMARGIN, new_y=YPos.NEXT.
Python CI / python 3.13	UNKNOWN STEP	2026-09-11T15:34:36.5487907Z     pdf.cell(0, 10, _pdf_safe(str(context["title"])), ln=True)
Python CI / python 3.13	UNKNOWN STEP	2026-09-11T15:34:36.5488239Z 
Python CI / python 3.13	UNKNOWN STEP	2026-09-11T15:34:36.5488614Z tests/test_unified_report.py::test_generate_unified_report_can_emit_pdf
Python CI / python 3.13	UNKNOWN STEP	2026-09-11T15:34:36.5489966Z   /home/runner/work/Trend_Model_Project/Trend_Model_Project/src/trend/reporting/unified.py:881: DeprecationWarning: The parameter "ln" is deprecated since v2.5.2. Instead of ln=True use new_x=XPos.LMARGIN, new_y=YPos.NEXT.
Python CI / python 3.13	UNKNOWN STEP	2026-09-11T15:34:36.5491211Z     pdf.cell(0, 8, _pdf_safe(f"Run ID: {context['run_id']}"), ln=True)
Python CI / python 3.13	UNKNOWN STEP	2026-09-11T15:34:36.5491569Z 
Python CI / python 3.13	UNKNOWN STEP	2026-09-11T15:34:36.5491937Z tests/test_unified_report.py::test_generate_unified_report_can_emit_pdf
Python CI / python 3.13	UNKNOWN STEP	2026-09-11T15:34:36.5493502Z   /home/runner/work/Trend_Model_Project/Trend_Model_Project/src/trend/reporting/unified.py:885: DeprecationWarning: The parameter "ln" is deprecated since v2.5.2. Instead of ln=True use new_x=XPos.LMARGIN, new_y=YPos.NEXT.
Python CI / python 3.13	UNKNOWN STEP	2026-09-11T15:34:36.5494684Z     pdf.cell(0, 8, "Executive summary", ln=True)
Python CI / python 3.13	UNKNOWN STEP	2026-09-11T15:34:36.5494981Z 
Python CI / python 3.13	UNKNOWN STEP	2026-09-11T15:34:36.5495358Z tests/test_unified_report.py::test_generate_unified_report_can_emit_pdf
Python CI / python 3.13	UNKNOWN STEP	2026-09-11T15:34:36.5496695Z   /home/runner/work/Trend_Model_Project/Trend_Model_Project/src/trend/reporting/unified.py:895: DeprecationWarning: The parameter "ln" is deprecated since v2.5.2. Instead of ln=True use new_x=XPos.LMARGIN, new_y=YPos.NEXT.
Python CI / python 3.13	UNKNOWN STEP	2026-09-11T15:34:36.5497841Z     pdf.cell(0, 8, "Narrative", ln=True)
Python CI / python 3.13	UNKNOWN STEP	2026-09-11T15:34:36.5498112Z 
Python CI / python 3.13	UNKNOWN STEP	2026-09-11T15:34:36.5498490Z tests/test_unified_report.py::test_generate_unified_report_can_emit_pdf
Python CI / python 3.13	UNKNOWN STEP	2026-09-11T15:34:36.5499823Z   /home/runner/work/Trend_Model_Project/Trend_Model_Project/src/trend/reporting/unified.py:905: DeprecationWarning: The parameter "ln" is deprecated since v2.5.2. Instead of ln=True use new_x=XPos.LMARGIN, new_y=YPos.NEXT.
Python CI / python 3.13	UNKNOWN STEP	2026-09-11T15:34:36.5500978Z     pdf.cell(0, 8, "Metrics", ln=True)
Python CI / python 3.13	UNKNOWN STEP	2026-09-11T15:34:36.5501240Z 
Python CI / python 3.13	UNKNOWN STEP	2026-09-11T15:34:36.5501588Z tests/test_unified_report.py::test_generate_unified_report_can_emit_pdf
Python CI / python 3.13	UNKNOWN STEP	2026-09-11T15:34:36.5502988Z   /home/runner/work/Trend_Model_Project/Trend_Model_Project/src/trend/reporting/unified.py:912: DeprecationWarning: The parameter "ln" is deprecated since v2.5.2. Instead of ln=True use new_x=XPos.LMARGIN, new_y=YPos.NEXT.
Python CI / python 3.13	UNKNOWN STEP	2026-09-11T15:34:36.5504346Z     pdf.cell(0, 8, "Performance by Regime", ln=True)
Python CI / python 3.13	UNKNOWN STEP	2026-09-11T15:34:36.5504654Z 
Python CI / python 3.13	UNKNOWN STEP	2026-09-11T15:34:36.5505007Z tests/test_unified_report.py::test_generate_unified_report_can_emit_pdf
Python CI / python 3.13	UNKNOWN STEP	2026-09-11T15:34:36.5506272Z   /home/runner/work/Trend_Model_Project/Trend_Model_Project/src/trend/reporting/unified.py:930: DeprecationWarning: The parameter "ln" is deprecated since v2.5.2. Instead of ln=True use new_x=XPos.LMARGIN, new_y=YPos.NEXT.
Python CI / python 3.13	UNKNOWN STEP	2026-09-11T15:34:36.5507384Z     pdf.cell(0, 8, "Parameter summary", ln=True)
Python CI / python 3.13	UNKNOWN STEP	2026-09-11T15:34:36.5507711Z 
Python CI / python 3.13	UNKNOWN STEP	2026-09-11T15:34:36.5508060Z tests/test_unified_report.py::test_generate_unified_report_can_emit_pdf
Python CI / python 3.13	UNKNOWN STEP	2026-09-11T15:34:36.5509328Z   /home/runner/work/Trend_Model_Project/Trend_Model_Project/src/trend/reporting/unified.py:948: DeprecationWarning: The parameter "ln" is deprecated since v2.5.2. Instead of ln=True use new_x=XPos.LMARGIN, new_y=YPos.NEXT.
Python CI / python 3.13	UNKNOWN STEP	2026-09-11T15:34:36.5510414Z     pdf.cell(0, 8, "Caveats", ln=True)
Python CI / python 3.13	UNKNOWN STEP	2026-09-11T15:34:36.5510676Z 
Python CI / python 3.13	UNKNOWN STEP	2026-09-11T15:34:36.5511018Z tests/test_unified_report.py::test_generate_unified_report_can_emit_pdf
Python CI / python 3.13	UNKNOWN STEP	2026-09-11T15:34:36.5512279Z   /home/runner/work/Trend_Model_Project/Trend_Model_Project/src/trend/reporting/unified.py:958: DeprecationWarning: The parameter "ln" is deprecated since v2.5.2. Instead of ln=True use new_x=XPos.LMARGIN, new_y=YPos.NEXT.
Python CI / python 3.13	UNKNOWN STEP	2026-09-11T15:34:36.5513601Z     pdf.cell(0, 8, "Turnover", ln=True)
Python CI / python 3.13	UNKNOWN STEP	2026-09-11T15:34:36.5514009Z 
Python CI / python 3.13	UNKNOWN STEP	2026-09-11T15:34:36.5514365Z tests/test_unified_report.py::test_generate_unified_report_can_emit_pdf
Python CI / python 3.13	UNKNOWN STEP	2026-09-11T15:34:36.5515659Z   /home/runner/work/Trend_Model_Project/Trend_Model_Project/src/trend/reporting/unified.py:966: DeprecationWarning: The parameter "ln" is deprecated since v2.5.2. Instead of ln=True use new_x=XPos.LMARGIN, new_y=YPos.NEXT.
Python CI / python 3.13	UNKNOWN STEP	2026-09-11T15:34:36.5516767Z     pdf.cell(0, 8, "Exposures", ln=True)
Python CI / python 3.13	UNKNOWN STEP	2026-09-11T15:34:36.5517038Z 
Python CI / python 3.13	UNKNOWN STEP	2026-09-11T15:34:36.5517392Z tests/test_unified_report.py::test_generate_unified_report_can_emit_pdf
Python CI / python 3.13	UNKNOWN STEP	2026-09-11T15:34:36.5518618Z   /home/runner/work/Trend_Model_Project/Trend_Model_Project/src/trend/reporting/unified.py:976: DeprecationWarning: "dest" parameter is deprecated since v2.2.0 and will be removed in a future release
Python CI / python 3.13	UNKNOWN STEP	2026-09-11T15:34:36.5519650Z     output = pdf.output(dest="S")
Python CI / python 3.13	UNKNOWN STEP	2026-09-11T15:34:36.5519905Z 
Python CI / python 3.13	UNKNOWN STEP	2026-09-11T15:34:36.5520262Z tests/test_universe_catalog.py::test_load_universe_spec_resolves_paths
Python CI / python 3.13	UNKNOWN STEP	2026-09-11T15:34:36.5521056Z tests/test_universe_membership.py::test_build_membership_mask_marks_entries_and_exits
Python CI / python 3.13	UNKNOWN STEP	2026-09-11T15:34:36.5521962Z tests/trend_analysis/test_backtesting_harness.py::test_run_backtest_enforces_membership_mask_on_weights
Python CI / python 3.13	UNKNOWN STEP	2026-09-11T15:34:36.5523588Z   /home/runner/work/Trend_Model_Project/Trend_Model_Project/src/trend_analysis/universe.py:209: Pandas4Warning: Using a fill_value that cannot be held in the existing dtype is deprecated and will raise in a future version.
Python CI / python 3.13	UNKNOWN STEP	2026-09-11T15:34:36.5524839Z     .pivot_table(index="date", columns="symbol", values="active", fill_value=False)
Python CI / python 3.13	UNKNOWN STEP	2026-09-11T15:34:36.5525241Z 
Python CI / python 3.13	UNKNOWN STEP	2026-09-11T15:34:36.5525696Z tests/test_util_frequency_targeted.py::test_as_datetime_index_rejects_invalid_values[values1]
Python CI / python 3.13	UNKNOWN STEP	2026-09-11T15:34:36.5527310Z   /home/runner/work/Trend_Model_Project/Trend_Model_Project/src/trend_analysis/util/frequency.py:50: UserWarning: Could not infer format, so each element will be parsed individually, falling back to `dateutil`. To ensure parsing is consistent and as-expected, please specify a format.
Python CI / python 3.13	UNKNOWN STEP	2026-09-11T15:34:36.5528654Z     idx = pd.to_datetime(values, errors="coerce")
Python CI / python 3.13	UNKNOWN STEP	2026-09-11T15:34:36.5528947Z 
Python CI / python 3.13	UNKNOWN STEP	2026-09-11T15:34:36.5529440Z tests/test_weighting_engines_extended.py::test_hierarchical_risk_parity_handles_zero_variance_assets
Python CI / python 3.13	UNKNOWN STEP	2026-09-11T15:34:36.5530606Z tests/test_weighting_robustness.py::TestHierarchicalRiskParity::test_weighting_resets_diagnostics_after_recovery
Python CI / python 3.13	UNKNOWN STEP	2026-09-11T15:34:36.5531984Z   /home/runner/work/Trend_Model_Project/Trend_Model_Project/src/trend_analysis/weights/hierarchical_risk_parity.py:64: RuntimeWarning: Zero standard deviations detected in correlation calculation
Python CI / python 3.13	UNKNOWN STEP	2026-09-11T15:34:36.5532978Z     corr = _cov_to_corr(cov)
Python CI / python 3.13	UNKNOWN STEP	2026-09-11T15:34:36.5533433Z 
Python CI / python 3.13	UNKNOWN STEP	2026-09-11T15:34:36.5533930Z tests/test_weighting_engines_extended.py::test_hierarchical_risk_parity_handles_zero_variance_assets
Python CI / python 3.13	UNKNOWN STEP	2026-09-11T15:34:36.5534878Z tests/test_weighting_engines_extended.py::test_hierarchical_risk_parity_handles_zero_variance_assets
Python CI / python 3.13	UNKNOWN STEP	2026-09-11T15:34:36.5535889Z tests/test_weighting_robustness.py::TestHierarchicalRiskParity::test_weighting_resets_diagnostics_after_recovery
Python CI / python 3.13	UNKNOWN STEP	2026-09-11T15:34:36.5537150Z   /home/runner/work/Trend_Model_Project/Trend_Model_Project/src/trend_analysis/weights/hierarchical_risk_parity.py:114: RuntimeWarning: divide by zero encountered in divide
Python CI / python 3.13	UNKNOWN STEP	2026-09-11T15:34:36.5538087Z     inv_left = 1 / np.diag(cov_left)
Python CI / python 3.13	UNKNOWN STEP	2026-09-11T15:34:36.5538359Z 
Python CI / python 3.13	UNKNOWN STEP	2026-09-11T15:34:36.5538848Z tests/test_weighting_engines_extended.py::test_hierarchical_risk_parity_handles_zero_variance_assets
Python CI / python 3.13	UNKNOWN STEP	2026-09-11T15:34:36.5539811Z tests/test_weighting_engines_extended.py::test_hierarchical_risk_parity_handles_zero_variance_assets
Python CI / python 3.13	UNKNOWN STEP	2026-09-11T15:34:36.5541482Z tests/test_weighting_robustness.py::TestHierarchicalRiskParity::test_weighting_resets_diagnostics_after_recovery
Python CI / python 3.13	UNKNOWN STEP	2026-09-11T15:34:36.5543943Z   /home/runner/work/Trend_Model_Project/Trend_Model_Project/src/trend_analysis/weights/hierarchical_risk_parity.py:115: RuntimeWarning: invalid value encountered in divide
Python CI / python 3.13	UNKNOWN STEP	2026-09-11T15:34:36.5545825Z     inv_left /= inv_left.sum()
Python CI / python 3.13	UNKNOWN STEP	2026-09-11T15:34:36.5546235Z 
Python CI / python 3.13	UNKNOWN STEP	2026-09-11T15:34:36.5547171Z tests/test_weighting_robustness.py::TestHierarchicalRiskParity::test_weighting_handles_nan_correlations
Python CI / python 3.13	UNKNOWN STEP	2026-09-11T15:34:36.5549292Z   /home/runner/work/Trend_Model_Project/Trend_Model_Project/tests/test_weighting_robustness.py:101: RuntimeWarning: Non-finite correlations detected in HRP calculation
Python CI / python 3.13	UNKNOWN STEP	2026-09-11T15:34:36.5550885Z     weights = engine.weight(cov)
Python CI / python 3.13	UNKNOWN STEP	2026-09-11T15:34:36.5551313Z 
Python CI / python 3.13	UNKNOWN STEP	2026-09-11T15:34:36.5552331Z tests/test_weighting_robustness.py::TestHierarchicalRiskParity::test_weighting_resets_diagnostics_after_recovery
Python CI / python 3.13	UNKNOWN STEP	2026-09-11T15:34:36.5554833Z   /home/runner/work/Trend_Model_Project/Trend_Model_Project/tests/test_weighting_robustness.py:112: RuntimeWarning: Non-finite correlations detected in HRP calculation
Python CI / python 3.13	UNKNOWN STEP	2026-09-11T15:34:36.5556401Z     engine.weight(failing_cov)
Python CI / python 3.13	UNKNOWN STEP	2026-09-11T15:34:36.5556668Z 
Python CI / python 3.13	UNKNOWN STEP	2026-09-11T15:34:36.5557245Z tests/test_weighting_robustness.py::TestHierarchicalRiskParity::test_weighting_resets_diagnostics_after_recovery
Python CI / python 3.13	UNKNOWN STEP	2026-09-11T15:34:36.5558509Z   /home/runner/work/Trend_Model_Project/Trend_Model_Project/src/trend_analysis/weights/hierarchical_risk_parity.py:116: RuntimeWarning: divide by zero encountered in divide
Python CI / python 3.13	UNKNOWN STEP	2026-09-11T15:34:36.5559438Z     inv_right = 1 / np.diag(cov_right)
Python CI / python 3.13	UNKNOWN STEP	2026-09-11T15:34:36.5559714Z 
Python CI / python 3.13	UNKNOWN STEP	2026-09-11T15:34:36.5560271Z tests/test_weighting_robustness.py::TestHierarchicalRiskParity::test_weighting_resets_diagnostics_after_recovery
Python CI / python 3.13	UNKNOWN STEP	2026-09-11T15:34:36.5561507Z   /home/runner/work/Trend_Model_Project/Trend_Model_Project/src/trend_analysis/weights/hierarchical_risk_parity.py:117: RuntimeWarning: invalid value encountered in divide
Python CI / python 3.13	UNKNOWN STEP	2026-09-11T15:34:36.5562422Z     inv_right /= inv_right.sum()
Python CI / python 3.13	UNKNOWN STEP	2026-09-11T15:34:36.5562669Z 
Python CI / python 3.13	UNKNOWN STEP	2026-09-11T15:34:36.5563357Z tests/test_weighting_robustness.py::TestHierarchicalRiskParity::test_weighting_records_invalid_distance_fallback
Python CI / python 3.13	UNKNOWN STEP	2026-09-11T15:34:36.5564577Z   /home/runner/work/Trend_Model_Project/Trend_Model_Project/src/trend_analysis/weights/hierarchical_risk_parity.py:81: RuntimeWarning: invalid value encountered in sqrt
Python CI / python 3.13	UNKNOWN STEP	2026-09-11T15:34:36.5565551Z     dist_arr: FloatArray = np.sqrt(0.5 * (1.0 - corr_values))
Python CI / python 3.13	UNKNOWN STEP	2026-09-11T15:34:36.5565878Z 
Python CI / python 3.13	UNKNOWN STEP	2026-09-11T15:34:36.5566260Z -- Docs: https://docs.pytest.org/en/stable/how-to/capture-warnings.html
Python CI / python 3.13	UNKNOWN STEP	2026-09-11T15:34:36.5567300Z - generated xml file: /home/runner/work/Trend_Model_Project/Trend_Model_Project/pytest-junit.xml -
Python CI / python 3.13	UNKNOWN STEP	2026-09-11T15:34:36.5568088Z ================================ tests coverage ================================
Python CI / python 3.13	UNKNOWN STEP	2026-09-11T15:34:36.5568770Z _______________ coverage: platform linux, python 3.13.15-final-0 _______________
Python CI / python 3.13	UNKNOWN STEP	2026-09-11T15:34:36.5569135Z 
Python CI / python 3.13	UNKNOWN STEP	2026-09-11T15:34:36.5569474Z Name                                                              Stmts   Miss  Cover   Missing
Python CI / python 3.13	UNKNOWN STEP	2026-09-11T15:34:36.5570176Z -----------------------------------------------------------------------------------------------
Python CI / python 3.13	UNKNOWN STEP	2026-09-11T15:34:36.5570930Z .github/scripts/decode_raw_input.py                                  99      0   100%
Python CI / python 3.13	UNKNOWN STEP	2026-09-11T15:34:36.5571694Z .github/scripts/fallback_split.py                                    29      0   100%
Python CI / python 3.13	UNKNOWN STEP	2026-09-11T15:34:36.5572821Z .github/scripts/gate_summary.py                                     335     63    81%   58, 61-62, 66-108, 362-363, 381, 387, 431-432, 434-435, 439, 441-442, 447-448, 455-456, 465-466, 468-469, 514-516, 569
Python CI / python 3.13	UNKNOWN STEP	2026-09-11T15:34:36.5574008Z .github/scripts/health_summarize.py                                 225      0   100%
Python CI / python 3.13	UNKNOWN STEP	2026-09-11T15:34:36.5574837Z .github/scripts/label_rules_assert.py                                42      8    81%   34, 42-46, 50-54, 58-62, 79
Python CI / python 3.13	UNKNOWN STEP	2026-09-11T15:34:36.5575673Z .github/scripts/parse_chatgpt_topics.py                             154      1    99%   60
Python CI / python 3.13	UNKNOWN STEP	2026-09-11T15:34:36.5576525Z .github/scripts/render_cosmetic_summary.py                           42     12    71%   46-49, 53-55, 59-62, 66
Python CI / python 3.13	UNKNOWN STEP	2026-09-11T15:34:36.5577345Z .github/scripts/restore_branch_snapshots.py                         129      0   100%
Python CI / python 3.13	UNKNOWN STEP	2026-09-11T15:34:36.5578210Z analysis/__init__.py                                                  2      0   100%
Python CI / python 3.13	UNKNOWN STEP	2026-09-11T15:34:36.5579019Z analysis/results.py                                                 130     16    88%   32, 38, 51, 62, 98-99, 104-109, 142-143, 201-202
Python CI / python 3.13	UNKNOWN STEP	2026-09-11T15:34:36.5580097Z design-system/ds_streamlit.py                                       106     66    38%   100-115, 121-127, 138, 144-163, 171, 177-180, 189-192, 197-205, 209-220, 224-230, 234-236
Python CI / python 3.13	UNKNOWN STEP	2026-09-11T15:34:36.5580996Z scripts/__init__.py                                                   0      0   100%
Python CI / python 3.13	UNKNOWN STEP	2026-09-11T15:34:36.5581990Z scripts/auto_type_hygiene.py                                        136     45    67%   49-52, 76-77, 85, 96, 98, 102-103, 110, 116, 130-131, 145-146, 150-173, 185, 188, 197-199, 202-205
Python CI / python 3.13	UNKNOWN STEP	2026-09-11T15:34:36.5583170Z scripts/build_autofix_pr_comment.py                                 195     10    95%   51, 71, 109, 149, 159, 196, 201, 205, 245, 339
Python CI / python 3.13	UNKNOWN STEP	2026-09-11T15:34:36.5584057Z scripts/build_wasm_demo.py                                           72     28    61%   206-207, 217, 241-244, 248-281
Python CI / python 3.13	UNKNOWN STEP	2026-09-11T15:34:36.5584875Z scripts/build_wasm_site.py                                           63     11    83%   20, 55, 61, 76, 98, 107-118
Python CI / python 3.13	UNKNOWN STEP	2026-09-11T15:34:36.5585687Z scripts/check_config_coverage.py                                     57     16    72%   27-40, 90-91, 104
Python CI / python 3.13	UNKNOWN STEP	2026-09-11T15:34:36.5586442Z scripts/ci_cosmetic_repair.py                                       256      0   100%
Python CI / python 3.13	UNKNOWN STEP	2026-09-11T15:34:36.5587184Z scripts/ci_coverage_delta.py                                         61      2    97%   44, 72
Python CI / python 3.13	UNKNOWN STEP	2026-09-11T15:34:36.5587916Z scripts/ci_history.py                                                87      1    99%   138
Python CI / python 3.13	UNKNOWN STEP	2026-09-11T15:34:36.5588606Z scripts/ci_metrics.py                                               120      0   100%
Python CI / python 3.13	UNKNOWN STEP	2026-09-11T15:34:36.5589969Z scripts/classify_test_failures.py                                   123     37    70%   78, 83, 87-88, 99, 101, 103, 111-113, 125, 128-138, 144, 149, 160, 163-167, 174-186, 190-203
Python CI / python 3.13	UNKNOWN STEP	2026-09-11T15:34:36.5591314Z scripts/compare_perf.py                                              95     55    42%   49, 51, 55, 64, 92-99, 103-137, 141-157
Python CI / python 3.13	UNKNOWN STEP	2026-09-11T15:34:36.5593564Z scripts/evaluate_settings_effectiveness.py                          447    255    43%   135-136, 143, 148, 152-153, 161-179, 187, 189-192, 195, 197, 200, 225-236, 275, 290-297, 301-307, 311-329, 335-355, 359-366, 370-372, 378-387, 391-396, 400-410, 414-449, 463, 474-476, 480-488, 493, 504-642, 673-679, 717, 772-773, 838, 844-878, 882
Python CI / python 3.13	UNKNOWN STEP	2026-09-11T15:34:36.5595061Z scripts/fix_cosmetic_aggregate.py                                    23      5    78%   22-24, 34-35
Python CI / python 3.13	UNKNOWN STEP	2026-09-11T15:34:36.5595898Z scripts/fix_numpy_asserts.py                                         62      7    89%   34, 36, 62-63, 80-81, 88
Python CI / python 3.13	UNKNOWN STEP	2026-09-11T15:34:36.5596717Z scripts/generate_residual_report.py                                  37      7    81%   50-61, 66
Python CI / python 3.13	UNKNOWN STEP	2026-09-11T15:34:36.5598197Z scripts/generate_settings_evidence.py                               250    168    33%   37-47, 53, 56, 58-62, 90, 105-108, 120-123, 130-132, 142-152, 156-160, 166-170, 181-225, 230-308, 318, 320, 326, 331, 333, 342-347, 360-365, 387-397, 400-413, 417-432, 435-445, 448-458, 465-580, 584
Python CI / python 3.13	UNKNOWN STEP	2026-09-11T15:34:36.5599734Z scripts/inventory_pipeline_patch_tests.py                           129     41    68%   23-29, 44, 47-51, 63, 67-68, 70, 76-77, 83, 105, 111, 162-169, 183-186, 190-208, 212
Python CI / python 3.13	UNKNOWN STEP	2026-09-11T15:34:36.5601127Z scripts/mypy_autofix.py                                             226     42    81%   118, 132-135, 140, 178, 183-194, 229, 237, 240, 279, 285, 295-296, 301, 322, 325-326, 356-357, 368-369, 373, 375, 385-386, 389, 397, 399, 404
Python CI / python 3.13	UNKNOWN STEP	2026-09-11T15:34:36.5602483Z scripts/mypy_return_autofix.py                                      142     21    85%   69, 86, 107, 110, 117, 121, 123, 127, 129, 132, 140-141, 155, 157, 173, 178, 181, 199-200, 203, 214
Python CI / python 3.13	UNKNOWN STEP	2026-09-11T15:34:36.5603615Z scripts/render_mypy_summary.py                                       39      5    87%   26, 29-30, 39-43
Python CI / python 3.13	UNKNOWN STEP	2026-09-11T15:34:36.5604550Z scripts/render_security_policy.py                                    20      2    90%   79, 84
Python CI / python 3.13	UNKNOWN STEP	2026-09-11T15:34:36.5605375Z scripts/repo_review_docs_drift_audit.py                              37      6    84%   33, 58-59, 63-66
Python CI / python 3.13	UNKNOWN STEP	2026-09-11T15:34:36.5606172Z scripts/run_multi_demo.py                                            21      3    86%   38-39, 51
Python CI / python 3.13	UNKNOWN STEP	2026-09-11T15:34:36.5606940Z scripts/run_real_model.py                                           100     83    17%   27, 35, 42-143
Python CI / python 3.13	UNKNOWN STEP	2026-09-11T15:34:36.5608130Z scripts/streamlit_param_sweep.py                                    206    150    27%   71-75, 79-80, 84-85, 89-97, 101-102, 115-131, 135-144, 148-151, 155-159, 163-170, 181-203, 215-225, 239-243, 247-278, 282-380, 384
Python CI / python 3.13	UNKNOWN STEP	2026-09-11T15:34:36.5609706Z scripts/sync_test_dependencies.py                                   300    107    64%   193, 197, 207-218, 220, 223, 231-241, 245-248, 252, 256, 260-272, 277-297, 301-319, 323-345, 356, 360-365, 371-375, 418, 422, 455, 521, 532-534, 542, 584
Python CI / python 3.13	UNKNOWN STEP	2026-09-11T15:34:36.5610827Z scripts/sync_tool_versions.py                                        80      0   100%
Python CI / python 3.13	UNKNOWN STEP	2026-09-11T15:34:36.5612163Z scripts/test_settings_wiring.py                                     667    602    10%   392, 429, 494-503, 519-529, 542-904, 945-1140, 1149-1167, 1178-1310, 1333-1356, 1361-1368, 1373-1388, 1398-1423, 1431-1470, 1487-1514, 1520-1573, 1577-1664, 1668
Python CI / python 3.13	UNKNOWN STEP	2026-09-11T15:34:36.5613775Z scripts/trigger_gate_workflow.py                                    146     39    73%   15-16, 20-24, 41, 45, 47, 57-77, 81-95, 102, 107, 139, 148, 155-159, 189-190, 241, 246-251, 254-257, 269
Python CI / python 3.13	UNKNOWN STEP	2026-09-11T15:34:36.5614825Z scripts/update_autofix_expectations.py                               51      5    90%   25, 62-63, 75, 91
Python CI / python 3.13	UNKNOWN STEP	2026-09-11T15:34:36.5615861Z scripts/validate_llm_deps.py                                         87     29    67%   18-21, 27, 32-35, 62-63, 66-71, 75-77, 81-83, 86-90, 97-99, 103-106, 116-121, 140
Python CI / python 3.13	UNKNOWN STEP	2026-09-11T15:34:36.5616805Z scripts/validate_strategy_pack.py                                    22      5    77%   30-33, 39
Python CI / python 3.13	UNKNOWN STEP	2026-09-11T15:34:36.5617581Z scripts/verify_trusted_config.py                                     38      0   100%
Python CI / python 3.13	UNKNOWN STEP	2026-09-11T15:34:36.5618312Z src/backtest/__init__.py                                              2      0   100%
Python CI / python 3.13	UNKNOWN STEP	2026-09-11T15:34:36.5619150Z src/backtest/utils.py                                                17      1    94%   37
Python CI / python 3.13	UNKNOWN STEP	2026-09-11T15:34:36.5619852Z src/data/__init__.py                                                  2      0   100%
Python CI / python 3.13	UNKNOWN STEP	2026-09-11T15:34:36.5620722Z src/data/contracts.py                                               143     19    87%   32, 35, 38, 68, 70, 72, 82, 120, 139-142, 168-169, 185-188, 206
Python CI / python 3.13	UNKNOWN STEP	2026-09-11T15:34:36.5621581Z src/health_summarize/__init__.py                                    228      1    99%   183
Python CI / python 3.13	UNKNOWN STEP	2026-09-11T15:34:36.5622303Z src/trend/__init__.py                                                 8      0   100%
Python CI / python 3.13	UNKNOWN STEP	2026-09-11T15:34:36.5623021Z src/trend/_demo_guard.py                                             12      6    50%   12, 15-19
Python CI / python 3.13	UNKNOWN STEP	2026-09-11T15:34:36.5624869Z src/trend/cli.py                                                    508     94    81%   114, 442, 473-475, 486-489, 494, 496, 525-528, 530, 535, 586-587, 589, 605-622, 635, 647-649, 652, 660-663, 666-673, 739-740, 743-744, 747-748, 768, 771-772, 777-778, 782, 787, 797, 808, 822-844, 892, 904, 913, 916-917, 928-944, 946-947, 961, 972-973, 991-993, 1012, 1027, 1124, 1127, 1132
Python CI / python 3.13	UNKNOWN STEP	2026-09-11T15:34:36.5626333Z src/trend/cli_commands.py                                           115     16    86%   81, 96-101, 138-149
Python CI / python 3.13	UNKNOWN STEP	2026-09-11T15:34:36.5627117Z src/trend/cli_helpers.py                                             86     43    50%   26, 42, 71-123
Python CI / python 3.13	UNKNOWN STEP	2026-09-11T15:34:36.5627898Z src/trend/cli_support.py                                             77     36    53%   25-50, 79, 95-105
Python CI / python 3.13	UNKNOWN STEP	2026-09-11T15:34:36.5628642Z src/trend/commands/__init__.py                                        0      0   100%
Python CI / python 3.13	UNKNOWN STEP	2026-09-11T15:34:36.5629711Z src/trend/commands/explain.py                                       114     26    77%   35-38, 43, 46-47, 49, 58-60, 62, 76-79, 91, 120, 124, 187, 191-196
Python CI / python 3.13	UNKNOWN STEP	2026-09-11T15:34:36.5630609Z src/trend/commands/llm_support.py                                    51     43    16%   22-66
Python CI / python 3.13	UNKNOWN STEP	2026-09-11T15:34:36.5631899Z src/trend/commands/nl.py                                            154     38    75%   46-52, 62-64, 74-76, 98, 101-102, 110-111, 113-114, 118, 120, 125, 130-131, 133-134, 155-156, 158, 213-214, 220-222, 239-240, 248-249, 251
Python CI / python 3.13	UNKNOWN STEP	2026-09-11T15:34:36.5633550Z src/trend/commands/report_export.py                                 336     41    88%   58-62, 163, 193-198, 318, 328, 348, 370, 423-424, 430, 541, 556-561, 568-569, 575, 592-595, 606, 609-610, 614, 633, 645-660, 671
Python CI / python 3.13	UNKNOWN STEP	2026-09-11T15:34:36.5634837Z src/trend/config_schema.py                                          172     16    91%   115, 127, 134, 137, 147, 162, 164, 170, 185, 187, 190, 214, 224, 276, 291, 330
Python CI / python 3.13	UNKNOWN STEP	2026-09-11T15:34:36.5635771Z src/trend/diagnostics.py                                             55      9    84%   73, 87, 90-96
Python CI / python 3.13	UNKNOWN STEP	2026-09-11T15:34:36.5636665Z src/trend/input_validation.py                                       149     13    91%   92-95, 98-99, 142, 243, 245, 269, 283, 300-302
Python CI / python 3.13	UNKNOWN STEP	2026-09-11T15:34:36.5637483Z src/trend/mc/__init__.py                                              4      0   100%
Python CI / python 3.13	UNKNOWN STEP	2026-09-11T15:34:36.5638185Z src/trend/mc/charts.py                                                3      0   100%
Python CI / python 3.13	UNKNOWN STEP	2026-09-11T15:34:36.5639170Z src/trend/mc/commands.py                                            208     21    90%   95-97, 128-129, 190-191, 259, 271, 275-276, 286, 298, 303, 311, 315-317, 323, 350-351
Python CI / python 3.13	UNKNOWN STEP	2026-09-11T15:34:36.5640118Z src/trend/mc/io.py                                                   63      6    90%   29-30, 35, 37, 101, 103
Python CI / python 3.13	UNKNOWN STEP	2026-09-11T15:34:36.5641212Z src/trend/mc/viz.py                                                 260     26    90%   153, 161, 163, 171-172, 183, 213-217, 227-229, 239, 241, 259, 261, 298, 342, 428, 575, 595, 600, 607-608
Python CI / python 3.13	UNKNOWN STEP	2026-09-11T15:34:36.5642163Z src/trend/reporting/__init__.py                                       4      0   100%
Python CI / python 3.13	UNKNOWN STEP	2026-09-11T15:34:36.5642917Z src/trend/reporting/_matplotlib.py                                    3      0   100%
Python CI / python 3.13	UNKNOWN STEP	2026-09-11T15:34:36.5644159Z src/trend/reporting/quick_summary.py                                221     27    88%   36, 39-41, 46, 49-50, 57, 60, 82-83, 91-98, 104, 173, 195, 210, 231, 395-397
Python CI / python 3.13	UNKNOWN STEP	2026-09-11T15:34:36.5645343Z src/trend/reporting/unified.py                                      667     21    97%   119, 131-135, 140, 153, 155, 157, 388, 519-521, 598, 617, 677, 1010, 1033, 1036-1037
Python CI / python 3.13	UNKNOWN STEP	2026-09-11T15:34:36.5646265Z src/trend/spec.py                                                   190      3    98%   321-323
Python CI / python 3.13	UNKNOWN STEP	2026-09-11T15:34:36.5647046Z src/trend/validation.py                                              77      7    91%   53, 102, 105-108, 112, 120
Python CI / python 3.13	UNKNOWN STEP	2026-09-11T15:34:36.5647851Z src/trend_analysis/__init__.py                                       82      5    94%   44-46, 51-52
Python CI / python 3.13	UNKNOWN STEP	2026-09-11T15:34:36.5648609Z src/trend_analysis/_typing.py                                        10      0   100%
Python CI / python 3.13	UNKNOWN STEP	2026-09-11T15:34:36.5649690Z src/trend_analysis/api.py                                           361     39    89%   64, 69, 72-73, 78-79, 221-222, 256-257, 281-282, 296, 300, 343, 347-366, 391, 417-418, 477-481, 537-543, 625
Python CI / python 3.13	UNKNOWN STEP	2026-09-11T15:34:36.5650805Z src/trend_analysis/api_server/__init__.py                            97     11    89%   81, 97, 101, 105-106, 109, 113, 122-123, 169, 183
Python CI / python 3.13	UNKNOWN STEP	2026-09-11T15:34:36.5651661Z src/trend_analysis/api_server/__main__.py                             3      0   100%
Python CI / python 3.13	UNKNOWN STEP	2026-09-11T15:34:36.5652431Z src/trend_analysis/backtesting/__init__.py                            3      0   100%
Python CI / python 3.13	UNKNOWN STEP	2026-09-11T15:34:36.5653363Z src/trend_analysis/backtesting/bootstrap.py                          63      0   100%
Python CI / python 3.13	UNKNOWN STEP	2026-09-11T15:34:36.5654563Z src/trend_analysis/backtesting/harness.py                           381     31    92%   57, 191, 193, 236, 244, 282, 286-288, 296, 381, 384, 393-399, 402, 411, 467, 487, 492, 494, 509, 515, 519, 526, 529, 535, 538
Python CI / python 3.13	UNKNOWN STEP	2026-09-11T15:34:36.5655745Z src/trend_analysis/cash_policy.py                                     8      0   100%
Python CI / python 3.13	UNKNOWN STEP	2026-09-11T15:34:36.5656499Z src/trend_analysis/config/__init__.py                                 5      0   100%
Python CI / python 3.13	UNKNOWN STEP	2026-09-11T15:34:36.5657257Z src/trend_analysis/config/bridge.py                                  56      0   100%
Python CI / python 3.13	UNKNOWN STEP	2026-09-11T15:34:36.5658266Z src/trend_analysis/config/coverage.py                               137     23    83%   60, 66-67, 72, 117, 121, 133-136, 139-142, 154-156, 185-186, 197-198, 203-204
Python CI / python 3.13	UNKNOWN STEP	2026-09-11T15:34:36.5659193Z src/trend_analysis/config/lint_keys.py                               67      0   100%
Python CI / python 3.13	UNKNOWN STEP	2026-09-11T15:34:36.5660274Z src/trend_analysis/config/model.py                                  477     39    92%   152, 255, 264, 296, 410, 418, 424, 440, 461, 469-490, 492, 512-515, 521, 540, 547, 560, 566, 653-656
Python CI / python 3.13	UNKNOWN STEP	2026-09-11T15:34:36.5661765Z src/trend_analysis/config/models.py                                 561     38    93%   197, 218, 228, 231-232, 234, 243-244, 247, 253-259, 457, 503-504, 507, 660, 690, 692, 735, 742, 752, 754, 766-767, 770, 781, 787-797, 807, 1019, 1080, 1096
Python CI / python 3.13	UNKNOWN STEP	2026-09-11T15:34:36.5663546Z src/trend_analysis/config/patch.py                                  349     51    85%   87, 165, 219-221, 260, 291, 305, 321, 327, 332-334, 342, 344, 347, 351, 354, 364, 366, 369, 375-382, 384, 395, 397, 409-417, 420, 422, 425, 427, 431, 437, 532-535
Python CI / python 3.13	UNKNOWN STEP	2026-09-11T15:34:36.5665003Z src/trend_analysis/config/schema_generator.py                       290     27    91%   285-286, 291-295, 308-311, 344, 346, 403, 425, 447, 453, 468, 474, 485, 519, 590, 696-701
Python CI / python 3.13	UNKNOWN STEP	2026-09-11T15:34:36.5666068Z src/trend_analysis/config/schema_validation.py                       31      5    84%   29, 31, 52-54
Python CI / python 3.13	UNKNOWN STEP	2026-09-11T15:34:36.5666886Z src/trend_analysis/config/turnover.py                                 1      0   100%
Python CI / python 3.13	UNKNOWN STEP	2026-09-11T15:34:36.5668234Z src/trend_analysis/config/ui_mapping.py                             305     44    86%   67, 76, 83-84, 107, 165-171, 173, 175, 181-182, 184, 198, 200, 208, 211-212, 214, 270, 273, 305, 310, 312-313, 330, 344, 347, 398-400, 458, 460, 505-508, 513-516, 542, 550
Python CI / python 3.13	UNKNOWN STEP	2026-09-11T15:34:36.5670434Z src/trend_analysis/config/validation.py                             612     63    90%   41, 43, 91-98, 233, 237, 261, 265, 267, 269-270, 288, 292, 294, 325-332, 362-370, 403-410, 726-729, 737-738, 767, 852, 910-917, 950-958, 1040, 1056, 1072, 1090-1091, 1095, 1098, 1111, 1129, 1141-1145, 1147-1151, 1153, 1162-1164, 1167, 1176-1179, 1202, 1211
Python CI / python 3.13	UNKNOWN STEP	2026-09-11T15:34:36.5672003Z src/trend_analysis/config_contract.py                                80     19    76%   58-66, 88, 102, 105, 107, 113, 116-117, 139, 169-170
Python CI / python 3.13	UNKNOWN STEP	2026-09-11T15:34:36.5672865Z src/trend_analysis/constants.py                                       6      0   100%
Python CI / python 3.13	UNKNOWN STEP	2026-09-11T15:34:36.5673793Z src/trend_analysis/core/__init__.py                                   0      0   100%
Python CI / python 3.13	UNKNOWN STEP	2026-09-11T15:34:36.5674554Z src/trend_analysis/core/metric_cache.py                              49      0   100%
Python CI / python 3.13	UNKNOWN STEP	2026-09-11T15:34:36.5675886Z src/trend_analysis/core/rank_selection.py                           504     36    93%   156, 162, 258, 326-332, 493, 501, 503, 554, 583, 588-589, 593-599, 610, 654, 659, 665, 679-682, 758, 838, 849, 852, 907, 1014, 1030, 1047, 1053, 1058, 1072, 1097-1098
Python CI / python 3.13	UNKNOWN STEP	2026-09-11T15:34:36.5677186Z src/trend_analysis/data.py                                          292     13    96%   120, 139, 226, 231, 248, 295, 301, 358-359, 374, 448-450
Python CI / python 3.13	UNKNOWN STEP	2026-09-11T15:34:36.5678023Z src/trend_analysis/diagnostics.py                                    87      0   100%
Python CI / python 3.13	UNKNOWN STEP	2026-09-11T15:34:36.5678782Z src/trend_analysis/engine/__init__.py                                 2      0   100%
Python CI / python 3.13	UNKNOWN STEP	2026-09-11T15:34:36.5679629Z src/trend_analysis/engine/optimizer.py                              247     11    96%   85, 220, 233, 242, 326, 360-365
Python CI / python 3.13	UNKNOWN STEP	2026-09-11T15:34:36.5680461Z src/trend_analysis/engine/walkforward.py                            138      0   100%
Python CI / python 3.13	UNKNOWN STEP	2026-09-11T15:34:36.5681888Z src/trend_analysis/export/__init__.py                              1116     33    97%   77, 324-325, 382-383, 385, 390, 422, 438, 441, 584, 621, 757, 787, 847, 879, 926, 942, 947, 952, 966-967, 1313, 1364, 1368, 1409, 1472, 1943-1944, 1966-1969
Python CI / python 3.13	UNKNOWN STEP	2026-09-11T15:34:36.5683007Z src/trend_analysis/export/bundle.py                                 178      0   100%
Python CI / python 3.13	UNKNOWN STEP	2026-09-11T15:34:36.5683964Z src/trend_analysis/export/run_envelope.py                            92     10    89%   43, 46, 108-114, 188
Python CI / python 3.13	UNKNOWN STEP	2026-09-11T15:34:36.5684778Z src/trend_analysis/gui/__init__.py                                    5      0   100%
Python CI / python 3.13	UNKNOWN STEP	2026-09-11T15:34:36.5685897Z src/trend_analysis/gui/app.py                                       575     40    93%   76, 78-79, 87, 105, 108, 121-135, 210-211, 223-224, 235-237, 250, 289, 295, 301-302, 310-311, 336, 469, 551, 566, 964
Python CI / python 3.13	UNKNOWN STEP	2026-09-11T15:34:36.5686904Z src/trend_analysis/gui/plugins.py                                    15      0   100%
Python CI / python 3.13	UNKNOWN STEP	2026-09-11T15:34:36.5687643Z src/trend_analysis/gui/store.py                                      17      0   100%
Python CI / python 3.13	UNKNOWN STEP	2026-09-11T15:34:36.5688374Z src/trend_analysis/gui/utils.py                                      27      0   100%
Python CI / python 3.13	UNKNOWN STEP	2026-09-11T15:34:36.5689246Z src/trend_analysis/identity.py                                      101     11    89%   57, 76, 88, 93, 97, 100, 126, 131, 134, 137, 140
Python CI / python 3.13	UNKNOWN STEP	2026-09-11T15:34:36.5690065Z src/trend_analysis/io/__init__.py                                     4      0   100%
Python CI / python 3.13	UNKNOWN STEP	2026-09-11T15:34:36.5690950Z src/trend_analysis/io/date_correction.py                            160     15    91%   94, 108-109, 142-143, 170, 271-280, 287, 297
Python CI / python 3.13	UNKNOWN STEP	2026-09-11T15:34:36.5691889Z src/trend_analysis/io/market_data.py                                325     14    96%   214, 371-377, 382, 582, 585-591
Python CI / python 3.13	UNKNOWN STEP	2026-09-11T15:34:36.5693228Z src/trend_analysis/io/ui_ingest.py                                  169     61    64%   40, 43-45, 55, 57-63, 67, 70-71, 75-76, 82, 84, 94-105, 118-125, 130-132, 140, 167, 176, 184-197, 216, 225, 246, 248, 257-258
Python CI / python 3.13	UNKNOWN STEP	2026-09-11T15:34:36.5694247Z src/trend_analysis/io/utils.py                                       58      0   100%
Python CI / python 3.13	UNKNOWN STEP	2026-09-11T15:34:36.5694979Z src/trend_analysis/llm/__init__.py                                    9      0   100%
Python CI / python 3.13	UNKNOWN STEP	2026-09-11T15:34:36.5695850Z src/trend_analysis/llm/_env.py                                       10      2    80%   14-15
Python CI / python 3.13	UNKNOWN STEP	2026-09-11T15:34:36.5696648Z src/trend_analysis/llm/analysis_fleet.py                             64      1    98%   105
Python CI / python 3.13	UNKNOWN STEP	2026-09-11T15:34:36.5697824Z src/trend_analysis/llm/chain.py                                     344     37    89%   108-110, 204, 212-213, 217, 219-220, 223-232, 261, 328, 336-341, 352, 366-367, 392-393, 399, 411, 525, 798, 829-841, 899
Python CI / python 3.13	UNKNOWN STEP	2026-09-11T15:34:36.5699032Z src/trend_analysis/llm/injection.py                                 161     14    91%   82, 99, 186-187, 216, 227-228, 230, 253, 255, 264-265, 267, 269
Python CI / python 3.13	UNKNOWN STEP	2026-09-11T15:34:36.5721422Z src/trend_analysis/llm/nl_logging.py                                 75      7    91%   44, 66, 73, 77-78, 83-84
Python CI / python 3.13	UNKNOWN STEP	2026-09-11T15:34:36.5723380Z src/trend_analysis/llm/prompts.py                                    79      2    97%   364-365
Python CI / python 3.13	UNKNOWN STEP	2026-09-11T15:34:36.5725367Z src/trend_analysis/llm/providers.py                                 152     18    88%   63, 102-103, 107, 130, 139, 142, 145, 195-196, 202-203, 214, 216, 218, 229, 245, 247
Python CI / python 3.13	UNKNOWN STEP	2026-09-11T15:34:36.5727208Z src/trend_analysis/llm/replay.py                                    111     13    88%   36, 40, 50-51, 124-132, 153-154, 175, 251, 261
Python CI / python 3.13	UNKNOWN STEP	2026-09-11T15:34:36.5728191Z src/trend_analysis/llm/result_feedback.py                           112     13    88%   108, 111, 113, 135, 150, 170-177
Python CI / python 3.13	UNKNOWN STEP	2026-09-11T15:34:36.5729454Z src/trend_analysis/llm/result_metrics.py                            349     28    92%   135, 308, 314, 321, 327, 342, 344, 405, 428-430, 432-434, 448-451, 477, 484, 516, 524, 532, 560, 568, 578, 585, 589
Python CI / python 3.13	UNKNOWN STEP	2026-09-11T15:34:36.5730698Z src/trend_analysis/llm/result_validation.py                         210     13    94%   79, 92, 134, 232-233, 280-281, 294-295, 329-330, 363-364
Python CI / python 3.13	UNKNOWN STEP	2026-09-11T15:34:36.5731837Z src/trend_analysis/llm/schema.py                                     56      1    98%   61
Python CI / python 3.13	UNKNOWN STEP	2026-09-11T15:34:36.5732925Z src/trend_analysis/llm/tracing.py                                   143     33    77%   32, 53, 58-63, 67, 70-71, 74, 101, 147, 158, 195-196, 199-201, 211-213, 216-219, 222-227
Python CI / python 3.13	UNKNOWN STEP	2026-09-11T15:34:36.5734439Z src/trend_analysis/llm/validation.py                                181     26    86%   41, 65-66, 115, 120-121, 135, 150, 154, 181, 187, 189, 201, 204, 210, 213, 217-222, 228, 233, 250, 252
Python CI / python 3.13	UNKNOWN STEP	2026-09-11T15:34:36.5735495Z src/trend_analysis/llm/variants.py                                   33      2    94%   17, 41
Python CI / python 3.13	UNKNOWN STEP	2026-09-11T15:34:36.5736318Z src/trend_analysis/llm_proxy/__init__.py                              2      0   100%
Python CI / python 3.13	UNKNOWN STEP	2026-09-11T15:34:36.5737167Z src/trend_analysis/llm_proxy/cli.py                                  27      5    81%   52, 57-59, 66
Python CI / python 3.13	UNKNOWN STEP	2026-09-11T15:34:36.5738221Z src/trend_analysis/llm_proxy/server.py                              126     78    38%   31-42, 54-56, 63, 100-112, 119-128, 131-142, 145-201, 208-215, 218-219
Python CI / python 3.13	UNKNOWN STEP	2026-09-11T15:34:36.5739160Z src/trend_analysis/logging.py                                        85      0   100%
Python CI / python 3.13	UNKNOWN STEP	2026-09-11T15:34:36.5739963Z src/trend_analysis/logging_setup.py                                  49      1    98%   23
Python CI / python 3.13	UNKNOWN STEP	2026-09-11T15:34:36.5740821Z src/trend_analysis/metrics/__init__.py                              208      4    98%   164, 188, 231, 421
Python CI / python 3.13	UNKNOWN STEP	2026-09-11T15:34:36.5741696Z src/trend_analysis/metrics/attribution.py                            33      0   100%
Python CI / python 3.13	UNKNOWN STEP	2026-09-11T15:34:36.5742589Z src/trend_analysis/metrics/deflated_sharpe.py                        56      7    88%   25, 27, 62, 69, 94, 118, 121
Python CI / python 3.13	UNKNOWN STEP	2026-09-11T15:34:36.5743669Z src/trend_analysis/metrics/factor_attribution.py                     50      8    84%   22, 24, 26, 28, 51, 59-60, 68
Python CI / python 3.13	UNKNOWN STEP	2026-09-11T15:34:36.5744528Z src/trend_analysis/metrics/rolling.py                                31      0   100%
Python CI / python 3.13	UNKNOWN STEP	2026-09-11T15:34:36.5745302Z src/trend_analysis/metrics/summary.py                                21      0   100%
Python CI / python 3.13	UNKNOWN STEP	2026-09-11T15:34:36.5746074Z src/trend_analysis/metrics/turnover.py                               25      0   100%
Python CI / python 3.13	UNKNOWN STEP	2026-09-11T15:34:36.5746843Z src/trend_analysis/monte_carlo/__init__.py                            9      0   100%
Python CI / python 3.13	UNKNOWN STEP	2026-09-11T15:34:36.5748571Z src/trend_analysis/monte_carlo/aggregator.py                        550     53    90%   265-268, 326, 364, 372, 466, 481, 485, 495, 500, 504-505, 507-508, 514-515, 529, 544-545, 562, 568, 574, 578, 581-582, 591-592, 628, 632, 636, 639-640, 649-650, 660, 688-691, 710, 751, 757, 761, 773-774, 776, 778, 789, 797, 804, 809, 846
Python CI / python 3.13	UNKNOWN STEP	2026-09-11T15:34:36.5750112Z src/trend_analysis/monte_carlo/cache.py                              86     15    83%   29, 42, 53, 60, 63, 91, 99-100, 130-131, 144-147, 150
Python CI / python 3.13	UNKNOWN STEP	2026-09-11T15:34:36.5751116Z src/trend_analysis/monte_carlo/config.py                             63     18    71%   62-64, 85, 99-104, 107, 110-116
Python CI / python 3.13	UNKNOWN STEP	2026-09-11T15:34:36.5752493Z src/trend_analysis/monte_carlo/costs.py                             243     39    84%   41, 44-45, 47, 49, 56, 68, 72, 74, 84, 96, 109, 156, 161, 163, 167, 174, 179, 181, 183, 203, 243, 261, 273-275, 284, 288-291, 296, 304, 310, 329, 339, 371-372, 384
Python CI / python 3.13	UNKNOWN STEP	2026-09-11T15:34:36.5753994Z src/trend_analysis/monte_carlo/export.py                            199     19    90%   131-132, 157, 172-179, 189, 198, 201, 228, 230, 232, 234, 266
Python CI / python 3.13	UNKNOWN STEP	2026-09-11T15:34:36.5755001Z src/trend_analysis/monte_carlo/export_bundle.py                      72      9    88%   41, 45, 59-60, 71-72, 133-135
Python CI / python 3.13	UNKNOWN STEP	2026-09-11T15:34:36.5756187Z src/trend_analysis/monte_carlo/folds.py                             201     23    89%   92, 114, 118, 128, 149, 169, 173, 213, 220, 230, 237, 240-241, 243, 253, 256-257, 259, 271, 274-275, 282, 321
Python CI / python 3.13	UNKNOWN STEP	2026-09-11T15:34:36.5757191Z src/trend_analysis/monte_carlo/history.py                            18      0   100%
Python CI / python 3.13	UNKNOWN STEP	2026-09-11T15:34:36.5757977Z src/trend_analysis/monte_carlo/models/__init__.py                     4      0   100%
Python CI / python 3.13	UNKNOWN STEP	2026-09-11T15:34:36.5759299Z src/trend_analysis/monte_carlo/models/base.py                       165     28    83%   82, 88, 93, 98-99, 102-103, 118, 130, 132, 134, 136, 138, 150-151, 174, 185, 187, 204, 215, 227, 229, 236, 241-243, 290, 300
Python CI / python 3.13	UNKNOWN STEP	2026-09-11T15:34:36.5760706Z src/trend_analysis/monte_carlo/models/bootstrap.py                  157     30    81%   30, 48, 63, 69, 72-73, 75, 82-90, 101, 103, 105, 107, 152, 158, 165, 169, 175, 203, 205, 207, 215-216
Python CI / python 3.13	UNKNOWN STEP	2026-09-11T15:34:36.5762177Z src/trend_analysis/monte_carlo/models/regime.py                     266     47    82%   47, 64, 66, 85, 88-90, 103, 109, 115, 124-125, 143, 147, 162, 186, 188, 190, 192, 214-215, 253, 259, 263, 269, 317, 319, 321, 329-365, 392-393, 405
Python CI / python 3.13	UNKNOWN STEP	2026-09-11T15:34:36.5763966Z src/trend_analysis/monte_carlo/registry.py                          338     51    85%   41, 62, 71, 76, 78, 90, 154-158, 176, 178-179, 195-199, 206, 209, 223-227, 234, 236-237, 240, 268, 342-349, 355, 365, 389, 409, 420, 430, 432, 460, 504, 506, 508-509, 516, 519, 522
Python CI / python 3.13	UNKNOWN STEP	2026-09-11T15:34:36.5765377Z src/trend_analysis/monte_carlo/results.py                           278     22    92%   142, 270, 297, 304, 306, 316, 388, 397, 399, 406, 415-421, 431-436, 442-444
Python CI / python 3.13	UNKNOWN STEP	2026-09-11T15:34:36.5769612Z src/trend_analysis/monte_carlo/runner.py                           1376    252    82%   106, 114, 118-123, 136, 359, 398, 435-443, 553-561, 578-580, 587-595, 691, 722, 727-728, 761, 798, 808, 811, 837, 842, 852, 854, 859, 862, 869-877, 915-925, 929, 933, 942, 944, 955-956, 967-968, 985-989, 993, 996-997, 999, 1003, 1010-1011, 1016-1017, 1021, 1056-1068, 1092-1098, 1103-1107, 1110, 1113-1118, 1124, 1195-1196, 1252, 1255, 1258, 1264, 1268, 1281, 1284, 1302-1303, 1305, 1310-1316, 1333-1334, 1343-1344, 1358, 1366-1368, 1383, 1399, 1405-1410, 1488, 1570, 1574, 1580, 1598-1602, 1616, 1638, 1641, 1644, 1654, 1666, 1677, 1681, 1683, 1699-1704, 1715, 1727-1741, 1754, 1757-1761, 1766, 1769-1774, 1809, 1814, 1839-1842, 1847-1850, 1870, 1875-1879, 1881, 1893-1894, 1899-1900, 1914, 1917, 1924-1926, 1929, 1933-1934, 1936, 1946, 1949, 1968-1969, 1981, 1984, 1986, 1991, 1994, 1997, 2011, 2016, 2019, 2030-2031, 2049-2052, 2057, 2081-2083, 2087, 2095, 2132-2135, 2188-2190, 2196, 2231, 2237, 2241, 2284, 2303, 2309, 2322-2324
Python CI / python 3.13	UNKNOWN STEP	2026-09-11T15:34:36.5773363Z src/trend_analysis/monte_carlo/scenario.py                          217     25    88%   36, 39-40, 42, 51, 54-55, 59, 80, 84, 211, 397, 432, 440, 442, 457, 481, 483, 488, 490, 496, 516-517, 520, 529
Python CI / python 3.13	UNKNOWN STEP	2026-09-11T15:34:36.5774419Z src/trend_analysis/monte_carlo/seed.py                               39      5    87%   23, 35, 51-52, 54
Python CI / python 3.13	UNKNOWN STEP	2026-09-11T15:34:36.5775217Z src/trend_analysis/monte_carlo/strategy/__init__.py                   2      0   100%
Python CI / python 3.13	UNKNOWN STEP	2026-09-11T15:34:36.5776292Z src/trend_analysis/monte_carlo/strategy/sampler.py                  203     23    89%   21, 27, 30, 36, 39-40, 42, 54, 56, 62, 66, 71, 120, 122, 129, 131, 137, 152, 159, 162, 170, 221, 223
Python CI / python 3.13	UNKNOWN STEP	2026-09-11T15:34:36.5777400Z src/trend_analysis/monte_carlo/strategy/validation.py                73     11    85%   21, 36-37, 41-42, 56, 69, 86-88, 111
Python CI / python 3.13	UNKNOWN STEP	2026-09-11T15:34:36.5778509Z src/trend_analysis/monte_carlo/strategy/variant.py                  153     19    88%   20, 22, 25, 37, 39, 43, 58, 61, 82, 85, 88, 90, 121-122, 135-136, 160, 169, 177
Python CI / python 3.13	UNKNOWN STEP	2026-09-11T15:34:36.5779454Z src/trend_analysis/multi_period/__init__.py                           2      0   100%
Python CI / python 3.13	UNKNOWN STEP	2026-09-11T15:34:36.5783708Z src/trend_analysis/multi_period/engine.py                          2160    335    84%   119, 205, 288, 294-295, 297, 336-338, 417, 778-788, 800, 807, 810, 818, 851, 866, 873-900, 955-959, 1075, 1083-1088, 1133, 1626, 1641, 1660-1667, 1704-1705, 1900, 1905, 1912-1914, 1947-1962, 1971, 1974, 1976, 1982-1994, 2091-2092, 2097-2098, 2194, 2203, 2208-2209, 2321-2322, 2344-2345, 2360-2361, 2369-2370, 2376-2377, 2380-2381, 2387-2388, 2399-2400, 2449-2450, 2452, 2461, 2494, 2500, 2504, 2526, 2543, 2574, 2585, 2607, 2614-2633, 2637-2639, 2643, 2652, 2664, 2677, 2725, 2748-2752, 2780, 2782, 2811-2815, 2820, 2824, 2851, 2854-2873, 2914, 2917, 2934-2954, 2972, 2985-2999, 3006, 3018-3030, 3036-3055, 3068, 3072, 3091-3093, 3150, 3178, 3193, 3328, 3333-3342, 3356, 3362-3375, 3379-3389, 3396-3400, 3404, 3411-3416, 3426, 3500, 3514, 3517, 3529-3530, 3559, 3595-3609, 3666-3671, 3678, 3703-3706, 3712-3731, 3746, 3751, 3753, 3759, 3806-3807, 3849-3854, 3905, 3991, 4025, 4223, 4246, 4267-4268, 4301, 4356-4357, 4420, 4461, 4465
Python CI / python 3.13	UNKNOWN STEP	2026-09-11T15:34:36.5787077Z src/trend_analysis/multi_period/loaders.py                          124      1    99%   127
Python CI / python 3.13	UNKNOWN STEP	2026-09-11T15:34:36.5787945Z src/trend_analysis/multi_period/replacer.py                         111     17    85%   41-42, 99-123, 181
Python CI / python 3.13	UNKNOWN STEP	2026-09-11T15:34:36.5788798Z src/trend_analysis/multi_period/scheduler.py                         66      2    97%   75, 80
Python CI / python 3.13	UNKNOWN STEP	2026-09-11T15:34:36.5789582Z src/trend_analysis/perf/cache.py                                    117      0   100%
Python CI / python 3.13	UNKNOWN STEP	2026-09-11T15:34:36.5790394Z src/trend_analysis/perf/rolling_cache.py                            114      6    95%   27-28, 34-35, 46-47
Python CI / python 3.13	UNKNOWN STEP	2026-09-11T15:34:36.5791194Z src/trend_analysis/perf/timing.py                                    30      0   100%
Python CI / python 3.13	UNKNOWN STEP	2026-09-11T15:34:36.5791973Z src/trend_analysis/pipeline.py                                       49     20    59%   64-72, 140-152
Python CI / python 3.13	UNKNOWN STEP	2026-09-11T15:34:36.5792805Z src/trend_analysis/pipeline_entrypoints.py                          123      3    98%   249, 257, 267
Python CI / python 3.13	UNKNOWN STEP	2026-09-11T15:34:36.5794205Z src/trend_analysis/pipeline_helpers.py                              402     41    90%   84, 87-88, 90, 111, 115, 123, 131, 139, 142, 172, 180, 199, 235, 258, 265, 286-291, 302-303, 310-311, 317-325, 350-351, 353, 358, 614, 616
Python CI / python 3.13	UNKNOWN STEP	2026-09-11T15:34:36.5795269Z src/trend_analysis/pipeline_runner.py                                33      0   100%
Python CI / python 3.13	UNKNOWN STEP	2026-09-11T15:34:36.5796026Z src/trend_analysis/plugins/__init__.py                               41      0   100%
Python CI / python 3.13	UNKNOWN STEP	2026-09-11T15:34:36.5796773Z src/trend_analysis/portfolio/__init__.py                              2      0   100%
Python CI / python 3.13	UNKNOWN STEP	2026-09-11T15:34:36.5797572Z src/trend_analysis/portfolio/weight_policy.py                        53      1    98%   111
Python CI / python 3.13	UNKNOWN STEP	2026-09-11T15:34:36.5798364Z src/trend_analysis/presets.py                                       242      1    99%   305
Python CI / python 3.13	UNKNOWN STEP	2026-09-11T15:34:36.5799117Z src/trend_analysis/proxy/__init__.py                                  2      0   100%
Python CI / python 3.13	UNKNOWN STEP	2026-09-11T15:34:36.5799978Z src/trend_analysis/proxy/__main__.py                                  3      0   100%
Python CI / python 3.13	UNKNOWN STEP	2026-09-11T15:34:36.5800715Z src/trend_analysis/proxy/cli.py                                      30      0   100%
Python CI / python 3.13	UNKNOWN STEP	2026-09-11T15:34:36.5801448Z src/trend_analysis/proxy/server.py                                   95      0   100%
Python CI / python 3.13	UNKNOWN STEP	2026-09-11T15:34:36.5802196Z src/trend_analysis/rebalancing/__init__.py                            5      0   100%
Python CI / python 3.13	UNKNOWN STEP	2026-09-11T15:34:36.5803011Z src/trend_analysis/rebalancing/strategies.py                        187      2    99%   193, 280
Python CI / python 3.13	UNKNOWN STEP	2026-09-11T15:34:36.5804105Z src/trend_analysis/regime_utils.py                                   14      1    93%   14
Python CI / python 3.13	UNKNOWN STEP	2026-09-11T15:34:36.5804885Z src/trend_analysis/regimes.py                                       315      2    99%   78, 257
Python CI / python 3.13	UNKNOWN STEP	2026-09-11T15:34:36.5806092Z src/trend_analysis/reporting/narrative.py                           264     33    88%   174, 179, 189, 191, 205, 226-232, 237-244, 257, 262, 299, 316-317, 320-321, 323, 344, 385-389, 443-445, 491, 496, 498, 501-503, 510
Python CI / python 3.13	UNKNOWN STEP	2026-09-11T15:34:36.5807368Z src/trend_analysis/reporting/portfolio_series.py                    103     21    80%   29, 32-33, 41-42, 46-52, 54, 57-58, 72, 96-97, 112, 116-117
Python CI / python 3.13	UNKNOWN STEP	2026-09-11T15:34:36.5808419Z src/trend_analysis/reporting/run_artifacts.py                       233     12    95%   73, 92, 100-103, 364-365, 418, 431, 434-435, 438
Python CI / python 3.13	UNKNOWN STEP	2026-09-11T15:34:36.5809376Z src/trend_analysis/risk.py                                          182     17    91%   128, 163, 204, 206, 213, 220-229, 271-272
Python CI / python 3.13	UNKNOWN STEP	2026-09-11T15:34:36.5810255Z src/trend_analysis/schedules.py                                     118      7    94%   38, 114-115, 119-120, 218, 230
Python CI / python 3.13	UNKNOWN STEP	2026-09-11T15:34:36.5811199Z src/trend_analysis/script_logging.py                                 27      0   100%
Python CI / python 3.13	UNKNOWN STEP	2026-09-11T15:34:36.5811944Z src/trend_analysis/selector.py                                       39      0   100%
Python CI / python 3.13	UNKNOWN STEP	2026-09-11T15:34:36.5812701Z src/trend_analysis/signal_presets.py                                 47      1    98%   122
Python CI / python 3.13	UNKNOWN STEP	2026-09-11T15:34:36.5813701Z src/trend_analysis/signals.py                                       198     14    93%   43, 158-166, 209, 272-273, 275
Python CI / python 3.13	UNKNOWN STEP	2026-09-11T15:34:36.5814477Z src/trend_analysis/stages/__init__.py                                 4      0   100%
Python CI / python 3.13	UNKNOWN STEP	2026-09-11T15:34:36.5815521Z src/trend_analysis/stages/portfolio.py                              382     22    94%   120, 210, 274, 302, 310-316, 333-334, 337, 411, 454-455, 492, 521-522, 635, 637-638, 667-668
Python CI / python 3.13	UNKNOWN STEP	2026-09-11T15:34:36.5816642Z src/trend_analysis/stages/preprocessing.py                          212     14    93%   120, 149, 177, 181, 184, 255, 276, 288, 336, 350-354
Python CI / python 3.13	UNKNOWN STEP	2026-09-11T15:34:36.5817782Z src/trend_analysis/stages/selection.py                              246     28    89%   74-75, 85, 91, 102, 125, 137, 143, 145, 157, 162, 198-216, 223, 371, 407, 416, 435, 475, 504
Python CI / python 3.13	UNKNOWN STEP	2026-09-11T15:34:36.5818754Z src/trend_analysis/time_utils.py                                    160      4    98%   36, 39, 117, 120
Python CI / python 3.13	UNKNOWN STEP	2026-09-11T15:34:36.5819501Z src/trend_analysis/timefreq.py                                       34      0   100%
Python CI / python 3.13	UNKNOWN STEP	2026-09-11T15:34:36.5820379Z src/trend_analysis/tool_layer.py                                    188     15    92%   52, 54, 56, 60, 77, 83, 86, 123, 241, 270, 273, 294-297, 316
Python CI / python 3.13	UNKNOWN STEP	2026-09-11T15:34:36.5821190Z src/trend_analysis/ui/__init__.py                                     0      0   100%
Python CI / python 3.13	UNKNOWN STEP	2026-09-11T15:34:36.5821908Z src/trend_analysis/ui/rank_widgets.py                                14      0   100%
Python CI / python 3.13	UNKNOWN STEP	2026-09-11T15:34:36.5822722Z src/trend_analysis/universe.py                                      188     10    95%   142, 202-205, 228, 277, 280, 292, 295
Python CI / python 3.13	UNKNOWN STEP	2026-09-11T15:34:36.5823651Z src/trend_analysis/universe_catalog.py                              101      0   100%
Python CI / python 3.13	UNKNOWN STEP	2026-09-11T15:34:36.5824381Z src/trend_analysis/util/__init__.py                                   0      0   100%
Python CI / python 3.13	UNKNOWN STEP	2026-09-11T15:34:36.5825106Z src/trend_analysis/util/frequency.py                                106      0   100%
Python CI / python 3.13	UNKNOWN STEP	2026-09-11T15:34:36.5826002Z src/trend_analysis/util/git.py                                        8      0   100%
Python CI / python 3.13	UNKNOWN STEP	2026-09-11T15:34:36.5826765Z src/trend_analysis/util/hash.py                                      51      4    92%   103-105, 119
Python CI / python 3.13	UNKNOWN STEP	2026-09-11T15:34:36.5827526Z src/trend_analysis/util/joblib_shim.py                               13      0   100%
Python CI / python 3.13	UNKNOWN STEP	2026-09-11T15:34:36.5828319Z src/trend_analysis/util/json_compat.py                               44      4    91%   25, 55, 57, 59
Python CI / python 3.13	UNKNOWN STEP	2026-09-11T15:34:36.5829126Z src/trend_analysis/util/missing.py                                  127      5    96%   93-97
Python CI / python 3.13	UNKNOWN STEP	2026-09-11T15:34:36.5829900Z src/trend_analysis/util/paths.py                                     18      1    94%   20
Python CI / python 3.13	UNKNOWN STEP	2026-09-11T15:34:36.5830656Z src/trend_analysis/util/risk_free.py                                 14      0   100%
Python CI / python 3.13	UNKNOWN STEP	2026-09-11T15:34:36.5831395Z src/trend_analysis/util/rolling.py                                   30      0   100%
Python CI / python 3.13	UNKNOWN STEP	2026-09-11T15:34:36.5832149Z src/trend_analysis/util/weights.py                                   22      1    95%   26
Python CI / python 3.13	UNKNOWN STEP	2026-09-11T15:34:36.5832910Z src/trend_analysis/viz/__init__.py                                    8      1    88%   26
Python CI / python 3.13	UNKNOWN STEP	2026-09-11T15:34:36.5834142Z src/trend_analysis/viz/adapters.py                                  238     40    83%   78-81, 87, 97, 162, 219, 256, 262, 295, 299, 351, 379-387, 393, 399-402, 405, 469, 471, 476, 478, 482-490, 496
Python CI / python 3.13	UNKNOWN STEP	2026-09-11T15:34:36.5835150Z src/trend_analysis/viz/artifacts.py                                  42      5    88%   43, 47-53
Python CI / python 3.13	UNKNOWN STEP	2026-09-11T15:34:36.5835953Z src/trend_analysis/viz/charts/__init__.py                            77      1    99%   45
Python CI / python 3.13	UNKNOWN STEP	2026-09-11T15:34:36.5836911Z src/trend_analysis/viz/charts/corr_heatmap.py                        29      4    86%   29-32, 45
Python CI / python 3.13	UNKNOWN STEP	2026-09-11T15:34:36.5837782Z src/trend_analysis/viz/charts/rolling_panel.py                       58      7    88%   28-31, 44, 48, 74, 97
Python CI / python 3.13	UNKNOWN STEP	2026-09-11T15:34:36.5838678Z src/trend_analysis/viz/charts/seasonality_heatmap.py                 41      5    88%   29-32, 41, 45
Python CI / python 3.13	UNKNOWN STEP	2026-09-11T15:34:36.5839516Z src/trend_analysis/viz/fan.py                                        79     20    75%   32-50, 56, 76, 111
Python CI / python 3.13	UNKNOWN STEP	2026-09-11T15:34:36.5840312Z src/trend_analysis/viz/path_dist.py                                  60      4    93%   44, 52, 55, 81
Python CI / python 3.13	UNKNOWN STEP	2026-09-11T15:34:36.5841129Z src/trend_analysis/viz/risk_return.py                                30      1    97%   35
Python CI / python 3.13	UNKNOWN STEP	2026-09-11T15:34:36.5841921Z src/trend_analysis/viz/sharpe_ladder.py                              49      3    94%   40-43
Python CI / python 3.13	UNKNOWN STEP	2026-09-11T15:34:36.5842718Z src/trend_analysis/viz/theme.py                                      26      5    81%   62, 64, 66, 68, 70
Python CI / python 3.13	UNKNOWN STEP	2026-09-11T15:34:36.5843681Z src/trend_analysis/viz/utils.py                                      71     13    82%   37, 41, 47-55, 69, 124, 126, 130
Python CI / python 3.13	UNKNOWN STEP	2026-09-11T15:34:36.5844470Z src/trend_analysis/walk_forward.py                                  279      0   100%
Python CI / python 3.13	UNKNOWN STEP	2026-09-11T15:34:36.5845241Z src/trend_analysis/weighting.py                                     116      2    98%   99, 155
Python CI / python 3.13	UNKNOWN STEP	2026-09-11T15:34:36.5845998Z src/trend_analysis/weights/__init__.py                                5      0   100%
Python CI / python 3.13	UNKNOWN STEP	2026-09-11T15:34:36.5846872Z src/trend_analysis/weights/constrained_optimization.py               46      7    85%   30, 34, 36, 48-49, 53, 89
Python CI / python 3.13	UNKNOWN STEP	2026-09-11T15:34:36.5847770Z src/trend_analysis/weights/equal_risk_contribution.py                73      2    97%   108-109
Python CI / python 3.13	UNKNOWN STEP	2026-09-11T15:34:36.5848624Z src/trend_analysis/weights/hierarchical_risk_parity.py              101      1    99%   126
Python CI / python 3.13	UNKNOWN STEP	2026-09-11T15:34:36.5849431Z src/trend_analysis/weights/risk_parity.py                            28      0   100%
Python CI / python 3.13	UNKNOWN STEP	2026-09-11T15:34:36.5850245Z src/trend_analysis/weights/robust_config.py                          47      4    91%   25, 37, 50, 61
Python CI / python 3.13	UNKNOWN STEP	2026-09-11T15:34:36.5851054Z src/trend_analysis/weights/robust_weighting.py                      188      0   100%
Python CI / python 3.13	UNKNOWN STEP	2026-09-11T15:34:36.5851785Z streamlit_app/__init__.py                                             0      0   100%
Python CI / python 3.13	UNKNOWN STEP	2026-09-11T15:34:36.5852667Z streamlit_app/app.py                                                 81      9    89%   13, 52, 98, 248, 259-270
Python CI / python 3.13	UNKNOWN STEP	2026-09-11T15:34:36.5853591Z streamlit_app/components/__init__.py                                  0      0   100%
Python CI / python 3.13	UNKNOWN STEP	2026-09-11T15:34:36.5854924Z streamlit_app/components/analysis_runner.py                         304    135    56%   66, 80-82, 86-181, 190-227, 231-250, 307, 311, 344, 348, 350, 352-353, 380-382, 391-393, 403-404, 460-461, 483, 487, 493, 508-509, 524-535, 549, 570, 598-604, 616-618
Python CI / python 3.13	UNKNOWN STEP	2026-09-11T15:34:36.5856207Z streamlit_app/components/charts.py                                   37     27    27%   18-23, 27-28, 41-42, 55-56, 69-70, 83-109
Python CI / python 3.13	UNKNOWN STEP	2026-09-11T15:34:36.5857204Z streamlit_app/components/comparison.py                              131     20    85%   45-46, 57-66, 102-103, 108, 155, 157, 180, 202, 221, 255
Python CI / python 3.13	UNKNOWN STEP	2026-09-11T15:34:36.5858232Z streamlit_app/components/comparison_llm.py                          151    119    21%   57-61, 65-80, 84-93, 104-112, 133-185, 211-384
Python CI / python 3.13	UNKNOWN STEP	2026-09-11T15:34:36.5859243Z streamlit_app/components/csv_validation.py                          133     12    91%   43, 73-74, 81, 95, 103, 127, 180-181, 189-190, 221
Python CI / python 3.13	UNKNOWN STEP	2026-09-11T15:34:36.5860151Z streamlit_app/components/data_cache.py                               53      5    91%   84-86, 98-99
Python CI / python 3.13	UNKNOWN STEP	2026-09-11T15:34:36.5861057Z streamlit_app/components/data_schema.py                             216     11    95%   58, 63, 66-67, 71-72, 102-104, 294-295, 338
Python CI / python 3.13	UNKNOWN STEP	2026-09-11T15:34:36.5861963Z streamlit_app/components/demo_runner.py                             244     41    83%   376, 378, 484-595
Python CI / python 3.13	UNKNOWN STEP	2026-09-11T15:34:36.5862780Z streamlit_app/components/disclaimer.py                               21      1    95%   33
Python CI / python 3.13	UNKNOWN STEP	2026-09-11T15:34:36.5863978Z streamlit_app/components/explain_results.py                         188     11    94%   129-130, 132, 143, 146, 173-174, 302, 383, 439-445
Python CI / python 3.13	UNKNOWN STEP	2026-09-11T15:34:36.5865086Z streamlit_app/components/guardrails.py                              119     18    85%   54, 64, 95, 100, 157, 160, 164-166, 169, 191, 211, 216, 235-236, 241, 247, 253
Python CI / python 3.13	UNKNOWN STEP	2026-09-11T15:34:36.5866310Z streamlit_app/components/llm_settings.py                            184     35    81%   70, 84, 101-114, 138, 152, 157, 163, 172, 175, 179, 181-183, 186, 189, 192, 194-196, 226, 228, 232
Python CI / python 3.13	UNKNOWN STEP	2026-09-11T15:34:36.5867747Z streamlit_app/components/mc_plots.py                                307     97    68%   66-75, 85, 87, 91, 101, 106, 108, 110-115, 138-153, 165, 180, 194, 232-233, 255, 312-347, 356-374, 391, 481, 511-512, 527, 564-565, 581, 598, 632, 678
Python CI / python 3.13	UNKNOWN STEP	2026-09-11T15:34:36.5868918Z streamlit_app/components/mc_tables.py                                76     16    79%   36, 42-51, 71, 76, 81, 86, 105
Python CI / python 3.13	UNKNOWN STEP	2026-09-11T15:34:36.5870249Z streamlit_app/components/nl_operation_viewer.py                     267     51    81%   69, 80-81, 91, 121, 124-128, 137-138, 140, 166, 183-184, 199, 211-212, 218-219, 256-269, 277, 291-300, 332-335, 362, 380-381, 389-390, 410, 415, 423-424
Python CI / python 3.13	UNKNOWN STEP	2026-09-11T15:34:36.5871437Z streamlit_app/components/policy_engine.py                           141      3    98%   100, 105, 126
Python CI / python 3.13	UNKNOWN STEP	2026-09-11T15:34:36.5872244Z streamlit_app/components/progress_eta.py                             23      0   100%
Python CI / python 3.13	UNKNOWN STEP	2026-09-11T15:34:36.5873236Z streamlit_app/components/universe_membership_input.py                65     10    85%   63-68, 74-78
Python CI / python 3.13	UNKNOWN STEP	2026-09-11T15:34:36.5874226Z streamlit_app/components/upload_guard.py                            116     16    86%   50, 78-79, 81, 132, 143, 176, 181, 184, 189, 204-209
Python CI / python 3.13	UNKNOWN STEP	2026-09-11T15:34:36.5875266Z streamlit_app/demo_profile.py                                       114     27    76%   108, 121-122, 136-139, 149-150, 172-173, 212-221, 234-237, 247-248
Python CI / python 3.13	UNKNOWN STEP	2026-09-11T15:34:36.5876467Z streamlit_app/developer_settings_validation.py                      290    200    31%   346, 430-501, 521-522, 528, 530-532, 534, 536-538, 572-573, 628-723, 739-821, 833-910, 922-923
Python CI / python 3.13	UNKNOWN STEP	2026-09-11T15:34:36.5878500Z streamlit_app/monte_carlo_page.py                                   515    124    76%   39-43, 89, 96-98, 117, 140, 142, 156, 176-177, 190-193, 223, 230, 236, 250, 266, 270-285, 293-300, 308-330, 336-339, 345-346, 348-349, 360-362, 411-412, 431-433, 435-436, 453-455, 464, 592, 597-599, 661-662, 688-692, 695, 699-700, 707-709, 749, 793-795, 798-803, 840-844, 853
Python CI / python 3.13	UNKNOWN STEP	2026-09-11T15:34:36.5880959Z streamlit_app/pages/1_Data.py                                       513    196    62%   63, 74-100, 127-134, 137-138, 150-167, 171-174, 186, 190-192, 194-196, 230, 282, 284-287, 292-293, 301-302, 311-312, 317-365, 370-465, 494-496, 508-510, 517-529, 537-538, 564-569, 574, 594-595, 601, 650-651, 673, 676-677, 721-727, 729, 739-742, 747, 753-757, 760-764, 767-778, 809-811, 814-816, 882, 890, 942
Python CI / python 3.13	UNKNOWN STEP	2026-09-11T15:34:36.5886813Z streamlit_app/pages/2_Model.py                                     1872    646    65%   134, 172, 314, 327, 333, 376, 379, 436, 450, 453-454, 463, 483-533, 540-589, 602-603, 612-613, 615, 623, 630, 650-654, 721, 724-730, 751, 778-782, 786-793, 801-848, 852-868, 898-899, 905-906, 911, 953-972, 984-987, 1030, 1032, 1043-1044, 1046-1047, 1055, 1059-1062, 1082-1086, 1089-1090, 1092-1093, 1110, 1118, 1141, 1183-1186, 1194-1195, 1208-1214, 1225, 1261-1267, 1286-1292, 1319, 1471-1474, 1496-1499, 1501, 1503, 1515, 1542-1553, 1559-1560, 1570-1578, 1588-1595, 1619-1629, 1657-1658, 1662-1666, 1673-1700, 1709, 1711, 1720, 1741-1742, 1753-1788, 1810-1811, 1816-1817, 1821-1822, 1836, 1842-1843, 1847-1848, 1928-1929, 1974-1975, 1982-1997, 2025, 2032, 2035, 2039-2040, 2043, 2056, 2059-2060, 2083, 2122-2135, 2141, 2144-2147, 2176-2180, 2185, 2205-2209, 2223-2269, 2273, 2277-2292, 2658-2661, 2667, 2674, 2696-2697, 2860-2861, 2870, 2884, 2936, 2979-2991, 2998-3054, 3077, 3086-3104, 3124-3138, 3141-3163, 3170-3223, 3254, 3259-3375, 3396-3397, 3410-3466, 3476-3477, 3494, 3560-3583, 3589-3598, 3600, 3605, 3743, 3758, 3792, 3849, 3867, 3879, 3919, 3978, 4170, 4273, 4287, 4299-4326, 4329-4334, 4477, 4493-4494, 4523, 4537, 4674, 4686-4687
Python CI / python 3.13	UNKNOWN STEP	2026-09-11T15:34:36.5893003Z streamlit_app/pages/3_Results.py                                   1281    759    41%   43, 50, 63-64, 77, 91, 135-138, 140-144, 149, 155, 161-172, 181-206, 217-218, 266-267, 319-393, 419, 447-476, 481-485, 496, 511, 515, 544, 553-554, 587-670, 675-707, 718-756, 771-875, 885-916, 940-1026, 1041-1065, 1118, 1138-1172, 1193-1436, 1441-1481, 1497-1544, 1559-1582, 1587-1595, 1600-1610, 1615-1641, 1655-1657, 1668-1670, 1681-1682, 1694-1700, 1718, 1730-1740, 1744, 1769-1886, 1899-1911, 1915, 1939, 1952, 1967, 1974-1975, 1996, 2023-2031, 2051-2052, 2083, 2109, 2148-2149, 2159, 2169, 2179-2180, 2253-2265, 2285-2286, 2288, 2298-2299, 2353-2438, 2461-2521
Python CI / python 3.13	UNKNOWN STEP	2026-09-11T15:34:36.5895401Z streamlit_app/pages/4_Help.py                                        58      0   100%
Python CI / python 3.13	UNKNOWN STEP	2026-09-11T15:34:36.5896159Z streamlit_app/pages/5_Monte_Carlo.py                                  9      0   100%
Python CI / python 3.13	UNKNOWN STEP	2026-09-11T15:34:36.5897198Z streamlit_app/state.py                                              216     41    81%   17-20, 167-168, 189-193, 215, 233, 239, 258, 272, 285-286, 290, 312-313, 325-336, 379-414, 445, 452
Python CI / python 3.13	UNKNOWN STEP	2026-09-11T15:34:36.5898102Z streamlit_app/theme.py                                               16      0   100%
Python CI / python 3.13	UNKNOWN STEP	2026-09-11T15:34:36.5898784Z tests/__init__.py                                                     0      0   100%
Python CI / python 3.13	UNKNOWN STEP	2026-09-11T15:34:36.5899509Z tests/_autofix_diag.py                                               41     15    63%   27, 49-77, 80-87
Python CI / python 3.13	UNKNOWN STEP	2026-09-11T15:34:36.5900244Z tests/_pipeline_test_utils.py                                         5      0   100%
Python CI / python 3.13	UNKNOWN STEP	2026-09-11T15:34:36.5900936Z tests/app/__init__.py                                                 0      0   100%
Python CI / python 3.13	UNKNOWN STEP	2026-09-11T15:34:36.5901648Z tests/app/test_analysis_runner_config.py                            101      0   100%
Python CI / python 3.13	UNKNOWN STEP	2026-09-11T15:34:36.5902422Z tests/app/test_analysis_runner_validation.py                         22      0   100%
Python CI / python 3.13	UNKNOWN STEP	2026-09-11T15:34:36.5903311Z tests/app/test_analysis_runner_variants.py                           34      0   100%
Python CI / python 3.13	UNKNOWN STEP	2026-09-11T15:34:36.5904205Z tests/app/test_comparison_helpers.py                                 75      0   100%
Python CI / python 3.13	UNKNOWN STEP	2026-09-11T15:34:36.5904971Z tests/app/test_competing_rules_policy.py                             27      0   100%
Python CI / python 3.13	UNKNOWN STEP	2026-09-11T15:34:36.5905729Z tests/app/test_data_page.py                                         137      2    99%   27, 30
Python CI / python 3.13	UNKNOWN STEP	2026-09-11T15:34:36.5906475Z tests/app/test_data_page_no_perf_caption.py                          34      0   100%
Python CI / python 3.13	UNKNOWN STEP	2026-09-11T15:34:36.5907209Z tests/app/test_data_schema.py                                       144      0   100%
Python CI / python 3.13	UNKNOWN STEP	2026-09-11T15:34:36.5907957Z tests/app/test_demo_runner_component.py                             234      1    99%   468
Python CI / python 3.13	UNKNOWN STEP	2026-09-11T15:34:36.5908745Z tests/app/test_diversification_guard_policy.py                       13      0   100%
Python CI / python 3.13	UNKNOWN STEP	2026-09-11T15:34:36.5909561Z tests/app/test_explain_results_component.py                         294      2    99%   31, 97
Python CI / python 3.13	UNKNOWN STEP	2026-09-11T15:34:36.5910344Z tests/app/test_fund_selection_commit.py                              53      0   100%
Python CI / python 3.13	UNKNOWN STEP	2026-09-11T15:34:36.5911099Z tests/app/test_guardrails_component.py                               54      0   100%
Python CI / python 3.13	UNKNOWN STEP	2026-09-11T15:34:36.5911856Z tests/app/test_mc_page_uses_session_model.py                         35      0   100%
Python CI / python 3.13	UNKNOWN STEP	2026-09-11T15:34:36.5912686Z tests/app/test_model_page_config_parity.py                          138      5    96%   144, 156, 159, 190-191
Python CI / python 3.13	UNKNOWN STEP	2026-09-11T15:34:36.5913976Z tests/app/test_model_page_helpers.py                               1054     28    97%   19-29, 61-67, 78, 81, 117, 121-122, 136, 142, 1007, 1955-1957, 1979
Python CI / python 3.13	UNKNOWN STEP	2026-09-11T15:34:36.5914895Z tests/app/test_nl_operation_viewer_component.py                     235      0   100%
Python CI / python 3.13	UNKNOWN STEP	2026-09-11T15:34:36.5915665Z tests/app/test_no_deprecated_shim_imports.py                         16      0   100%
Python CI / python 3.13	UNKNOWN STEP	2026-09-11T15:34:36.5916547Z tests/app/test_policy_engine.py                                      22      0   100%
Python CI / python 3.13	UNKNOWN STEP	2026-09-11T15:34:36.5917294Z tests/app/test_policy_engine_extra.py                                27      0   100%
Python CI / python 3.13	UNKNOWN STEP	2026-09-11T15:34:36.5918070Z tests/app/test_preset_vocabulary.py                                  25      0   100%
Python CI / python 3.13	UNKNOWN STEP	2026-09-11T15:34:36.5918803Z tests/app/test_progress_eta.py                                       22      0   100%
Python CI / python 3.13	UNKNOWN STEP	2026-09-11T15:34:36.5919568Z tests/app/test_results_page.py                                      273      4    99%   64, 650-651, 755
Python CI / python 3.13	UNKNOWN STEP	2026-09-11T15:34:36.5920346Z tests/app/test_results_page_explain_callsite.py                       5      0   100%
Python CI / python 3.13	UNKNOWN STEP	2026-09-11T15:34:36.5921100Z tests/app/test_streamlit_state.py                                   169      0   100%
Python CI / python 3.13	UNKNOWN STEP	2026-09-11T15:34:36.5921839Z tests/app/test_turnover_budget_policy.py                             12      0   100%
Python CI / python 3.13	UNKNOWN STEP	2026-09-11T15:34:36.5922614Z tests/app/test_universe_membership_wired.py                         103      0   100%
Python CI / python 3.13	UNKNOWN STEP	2026-09-11T15:34:36.5923506Z tests/app/test_upload_guard_helper.py                                35      0   100%
Python CI / python 3.13	UNKNOWN STEP	2026-09-11T15:34:36.5924255Z tests/app/test_validation_page_renders.py                            56      0   100%
Python CI / python 3.13	UNKNOWN STEP	2026-09-11T15:34:36.5925015Z tests/backtesting/test_bootstrap.py                                  90      0   100%
Python CI / python 3.13	UNKNOWN STEP	2026-09-11T15:34:36.5925788Z tests/backtesting/test_harness.py                                   353      2    99%   269-270
Python CI / python 3.13	UNKNOWN STEP	2026-09-11T15:34:36.5926527Z tests/baseline/__init__.py                                            0      0   100%
Python CI / python 3.13	UNKNOWN STEP	2026-09-11T15:34:36.5927224Z tests/baseline/conftest.py                                           21      0   100%
Python CI / python 3.13	UNKNOWN STEP	2026-09-11T15:34:36.5928106Z tests/baseline/harness.py                                           154     25    84%   120, 149-151, 158, 166, 170, 200, 216-217, 226-227, 250-265
Python CI / python 3.13	UNKNOWN STEP	2026-09-11T15:34:36.5928980Z tests/baseline/invariants.py                                         41      3    93%   89, 95, 145
Python CI / python 3.13	UNKNOWN STEP	2026-09-11T15:34:36.5929750Z tests/baseline/manifest.py                                           53      1    98%   42
Python CI / python 3.13	UNKNOWN STEP	2026-09-11T15:34:36.5930506Z tests/baseline/test_coverage_manifest.py                             16      0   100%
Python CI / python 3.13	UNKNOWN STEP	2026-09-11T15:34:36.5931383Z tests/baseline/test_directional.py                                   28      0   100%
Python CI / python 3.13	UNKNOWN STEP	2026-09-11T15:34:36.5932140Z tests/baseline/test_feasibility.py                                    3      0   100%
Python CI / python 3.13	UNKNOWN STEP	2026-09-11T15:34:36.5932866Z tests/baseline/test_golden.py                                        22      0   100%
Python CI / python 3.13	UNKNOWN STEP	2026-09-11T15:34:36.5933767Z tests/baseline/test_harness_manifest_unit.py                         62      0   100%
Python CI / python 3.13	UNKNOWN STEP	2026-09-11T15:34:36.5934523Z tests/baseline/test_invariants.py                                    45      0   100%
Python CI / python 3.13	UNKNOWN STEP	2026-09-11T15:34:36.5935267Z tests/baseline/test_rank_fund_count_limits.py                        56      0   100%
Python CI / python 3.13	UNKNOWN STEP	2026-09-11T15:34:36.5936071Z tests/baseline/test_streamlit_smoke.py                               34      3    91%   85, 89-90
Python CI / python 3.13	UNKNOWN STEP	2026-09-11T15:34:36.5936896Z tests/baseline/test_threshold_hold_scenarios.py                     176      1    99%   446
Python CI / python 3.13	UNKNOWN STEP	2026-09-11T15:34:36.5937691Z tests/baseline/test_wiring.py                                        28      1    96%   26
Python CI / python 3.13	UNKNOWN STEP	2026-09-11T15:34:36.5938459Z tests/config/test_bridge_validation.py                               43      1    98%   27
Python CI / python 3.13	UNKNOWN STEP	2026-09-11T15:34:36.5939220Z tests/config/test_missing_fill_limit.py                              51      0   100%
Python CI / python 3.13	UNKNOWN STEP	2026-09-11T15:34:36.5940005Z tests/config/test_no_inert_keys.py                                   60      3    95%   99-100, 129
Python CI / python 3.13	UNKNOWN STEP	2026-09-11T15:34:36.5940772Z tests/config/test_strict_config_keys.py                              85      0   100%
Python CI / python 3.13	UNKNOWN STEP	2026-09-11T15:34:36.5941801Z tests/conftest.py                                                   122     43    65%   31-32, 40, 56-61, 76-77, 112, 124-125, 138, 146, 158-159, 162-165, 168-169, 175-188, 192-201
Python CI / python 3.13	UNKNOWN STEP	2026-09-11T15:34:36.5942814Z tests/golden/__init__.py                                              0      0   100%
Python CI / python 3.13	UNKNOWN STEP	2026-09-11T15:34:36.5944073Z tests/golden/test_demo.py                                           231     40    83%   32, 50, 68-73, 128, 139-140, 164, 259-260, 377, 411-418, 453, 458-459, 463-464, 468-472, 481, 484, 488, 498, 503, 518-519, 522, 527-528
Python CI / python 3.13	UNKNOWN STEP	2026-09-11T15:34:36.5945124Z tests/integration/test_mc_bundle_parquet.py                          27      0   100%
Python CI / python 3.13	UNKNOWN STEP	2026-09-11T15:34:36.5945948Z tests/integration/test_mc_viz.py                                    300     21    93%   34-41, 199-207, 236, 413-421
Python CI / python 3.13	UNKNOWN STEP	2026-09-11T15:34:36.5946759Z tests/integration/test_scenario_registration.py                      82      0   100%
Python CI / python 3.13	UNKNOWN STEP	2026-09-11T15:34:36.5947536Z tests/metrics/test_alpha_metric_registered.py                        52      0   100%
Python CI / python 3.13	UNKNOWN STEP	2026-09-11T15:34:36.5948294Z tests/monte_carlo/models/test_base.py                               112      0   100%
Python CI / python 3.13	UNKNOWN STEP	2026-09-11T15:34:36.5949044Z tests/monte_carlo/models/test_bootstrap.py                            1      0   100%
Python CI / python 3.13	UNKNOWN STEP	2026-09-11T15:34:36.5949817Z tests/monte_carlo/models/test_performance.py                         23      0   100%
Python CI / python 3.13	UNKNOWN STEP	2026-09-11T15:34:36.5950610Z tests/monte_carlo/models/test_regime.py                             197      2    99%   35, 38
Python CI / python 3.13	UNKNOWN STEP	2026-09-11T15:34:36.5951442Z tests/monte_carlo/models/test_stationary_bootstrap.py               197      2    99%   32, 35
Python CI / python 3.13	UNKNOWN STEP	2026-09-11T15:34:36.5952263Z tests/monte_carlo/scenario/test_cost_regime_example_load.py           9      0   100%
Python CI / python 3.13	UNKNOWN STEP	2026-09-11T15:34:36.5953198Z tests/monte_carlo/scenario/test_hf_equity_ls_10y_load.py             18      0   100%
Python CI / python 3.13	UNKNOWN STEP	2026-09-11T15:34:36.5953980Z tests/monte_carlo/scenario/test_hf_macro_20y_load.py                 23      0   100%
Python CI / python 3.13	UNKNOWN STEP	2026-09-11T15:34:36.5954827Z tests/monte_carlo/strategy/test_curated_pack.py                     278      6    98%   105, 295, 299, 306-309
Python CI / python 3.13	UNKNOWN STEP	2026-09-11T15:34:36.5955656Z tests/monte_carlo/strategy/test_sampler.py                          122      0   100%
Python CI / python 3.13	UNKNOWN STEP	2026-09-11T15:34:36.5956464Z tests/monte_carlo/strategy/test_validation.py                       326      0   100%
Python CI / python 3.13	UNKNOWN STEP	2026-09-11T15:34:36.5957255Z tests/monte_carlo/strategy/test_variant.py                          101      1    99%   181
Python CI / python 3.13	UNKNOWN STEP	2026-09-11T15:34:36.5958250Z tests/monte_carlo/test_aggregator.py                               1039      3    99%   1764, 1782, 1886
Python CI / python 3.13	UNKNOWN STEP	2026-09-11T15:34:36.5959040Z tests/monte_carlo/test_cache.py                                     151      0   100%
Python CI / python 3.13	UNKNOWN STEP	2026-09-11T15:34:36.5959792Z tests/monte_carlo/test_cash_handling.py                              60      0   100%
Python CI / python 3.13	UNKNOWN STEP	2026-09-11T15:34:36.5960527Z tests/monte_carlo/test_config.py                                     35      0   100%
Python CI / python 3.13	UNKNOWN STEP	2026-09-11T15:34:36.5961263Z tests/monte_carlo/test_costs.py                                     216      0   100%
Python CI / python 3.13	UNKNOWN STEP	2026-09-11T15:34:36.5962017Z tests/monte_carlo/test_example_config.py                             60      0   100%
Python CI / python 3.13	UNKNOWN STEP	2026-09-11T15:34:36.5962786Z tests/monte_carlo/test_export_bundle.py                              74      0   100%
Python CI / python 3.13	UNKNOWN STEP	2026-09-11T15:34:36.5963795Z tests/monte_carlo/test_folds.py                                     119      0   100%
Python CI / python 3.13	UNKNOWN STEP	2026-09-11T15:34:36.5964553Z tests/monte_carlo/test_history.py                                    40      0   100%
Python CI / python 3.13	UNKNOWN STEP	2026-09-11T15:34:36.5965299Z tests/monte_carlo/test_init.py                                        8      0   100%
Python CI / python 3.13	UNKNOWN STEP	2026-09-11T15:34:36.5966036Z tests/monte_carlo/test_init_exports.py                                9      0   100%
Python CI / python 3.13	UNKNOWN STEP	2026-09-11T15:34:36.5966845Z tests/monte_carlo/test_monte_carlo_docs_schema.py                    57      1    98%   24
Python CI / python 3.13	UNKNOWN STEP	2026-09-11T15:34:36.5967640Z tests/monte_carlo/test_output_contract.py                            39      0   100%
Python CI / python 3.13	UNKNOWN STEP	2026-09-11T15:34:36.5968423Z tests/monte_carlo/test_parser.py                                     35      0   100%
Python CI / python 3.13	UNKNOWN STEP	2026-09-11T15:34:36.5969184Z tests/monte_carlo/test_registry.py                                  542      0   100%
Python CI / python 3.13	UNKNOWN STEP	2026-09-11T15:34:36.5969972Z tests/monte_carlo/test_results.py                                   236      3    99%   24-25, 27
Python CI / python 3.13	UNKNOWN STEP	2026-09-11T15:34:36.5970954Z tests/monte_carlo/test_runner.py                                    963      4    99%   608, 1954-1955, 2157
Python CI / python 3.13	UNKNOWN STEP	2026-09-11T15:34:36.5971764Z tests/monte_carlo/test_runner_path_window_alignment.py              130      0   100%
Python CI / python 3.13	UNKNOWN STEP	2026-09-11T15:34:36.5972577Z tests/monte_carlo/test_runner_turnover_diagnostics.py               711      0   100%
Python CI / python 3.13	UNKNOWN STEP	2026-09-11T15:34:36.5973604Z tests/monte_carlo/test_scenario.py                                  221      1    99%   44
Python CI / python 3.13	UNKNOWN STEP	2026-09-11T15:34:36.5974398Z tests/monte_carlo/test_scenario_strategy_set.py                      14      0   100%
Python CI / python 3.13	UNKNOWN STEP	2026-09-11T15:34:36.5975160Z tests/monte_carlo/test_seed.py                                       81      0   100%
Python CI / python 3.13	UNKNOWN STEP	2026-09-11T15:34:36.5975891Z tests/path_utils.py                                                  10      5    50%   9-13
Python CI / python 3.13	UNKNOWN STEP	2026-09-11T15:34:36.5976688Z tests/proxy/test_server.py                                          243      6    98%   123, 178-179, 204-205, 208
Python CI / python 3.13	UNKNOWN STEP	2026-09-11T15:34:36.5977505Z tests/scripts/test_check_config_coverage.py                          35      0   100%
Python CI / python 3.13	UNKNOWN STEP	2026-09-11T15:34:36.5978267Z tests/scripts/test_ci_history.py                                    171      0   100%
Python CI / python 3.13	UNKNOWN STEP	2026-09-11T15:34:36.5979016Z tests/scripts/test_ci_metrics.py                                    107      0   100%
Python CI / python 3.13	UNKNOWN STEP	2026-09-11T15:34:36.5979763Z tests/scripts/test_compare_perf.py                                   29      0   100%
Python CI / python 3.13	UNKNOWN STEP	2026-09-11T15:34:36.5980546Z tests/scripts/test_deprecation_portability_sweep.py                  34      0   100%
Python CI / python 3.13	UNKNOWN STEP	2026-09-11T15:34:36.5981347Z tests/scripts/test_evaluate_settings_effectiveness.py                48      0   100%
Python CI / python 3.13	UNKNOWN STEP	2026-09-11T15:34:36.5982158Z tests/scripts/test_generate_settings_evidence_timestamps.py          15      0   100%
Python CI / python 3.13	UNKNOWN STEP	2026-09-11T15:34:36.5982989Z tests/scripts/test_import_safe_scripts.py                            54      2    96%   17, 20
Python CI / python 3.13	UNKNOWN STEP	2026-09-11T15:34:36.5984090Z tests/scripts/test_inventory_pipeline_patch_tests.py                 31      0   100%
Python CI / python 3.13	UNKNOWN STEP	2026-09-11T15:34:36.5984881Z tests/scripts/test_lint_shell.py                                      6      0   100%
Python CI / python 3.13	UNKNOWN STEP	2026-09-11T15:34:36.5985652Z tests/scripts/test_render_security_policy.py                         16      0   100%
Python CI / python 3.13	UNKNOWN STEP	2026-09-11T15:34:36.5986586Z tests/scripts/test_repo_review_docs_drift_audit.py                   20      0   100%
Python CI / python 3.13	UNKNOWN STEP	2026-09-11T15:34:36.5987394Z tests/scripts/test_sync_test_dependencies.py                         96      0   100%
Python CI / python 3.13	UNKNOWN STEP	2026-09-11T15:34:36.5988180Z tests/scripts/test_sync_tool_versions.py                             71      0   100%
Python CI / python 3.13	UNKNOWN STEP	2026-09-11T15:34:36.5988992Z tests/scripts/test_trigger_gate_workflow.py                         100      1    99%   76
Python CI / python 3.13	UNKNOWN STEP	2026-09-11T15:34:36.5989792Z tests/scripts/test_utc_script_timestamps.py                          27      0   100%
Python CI / python 3.13	UNKNOWN STEP	2026-09-11T15:34:36.5990586Z tests/scripts/test_validate_strategy_pack.py                          7      0   100%
Python CI / python 3.13	UNKNOWN STEP	2026-09-11T15:34:36.5991406Z tests/scripts/test_verify_trusted_config.py                          98      1    99%   132
Python CI / python 3.13	UNKNOWN STEP	2026-09-11T15:34:36.5992175Z tests/smoke/__init__.py                                               0      0   100%
Python CI / python 3.13	UNKNOWN STEP	2026-09-11T15:34:36.5992899Z tests/smoke/test_pipeline_smoke.py                                   15      0   100%
Python CI / python 3.13	UNKNOWN STEP	2026-09-11T15:34:36.5993884Z tests/soft_coverage/test_data_soft.py                               273      0   100%
Python CI / python 3.13	UNKNOWN STEP	2026-09-11T15:34:36.5994679Z tests/soft_coverage/test_regimes_soft.py                            257      1    99%   526
Python CI / python 3.13	UNKNOWN STEP	2026-09-11T15:34:36.5995475Z tests/soft_coverage/test_signal_presets_soft.py                      32      0   100%
Python CI / python 3.13	UNKNOWN STEP	2026-09-11T15:34:36.5996265Z tests/soft_coverage/test_trend_analysis_init.py                      65      0   100%
Python CI / python 3.13	UNKNOWN STEP	2026-09-11T15:34:36.5997047Z tests/streamlit/test_data_fund_counter.py                            25      0   100%
Python CI / python 3.13	UNKNOWN STEP	2026-09-11T15:34:36.5997898Z tests/streamlit/test_mc_page.py                                     430      8    98%   35, 38, 41, 44, 47, 50, 476, 764
Python CI / python 3.13	UNKNOWN STEP	2026-09-11T15:34:36.5998855Z tests/streamlit/test_mc_plots.py                                     88      0   100%
Python CI / python 3.13	UNKNOWN STEP	2026-09-11T15:34:36.5999624Z tests/streamlit/test_no_dev_surfaces_by_default.py                   18      0   100%
Python CI / python 3.13	UNKNOWN STEP	2026-09-11T15:34:36.6000418Z tests/streamlit/test_results_banner_sharpe.py                        13      0   100%
Python CI / python 3.13	UNKNOWN STEP	2026-09-11T15:34:36.6001172Z tests/support/__init__.py                                             0      0   100%
Python CI / python 3.13	UNKNOWN STEP	2026-09-11T15:34:36.6002082Z tests/support/dummy_streamlit.py                                    217     15    93%   62, 90, 98, 102, 215, 228, 264, 273, 315-317, 327, 336-338
Python CI / python 3.13	UNKNOWN STEP	2026-09-11T15:34:36.6002967Z tests/support/test_dummy_streamlit.py                                45      0   100%
Python CI / python 3.13	UNKNOWN STEP	2026-09-11T15:34:36.6003915Z tests/test_active_docs_supported_commands.py                         43      1    98%   44
Python CI / python 3.13	UNKNOWN STEP	2026-09-11T15:34:36.6004698Z tests/test_adaptive_bayes.py                                         42      0   100%
Python CI / python 3.13	UNKNOWN STEP	2026-09-11T15:34:36.6005432Z tests/test_analysis_fleet.py                                         84      0   100%
Python CI / python 3.13	UNKNOWN STEP	2026-09-11T15:34:36.6006168Z tests/test_analysis_results_module.py                                66      0   100%
Python CI / python 3.13	UNKNOWN STEP	2026-09-11T15:34:36.6007080Z tests/test_api_run_simulation.py                                    254     53    79%   201-204, 231-237, 253-258, 270-271, 332-371, 431-434
Python CI / python 3.13	UNKNOWN STEP	2026-09-11T15:34:36.6007951Z tests/test_api_run_simulation_branches.py                           126      0   100%
Python CI / python 3.13	UNKNOWN STEP	2026-09-11T15:34:36.6008722Z tests/test_api_run_simulation_extra.py                              166      0   100%
Python CI / python 3.13	UNKNOWN STEP	2026-09-11T15:34:36.6009453Z tests/test_api_safe_len.py                                           22      0   100%
Python CI / python 3.13	UNKNOWN STEP	2026-09-11T15:34:36.6010219Z tests/test_api_server.py                                            207      4    98%   136-137, 273-274
Python CI / python 3.13	UNKNOWN STEP	2026-09-11T15:34:36.6010989Z tests/test_api_server_entrypoint.py                                  30      0   100%
Python CI / python 3.13	UNKNOWN STEP	2026-09-11T15:34:36.6011748Z tests/test_api_signal_settings.py                                    45      0   100%
Python CI / python 3.13	UNKNOWN STEP	2026-09-11T15:34:36.6012589Z tests/test_app_coverage.py                                         1035     14    99%   517-518, 923, 926-927, 946-953, 1334, 1549
Python CI / python 3.13	UNKNOWN STEP	2026-09-11T15:34:36.6013669Z tests/test_avg_corr_metric.py                                        16      0   100%
Python CI / python 3.13	UNKNOWN STEP	2026-09-11T15:34:36.6014520Z tests/test_avgcorr_export.py                                         48      0   100%
Python CI / python 3.13	UNKNOWN STEP	2026-09-11T15:34:36.6015241Z tests/test_backtest_utils.py                                         26      0   100%
Python CI / python 3.13	UNKNOWN STEP	2026-09-11T15:34:36.6016008Z tests/test_backtesting_harness_additional.py                        165      1    99%   83
Python CI / python 3.13	UNKNOWN STEP	2026-09-11T15:34:36.6016800Z tests/test_backtesting_harness_membership.py                         27      0   100%
Python CI / python 3.13	UNKNOWN STEP	2026-09-11T15:34:36.6017563Z tests/test_build_autofix_pr_comment.py                              164      0   100%
Python CI / python 3.13	UNKNOWN STEP	2026-09-11T15:34:36.6018376Z tests/test_buy_and_hold_selection.py                                128     16    88%   359, 363, 369, 376-401
Python CI / python 3.13	UNKNOWN STEP	2026-09-11T15:34:36.6019164Z tests/test_cache_counter_isolation.py                                31      0   100%
Python CI / python 3.13	UNKNOWN STEP	2026-09-11T15:34:36.6019895Z tests/test_cache_disable.py                                          14      0   100%
Python CI / python 3.13	UNKNOWN STEP	2026-09-11T15:34:36.6020649Z tests/test_chain_config_patch_chain.py                               31      2    94%   21, 24
Python CI / python 3.13	UNKNOWN STEP	2026-09-11T15:34:36.6021469Z tests/test_chain_config_patch_variants_chain.py                      32      2    94%   21, 24
Python CI / python 3.13	UNKNOWN STEP	2026-09-11T15:34:36.6022296Z tests/test_claude_review_workflow_topology.py                        32      3    91%   14-17
Python CI / python 3.13	UNKNOWN STEP	2026-09-11T15:34:36.6023209Z tests/test_cli_api_golden_master.py                                  60      0   100%
Python CI / python 3.13	UNKNOWN STEP	2026-09-11T15:34:36.6023936Z tests/test_cli_helpers.py                                            16      0   100%
Python CI / python 3.13	UNKNOWN STEP	2026-09-11T15:34:36.6024635Z tests/test_cli_helpers_shared.py                                      7      0   100%
Python CI / python 3.13	UNKNOWN STEP	2026-09-11T15:34:36.6025357Z tests/test_cli_installed.py                                          38      0   100%
Python CI / python 3.13	UNKNOWN STEP	2026-09-11T15:34:36.6026336Z tests/test_cli_mc.py                                                465     11    98%   324, 377, 380, 406, 462-465, 500-501, 965
Python CI / python 3.13	UNKNOWN STEP	2026-09-11T15:34:36.6027093Z tests/test_cli_module.py                                             16      0   100%
Python CI / python 3.13	UNKNOWN STEP	2026-09-11T15:34:36.6027802Z tests/test_cli_smoke.py                                              42      1    98%   90
Python CI / python 3.13	UNKNOWN STEP	2026-09-11T15:34:36.6028512Z tests/test_cli_trend_presets.py                                      42      0   100%
Python CI / python 3.13	UNKNOWN STEP	2026-09-11T15:34:36.6029215Z tests/test_cli_utils.py                                              30      0   100%
Python CI / python 3.13	UNKNOWN STEP	2026-09-11T15:34:36.6029912Z tests/test_comparison_prompt.py                                      17      0   100%
Python CI / python 3.13	UNKNOWN STEP	2026-09-11T15:34:36.6030653Z tests/test_compute_score_frame_logs.py                               20      0   100%
Python CI / python 3.13	UNKNOWN STEP	2026-09-11T15:34:36.6031364Z tests/test_config.py                                                  8      0   100%
Python CI / python 3.13	UNKNOWN STEP	2026-09-11T15:34:36.6032098Z tests/test_config_alignment.py                                       77      2    97%   51, 54
Python CI / python 3.13	UNKNOWN STEP	2026-09-11T15:34:36.6032824Z tests/test_config_bridge.py                                          54      0   100%
Python CI / python 3.13	UNKNOWN STEP	2026-09-11T15:34:36.6033792Z tests/test_config_errors.py                                           7      0   100%
Python CI / python 3.13	UNKNOWN STEP	2026-09-11T15:34:36.6034535Z tests/test_config_fallback_additional.py                            106      0   100%
Python CI / python 3.13	UNKNOWN STEP	2026-09-11T15:34:36.6035286Z tests/test_config_fallback_minimal.py                                43      0   100%
Python CI / python 3.13	UNKNOWN STEP	2026-09-11T15:34:36.6036026Z tests/test_config_feasibility.py                                     34      0   100%
Python CI / python 3.13	UNKNOWN STEP	2026-09-11T15:34:36.6036770Z tests/test_config_forbids_unknown_keys.py                            63      0   100%
Python CI / python 3.13	UNKNOWN STEP	2026-09-11T15:34:36.6037536Z tests/test_config_human_errors.py                                    88      2    98%   21-22
Python CI / python 3.13	UNKNOWN STEP	2026-09-11T15:34:36.6038285Z tests/test_config_load.py                                            71      2    97%   22-23
Python CI / python 3.13	UNKNOWN STEP	2026-09-11T15:34:36.6038997Z tests/test_config_model.py                                          267      0   100%
Python CI / python 3.13	UNKNOWN STEP	2026-09-11T15:34:36.6039731Z tests/test_config_model_branch_coverage.py                           96      0   100%
Python CI / python 3.13	UNKNOWN STEP	2026-09-11T15:34:36.6040608Z tests/test_config_model_validation.py                               174      0   100%
Python CI / python 3.13	UNKNOWN STEP	2026-09-11T15:34:36.6041428Z tests/test_config_models.py                                          45      4    91%   65-66, 97-98
Python CI / python 3.13	UNKNOWN STEP	2026-09-11T15:34:36.6042222Z tests/test_config_models_additional.py                              129      2    98%   167, 183
Python CI / python 3.13	UNKNOWN STEP	2026-09-11T15:34:36.6043226Z tests/test_config_models_coverage_extensions.py                     173      5    97%   65, 73, 84, 174, 211
Python CI / python 3.13	UNKNOWN STEP	2026-09-11T15:34:36.6044097Z tests/test_config_models_fallback_loader.py                          81      2    98%   116, 167
Python CI / python 3.13	UNKNOWN STEP	2026-09-11T15:34:36.6044889Z tests/test_config_models_fallback_unit.py                           158      0   100%
Python CI / python 3.13	UNKNOWN STEP	2026-09-11T15:34:36.6045629Z tests/test_config_patch.py                                          183      0   100%
Python CI / python 3.13	UNKNOWN STEP	2026-09-11T15:34:36.6046337Z tests/test_config_patch_apply.py                                     38      0   100%
Python CI / python 3.13	UNKNOWN STEP	2026-09-11T15:34:36.6047111Z tests/test_config_patch_chain.py                                    304      4    99%   35-36, 143-144
Python CI / python 3.13	UNKNOWN STEP	2026-09-11T15:34:36.6047913Z tests/test_config_patch_chain_integration.py                         29      1    97%   22
Python CI / python 3.13	UNKNOWN STEP	2026-09-11T15:34:36.6048679Z tests/test_config_patch_diff.py                                      31      0   100%
Python CI / python 3.13	UNKNOWN STEP	2026-09-11T15:34:36.6049484Z tests/test_config_patch_parsing_accuracy.py                          57      4    93%   83, 92, 95, 122
Python CI / python 3.13	UNKNOWN STEP	2026-09-11T15:34:36.6050318Z tests/test_config_patch_prompt.py                                    27      0   100%
Python CI / python 3.13	UNKNOWN STEP	2026-09-11T15:34:36.6051064Z tests/test_config_patch_risk_policy.py                               19      0   100%
Python CI / python 3.13	UNKNOWN STEP	2026-09-11T15:34:36.6051842Z tests/test_config_patch_variants_chain.py                            56      1    98%   31
Python CI / python 3.13	UNKNOWN STEP	2026-09-11T15:34:36.6052729Z tests/test_config_path_discovery.py                                  58      0   100%
Python CI / python 3.13	UNKNOWN STEP	2026-09-11T15:34:36.6081687Z tests/test_config_portfolio_passthrough.py                           22      0   100%
Python CI / python 3.13	UNKNOWN STEP	2026-09-11T15:34:36.6082831Z tests/test_config_public_type_names.py                               18      0   100%
Python CI / python 3.13	UNKNOWN STEP	2026-09-11T15:34:36.6083844Z tests/test_config_pydantic_fallback.py                               82      0   100%
Python CI / python 3.13	UNKNOWN STEP	2026-09-11T15:34:36.6084639Z tests/test_config_schema.py                                          78      0   100%
Python CI / python 3.13	UNKNOWN STEP	2026-09-11T15:34:36.6085424Z tests/test_config_schema_generation.py                              143      0   100%
Python CI / python 3.13	UNKNOWN STEP	2026-09-11T15:34:36.6086236Z tests/test_config_semantic_validation.py                            310      0   100%
Python CI / python 3.13	UNKNOWN STEP	2026-09-11T15:34:36.6087072Z tests/test_config_turnover_ceiling_single_source.py                  23      0   100%
Python CI / python 3.13	UNKNOWN STEP	2026-09-11T15:34:36.6087929Z tests/test_config_turnover_validation.py                             47      1    98%   21
Python CI / python 3.13	UNKNOWN STEP	2026-09-11T15:34:36.6088771Z tests/test_config_validation.py                                      55      2    96%   19-20
Python CI / python 3.13	UNKNOWN STEP	2026-09-11T15:34:36.6089599Z tests/test_configure_presets.py                                     101     41    59%   133-184
Python CI / python 3.13	UNKNOWN STEP	2026-09-11T15:34:36.6090422Z tests/test_conftest_xdist_workers.py                                  8      0   100%
Python CI / python 3.13	UNKNOWN STEP	2026-09-11T15:34:36.6091200Z tests/test_constants.py                                              40      0   100%
Python CI / python 3.13	UNKNOWN STEP	2026-09-11T15:34:36.6091997Z tests/test_constrained_optimization.py                               19      0   100%
Python CI / python 3.13	UNKNOWN STEP	2026-09-11T15:34:36.6092801Z tests/test_constraint_optimizer.py                                   52      0   100%
Python CI / python 3.13	UNKNOWN STEP	2026-09-11T15:34:36.6093778Z tests/test_cost_model_wired.py                                       77      3    96%   67, 86-87
Python CI / python 3.13	UNKNOWN STEP	2026-09-11T15:34:36.6094600Z tests/test_cost_primitive_shared.py                                  21      0   100%
Python CI / python 3.13	UNKNOWN STEP	2026-09-11T15:34:36.6095403Z tests/test_cov_cache_integration.py                                  14      0   100%
Python CI / python 3.13	UNKNOWN STEP	2026-09-11T15:34:36.6096181Z tests/test_coverage_trend.py                                         68      0   100%
Python CI / python 3.13	UNKNOWN STEP	2026-09-11T15:34:36.6096904Z tests/test_data.py                                                  406      0   100%
Python CI / python 3.13	UNKNOWN STEP	2026-09-11T15:34:36.6097814Z tests/test_data_contracts.py                                         59      0   100%
Python CI / python 3.13	UNKNOWN STEP	2026-09-11T15:34:36.6098618Z tests/test_data_malformed_dates.py                                   82      2    98%   96-97
Python CI / python 3.13	UNKNOWN STEP	2026-09-11T15:34:36.6099419Z tests/test_data_reality_manifest.py                                  74      0   100%
Python CI / python 3.13	UNKNOWN STEP	2026-09-11T15:34:36.6100180Z tests/test_data_schema.py                                           102      0   100%
Python CI / python 3.13	UNKNOWN STEP	2026-09-11T15:34:36.6100938Z tests/test_date_column_main_path.py                                  84      0   100%
Python CI / python 3.13	UNKNOWN STEP	2026-09-11T15:34:36.6101727Z tests/test_date_column_parquet_path.py                               20      0   100%
Python CI / python 3.13	UNKNOWN STEP	2026-09-11T15:34:36.6102529Z tests/test_date_correction.py                                       141      0   100%
Python CI / python 3.13	UNKNOWN STEP	2026-09-11T15:34:36.6103425Z tests/test_decode_raw_input.py                                      137      0   100%
Python CI / python 3.13	UNKNOWN STEP	2026-09-11T15:34:36.6104197Z tests/test_deflated_sharpe.py                                        26      0   100%
Python CI / python 3.13	UNKNOWN STEP	2026-09-11T15:34:36.6104976Z tests/test_deflated_sharpe_wired.py                                 106      0   100%
Python CI / python 3.13	UNKNOWN STEP	2026-09-11T15:34:36.6105770Z tests/test_demo_profile.py                                          143      1    99%   112
Python CI / python 3.13	UNKNOWN STEP	2026-09-11T15:34:36.6106807Z tests/test_dependency_enforcement.py                                123     18    85%   147, 151, 164-165, 189, 214, 223, 256-265, 297, 302, 319-324, 334-339
Python CI / python 3.13	UNKNOWN STEP	2026-09-11T15:34:36.6107840Z tests/test_dependency_version_alignment.py                           47      5    89%   18, 38, 40, 53, 68
Python CI / python 3.13	UNKNOWN STEP	2026-09-11T15:34:36.6108684Z tests/test_design_system_theme.py                                    25      0   100%
Python CI / python 3.13	UNKNOWN STEP	2026-09-11T15:34:36.6109602Z tests/test_determinism_cli.py                                        53      0   100%
Python CI / python 3.13	UNKNOWN STEP	2026-09-11T15:34:36.6110371Z tests/test_diagnostics.py                                           152      1    99%   172
Python CI / python 3.13	UNKNOWN STEP	2026-09-11T15:34:36.6111153Z tests/test_doubles.py                                                22      2    91%   21, 30
Python CI / python 3.13	UNKNOWN STEP	2026-09-11T15:34:36.6111887Z tests/test_engine.py                                                 26      0   100%
Python CI / python 3.13	UNKNOWN STEP	2026-09-11T15:34:36.6112641Z tests/test_engine_incremental_cov.py                                 53      0   100%
Python CI / python 3.13	UNKNOWN STEP	2026-09-11T15:34:36.6113833Z tests/test_engine_nan_handlers_surface_errors.py                     49      0   100%
Python CI / python 3.13	UNKNOWN STEP	2026-09-11T15:34:36.6114687Z tests/test_engine_run_refactor_metrics.py                            37      1    97%   19
Python CI / python 3.13	UNKNOWN STEP	2026-09-11T15:34:36.6115527Z tests/test_engine_run_refactor_parity.py                            133      1    99%   315
Python CI / python 3.13	UNKNOWN STEP	2026-09-11T15:34:36.6116350Z tests/test_engine_run_size.py                                        40      1    98%   20
Python CI / python 3.13	UNKNOWN STEP	2026-09-11T15:34:36.6117154Z tests/test_engine_threshold_hold_period_setup.py                     14      0   100%
Python CI / python 3.13	UNKNOWN STEP	2026-09-11T15:34:36.6117976Z tests/test_entrypoint_contract_parity.py                             77      0   100%
Python CI / python 3.13	UNKNOWN STEP	2026-09-11T15:34:36.6118817Z tests/test_exception_swallow_budget.py                               25      2    92%   43, 67
Python CI / python 3.13	UNKNOWN STEP	2026-09-11T15:34:36.6119645Z tests/test_explain_artifacts.py                                      67      0   100%
Python CI / python 3.13	UNKNOWN STEP	2026-09-11T15:34:36.6120534Z tests/test_export_additional_coverage.py                            390      4    99%   472, 494, 681, 724
Python CI / python 3.13	UNKNOWN STEP	2026-09-11T15:34:36.6121406Z tests/test_export_annualization.py                                   38      0   100%
Python CI / python 3.13	UNKNOWN STEP	2026-09-11T15:34:36.6122203Z tests/test_export_bundle.py                                         244      1    99%   291
Python CI / python 3.13	UNKNOWN STEP	2026-09-11T15:34:36.6122995Z tests/test_export_dedup.py                                           47      2    96%   25-26
Python CI / python 3.13	UNKNOWN STEP	2026-09-11T15:34:36.6123944Z tests/test_export_errors.py                                           7      0   100%
Python CI / python 3.13	UNKNOWN STEP	2026-09-11T15:34:36.6124717Z tests/test_export_formatter.py                                      248      0   100%
Python CI / python 3.13	UNKNOWN STEP	2026-09-11T15:34:36.6125514Z tests/test_export_manifest_schema.py                                 46      0   100%
Python CI / python 3.13	UNKNOWN STEP	2026-09-11T15:34:36.6126539Z tests/test_export_openpyxl_adapter.py                               420      1    99%   40
Python CI / python 3.13	UNKNOWN STEP	2026-09-11T15:34:36.6127369Z tests/test_export_outputs.py                                         75      1    99%   49
Python CI / python 3.13	UNKNOWN STEP	2026-09-11T15:34:36.6128151Z tests/test_export_without_kaleido.py                                 18      0   100%
Python CI / python 3.13	UNKNOWN STEP	2026-09-11T15:34:36.6128928Z tests/test_exports.py                                               106      1    99%   82
Python CI / python 3.13	UNKNOWN STEP	2026-09-11T15:34:36.6129688Z tests/test_factor_attribution.py                                     47      0   100%
Python CI / python 3.13	UNKNOWN STEP	2026-09-11T15:34:36.6130468Z tests/test_frequency_honored.py                                      22      0   100%
Python CI / python 3.13	UNKNOWN STEP	2026-09-11T15:34:36.6131256Z tests/test_frequency_missing.py                                      62      0   100%
Python CI / python 3.13	UNKNOWN STEP	2026-09-11T15:34:36.6132055Z tests/test_gitignore_trend_logs.py                                   16      1    94%   21
Python CI / python 3.13	UNKNOWN STEP	2026-09-11T15:34:36.6132823Z tests/test_gui.py                                                    70      0   100%
Python CI / python 3.13	UNKNOWN STEP	2026-09-11T15:34:36.6134019Z tests/test_gui_app_extended.py                                      271      6    98%   32-35, 241, 367
Python CI / python 3.13	UNKNOWN STEP	2026-09-11T15:34:36.6135059Z tests/test_gui_app_simple.py                                        115     18    84%   16-17, 50-51, 64-65, 86-87, 108-109, 125-126, 145-146, 162-163, 181-182
Python CI / python 3.13	UNKNOWN STEP	2026-09-11T15:34:36.6136002Z tests/test_gui_export_format_registry.py                             32      0   100%
Python CI / python 3.13	UNKNOWN STEP	2026-09-11T15:34:36.6136798Z tests/test_gui_launch_run.py                                         59      0   100%
Python CI / python 3.13	UNKNOWN STEP	2026-09-11T15:34:36.6137578Z tests/test_gui_run_button_reporting.py                               74      0   100%
Python CI / python 3.13	UNKNOWN STEP	2026-09-11T15:34:36.6138514Z tests/test_gui_support.py                                            54      0   100%
Python CI / python 3.13	UNKNOWN STEP	2026-09-11T15:34:36.6139298Z tests/test_gui_utils_extra.py                                        89      1    99%   141
Python CI / python 3.13	UNKNOWN STEP	2026-09-11T15:34:36.6140093Z tests/test_hash_utils.py                                             17      0   100%
Python CI / python 3.13	UNKNOWN STEP	2026-09-11T15:34:36.6140887Z tests/test_health_summarize_module.py                               178      1    99%   18
Python CI / python 3.13	UNKNOWN STEP	2026-09-11T15:34:36.6141731Z tests/test_identity_map.py                                           44      0   100%
Python CI / python 3.13	UNKNOWN STEP	2026-09-11T15:34:36.6142537Z tests/test_import_excludes.py                                        29      3    90%   20, 23-25
Python CI / python 3.13	UNKNOWN STEP	2026-09-11T15:34:36.6143453Z tests/test_import_sanity.py                                          30      0   100%
Python CI / python 3.13	UNKNOWN STEP	2026-09-11T15:34:36.6144188Z tests/test_inception_dates.py                                         9      0   100%
Python CI / python 3.13	UNKNOWN STEP	2026-09-11T15:34:36.6144934Z tests/test_incremental_cov.py                                        22      0   100%
Python CI / python 3.13	UNKNOWN STEP	2026-09-11T15:34:36.6145677Z tests/test_infer_periods_per_year.py                                 19      0   100%
Python CI / python 3.13	UNKNOWN STEP	2026-09-11T15:34:36.6146453Z tests/test_input_validation.py                                       80      4    95%   58-63
Python CI / python 3.13	UNKNOWN STEP	2026-09-11T15:34:36.6147200Z tests/test_invariants.py                                            115      0   100%
Python CI / python 3.13	UNKNOWN STEP	2026-09-11T15:34:36.6147974Z tests/test_io_utils.py                                              140      5    96%   93, 125, 147, 161, 193
Python CI / python 3.13	UNKNOWN STEP	2026-09-11T15:34:36.6148744Z tests/test_io_utils_cleanup.py                                       54      0   100%
Python CI / python 3.13	UNKNOWN STEP	2026-09-11T15:34:36.6149497Z tests/test_is_zero_everywhere_helper.py                              65      0   100%
Python CI / python 3.13	UNKNOWN STEP	2026-09-11T15:34:36.6150300Z tests/test_joblib_import.py                                          41      9    78%   21-25, 34-36, 65
Python CI / python 3.13	UNKNOWN STEP	2026-09-11T15:34:36.6151053Z tests/test_joblib_shim.py                                            10      0   100%
Python CI / python 3.13	UNKNOWN STEP	2026-09-11T15:34:36.6151770Z tests/test_json_compat.py                                            51      0   100%
Python CI / python 3.13	UNKNOWN STEP	2026-09-11T15:34:36.6152498Z tests/test_label_rules_assert.py                                     35      0   100%
Python CI / python 3.13	UNKNOWN STEP	2026-09-11T15:34:36.6153581Z tests/test_legacy_imports.py                                         21      0   100%
Python CI / python 3.13	UNKNOWN STEP	2026-09-11T15:34:36.6154569Z tests/test_legacy_runners_removed.py                                 26      0   100%
Python CI / python 3.13	UNKNOWN STEP	2026-09-11T15:34:36.6155654Z tests/test_legacy_surface_absence.py                                514     17    97%   337, 422, 445, 496, 533-534, 627, 669, 727, 733, 764, 977-980, 989, 1022-1025, 1034
Python CI / python 3.13	UNKNOWN STEP	2026-09-11T15:34:36.6156605Z tests/test_llm_chain.py                                             132      3    98%   34-35, 52
Python CI / python 3.13	UNKNOWN STEP	2026-09-11T15:34:36.6157358Z tests/test_llm_chain_settings.py                                     75      0   100%
Python CI / python 3.13	UNKNOWN STEP	2026-09-11T15:34:36.6158187Z tests/test_llm_dependency_compatibility.py                           70      6    91%   20-23, 45, 95
Python CI / python 3.13	UNKNOWN STEP	2026-09-11T15:34:36.6159036Z tests/test_llm_provider_integration.py                               46      1    98%   26
Python CI / python 3.13	UNKNOWN STEP	2026-09-11T15:34:36.6159804Z tests/test_llm_providers.py                                         127      0   100%
Python CI / python 3.13	UNKNOWN STEP	2026-09-11T15:34:36.6160534Z tests/test_llm_proxy_routing.py                                      61      0   100%
Python CI / python 3.13	UNKNOWN STEP	2026-09-11T15:34:36.6161290Z tests/test_llm_schema_selection.py                                   12      0   100%
Python CI / python 3.13	UNKNOWN STEP	2026-09-11T15:34:36.6162027Z tests/test_llm_settings.py                                          101      0   100%
Python CI / python 3.13	UNKNOWN STEP	2026-09-11T15:34:36.6162754Z tests/test_llm_tracing.py                                            85      0   100%
Python CI / python 3.13	UNKNOWN STEP	2026-09-11T15:34:36.6163711Z tests/test_llm_validation.py                                        101      0   100%
Python CI / python 3.13	UNKNOWN STEP	2026-09-11T15:34:36.6164464Z tests/test_llm_variant_chain.py                                      94      2    98%   36-37
Python CI / python 3.13	UNKNOWN STEP	2026-09-11T15:34:36.6165229Z tests/test_llm_variant_prompt.py                                     11      0   100%
Python CI / python 3.13	UNKNOWN STEP	2026-09-11T15:34:36.6166156Z tests/test_lockfile_consistency.py                                   57      2    96%   33, 54
Python CI / python 3.13	UNKNOWN STEP	2026-09-11T15:34:36.6166932Z tests/test_logging_helpers.py                                        61      0   100%
Python CI / python 3.13	UNKNOWN STEP	2026-09-11T15:34:36.6167742Z tests/test_logging_integration.py                                    25      2    92%   61-62
Python CI / python 3.13	UNKNOWN STEP	2026-09-11T15:34:36.6168531Z tests/test_logging_module.py                                         78      0   100%
Python CI / python 3.13	UNKNOWN STEP	2026-09-11T15:34:36.6169285Z tests/test_logging_utils.py                                          58      0   100%
Python CI / python 3.13	UNKNOWN STEP	2026-09-11T15:34:36.6170052Z tests/test_malformed_date_validation.py                              36      0   100%
Python CI / python 3.13	UNKNOWN STEP	2026-09-11T15:34:36.6170855Z tests/test_market_data_validation.py                                242      0   100%
Python CI / python 3.13	UNKNOWN STEP	2026-09-11T15:34:36.6171659Z tests/test_market_data_validation_additional.py                     175      0   100%
Python CI / python 3.13	UNKNOWN STEP	2026-09-11T15:34:36.6172445Z tests/test_mc_reporting_dedup.py                                     18      0   100%
Python CI / python 3.13	UNKNOWN STEP	2026-09-11T15:34:36.6173305Z tests/test_mc_viz_shared_api.py                                      82      0   100%
Python CI / python 3.13	UNKNOWN STEP	2026-09-11T15:34:36.6174014Z tests/test_metric_cache.py                                           72      0   100%
Python CI / python 3.13	UNKNOWN STEP	2026-09-11T15:34:36.6174726Z tests/test_metric_vectorise.py                                       13      0   100%
Python CI / python 3.13	UNKNOWN STEP	2026-09-11T15:34:36.6175454Z tests/test_metric_vectorise_param.py                                 41      0   100%
Python CI / python 3.13	UNKNOWN STEP	2026-09-11T15:34:36.6176177Z tests/test_metrics.py                                                44      0   100%
Python CI / python 3.13	UNKNOWN STEP	2026-09-11T15:34:36.6176892Z tests/test_metrics_attribution.py                                    83      0   100%
Python CI / python 3.13	UNKNOWN STEP	2026-09-11T15:34:36.6177628Z tests/test_metrics_edgecases.py                                      25      0   100%
Python CI / python 3.13	UNKNOWN STEP	2026-09-11T15:34:36.6178347Z tests/test_metrics_extra.py                                          91      0   100%
Python CI / python 3.13	UNKNOWN STEP	2026-09-11T15:34:36.6179080Z tests/test_metrics_no_import_side_effects.py                         25      0   100%
Python CI / python 3.13	UNKNOWN STEP	2026-09-11T15:34:36.6179853Z tests/test_metrics_public_surface.py                                 26      0   100%
Python CI / python 3.13	UNKNOWN STEP	2026-09-11T15:34:36.6180600Z tests/test_metrics_rolling.py                                        62      0   100%
Python CI / python 3.13	UNKNOWN STEP	2026-09-11T15:34:36.6181501Z tests/test_metrics_rolling_cache_disabled.py                         17      0   100%
Python CI / python 3.13	UNKNOWN STEP	2026-09-11T15:34:36.6182287Z tests/test_metrics_summary.py                                        16      0   100%
Python CI / python 3.13	UNKNOWN STEP	2026-09-11T15:34:36.6183160Z tests/test_metrics_turnover_extra.py                                 17      0   100%
Python CI / python 3.13	UNKNOWN STEP	2026-09-11T15:34:36.6183964Z tests/test_monthly_cost_documented.py                                33      0   100%
Python CI / python 3.13	UNKNOWN STEP	2026-09-11T15:34:36.6184747Z tests/test_multi_period_engine.py                                   126      0   100%
Python CI / python 3.13	UNKNOWN STEP	2026-09-11T15:34:36.6185700Z tests/test_multi_period_engine_additional.py                        521     17    97%   265-266, 994, 1094-1099, 1127-1129, 1243, 1261-1266
Python CI / python 3.13	UNKNOWN STEP	2026-09-11T15:34:36.6186617Z tests/test_multi_period_engine_branch_completion.py                 127      0   100%
Python CI / python 3.13	UNKNOWN STEP	2026-09-11T15:34:36.6187470Z tests/test_multi_period_engine_branch_coverage.py                   119      1    99%   95
Python CI / python 3.13	UNKNOWN STEP	2026-09-11T15:34:36.6188291Z tests/test_multi_period_engine_branch_new.py                        135      0   100%
Python CI / python 3.13	UNKNOWN STEP	2026-09-11T15:34:36.6189093Z tests/test_multi_period_engine_cov_cache.py                          55      0   100%
Python CI / python 3.13	UNKNOWN STEP	2026-09-11T15:34:36.6189879Z tests/test_multi_period_engine_debug.py                              38      0   100%
Python CI / python 3.13	UNKNOWN STEP	2026-09-11T15:34:36.6190703Z tests/test_multi_period_engine_extended.py                           97      2    98%   21, 34
Python CI / python 3.13	UNKNOWN STEP	2026-09-11T15:34:36.6191536Z tests/test_multi_period_engine_helpers_additional.py                102      0   100%
Python CI / python 3.13	UNKNOWN STEP	2026-09-11T15:34:36.6192434Z tests/test_multi_period_engine_incremental_cov.py                   293      4    99%   139-140, 553-554
Python CI / python 3.13	UNKNOWN STEP	2026-09-11T15:34:36.6193453Z tests/test_multi_period_engine_incremental_extra.py                 109      0   100%
Python CI / python 3.13	UNKNOWN STEP	2026-09-11T15:34:36.6194449Z tests/test_multi_period_engine_incremental_fallback.py               58      0   100%
Python CI / python 3.13	UNKNOWN STEP	2026-09-11T15:34:36.6195330Z tests/test_multi_period_engine_keepalive.py                         131      3    98%   74, 86-87
Python CI / python 3.13	UNKNOWN STEP	2026-09-11T15:34:36.6196178Z tests/test_multi_period_engine_lambda_tc.py                          13      0   100%
Python CI / python 3.13	UNKNOWN STEP	2026-09-11T15:34:36.6197040Z tests/test_multi_period_engine_missing_policy.py                     57      2    96%   64-65
Python CI / python 3.13	UNKNOWN STEP	2026-09-11T15:34:36.6197922Z tests/test_multi_period_engine_portfolio_unit.py                     61      1    98%   14
Python CI / python 3.13	UNKNOWN STEP	2026-09-11T15:34:36.6198757Z tests/test_multi_period_engine_price_frames.py                      100      0   100%
Python CI / python 3.13	UNKNOWN STEP	2026-09-11T15:34:36.6199587Z tests/test_multi_period_engine_price_frames_extra.py                 94      0   100%
Python CI / python 3.13	UNKNOWN STEP	2026-09-11T15:34:36.6200436Z tests/test_multi_period_engine_run_schedule_extra.py                 64      1    98%   35
Python CI / python 3.13	UNKNOWN STEP	2026-09-11T15:34:36.6201287Z tests/test_multi_period_engine_threshold_bounds.py                  109      0   100%
Python CI / python 3.13	UNKNOWN STEP	2026-09-11T15:34:36.6202251Z tests/test_multi_period_engine_threshold_edgecases.py               385      6    98%   401-403, 518-519, 966
Python CI / python 3.13	UNKNOWN STEP	2026-09-11T15:34:36.6203400Z tests/test_multi_period_engine_threshold_events_extended.py         138      3    98%   133, 165, 173
Python CI / python 3.13	UNKNOWN STEP	2026-09-11T15:34:36.6204348Z tests/test_multi_period_engine_turnover_caps.py                      33      0   100%
Python CI / python 3.13	UNKNOWN STEP	2026-09-11T15:34:36.6205249Z tests/test_multi_period_engine_turnover_extended.py                  90      1    99%   46
Python CI / python 3.13	UNKNOWN STEP	2026-09-11T15:34:36.6206192Z tests/test_multi_period_engine_turnover_regression.py               114      3    97%   161, 164-165
Python CI / python 3.13	UNKNOWN STEP	2026-09-11T15:34:36.6207133Z tests/test_multi_period_exits_cooldown.py                           229      1    99%   81
Python CI / python 3.13	UNKNOWN STEP	2026-09-11T15:34:36.6207990Z tests/test_multi_period_export.py                                   208      0   100%
Python CI / python 3.13	UNKNOWN STEP	2026-09-11T15:34:36.6208844Z tests/test_multi_period_inception_filter.py                          42      0   100%
Python CI / python 3.13	UNKNOWN STEP	2026-09-11T15:34:36.6209698Z tests/test_multi_period_loaders.py                                  170      0   100%
Python CI / python 3.13	UNKNOWN STEP	2026-09-11T15:34:36.6210557Z tests/test_multi_period_missing_policy_observability.py              46      0   100%
Python CI / python 3.13	UNKNOWN STEP	2026-09-11T15:34:36.6211551Z tests/test_multi_period_rebalancer.py                                93      0   100%
Python CI / python 3.13	UNKNOWN STEP	2026-09-11T15:34:36.6212388Z tests/test_multi_period_regime_wiring.py                             28      0   100%
Python CI / python 3.13	UNKNOWN STEP	2026-09-11T15:34:36.6213360Z tests/test_multi_period_scheduler.py                                 23      0   100%
Python CI / python 3.13	UNKNOWN STEP	2026-09-11T15:34:36.6214362Z tests/test_multi_period_selection.py                                131     12    91%   34, 77, 110-111, 167, 173, 185, 192, 203, 217-220
Python CI / python 3.13	UNKNOWN STEP	2026-09-11T15:34:36.6215364Z tests/test_multi_period_sticky_periods.py                            71      2    97%   102, 131
Python CI / python 3.13	UNKNOWN STEP	2026-09-11T15:34:36.6216221Z tests/test_multi_period_stub.py                                      16      0   100%
Python CI / python 3.13	UNKNOWN STEP	2026-09-11T15:34:36.6217031Z tests/test_mypy_autofix.py                                           49      0   100%
Python CI / python 3.13	UNKNOWN STEP	2026-09-11T15:34:36.6217823Z tests/test_na_as_zero_policy.py                                      31      0   100%
Python CI / python 3.13	UNKNOWN STEP	2026-09-11T15:34:36.6218611Z tests/test_narrative_exports.py                                      42      0   100%
Python CI / python 3.13	UNKNOWN STEP	2026-09-11T15:34:36.6219429Z tests/test_narrative_pipeline.py                                     44      0   100%
Python CI / python 3.13	UNKNOWN STEP	2026-09-11T15:34:36.6220242Z tests/test_narrative_quality.py                                      23      0   100%
Python CI / python 3.13	UNKNOWN STEP	2026-09-11T15:34:36.6221051Z tests/test_narrative_templates.py                                     9      0   100%
Python CI / python 3.13	UNKNOWN STEP	2026-09-11T15:34:36.6221912Z tests/test_nav_paths_adapters.py                                     27      0   100%
Python CI / python 3.13	UNKNOWN STEP	2026-09-11T15:34:36.6222768Z tests/test_nav_paths_contract.py                                     19      0   100%
Python CI / python 3.13	UNKNOWN STEP	2026-09-11T15:34:36.6223729Z tests/test_nl_cli_logging.py                                         31      0   100%
Python CI / python 3.13	UNKNOWN STEP	2026-09-11T15:34:36.6224690Z tests/test_nl_log_persistence.py                                     32      0   100%
Python CI / python 3.13	UNKNOWN STEP	2026-09-11T15:34:36.6225610Z tests/test_nl_log_test_isolation.py                                  43      5    88%   30, 33-35, 79
Python CI / python 3.13	UNKNOWN STEP	2026-09-11T15:34:36.6226498Z tests/test_nl_operation_log.py                                       18      0   100%
Python CI / python 3.13	UNKNOWN STEP	2026-09-11T15:34:36.6227321Z tests/test_nl_replay.py                                              99      0   100%
Python CI / python 3.13	UNKNOWN STEP	2026-09-11T15:34:36.6228171Z tests/test_no_ci_fixtures_in_package.py                              10      0   100%
Python CI / python 3.13	UNKNOWN STEP	2026-09-11T15:34:36.6229110Z tests/test_no_draft_pr_policy.py                                    128      4    97%   225, 227, 258, 279
Python CI / python 3.13	UNKNOWN STEP	2026-09-11T15:34:36.6230094Z tests/test_no_hardcoded_sleeps.py                                    30     16    47%   25-30, 41-55, 65-79, 86-89
Python CI / python 3.13	UNKNOWN STEP	2026-09-11T15:34:36.6231019Z tests/test_no_invalid_period_freq_aliases.py                         14      0   100%
Python CI / python 3.13	UNKNOWN STEP	2026-09-11T15:34:36.6231885Z tests/test_no_lookahead.py                                           51      0   100%
Python CI / python 3.13	UNKNOWN STEP	2026-09-11T15:34:36.6232744Z tests/test_no_runtime_legacy_config_paths.py                         47      0   100%
Python CI / python 3.13	UNKNOWN STEP	2026-09-11T15:34:36.6233743Z tests/test_optimizer.py                                             141      0   100%
Python CI / python 3.13	UNKNOWN STEP	2026-09-11T15:34:36.6234597Z tests/test_optimizer_branch_coverage.py                              69      0   100%
Python CI / python 3.13	UNKNOWN STEP	2026-09-11T15:34:36.6235488Z tests/test_optimizer_constraints.py                                 136      0   100%
Python CI / python 3.13	UNKNOWN STEP	2026-09-11T15:34:36.6236376Z tests/test_optimizer_constraints_additional.py                      163      0   100%
Python CI / python 3.13	UNKNOWN STEP	2026-09-11T15:34:36.6237275Z tests/test_optimizer_constraints_guardrails.py                      135      0   100%
Python CI / python 3.13	UNKNOWN STEP	2026-09-11T15:34:36.6238199Z tests/test_optional_notebook_deps.py                                 48      1    98%   34
Python CI / python 3.13	UNKNOWN STEP	2026-09-11T15:34:36.6239049Z tests/test_package_init.py                                           58      0   100%
Python CI / python 3.13	UNKNOWN STEP	2026-09-11T15:34:36.6239863Z tests/test_parallelism_keys.py                                       34      0   100%
Python CI / python 3.13	UNKNOWN STEP	2026-09-11T15:34:36.6240662Z tests/test_path_utils.py                                             10      0   100%
Python CI / python 3.13	UNKNOWN STEP	2026-09-11T15:34:36.6241610Z tests/test_perf_cache.py                                             25      0   100%
Python CI / python 3.13	UNKNOWN STEP	2026-09-11T15:34:36.6242433Z tests/test_perf_cache_additional.py                                  27      0   100%
Python CI / python 3.13	UNKNOWN STEP	2026-09-11T15:34:36.6243391Z tests/test_perf_cache_extended.py                                    93      0   100%
Python CI / python 3.13	UNKNOWN STEP	2026-09-11T15:34:36.6244210Z tests/test_perf_timing.py                                            37      0   100%
Python CI / python 3.13	UNKNOWN STEP	2026-09-11T15:34:36.6245005Z tests/test_pipeline.py                                              253      0   100%
Python CI / python 3.13	UNKNOWN STEP	2026-09-11T15:34:36.6245858Z tests/test_pipeline_branch_coverage.py                              120      1    99%   278
Python CI / python 3.13	UNKNOWN STEP	2026-09-11T15:34:36.6246776Z tests/test_pipeline_calendar_alignment.py                            17      0   100%
Python CI / python 3.13	UNKNOWN STEP	2026-09-11T15:34:36.6247741Z tests/test_pipeline_constraints_integration.py                       82      2    98%   18, 21
Python CI / python 3.13	UNKNOWN STEP	2026-09-11T15:34:36.6248672Z tests/test_pipeline_entrypoints.py                                  176      0   100%
Python CI / python 3.13	UNKNOWN STEP	2026-09-11T15:34:36.6249555Z tests/test_pipeline_helpers.py                                       71      1    99%   37
Python CI / python 3.13	UNKNOWN STEP	2026-09-11T15:34:36.6250632Z tests/test_pipeline_helpers_additional.py                           780     10    99%   61, 71, 399, 673, 696-697, 1117, 1293, 1296-1297
Python CI / python 3.13	UNKNOWN STEP	2026-09-11T15:34:36.6251626Z tests/test_pipeline_indices.py                                       17      0   100%
Python CI / python 3.13	UNKNOWN STEP	2026-09-11T15:34:36.6252512Z tests/test_pipeline_integration_direct.py                            86      0   100%
Python CI / python 3.13	UNKNOWN STEP	2026-09-11T15:34:36.6253537Z tests/test_pipeline_optional_features.py                            325      0   100%
Python CI / python 3.13	UNKNOWN STEP	2026-09-11T15:34:36.6254446Z tests/test_pipeline_run_analysis_helpers.py                         131      0   100%
Python CI / python 3.13	UNKNOWN STEP	2026-09-11T15:34:36.6255503Z tests/test_pipeline_run_cache_fallbacks.py                          263      1    99%   380
Python CI / python 3.13	UNKNOWN STEP	2026-09-11T15:34:36.6256428Z tests/test_pipeline_stage_isolation.py                               68      0   100%
Python CI / python 3.13	UNKNOWN STEP	2026-09-11T15:34:36.6257337Z tests/test_pipeline_warmup_autofix.py                                34      3    91%   38-50
Python CI / python 3.13	UNKNOWN STEP	2026-09-11T15:34:36.6258232Z tests/test_plugin_registry.py                                        28      0   100%
Python CI / python 3.13	UNKNOWN STEP	2026-09-11T15:34:36.6259080Z tests/test_policy_engine_cov.py                                     109      0   100%
Python CI / python 3.13	UNKNOWN STEP	2026-09-11T15:34:36.6259945Z tests/test_portfolio_app_data_schema.py                              61      0   100%
Python CI / python 3.13	UNKNOWN STEP	2026-09-11T15:34:36.6260839Z tests/test_portfolio_series_selection.py                             54      0   100%
Python CI / python 3.13	UNKNOWN STEP	2026-09-11T15:34:36.6261713Z tests/test_post_ci_summary.py                                       130      0   100%
Python CI / python 3.13	UNKNOWN STEP	2026-09-11T15:34:36.6262557Z tests/test_presets_extended.py                                      180      0   100%
Python CI / python 3.13	UNKNOWN STEP	2026-09-11T15:34:36.6263521Z tests/test_prices_validation.py                                      28      0   100%
Python CI / python 3.13	UNKNOWN STEP	2026-09-11T15:34:36.6264485Z tests/test_prompt_injection_guard.py                                 52      9    83%   84-90, 113-119, 144-173
Python CI / python 3.13	UNKNOWN STEP	2026-09-11T15:34:36.6265451Z tests/test_proxy.py                                                  86      6    93%   49-50, 73-74, 106-108
Python CI / python 3.13	UNKNOWN STEP	2026-09-11T15:34:36.6266305Z tests/test_proxy_cli.py                                              59      0   100%
Python CI / python 3.13	UNKNOWN STEP	2026-09-11T15:34:36.6267146Z tests/test_proxy_cli_entrypoint.py                                   24      0   100%
Python CI / python 3.13	UNKNOWN STEP	2026-09-11T15:34:36.6268071Z tests/test_proxy_server_additional.py                               213      2    99%   49, 315
Python CI / python 3.13	UNKNOWN STEP	2026-09-11T15:34:36.6268993Z tests/test_proxy_server_missing_optional.py                          11      0   100%
Python CI / python 3.13	UNKNOWN STEP	2026-09-11T15:34:36.6269995Z tests/test_proxy_server_runtime_extra.py                            125      7    94%   56, 59, 64, 95, 98, 101, 144
Python CI / python 3.13	UNKNOWN STEP	2026-09-11T15:34:36.6270977Z tests/test_quick_summary_diagnostics.py                              15      0   100%
Python CI / python 3.13	UNKNOWN STEP	2026-09-11T15:34:36.6271874Z tests/test_quick_summary_report.py                                   46      0   100%
Python CI / python 3.13	UNKNOWN STEP	2026-09-11T15:34:36.6272731Z tests/test_rank_selection.py                                         37      0   100%
Python CI / python 3.13	UNKNOWN STEP	2026-09-11T15:34:36.6273919Z tests/test_rank_selection_additional.py                             159      0   100%
Python CI / python 3.13	UNKNOWN STEP	2026-09-11T15:34:36.6274827Z tests/test_rank_selection_diagnostics.py                             33      0   100%
Python CI / python 3.13	UNKNOWN STEP	2026-09-11T15:34:36.6275701Z tests/test_rank_selection_fix.py                                     23      0   100%
Python CI / python 3.13	UNKNOWN STEP	2026-09-11T15:34:36.6276556Z tests/test_rank_selection_helper.py                                  22      0   100%
Python CI / python 3.13	UNKNOWN STEP	2026-09-11T15:34:36.6277446Z tests/test_rank_selection_helpers.py                                  0      0   100%
Python CI / python 3.13	UNKNOWN STEP	2026-09-11T15:34:36.6278349Z tests/test_rank_selection_uncovered.py                               56      1    98%   62
Python CI / python 3.13	UNKNOWN STEP	2026-09-11T15:34:36.6279243Z tests/test_rank_selection_utils.py                                   62      0   100%
Python CI / python 3.13	UNKNOWN STEP	2026-09-11T15:34:36.6280097Z tests/test_rank_transform.py                                          8      0   100%
Python CI / python 3.13	UNKNOWN STEP	2026-09-11T15:34:36.6280924Z tests/test_rank_widgets.py                                           68      0   100%
Python CI / python 3.13	UNKNOWN STEP	2026-09-11T15:34:36.6281812Z tests/test_rank_widgets_headless_import.py                           28      1    96%   18
Python CI / python 3.13	UNKNOWN STEP	2026-09-11T15:34:36.6282741Z tests/test_rebalance_frequency_wiring.py                             45      1    98%   84
Python CI / python 3.13	UNKNOWN STEP	2026-09-11T15:34:36.6283780Z tests/test_rebalance_schedule.py                                    155      0   100%
Python CI / python 3.13	UNKNOWN STEP	2026-09-11T15:34:36.6284670Z tests/test_rebalancing_cash_policy.py                                76      0   100%
Python CI / python 3.13	UNKNOWN STEP	2026-09-11T15:34:36.6285542Z tests/test_rebalancing_imports.py                                    23      0   100%
Python CI / python 3.13	UNKNOWN STEP	2026-09-11T15:34:36.6286434Z tests/test_rebalancing_integration.py                                64      1    98%   149
Python CI / python 3.13	UNKNOWN STEP	2026-09-11T15:34:36.6287495Z tests/test_rebalancing_package_canonical.py                           8      0   100%
Python CI / python 3.13	UNKNOWN STEP	2026-09-11T15:34:36.6288399Z tests/test_rebalancing_strategies.py                                134      0   100%
Python CI / python 3.13	UNKNOWN STEP	2026-09-11T15:34:36.6289275Z tests/test_regex_optimization.py                                     24      0   100%
Python CI / python 3.13	UNKNOWN STEP	2026-09-11T15:34:36.6290125Z tests/test_regime_annualise.py                                       16      0   100%
Python CI / python 3.13	UNKNOWN STEP	2026-09-11T15:34:36.6290999Z tests/test_regime_documentation_contract.py                          20      0   100%
Python CI / python 3.13	UNKNOWN STEP	2026-09-11T15:34:36.6291888Z tests/test_regime_min_obs_default.py                                 10      0   100%
Python CI / python 3.13	UNKNOWN STEP	2026-09-11T15:34:36.6292748Z tests/test_regime_registry.py                                        45      0   100%
Python CI / python 3.13	UNKNOWN STEP	2026-09-11T15:34:36.6293716Z tests/test_regime_threshold.py                                       29      0   100%
Python CI / python 3.13	UNKNOWN STEP	2026-09-11T15:34:36.6294546Z tests/test_regimes.py                                               127      0   100%
Python CI / python 3.13	UNKNOWN STEP	2026-09-11T15:34:36.6295393Z tests/test_regimes_additional.py                                    206      1    99%   365
Python CI / python 3.13	UNKNOWN STEP	2026-09-11T15:34:36.6296311Z tests/test_render_cosmetic_summary.py                                34      2    94%   14, 24
Python CI / python 3.13	UNKNOWN STEP	2026-09-11T15:34:36.6297192Z tests/test_replacer.py                                               36      0   100%
Python CI / python 3.13	UNKNOWN STEP	2026-09-11T15:34:36.6298045Z tests/test_report_effective_trend_spec.py                            46      0   100%
Python CI / python 3.13	UNKNOWN STEP	2026-09-11T15:34:36.6298495Z tests/test_report_vol_target_gating.py                               47      0   100%
Python CI / python 3.13	UNKNOWN STEP	2026-09-11T15:34:36.6298928Z tests/test_repository_ledger_files.py                                 8      0   100%
Python CI / python 3.13	UNKNOWN STEP	2026-09-11T15:34:36.6299353Z tests/test_result_feedback.py                                        50      0   100%
Python CI / python 3.13	UNKNOWN STEP	2026-09-11T15:34:36.6299792Z tests/test_result_metric_compaction.py                               64      0   100%
Python CI / python 3.13	UNKNOWN STEP	2026-09-11T15:34:36.6300232Z tests/test_result_metric_extraction.py                              100      0   100%
Python CI / python 3.13	UNKNOWN STEP	2026-09-11T15:34:36.6300683Z tests/test_result_summary_chain.py                                   11      1    91%   11
Python CI / python 3.13	UNKNOWN STEP	2026-09-11T15:34:36.6301110Z tests/test_result_summary_prompt.py                                  15      0   100%
Python CI / python 3.13	UNKNOWN STEP	2026-09-11T15:34:36.6301662Z tests/test_result_validation.py                                     144      0   100%
Python CI / python 3.13	UNKNOWN STEP	2026-09-11T15:34:36.6302071Z tests/test_rf_for_ranking.py                                         37      0   100%
Python CI / python 3.13	UNKNOWN STEP	2026-09-11T15:34:36.6302472Z tests/test_rf_handling.py                                            92      0   100%
Python CI / python 3.13	UNKNOWN STEP	2026-09-11T15:34:36.6302851Z tests/test_risk.py                                                  110      0   100%
Python CI / python 3.13	UNKNOWN STEP	2026-09-11T15:34:36.6303379Z tests/test_risk_additional.py                                       113      0   100%
Python CI / python 3.13	UNKNOWN STEP	2026-09-11T15:34:36.6303787Z tests/test_risk_controls.py                                          12      0   100%
Python CI / python 3.13	UNKNOWN STEP	2026-09-11T15:34:36.6304265Z tests/test_risk_free_default_alignment.py                           115      1    99%   220
Python CI / python 3.13	UNKNOWN STEP	2026-09-11T15:34:36.6304709Z tests/test_robust_weighting.py                                      327      2    99%   42-43
Python CI / python 3.13	UNKNOWN STEP	2026-09-11T15:34:36.6305156Z tests/test_robust_weighting_integration.py                           74      0   100%
Python CI / python 3.13	UNKNOWN STEP	2026-09-11T15:34:36.6305576Z tests/test_rolling_cache.py                                          58      0   100%
Python CI / python 3.13	UNKNOWN STEP	2026-09-11T15:34:36.6306022Z tests/test_rolling_cache_additional_paths.py                         85      0   100%
Python CI / python 3.13	UNKNOWN STEP	2026-09-11T15:34:36.6306461Z tests/test_run_analysis.py                                          101     19    81%   28-47
Python CI / python 3.13	UNKNOWN STEP	2026-09-11T15:34:36.6306871Z tests/test_run_artifacts.py                                         120      0   100%
Python CI / python 3.13	UNKNOWN STEP	2026-09-11T15:34:36.6307295Z tests/test_run_envelope_schema.py                                    96      0   100%
Python CI / python 3.13	UNKNOWN STEP	2026-09-11T15:34:36.6307693Z tests/test_run_full.py                                               45      0   100%
Python CI / python 3.13	UNKNOWN STEP	2026-09-11T15:34:36.6308222Z tests/test_run_real_model.py                                         14      0   100%
Python CI / python 3.13	UNKNOWN STEP	2026-09-11T15:34:36.6308656Z tests/test_sample_split_boundary.py                                  31      0   100%
Python CI / python 3.13	UNKNOWN STEP	2026-09-11T15:34:36.6309059Z tests/test_score_frame.py                                            40      0   100%
Python CI / python 3.13	UNKNOWN STEP	2026-09-11T15:34:36.6309591Z tests/test_script_error_handling.py                                  70      7    90%   108-109, 121-122, 134-135, 149
Python CI / python 3.13	UNKNOWN STEP	2026-09-11T15:34:36.6309985Z tests/test_selector.py                                               43      0   100%
Python CI / python 3.13	UNKNOWN STEP	2026-09-11T15:34:36.6310393Z tests/test_selector_cache.py                                         59      0   100%
Python CI / python 3.13	UNKNOWN STEP	2026-09-11T15:34:36.6310806Z tests/test_selector_plugins.py                                       48      0   100%
Python CI / python 3.13	UNKNOWN STEP	2026-09-11T15:34:36.6311307Z tests/test_selector_weighting.py                                    143      9    94%   46-48, 50, 62-65, 158
Python CI / python 3.13	UNKNOWN STEP	2026-09-11T15:34:36.6311744Z tests/test_selector_window_cache.py                                  26      0   100%
Python CI / python 3.13	UNKNOWN STEP	2026-09-11T15:34:36.6312171Z tests/test_server_bind_defaults.py                                   83      0   100%
Python CI / python 3.13	UNKNOWN STEP	2026-09-11T15:34:36.6312594Z tests/test_shift_safe_pipeline.py                                    42      0   100%
Python CI / python 3.13	UNKNOWN STEP	2026-09-11T15:34:36.6313162Z tests/test_shift_safe_regression.py                                  25      0   100%
Python CI / python 3.13	UNKNOWN STEP	2026-09-11T15:34:36.6313583Z tests/test_signal_presets.py                                         43      0   100%
Python CI / python 3.13	UNKNOWN STEP	2026-09-11T15:34:36.6314025Z tests/test_signal_presets_additional.py                              42      0   100%
Python CI / python 3.13	UNKNOWN STEP	2026-09-11T15:34:36.6314459Z tests/test_signal_presets_module.py                                  53      0   100%
Python CI / python 3.13	UNKNOWN STEP	2026-09-11T15:34:36.6314908Z tests/test_signal_presets_regressions.py                             33      0   100%
Python CI / python 3.13	UNKNOWN STEP	2026-09-11T15:34:36.6315326Z tests/test_signals_additional.py                                     31      0   100%
Python CI / python 3.13	UNKNOWN STEP	2026-09-11T15:34:36.6315751Z tests/test_signals_causality.py                                      30      0   100%
Python CI / python 3.13	UNKNOWN STEP	2026-09-11T15:34:36.6316165Z tests/test_signals_engine.py                                         48      0   100%
Python CI / python 3.13	UNKNOWN STEP	2026-09-11T15:34:36.6316590Z tests/test_signals_validation.py                                     27      0   100%
Python CI / python 3.13	UNKNOWN STEP	2026-09-11T15:34:36.6317134Z tests/test_single_period_costs.py                                    53      0   100%
Python CI / python 3.13	UNKNOWN STEP	2026-09-11T15:34:36.6317579Z tests/test_single_period_run_avg_corr.py                             18      0   100%
Python CI / python 3.13	UNKNOWN STEP	2026-09-11T15:34:36.6318006Z tests/test_spec_loader.py                                           149      3    98%   61-67
Python CI / python 3.13	UNKNOWN STEP	2026-09-11T15:34:36.6318449Z tests/test_streamlit_cost_bps_contract.py                            32      0   100%
Python CI / python 3.13	UNKNOWN STEP	2026-09-11T15:34:36.6318889Z tests/test_streamlit_csv_validation.py                               74      0   100%
Python CI / python 3.13	UNKNOWN STEP	2026-09-11T15:34:36.6319419Z tests/test_streamlit_demo_runner.py                                 119      7    94%   33, 36, 94, 130, 137, 149, 152
Python CI / python 3.13	UNKNOWN STEP	2026-09-11T15:34:36.6319873Z tests/test_streamlit_disclaimer_component.py                         14      0   100%
Python CI / python 3.13	UNKNOWN STEP	2026-09-11T15:34:36.6320880Z tests/test_streamlit_smoke_ci.py                                    233     62    73%   26-27, 51-57, 67-71, 117, 154-155, 162-165, 181-184, 197-202, 211-212, 216-222, 232-234, 241, 246, 322, 339, 376, 381-386, 396, 422, 427-452
Python CI / python 3.13	UNKNOWN STEP	2026-09-11T15:34:36.6321303Z tests/test_streamlit_state.py                                        73      0   100%
Python CI / python 3.13	UNKNOWN STEP	2026-09-11T15:34:36.6321732Z tests/test_structured_logging.py                                     18      0   100%
Python CI / python 3.13	UNKNOWN STEP	2026-09-11T15:34:36.6322173Z tests/test_terminal_returns_helper.py                                38      0   100%
Python CI / python 3.13	UNKNOWN STEP	2026-09-11T15:34:36.6322887Z tests/test_test_dependencies.py                                     119     19    84%   77-78, 94-95, 99, 108, 127, 138, 185-188, 199-200, 216, 221, 230-231, 239-240
Python CI / python 3.13	UNKNOWN STEP	2026-09-11T15:34:36.6323448Z tests/test_threshold_hold_alignment.py                               38      0   100%
Python CI / python 3.13	UNKNOWN STEP	2026-09-11T15:34:36.6323992Z tests/test_threshold_policy.py                                       31      0   100%
Python CI / python 3.13	UNKNOWN STEP	2026-09-11T15:34:36.6324394Z tests/test_time_utils.py                                             65      0   100%
Python CI / python 3.13	UNKNOWN STEP	2026-09-11T15:34:36.6324799Z tests/test_timefreq.py                                               53      0   100%
Python CI / python 3.13	UNKNOWN STEP	2026-09-11T15:34:36.6325253Z tests/test_timeseries_properties.py                                  72      1    99%   44
Python CI / python 3.13	UNKNOWN STEP	2026-09-11T15:34:36.6325676Z tests/test_tool_layer_apply_patch.py                                 59      0   100%
Python CI / python 3.13	UNKNOWN STEP	2026-09-11T15:34:36.6326095Z tests/test_tool_layer_logging.py                                     28      0   100%
Python CI / python 3.13	UNKNOWN STEP	2026-09-11T15:34:36.6326525Z tests/test_tool_layer_preview_diff.py                                13      0   100%
Python CI / python 3.13	UNKNOWN STEP	2026-09-11T15:34:36.6326941Z tests/test_tool_layer_result.py                                      26      0   100%
Python CI / python 3.13	UNKNOWN STEP	2026-09-11T15:34:36.6327405Z tests/test_tool_layer_run_analysis.py                               102      2    98%   168-169
Python CI / python 3.13	UNKNOWN STEP	2026-09-11T15:34:36.6327901Z tests/test_tool_layer_sandbox.py                                     82      6    93%   67-68, 92-93, 117-118
Python CI / python 3.13	UNKNOWN STEP	2026-09-11T15:34:36.6328376Z tests/test_tool_layer_validate_config.py                             48      2    96%   73-74
Python CI / python 3.13	UNKNOWN STEP	2026-09-11T15:34:36.6328828Z tests/test_transaction_costs_and_turnover.py                         41      0   100%
Python CI / python 3.13	UNKNOWN STEP	2026-09-11T15:34:36.6329262Z tests/test_trend_analysis_config_model.py                           250      0   100%
Python CI / python 3.13	UNKNOWN STEP	2026-09-11T15:34:36.6329690Z tests/test_trend_analysis_data.py                                   342      0   100%
Python CI / python 3.13	UNKNOWN STEP	2026-09-11T15:34:36.6330166Z tests/test_trend_analysis_data_additional.py                        141      1    99%   31
Python CI / python 3.13	UNKNOWN STEP	2026-09-11T15:34:36.6330638Z tests/test_trend_analysis_data_keepalive.py                         285      1    99%   523
Python CI / python 3.13	UNKNOWN STEP	2026-09-11T15:34:36.6331080Z tests/test_trend_analysis_data_module.py                            255      0   100%
Python CI / python 3.13	UNKNOWN STEP	2026-09-11T15:34:36.6331523Z tests/test_trend_analysis_diagnostics.py                             49      0   100%
Python CI / python 3.13	UNKNOWN STEP	2026-09-11T15:34:36.6331961Z tests/test_trend_analysis_init.py                                    74      0   100%
Python CI / python 3.13	UNKNOWN STEP	2026-09-11T15:34:36.6332399Z tests/test_trend_analysis_init_extra.py                              53      0   100%
Python CI / python 3.13	UNKNOWN STEP	2026-09-11T15:34:36.6332995Z tests/test_trend_analysis_init_keepalive.py                          15      0   100%
Python CI / python 3.13	UNKNOWN STEP	2026-09-11T15:34:36.6333621Z tests/test_trend_analysis_init_module.py                             93     26    72%   21-35, 53-100
Python CI / python 3.13	UNKNOWN STEP	2026-09-11T15:34:36.6334059Z tests/test_trend_analysis_package.py                                 56      0   100%
Python CI / python 3.13	UNKNOWN STEP	2026-09-11T15:34:36.6334524Z tests/test_trend_analysis_package_init.py                            78      1    99%   21
Python CI / python 3.13	UNKNOWN STEP	2026-09-11T15:34:36.6334956Z tests/test_trend_analysis_presets.py                                216      0   100%
Python CI / python 3.13	UNKNOWN STEP	2026-09-11T15:34:36.6335442Z tests/test_trend_analysis_presets_additional.py                     163      1    99%   257
Python CI / python 3.13	UNKNOWN STEP	2026-09-11T15:34:36.6335944Z tests/test_trend_cli.py                                             831      6    99%   95-96, 712, 796, 798, 1553
Python CI / python 3.13	UNKNOWN STEP	2026-09-11T15:34:36.6336378Z tests/test_trend_cli_additional.py                                  157      0   100%
Python CI / python 3.13	UNKNOWN STEP	2026-09-11T15:34:36.6336815Z tests/test_trend_cli_diagnostics.py                                  19      0   100%
Python CI / python 3.13	UNKNOWN STEP	2026-09-11T15:34:36.6337299Z tests/test_trend_cli_entrypoints.py                                 757      3    99%   348, 856, 1655
Python CI / python 3.13	UNKNOWN STEP	2026-09-11T15:34:36.6337721Z tests/test_trend_cli_help.py                                         48      0   100%
Python CI / python 3.13	UNKNOWN STEP	2026-09-11T15:34:36.6338161Z tests/test_trend_cli_nl_integration.py                               54      0   100%
Python CI / python 3.13	UNKNOWN STEP	2026-09-11T15:34:36.6338591Z tests/test_trend_cli_quick_report.py                                 51      0   100%
Python CI / python 3.13	UNKNOWN STEP	2026-09-11T15:34:36.6339025Z tests/test_trend_cli_structure.py                                    41      0   100%
Python CI / python 3.13	UNKNOWN STEP	2026-09-11T15:34:36.6339603Z tests/test_trend_config_model.py                                    181      1    99%   38
Python CI / python 3.13	UNKNOWN STEP	2026-09-11T15:34:36.6340058Z tests/test_trend_config_model_additional.py                         120      0   100%
Python CI / python 3.13	UNKNOWN STEP	2026-09-11T15:34:36.6340541Z tests/test_trend_config_model_negative_paths.py                     184      2    99%   68-69
Python CI / python 3.13	UNKNOWN STEP	2026-09-11T15:34:36.6340992Z tests/test_trend_init_public_interface.py                            22      0   100%
Python CI / python 3.13	UNKNOWN STEP	2026-09-11T15:34:36.6341426Z tests/test_trend_mc_io.py                                            31      0   100%
Python CI / python 3.13	UNKNOWN STEP	2026-09-11T15:34:36.6341854Z tests/test_trend_package_init.py                                     19      0   100%
Python CI / python 3.13	UNKNOWN STEP	2026-09-11T15:34:36.6342313Z tests/test_trend_package_public_interface.py                         23      0   100%
Python CI / python 3.13	UNKNOWN STEP	2026-09-11T15:34:36.6342725Z tests/test_trend_presets.py                                          40      0   100%
Python CI / python 3.13	UNKNOWN STEP	2026-09-11T15:34:36.6343324Z tests/test_trend_reporting_unified_helpers.py                       350      1    99%   266
Python CI / python 3.13	UNKNOWN STEP	2026-09-11T15:34:36.6343748Z tests/test_trend_signals.py                                         145      0   100%
Python CI / python 3.13	UNKNOWN STEP	2026-09-11T15:34:36.6344195Z tests/test_trend_signals_validation.py                               29      0   100%
Python CI / python 3.13	UNKNOWN STEP	2026-09-11T15:34:36.6344663Z tests/test_turnover_cap_strategy.py                                  97      1    99%   233
Python CI / python 3.13	UNKNOWN STEP	2026-09-11T15:34:36.6345145Z tests/test_turnover_vectorization.py                                104      2    98%   87-88
Python CI / python 3.13	UNKNOWN STEP	2026-09-11T15:34:36.6345613Z tests/test_unified_api_integration.py                                49      1    98%   129
Python CI / python 3.13	UNKNOWN STEP	2026-09-11T15:34:36.6346032Z tests/test_unified_report.py                                         70      0   100%
Python CI / python 3.13	UNKNOWN STEP	2026-09-11T15:34:36.6346460Z tests/test_universe_catalog.py                                      129      0   100%
Python CI / python 3.13	UNKNOWN STEP	2026-09-11T15:34:36.6346888Z tests/test_universe_helpers.py                                       51      0   100%
Python CI / python 3.13	UNKNOWN STEP	2026-09-11T15:34:36.6347332Z tests/test_universe_membership.py                                    99      0   100%
Python CI / python 3.13	UNKNOWN STEP	2026-09-11T15:34:36.6347774Z tests/test_upload_validation.py                                      36      0   100%
Python CI / python 3.13	UNKNOWN STEP	2026-09-11T15:34:36.6348234Z tests/test_util_frequency_additional.py                              77      0   100%
Python CI / python 3.13	UNKNOWN STEP	2026-09-11T15:34:36.6348799Z tests/test_util_frequency_internal.py                                68      0   100%
Python CI / python 3.13	UNKNOWN STEP	2026-09-11T15:34:36.6349251Z tests/test_util_frequency_missing.py                                 50      0   100%
Python CI / python 3.13	UNKNOWN STEP	2026-09-11T15:34:36.6349690Z tests/test_util_frequency_targeted.py                                59      0   100%
Python CI / python 3.13	UNKNOWN STEP	2026-09-11T15:34:36.6350090Z tests/test_util_hash.py                                              40      0   100%
Python CI / python 3.13	UNKNOWN STEP	2026-09-11T15:34:36.6350533Z tests/test_util_missing_additional.py                                92      0   100%
Python CI / python 3.13	UNKNOWN STEP	2026-09-11T15:34:36.6350945Z tests/test_util_rolling.py                                           63      0   100%
Python CI / python 3.13	UNKNOWN STEP	2026-09-11T15:34:36.6351359Z tests/test_utils_paths.py                                            17      0   100%
Python CI / python 3.13	UNKNOWN STEP	2026-09-11T15:34:36.6351811Z tests/test_validate_quarantine_ttl.py                                26      0   100%
Python CI / python 3.13	UNKNOWN STEP	2026-09-11T15:34:36.6352270Z tests/test_variant_label_validation.py                               10      0   100%
Python CI / python 3.13	UNKNOWN STEP	2026-09-11T15:34:36.6352719Z tests/test_visualization_smoke.py                                    27      0   100%
Python CI / python 3.13	UNKNOWN STEP	2026-09-11T15:34:36.6353279Z tests/test_viz_adapters_paths.py                                     13      0   100%
Python CI / python 3.13	UNKNOWN STEP	2026-09-11T15:34:36.6353689Z tests/test_viz_adapters_summary.py                                   14      0   100%
Python CI / python 3.13	UNKNOWN STEP	2026-09-11T15:34:36.6354088Z tests/test_viz_artifacts.py                                          57      0   100%
Python CI / python 3.13	UNKNOWN STEP	2026-09-11T15:34:36.6354480Z tests/test_viz_caching.py                                            66      0   100%
Python CI / python 3.13	UNKNOWN STEP	2026-09-11T15:34:36.6354904Z tests/test_viz_charts.py                                            120      2    98%   207-209
Python CI / python 3.13	UNKNOWN STEP	2026-09-11T15:34:36.6355439Z tests/test_viz_charts_edgecases.py                                   25      0   100%
Python CI / python 3.13	UNKNOWN STEP	2026-09-11T15:34:36.6355850Z tests/test_viz_package_import.py                                     22      0   100%
Python CI / python 3.13	UNKNOWN STEP	2026-09-11T15:34:36.6356276Z tests/test_vol_drawdown_strategies.py                               131      0   100%
Python CI / python 3.13	UNKNOWN STEP	2026-09-11T15:34:36.6356688Z tests/test_vol_floor_and_warmup.py                                   44      0   100%
Python CI / python 3.13	UNKNOWN STEP	2026-09-11T15:34:36.6357100Z tests/test_vol_target_contract.py                                    60      0   100%
Python CI / python 3.13	UNKNOWN STEP	2026-09-11T15:34:36.6357578Z tests/test_volatility_settings_wiring.py                             77      3    96%   94, 98, 100
Python CI / python 3.13	UNKNOWN STEP	2026-09-11T15:34:36.6358004Z tests/test_walk_forward_grid.py                                      53      1    98%   21
Python CI / python 3.13	UNKNOWN STEP	2026-09-11T15:34:36.6358436Z tests/test_walk_forward_helpers_additional.py                       177      0   100%
Python CI / python 3.13	UNKNOWN STEP	2026-09-11T15:34:36.6358851Z tests/test_walk_forward_settings.py                                  76      0   100%
Python CI / python 3.13	UNKNOWN STEP	2026-09-11T15:34:36.6359307Z tests/test_walkforward_engine.py                                    158      2    99%   180, 184
Python CI / python 3.13	UNKNOWN STEP	2026-09-11T15:34:36.6359723Z tests/test_weight_engine_logging.py                                  72      0   100%
Python CI / python 3.13	UNKNOWN STEP	2026-09-11T15:34:36.6360127Z tests/test_weight_engines.py                                         28      0   100%
Python CI / python 3.13	UNKNOWN STEP	2026-09-11T15:34:36.6360564Z tests/test_weight_engines_pathological.py                           147      0   100%
Python CI / python 3.13	UNKNOWN STEP	2026-09-11T15:34:36.6360965Z tests/test_weight_policy.py                                          84      0   100%
Python CI / python 3.13	UNKNOWN STEP	2026-09-11T15:34:36.6361355Z tests/test_weighting.py                                              55      0   100%
Python CI / python 3.13	UNKNOWN STEP	2026-09-11T15:34:36.6361754Z tests/test_weighting_edges.py                                       102      0   100%
Python CI / python 3.13	UNKNOWN STEP	2026-09-11T15:34:36.6362184Z tests/test_weighting_engines_extended.py                             58      0   100%
Python CI / python 3.13	UNKNOWN STEP	2026-09-11T15:34:36.6362635Z tests/test_weighting_fallback_surfaced.py                            77      1    99%   149
Python CI / python 3.13	UNKNOWN STEP	2026-09-11T15:34:36.6363237Z tests/test_weighting_resolution.py                                   77      1    99%   101
Python CI / python 3.13	UNKNOWN STEP	2026-09-11T15:34:36.6363668Z tests/test_weighting_robustness.py                                  177      0   100%
Python CI / python 3.13	UNKNOWN STEP	2026-09-11T15:34:36.6364186Z tests/test_weights_utils.py                                          33      0   100%
Python CI / python 3.13	UNKNOWN STEP	2026-09-11T15:34:36.6364581Z tests/test_wheel_surface.py                                          55      0   100%
Python CI / python 3.13	UNKNOWN STEP	2026-09-11T15:34:36.6365003Z tests/tools/test_coverage_guard.py                                   57      0   100%
Python CI / python 3.13	UNKNOWN STEP	2026-09-11T15:34:36.6365500Z tests/tools/test_enforce_gate_branch_protection.py                  402      7    98%   54, 77-80, 91-93
Python CI / python 3.13	UNKNOWN STEP	2026-09-11T15:34:36.6365924Z tests/tools/test_eval_config_patch.py                               167      1    99%   26
Python CI / python 3.13	UNKNOWN STEP	2026-09-11T15:34:36.6366334Z tests/tools/test_resolve_mypy_pin.py                                 56      0   100%
Python CI / python 3.13	UNKNOWN STEP	2026-09-11T15:34:36.6366858Z tests/trend_analysis/test_backtesting_harness.py                    216      5    98%   17, 20, 110-111, 199
Python CI / python 3.13	UNKNOWN STEP	2026-09-11T15:34:36.6367288Z tests/trend_analysis/test_data.py                                   369      1    99%   346
Python CI / python 3.13	UNKNOWN STEP	2026-09-11T15:34:36.6367705Z tests/trend_analysis/test_package_init.py                           105      0   100%
Python CI / python 3.13	UNKNOWN STEP	2026-09-11T15:34:36.6368114Z tests/trend_analysis/test_presets.py                                199      0   100%
Python CI / python 3.13	UNKNOWN STEP	2026-09-11T15:34:36.6368520Z tests/trend_analysis/test_regimes.py                                233      0   100%
Python CI / python 3.13	UNKNOWN STEP	2026-09-11T15:34:36.6368951Z tests/trend_analysis/test_signal_presets_module.py                   37      0   100%
Python CI / python 3.13	UNKNOWN STEP	2026-09-11T15:34:36.6369362Z tests/unit/test_mc_io_nav_paths.py                                   53      0   100%
Python CI / python 3.13	UNKNOWN STEP	2026-09-11T15:34:36.6369789Z tests/unit/test_registry_uniqueness.py                               15      0   100%
Python CI / python 3.13	UNKNOWN STEP	2026-09-11T15:34:36.6370222Z tests/unit/test_streamlit_model_cache_keys.py                        51      0   100%
Python CI / python 3.13	UNKNOWN STEP	2026-09-11T15:34:36.6370782Z tests/unit/util/test_frequency_comprehensive.py                      95      0   100%
Python CI / python 3.13	UNKNOWN STEP	2026-09-11T15:34:36.6371199Z tests/unit/util/test_hash_functions.py                               39      0   100%
Python CI / python 3.13	UNKNOWN STEP	2026-09-11T15:34:36.6371625Z tests/viz/test_adapters_make_summary.py                              40      0   100%
Python CI / python 3.13	UNKNOWN STEP	2026-09-11T15:34:36.6372044Z tests/viz/test_adapters_paths.py                                     71      0   100%
Python CI / python 3.13	UNKNOWN STEP	2026-09-11T15:34:36.6372538Z tests/viz/test_chart_entrypoints_contract.py                         48      4    92%   37, 42, 47, 70
Python CI / python 3.13	UNKNOWN STEP	2026-09-11T15:34:36.6372934Z tests/viz/test_fan_helpers.py                                        30      0   100%
Python CI / python 3.13	UNKNOWN STEP	2026-09-11T15:34:36.6373435Z tests/viz/test_fan_make.py                                           12      0   100%
Python CI / python 3.13	UNKNOWN STEP	2026-09-11T15:34:36.6373841Z tests/viz/test_path_dist_helpers.py                                  23      0   100%
Python CI / python 3.13	UNKNOWN STEP	2026-09-11T15:34:36.6374227Z tests/viz/test_path_dist_make.py                                     12      0   100%
Python CI / python 3.13	UNKNOWN STEP	2026-09-11T15:34:36.6374625Z tests/viz/test_risk_return_make.py                                   10      0   100%
Python CI / python 3.13	UNKNOWN STEP	2026-09-11T15:34:36.6375024Z tests/viz/test_sharpe_ladder_make.py                                 23      0   100%
Python CI / python 3.13	UNKNOWN STEP	2026-09-11T15:34:36.6375422Z tests/viz/test_utils_quantile_bands.py                               64      0   100%
Python CI / python 3.13	UNKNOWN STEP	2026-09-11T15:34:36.6375807Z tests/wasm/test_build_wasm_site.py                                   44      0   100%
Python CI / python 3.13	UNKNOWN STEP	2026-09-11T15:34:36.6376230Z tests/wasm/test_demo_no_external_cdn.py                             132      2    98%   60, 189
Python CI / python 3.13	UNKNOWN STEP	2026-09-11T15:34:36.6376615Z tests/workflows/__init__.py                                           0      0   100%
Python CI / python 3.13	UNKNOWN STEP	2026-09-11T15:34:36.6377032Z tests/workflows/fixtures/__init__.py                                  0      0   100%
Python CI / python 3.13	UNKNOWN STEP	2026-09-11T15:34:36.6377452Z tests/workflows/fixtures/_autofix_probe.py                            4      0   100%
Python CI / python 3.13	UNKNOWN STEP	2026-09-11T15:34:36.6377880Z tests/workflows/fixtures/_autofix_trigger_sample.py                  13      0   100%
Python CI / python 3.13	UNKNOWN STEP	2026-09-11T15:34:36.6378302Z tests/workflows/fixtures/_autofix_violation_case2.py                 19      0   100%
Python CI / python 3.13	UNKNOWN STEP	2026-09-11T15:34:36.6378726Z tests/workflows/fixtures/_autofix_violation_case3.py                 15      0   100%
Python CI / python 3.13	UNKNOWN STEP	2026-09-11T15:34:36.6379266Z tests/workflows/fixtures/_ci_probe_faults.py                         15      0   100%
Python CI / python 3.13	UNKNOWN STEP	2026-09-11T15:34:36.6379707Z tests/workflows/fixtures/automation_multifailure.py                   4      0   100%
Python CI / python 3.13	UNKNOWN STEP	2026-09-11T15:34:36.6380126Z tests/workflows/github_scripts/__init__.py                            0      0   100%
Python CI / python 3.13	UNKNOWN STEP	2026-09-11T15:34:36.6380554Z tests/workflows/github_scripts/test_decode_raw_input.py             102      0   100%
Python CI / python 3.13	UNKNOWN STEP	2026-09-11T15:34:36.6381018Z tests/workflows/github_scripts/test_fallback_split.py                54      2    96%   15, 36
Python CI / python 3.13	UNKNOWN STEP	2026-09-11T15:34:36.6381475Z tests/workflows/github_scripts/test_gate_summary.py                 181      2    99%   12, 209
Python CI / python 3.13	UNKNOWN STEP	2026-09-11T15:34:36.6381927Z tests/workflows/github_scripts/test_health_summarize.py             243      1    99%   12
Python CI / python 3.13	UNKNOWN STEP	2026-09-11T15:34:36.6382462Z tests/workflows/github_scripts/test_parse_chatgpt_topics.py         163      5    97%   19, 39, 48-49, 71
Python CI / python 3.13	UNKNOWN STEP	2026-09-11T15:34:36.6382942Z tests/workflows/github_scripts/test_restore_branch_snapshots.py     178      2    99%   14, 57
Python CI / python 3.13	UNKNOWN STEP	2026-09-11T15:34:36.6383523Z tests/workflows/test_autofix_full_pipeline.py                        54      1    98%   22
Python CI / python 3.13	UNKNOWN STEP	2026-09-11T15:34:36.6394476Z tests/workflows/test_autofix_pipeline.py                             44      2    95%   21, 68
Python CI / python 3.13	UNKNOWN STEP	2026-09-11T15:34:36.6395296Z tests/workflows/test_autofix_pipeline_diverse.py                     97      1    99%   27
Python CI / python 3.13	UNKNOWN STEP	2026-09-11T15:34:36.6396029Z tests/workflows/test_autofix_pipeline_live_docs.py                  135      2    99%   28, 61
Python CI / python 3.13	UNKNOWN STEP	2026-09-11T15:34:36.6396778Z tests/workflows/test_autofix_pipeline_tools.py                      163      2    99%   81, 262
Python CI / python 3.13	UNKNOWN STEP	2026-09-11T15:34:36.6397475Z tests/workflows/test_autofix_pr_comment.py                           81      0   100%
Python CI / python 3.13	UNKNOWN STEP	2026-09-11T15:34:36.6398493Z tests/workflows/test_autofix_probe_module.py                          7      0   100%
Python CI / python 3.13	UNKNOWN STEP	2026-09-11T15:34:36.6399273Z tests/workflows/test_autofix_repo_regressions.py                     43      5    88%   25-28, 33
Python CI / python 3.13	UNKNOWN STEP	2026-09-11T15:34:36.6399998Z tests/workflows/test_autofix_samples.py                              52      2    96%   51, 70
Python CI / python 3.13	UNKNOWN STEP	2026-09-11T15:34:36.6400687Z tests/workflows/test_autofix_trigger_scenario2.py                    24      0   100%
Python CI / python 3.13	UNKNOWN STEP	2026-09-11T15:34:36.6401369Z tests/workflows/test_ci_cosmetic_repair.py                          282      0   100%
Python CI / python 3.13	UNKNOWN STEP	2026-09-11T15:34:36.6401829Z tests/workflows/test_ci_coverage_delta.py                            83      0   100%
Python CI / python 3.13	UNKNOWN STEP	2026-09-11T15:34:36.6402253Z tests/workflows/test_ci_history.py                                  121      0   100%
Python CI / python 3.13	UNKNOWN STEP	2026-09-11T15:34:36.6402666Z tests/workflows/test_ci_metrics.py                                   91      0   100%
Python CI / python 3.13	UNKNOWN STEP	2026-09-11T15:34:36.6403276Z tests/workflows/test_ci_probe_faults.py                              29      0   100%
Python CI / python 3.13	UNKNOWN STEP	2026-09-11T15:34:36.6403773Z tests/workflows/test_keepalive_guard_utils.py                        39      4    90%   14, 30, 36-37
Python CI / python 3.13	UNKNOWN STEP	2026-09-11T15:34:36.6404264Z tests/workflows/test_keepalive_post_work.py                         145     13    91%   16, 29, 43, 67-78
Python CI / python 3.13	UNKNOWN STEP	2026-09-11T15:34:36.6404644Z tools/__init__.py                                                     1      0   100%
Python CI / python 3.13	UNKNOWN STEP	2026-09-11T15:34:36.6405567Z tools/ci_failure_triage.py                                          242    189    22%   144-167, 171-175, 181-203, 207-210, 214-221, 225-236, 242-260, 264-267, 271-281, 285-318, 332-346, 357-393, 397-404, 408, 426-445, 449-454, 458-472
Python CI / python 3.13	UNKNOWN STEP	2026-09-11T15:34:36.6406595Z tools/coverage_guard.py                                             349    237    32%   62-63, 69-83, 95, 98-104, 111, 115-117, 122, 124-126, 153, 160, 165, 168, 171, 176, 266-291, 302-348, 359-364, 379-387, 396-457, 462-519, 529-556, 561-573, 583-600, 605-609, 614-784
Python CI / python 3.13	UNKNOWN STEP	2026-09-11T15:34:36.6407219Z tools/coverage_trend.py                                             162     39    76%   23, 52-63, 92, 285-286, 309, 317-320, 335, 345-346, 349-364, 372, 377-378
Python CI / python 3.13	UNKNOWN STEP	2026-09-11T15:34:36.6408638Z tools/enforce_gate_branch_protection.py                             464     84    82%   27, 71, 77, 83-91, 123-124, 128, 141-142, 145-156, 191, 195, 214, 218, 223, 263, 297, 299, 320, 323, 339, 349, 356, 358, 391, 399, 410, 416, 459-499, 512-513, 691, 694, 733-743, 755-760, 766-771, 776, 778, 783-787, 844, 872-878, 895
Python CI / python 3.13	UNKNOWN STEP	2026-09-11T15:34:36.6409409Z tools/eval_config_patch.py                                          187     68    64%   458, 461-463, 465, 471, 488, 491-499, 544, 580-618, 632-642, 712-714, 716-717, 740-742, 749-751, 769, 774
Python CI / python 3.13	UNKNOWN STEP	2026-09-11T15:34:36.6410967Z tools/post_ci_summary.py                                            646    210    67%   21-29, 65, 80, 88, 102, 108, 119, 196, 202, 205, 208, 247, 253, 292, 299, 301-304, 308, 312, 315, 319-322, 331-334, 339, 352-363, 367-371, 375-378, 382-409, 424-425, 429-438, 442, 449, 453-476, 480-494, 498-522, 537-540, 543-544, 552-572, 581, 590, 668, 673, 676-677, 679, 686, 705, 719, 790-791, 843, 875-876, 883-889, 893-925
Python CI / python 3.13	UNKNOWN STEP	2026-09-11T15:34:36.6411846Z tools/prompt_evaluator.py                                           217     37    83%   36, 39, 47-61, 67, 85, 88, 97, 100, 105-106, 111, 125, 128, 133, 137, 143, 148-149, 152, 164, 176, 192, 202, 210, 212, 219, 221, 223, 225, 227, 238
Python CI / python 3.13	UNKNOWN STEP	2026-09-11T15:34:36.6412269Z tools/resolve_mypy_pin.py                                            41      9    78%   44-60, 87
Python CI / python 3.13	UNKNOWN STEP	2026-09-11T15:34:36.6412688Z tools/test_failure_signature.py                                      28     12    57%   36-53
Python CI / python 3.13	UNKNOWN STEP	2026-09-11T15:34:36.6413335Z tools/validate_quarantine_ttl.py                                    102     10    90%   40, 49, 57, 63-64, 72-73, 75-76, 166
Python CI / python 3.13	UNKNOWN STEP	2026-09-11T15:34:36.6413759Z -----------------------------------------------------------------------------------------------
Python CI / python 3.13	UNKNOWN STEP	2026-09-11T15:34:36.6414114Z TOTAL                                                            104258   9370    91%
Python CI / python 3.13	UNKNOWN STEP	2026-09-11T15:34:36.6414530Z Coverage XML written to file coverage.xml
Python CI / python 3.13	UNKNOWN STEP	2026-09-11T15:34:36.6414854Z Coverage JSON written to file coverage.json
Python CI / python 3.13	UNKNOWN STEP	2026-09-11T15:34:37.3083602Z Required test coverage of 80.0% reached. Total coverage: 91.01%
Python CI / python 3.13	UNKNOWN STEP	2026-09-11T15:34:37.3085291Z =========================== short test summary info ============================
Python CI / python 3.13	UNKNOWN STEP	2026-09-11T15:34:37.3087303Z SKIPPED [1] tests/baseline/test_feasibility.py:16: Finding #4: infeasible-max_weight policy not yet decided (see README).
Python CI / python 3.13	UNKNOWN STEP	2026-09-11T15:34:37.3090593Z SKIPPED [1] tests/baseline/test_directional.py:55: [report-only] vol_target_up: ann_vol control=0.0880715 variant=0.0880715 observed=≈ expected=increase holds=False
Python CI / python 3.13	UNKNOWN STEP	2026-09-11T15:34:37.3093522Z SKIPPED [1] tests/baseline/test_wiring.py:49: [report-only] regime.enabled produced identical output on/off -> appears UNWIRED
Python CI / python 3.13	UNKNOWN STEP	2026-09-11T15:34:37.3095458Z SKIPPED [1] tests/integration/test_mc_viz.py:410: kaleido not functional
Python CI / python 3.13	UNKNOWN STEP	2026-09-11T15:34:37.3097377Z SKIPPED [1] tests/test_buy_and_hold_selection.py:374: Could not import analysis_runner: attempted relative import with no known parent package
Python CI / python 3.13	UNKNOWN STEP	2026-09-11T15:34:37.3099474Z SKIPPED [1] tests/test_lockfile_consistency.py:61: Dependency lockfile check only runs during scheduled refresh
Python CI / python 3.13	UNKNOWN STEP	2026-09-11T15:34:37.3101532Z FAILED tests/workflows/test_keepalive_post_work.py::test_keepalive_sync_detects_head_change_without_actions - assert False
Python CI / python 3.13	UNKNOWN STEP	2026-09-11T15:34:37.3103730Z  +  where False = any(<generator object test_keepalive_sync_detects_head_change_without_actions.<locals>.<genexpr> at 0x7f27a486e400>)
Python CI / python 3.13	UNKNOWN STEP	2026-09-11T15:34:37.3105424Z ==== 1 failed, 5935 passed, 6 skipped, 74209 warnings in 625.87s (0:10:25) =====
Python CI / python 3.13	UNKNOWN STEP	2026-09-11T15:34:38.8463447Z ##[error]Process completed with exit code 1.
Python CI / python 3.13	UNKNOWN STEP	2026-09-11T15:34:38.8510138Z ##[group]Run python - <<'PY'
Python CI / python 3.13	UNKNOWN STEP	2026-09-11T15:34:38.8510677Z ^[[36;1mpython - <<'PY'^[[0m
Python CI / python 3.13	UNKNOWN STEP	2026-09-11T15:34:38.8511115Z ^[[36;1mimport os^[[0m
Python CI / python 3.13	UNKNOWN STEP	2026-09-11T15:34:38.8511518Z ^[[36;1mimport sys^[[0m
Python CI / python 3.13	UNKNOWN STEP	2026-09-11T15:34:38.8511988Z ^[[36;1mimport xml.etree.ElementTree as ET^[[0m
Python CI / python 3.13	UNKNOWN STEP	2026-09-11T15:34:38.8512516Z ^[[36;1mfrom pathlib import Path^[[0m
Python CI / python 3.13	UNKNOWN STEP	2026-09-11T15:34:38.8512975Z ^[[36;1m^[[0m
Python CI / python 3.13	UNKNOWN STEP	2026-09-11T15:34:38.8515297Z ^[[36;1mtarget = float(os.environ["COVERAGE_MIN"])^[[0m
Python CI / python 3.13	UNKNOWN STEP	2026-09-11T15:34:38.8515814Z ^[[36;1mpath = Path("coverage.xml")^[[0m
Python CI / python 3.13	UNKNOWN STEP	2026-09-11T15:34:38.8516272Z ^[[36;1mif not path.is_file():^[[0m
Python CI / python 3.13	UNKNOWN STEP	2026-09-11T15:34:38.8516770Z ^[[36;1m  print("coverage.xml not found", file=sys.stderr)^[[0m
Python CI / python 3.13	UNKNOWN STEP	2026-09-11T15:34:38.8517300Z ^[[36;1m  sys.exit(1)^[[0m
Python CI / python 3.13	UNKNOWN STEP	2026-09-11T15:34:38.8517781Z ^[[36;1mrate_attr = ET.parse(path).getroot().get("line-rate")^[[0m
Python CI / python 3.13	UNKNOWN STEP	2026-09-11T15:34:38.8518324Z ^[[36;1mif rate_attr is None:^[[0m
Python CI / python 3.13	UNKNOWN STEP	2026-09-11T15:34:38.8518884Z ^[[36;1m  print("coverage.xml missing line-rate attribute", file=sys.stderr)^[[0m
Python CI / python 3.13	UNKNOWN STEP	2026-09-11T15:34:38.8519503Z ^[[36;1m  sys.exit(1)^[[0m
Python CI / python 3.13	UNKNOWN STEP	2026-09-11T15:34:38.8519917Z ^[[36;1mrate = float(rate_attr) * 100.0^[[0m
Python CI / python 3.13	UNKNOWN STEP	2026-09-11T15:34:38.8520374Z ^[[36;1mif rate + 1e-6 < target:^[[0m
Python CI / python 3.13	UNKNOWN STEP	2026-09-11T15:34:38.8520970Z ^[[36;1m  print(f"Coverage {rate:.2f}% below minimum {target:.2f}%", file=sys.stderr)^[[0m
Python CI / python 3.13	UNKNOWN STEP	2026-09-11T15:34:38.8521587Z ^[[36;1m  sys.exit(1)^[[0m
Python CI / python 3.13	UNKNOWN STEP	2026-09-11T15:34:38.8522083Z ^[[36;1mprint(f"Coverage {rate:.2f}% meets minimum {target:.2f}%")^[[0m
Python CI / python 3.13	UNKNOWN STEP	2026-09-11T15:34:38.8522624Z ^[[36;1mPY^[[0m
Python CI / python 3.13	UNKNOWN STEP	2026-09-11T15:34:38.8560819Z shell: /usr/bin/bash --noprofile --norc -e -o pipefail {0}
Python CI / python 3.13	UNKNOWN STEP	2026-09-11T15:34:38.8561406Z env:
Python CI / python 3.13	UNKNOWN STEP	2026-09-11T15:34:38.8561785Z   WORKDIR: .
Python CI / python 3.13	UNKNOWN STEP	2026-09-11T15:34:38.8562324Z   WORKSPACE_ROOT: /home/runner/work/Trend_Model_Project/Trend_Model_Project
Python CI / python 3.13	UNKNOWN STEP	2026-09-11T15:34:38.8563349Z   PROJECT_ROOT: /home/runner/work/Trend_Model_Project/Trend_Model_Project
Python CI / python 3.13	UNKNOWN STEP	2026-09-11T15:34:38.8564082Z   pythonLocation: /opt/hostedtoolcache/Python/3.13.15/x64
Python CI / python 3.13	UNKNOWN STEP	2026-09-11T15:34:38.8564792Z   PKG_CONFIG_PATH: /opt/hostedtoolcache/Python/3.13.15/x64/lib/pkgconfig
Python CI / python 3.13	UNKNOWN STEP	2026-09-11T15:34:38.8565481Z   Python_ROOT_DIR: /opt/hostedtoolcache/Python/3.13.15/x64
Python CI / python 3.13	UNKNOWN STEP	2026-09-11T15:34:38.8566110Z   Python2_ROOT_DIR: /opt/hostedtoolcache/Python/3.13.15/x64
Python CI / python 3.13	UNKNOWN STEP	2026-09-11T15:34:38.8566920Z   Python3_ROOT_DIR: /opt/hostedtoolcache/Python/3.13.15/x64
Python CI / python 3.13	UNKNOWN STEP	2026-09-11T15:34:38.8567558Z   LD_LIBRARY_PATH: /opt/hostedtoolcache/Python/3.13.15/x64/lib
Python CI / python 3.13	UNKNOWN STEP	2026-09-11T15:34:38.8568126Z   COVERAGE_MIN: 80
Python CI / python 3.13	UNKNOWN STEP	2026-09-11T15:34:38.8568523Z ##[endgroup]
Python CI / python 3.13	UNKNOWN STEP	2026-09-11T15:34:39.0541855Z Coverage 91.01% meets minimum 80.00%
Python CI / python 3.13	UNKNOWN STEP	2026-09-11T15:34:39.0641661Z ##[group]Run set -euo pipefail
Python CI / python 3.13	UNKNOWN STEP	2026-09-11T15:34:39.0642270Z ^[[36;1mset -euo pipefail^[[0m
Python CI / python 3.13	UNKNOWN STEP	2026-09-11T15:34:39.0642712Z ^[[36;1mruntime="3.13"^[[0m
Python CI / python 3.13	UNKNOWN STEP	2026-09-11T15:34:39.0643493Z ^[[36;1mbase_dir="artifacts/coverage/runtimes/${runtime}"^[[0m
Python CI / python 3.13	UNKNOWN STEP	2026-09-11T15:34:39.0644053Z ^[[36;1m^[[0m
Python CI / python 3.13	UNKNOWN STEP	2026-09-11T15:34:39.0644429Z ^[[36;1mrm -rf "${base_dir}"^[[0m
Python CI / python 3.13	UNKNOWN STEP	2026-09-11T15:34:39.0644883Z ^[[36;1mmkdir -p "${base_dir}"^[[0m
Python CI / python 3.13	UNKNOWN STEP	2026-09-11T15:34:39.0645321Z ^[[36;1m^[[0m
Python CI / python 3.13	UNKNOWN STEP	2026-09-11T15:34:39.0645717Z ^[[36;1mmkdir -p "artifacts/coverage"^[[0m
Python CI / python 3.13	UNKNOWN STEP	2026-09-11T15:34:39.0646188Z ^[[36;1m^[[0m
Python CI / python 3.13	UNKNOWN STEP	2026-09-11T15:34:39.0646556Z ^[[36;1mcopied=0^[[0m
Python CI / python 3.13	UNKNOWN STEP	2026-09-11T15:34:39.0647080Z ^[[36;1mif [ "${COVERAGE_ENABLED}" = "true" ] && [ -f coverage.xml ]; then^[[0m
Python CI / python 3.13	UNKNOWN STEP	2026-09-11T15:34:39.0647752Z ^[[36;1m  cp coverage.xml "${base_dir}/coverage.xml"^[[0m
Python CI / python 3.13	UNKNOWN STEP	2026-09-11T15:34:39.0648250Z ^[[36;1m  copied=1^[[0m
Python CI / python 3.13	UNKNOWN STEP	2026-09-11T15:34:39.0648627Z ^[[36;1mfi^[[0m
Python CI / python 3.13	UNKNOWN STEP	2026-09-11T15:34:39.0648973Z ^[[36;1m^[[0m
Python CI / python 3.13	UNKNOWN STEP	2026-09-11T15:34:39.0649464Z ^[[36;1mif [ "${COVERAGE_ENABLED}" = "true" ] && [ -f coverage.json ]; then^[[0m
Python CI / python 3.13	UNKNOWN STEP	2026-09-11T15:34:39.0650092Z ^[[36;1m  cp coverage.json "${base_dir}/coverage.json"^[[0m
Python CI / python 3.13	UNKNOWN STEP	2026-09-11T15:34:39.0650596Z ^[[36;1m  copied=1^[[0m
Python CI / python 3.13	UNKNOWN STEP	2026-09-11T15:34:39.0650974Z ^[[36;1mfi^[[0m
Python CI / python 3.13	UNKNOWN STEP	2026-09-11T15:34:39.0651329Z ^[[36;1m^[[0m
Python CI / python 3.13	UNKNOWN STEP	2026-09-11T15:34:39.0651698Z ^[[36;1mif [ -f pytest-junit.xml ]; then^[[0m
Python CI / python 3.13	UNKNOWN STEP	2026-09-11T15:34:39.0652232Z ^[[36;1m  cp pytest-junit.xml "${base_dir}/pytest-junit.xml"^[[0m
Python CI / python 3.13	UNKNOWN STEP	2026-09-11T15:34:39.0652761Z ^[[36;1m  copied=1^[[0m
Python CI / python 3.13	UNKNOWN STEP	2026-09-11T15:34:39.0653342Z ^[[36;1mfi^[[0m
Python CI / python 3.13	UNKNOWN STEP	2026-09-11T15:34:39.0653689Z ^[[36;1m^[[0m
Python CI / python 3.13	UNKNOWN STEP	2026-09-11T15:34:39.0654057Z ^[[36;1mif [ "${copied}" -eq 0 ]; then^[[0m
Python CI / python 3.13	UNKNOWN STEP	2026-09-11T15:34:39.0654518Z ^[[36;1m  rm -rf "${base_dir}"^[[0m
Python CI / python 3.13	UNKNOWN STEP	2026-09-11T15:34:39.0655024Z ^[[36;1m  echo "No coverage payloads found; skipping staging."^[[0m
Python CI / python 3.13	UNKNOWN STEP	2026-09-11T15:34:39.0655537Z ^[[36;1mfi^[[0m
Python CI / python 3.13	UNKNOWN STEP	2026-09-11T15:34:39.0693767Z shell: /usr/bin/bash --noprofile --norc -e -o pipefail {0}
Python CI / python 3.13	UNKNOWN STEP	2026-09-11T15:34:39.0694333Z env:
Python CI / python 3.13	UNKNOWN STEP	2026-09-11T15:34:39.0694684Z   WORKDIR: .
Python CI / python 3.13	UNKNOWN STEP	2026-09-11T15:34:39.0695227Z   WORKSPACE_ROOT: /home/runner/work/Trend_Model_Project/Trend_Model_Project
Python CI / python 3.13	UNKNOWN STEP	2026-09-11T15:34:39.0695988Z   PROJECT_ROOT: /home/runner/work/Trend_Model_Project/Trend_Model_Project
Python CI / python 3.13	UNKNOWN STEP	2026-09-11T15:34:39.0696679Z   pythonLocation: /opt/hostedtoolcache/Python/3.13.15/x64
Python CI / python 3.13	UNKNOWN STEP	2026-09-11T15:34:39.0697365Z   PKG_CONFIG_PATH: /opt/hostedtoolcache/Python/3.13.15/x64/lib/pkgconfig
Python CI / python 3.13	UNKNOWN STEP	2026-09-11T15:34:39.0698031Z   Python_ROOT_DIR: /opt/hostedtoolcache/Python/3.13.15/x64
Python CI / python 3.13	UNKNOWN STEP	2026-09-11T15:34:39.0698653Z   Python2_ROOT_DIR: /opt/hostedtoolcache/Python/3.13.15/x64
Python CI / python 3.13	UNKNOWN STEP	2026-09-11T15:34:39.0699269Z   Python3_ROOT_DIR: /opt/hostedtoolcache/Python/3.13.15/x64
Python CI / python 3.13	UNKNOWN STEP	2026-09-11T15:34:39.0699894Z   LD_LIBRARY_PATH: /opt/hostedtoolcache/Python/3.13.15/x64/lib
Python CI / python 3.13	UNKNOWN STEP	2026-09-11T15:34:39.0700452Z   COVERAGE_ENABLED: true
Python CI / python 3.13	UNKNOWN STEP	2026-09-11T15:34:39.0700865Z ##[endgroup]
Python CI / python 3.13	UNKNOWN STEP	2026-09-11T15:34:39.0921210Z ##[group]Run python - <<'PY'
Python CI / python 3.13	UNKNOWN STEP	2026-09-11T15:34:39.0921750Z ^[[36;1mpython - <<'PY'^[[0m
Python CI / python 3.13	UNKNOWN STEP	2026-09-11T15:34:39.0922157Z ^[[36;1mimport json^[[0m
Python CI / python 3.13	UNKNOWN STEP	2026-09-11T15:34:39.0922528Z ^[[36;1mimport os^[[0m
Python CI / python 3.13	UNKNOWN STEP	2026-09-11T15:34:39.0922927Z ^[[36;1mimport xml.etree.ElementTree as ET^[[0m
Python CI / python 3.13	UNKNOWN STEP	2026-09-11T15:34:39.0923713Z ^[[36;1mfrom pathlib import Path^[[0m
Python CI / python 3.13	UNKNOWN STEP	2026-09-11T15:34:39.0924139Z ^[[36;1m^[[0m
Python CI / python 3.13	UNKNOWN STEP	2026-09-11T15:34:39.0924578Z ^[[36;1mruntime = os.environ.get("PYTHON_VERSION", "unknown")^[[0m
Python CI / python 3.13	UNKNOWN STEP	2026-09-11T15:34:39.0925180Z ^[[36;1mbase_dir = Path("artifacts/coverage/runtimes") / runtime^[[0m
Python CI / python 3.13	UNKNOWN STEP	2026-09-11T15:34:39.0925741Z ^[[36;1mbase_dir.mkdir(parents=True, exist_ok=True)^[[0m
Python CI / python 3.13	UNKNOWN STEP	2026-09-11T15:34:39.0926214Z ^[[36;1m^[[0m
Python CI / python 3.13	UNKNOWN STEP	2026-09-11T15:34:39.0926592Z ^[[36;1mxml_path = base_dir / "coverage.xml"^[[0m
Python CI / python 3.13	UNKNOWN STEP	2026-09-11T15:34:39.0927081Z ^[[36;1mjson_path = base_dir / "coverage.json"^[[0m
Python CI / python 3.13	UNKNOWN STEP	2026-09-11T15:34:39.0927761Z ^[[36;1mcoverage_value: float | None = None^[[0m
Python CI / python 3.13	UNKNOWN STEP	2026-09-11T15:34:39.0928200Z ^[[36;1m^[[0m
Python CI / python 3.13	UNKNOWN STEP	2026-09-11T15:34:39.0928604Z ^[[36;1mdef normalize(value: str | None) -> str:^[[0m
Python CI / python 3.13	UNKNOWN STEP	2026-09-11T15:34:39.0929080Z ^[[36;1m    return (value or "skipped").lower()^[[0m
Python CI / python 3.13	UNKNOWN STEP	2026-09-11T15:34:39.0929514Z ^[[36;1m^[[0m
Python CI / python 3.13	UNKNOWN STEP	2026-09-11T15:34:39.0929878Z ^[[36;1msummary: dict[str, object] = {^[[0m
Python CI / python 3.13	UNKNOWN STEP	2026-09-11T15:34:39.0930321Z ^[[36;1m    "python_version": runtime,^[[0m
Python CI / python 3.13	UNKNOWN STEP	2026-09-11T15:34:39.0930752Z ^[[36;1m    "checks": {^[[0m
Python CI / python 3.13	UNKNOWN STEP	2026-09-11T15:34:39.0931136Z ^[[36;1m      "tests": {^[[0m
Python CI / python 3.13	UNKNOWN STEP	2026-09-11T15:34:39.0931523Z ^[[36;1m        "tool": "pytest",^[[0m
Python CI / python 3.13	UNKNOWN STEP	2026-09-11T15:34:39.0932027Z ^[[36;1m        "outcome": normalize(os.environ.get("PYTEST_OUTCOME")),^[[0m
Python CI / python 3.13	UNKNOWN STEP	2026-09-11T15:34:39.0932530Z ^[[36;1m      },^[[0m
Python CI / python 3.13	UNKNOWN STEP	2026-09-11T15:34:39.0932894Z ^[[36;1m        "coverage_minimum": {^[[0m
Python CI / python 3.13	UNKNOWN STEP	2026-09-11T15:34:39.0933634Z ^[[36;1m            "tool": "threshold",^[[0m
Python CI / python 3.13	UNKNOWN STEP	2026-09-11T15:34:39.0934179Z ^[[36;1m            "outcome": normalize(os.environ.get("COVERAGE_MIN_OUTCOME")),^[[0m
Python CI / python 3.13	UNKNOWN STEP	2026-09-11T15:34:39.0934715Z ^[[36;1m        },^[[0m
Python CI / python 3.13	UNKNOWN STEP	2026-09-11T15:34:39.0935064Z ^[[36;1m    },^[[0m
Python CI / python 3.13	UNKNOWN STEP	2026-09-11T15:34:39.0935424Z ^[[36;1m    "artifacts": {^[[0m
Python CI / python 3.13	UNKNOWN STEP	2026-09-11T15:34:39.0935847Z ^[[36;1m        "coverage_xml": xml_path.exists(),^[[0m
Python CI / python 3.13	UNKNOWN STEP	2026-09-11T15:34:39.0936326Z ^[[36;1m        "coverage_json": json_path.exists(),^[[0m
Python CI / python 3.13	UNKNOWN STEP	2026-09-11T15:34:39.0936865Z ^[[36;1m        "pytest_junit": (base_dir / "pytest-junit.xml").exists(),^[[0m
Python CI / python 3.13	UNKNOWN STEP	2026-09-11T15:34:39.0937364Z ^[[36;1m    },^[[0m
Python CI / python 3.13	UNKNOWN STEP	2026-09-11T15:34:39.0937707Z ^[[36;1m}^[[0m
Python CI / python 3.13	UNKNOWN STEP	2026-09-11T15:34:39.0938048Z ^[[36;1m^[[0m
Python CI / python 3.13	UNKNOWN STEP	2026-09-11T15:34:39.0938394Z ^[[36;1mif xml_path.exists():^[[0m
Python CI / python 3.13	UNKNOWN STEP	2026-09-11T15:34:39.0938788Z ^[[36;1m    try:^[[0m
Python CI / python 3.13	UNKNOWN STEP	2026-09-11T15:34:39.0939230Z ^[[36;1m        rate = ET.parse(xml_path).getroot().get("line-rate")^[[0m
Python CI / python 3.13	UNKNOWN STEP	2026-09-11T15:34:39.0939738Z ^[[36;1m        if rate is not None:^[[0m
Python CI / python 3.13	UNKNOWN STEP	2026-09-11T15:34:39.0940180Z ^[[36;1m            coverage_value = float(rate) * 100.0^[[0m
Python CI / python 3.13	UNKNOWN STEP	2026-09-11T15:34:39.0940644Z ^[[36;1m    except ET.ParseError:^[[0m
Python CI / python 3.13	UNKNOWN STEP	2026-09-11T15:34:39.0941075Z ^[[36;1m        coverage_value = None^[[0m
Python CI / python 3.13	UNKNOWN STEP	2026-09-11T15:34:39.0941558Z ^[[36;1mif coverage_value is None and json_path.exists():^[[0m
Python CI / python 3.13	UNKNOWN STEP	2026-09-11T15:34:39.0942029Z ^[[36;1m    try:^[[0m
Python CI / python 3.13	UNKNOWN STEP	2026-09-11T15:34:39.0942468Z ^[[36;1m        data = json.loads(json_path.read_text(encoding="utf-8"))^[[0m
Python CI / python 3.13	UNKNOWN STEP	2026-09-11T15:34:39.0943008Z ^[[36;1m    except json.JSONDecodeError:^[[0m
Python CI / python 3.13	UNKNOWN STEP	2026-09-11T15:34:39.0943755Z ^[[36;1m        data = None^[[0m
Python CI / python 3.13	UNKNOWN STEP	2026-09-11T15:34:39.0944163Z ^[[36;1m    if isinstance(data, dict):^[[0m
Python CI / python 3.13	UNKNOWN STEP	2026-09-11T15:34:39.0944611Z ^[[36;1m        totals = data.get("totals")^[[0m
Python CI / python 3.13	UNKNOWN STEP	2026-09-11T15:34:39.0945066Z ^[[36;1m        if isinstance(totals, dict):^[[0m
Python CI / python 3.13	UNKNOWN STEP	2026-09-11T15:34:39.0945540Z ^[[36;1m            percent = totals.get("percent_covered")^[[0m
Python CI / python 3.13	UNKNOWN STEP	2026-09-11T15:34:39.0946044Z ^[[36;1m            if isinstance(percent, (int, float)):^[[0m
Python CI / python 3.13	UNKNOWN STEP	2026-09-11T15:34:39.0946537Z ^[[36;1m                coverage_value = float(percent)^[[0m
Python CI / python 3.13	UNKNOWN STEP	2026-09-11T15:34:39.0946991Z ^[[36;1m^[[0m
Python CI / python 3.13	UNKNOWN STEP	2026-09-11T15:34:39.0947361Z ^[[36;1mif coverage_value is not None:^[[0m
Python CI / python 3.13	UNKNOWN STEP	2026-09-11T15:34:39.0947813Z ^[[36;1m    summary["coverage"] = {^[[0m
Python CI / python 3.13	UNKNOWN STEP	2026-09-11T15:34:39.0958064Z ^[[36;1m        "percent": round(float(coverage_value), 2),^[[0m
Python CI / python 3.13	UNKNOWN STEP	2026-09-11T15:34:39.0958779Z ^[[36;1m        "source": "coverage.json" if json_path.exists() else "coverage.xml",^[[0m
Python CI / python 3.13	UNKNOWN STEP	2026-09-11T15:34:39.0959342Z ^[[36;1m    }^[[0m
Python CI / python 3.13	UNKNOWN STEP	2026-09-11T15:34:39.0959695Z ^[[36;1m^[[0m
Python CI / python 3.13	UNKNOWN STEP	2026-09-11T15:34:39.0960081Z ^[[36;1msummary_path = base_dir / "summary.json"^[[0m
Python CI / python 3.13	UNKNOWN STEP	2026-09-11T15:34:39.0960752Z ^[[36;1msummary_path.write_text(json.dumps(summary, indent=2, sort_keys=True), encoding="utf-8")^[[0m
Python CI / python 3.13	UNKNOWN STEP	2026-09-11T15:34:39.0961358Z ^[[36;1m^[[0m
Python CI / python 3.13	UNKNOWN STEP	2026-09-11T15:34:39.0961777Z ^[[36;1mindex_path = Path("artifacts/coverage/index.ndjson")^[[0m
Python CI / python 3.13	UNKNOWN STEP	2026-09-11T15:34:39.0962345Z ^[[36;1mindex_path.parent.mkdir(parents=True, exist_ok=True)^[[0m
Python CI / python 3.13	UNKNOWN STEP	2026-09-11T15:34:39.0962911Z ^[[36;1mwith index_path.open("a", encoding="utf-8") as handle:^[[0m
Python CI / python 3.13	UNKNOWN STEP	2026-09-11T15:34:39.0963734Z ^[[36;1m    handle.write(json.dumps(summary) + "\n")^[[0m
Python CI / python 3.13	UNKNOWN STEP	2026-09-11T15:34:39.0964187Z ^[[36;1m^[[0m
Python CI / python 3.13	UNKNOWN STEP	2026-09-11T15:34:39.0964757Z ^[[36;1moutput_path = Path(os.environ.get("GITHUB_OUTPUT", ""))^[[0m
Python CI / python 3.13	UNKNOWN STEP	2026-09-11T15:34:39.0965251Z ^[[36;1mif output_path:^[[0m
Python CI / python 3.13	UNKNOWN STEP	2026-09-11T15:34:39.0965705Z ^[[36;1m    with output_path.open("a", encoding="utf-8") as handle:^[[0m
Python CI / python 3.13	UNKNOWN STEP	2026-09-11T15:34:39.0966252Z ^[[36;1m        handle.write(f"summary_path={summary_path}\n")^[[0m
Python CI / python 3.13	UNKNOWN STEP	2026-09-11T15:34:39.0966700Z ^[[36;1mPY^[[0m
Python CI / python 3.13	UNKNOWN STEP	2026-09-11T15:34:39.1003779Z shell: /usr/bin/bash --noprofile --norc -e -o pipefail {0}
Python CI / python 3.13	UNKNOWN STEP	2026-09-11T15:34:39.1004286Z env:
Python CI / python 3.13	UNKNOWN STEP	2026-09-11T15:34:39.1004618Z   WORKDIR: .
Python CI / python 3.13	UNKNOWN STEP	2026-09-11T15:34:39.1005096Z   WORKSPACE_ROOT: /home/runner/work/Trend_Model_Project/Trend_Model_Project
Python CI / python 3.13	UNKNOWN STEP	2026-09-11T15:34:39.1005760Z   PROJECT_ROOT: /home/runner/work/Trend_Model_Project/Trend_Model_Project
Python CI / python 3.13	UNKNOWN STEP	2026-09-11T15:34:39.1006355Z   pythonLocation: /opt/hostedtoolcache/Python/3.13.15/x64
Python CI / python 3.13	UNKNOWN STEP	2026-09-11T15:34:39.1006941Z   PKG_CONFIG_PATH: /opt/hostedtoolcache/Python/3.13.15/x64/lib/pkgconfig
Python CI / python 3.13	UNKNOWN STEP	2026-09-11T15:34:39.1007545Z   Python_ROOT_DIR: /opt/hostedtoolcache/Python/3.13.15/x64
Python CI / python 3.13	UNKNOWN STEP	2026-09-11T15:34:39.1008100Z   Python2_ROOT_DIR: /opt/hostedtoolcache/Python/3.13.15/x64
Python CI / python 3.13	UNKNOWN STEP	2026-09-11T15:34:39.1008634Z   Python3_ROOT_DIR: /opt/hostedtoolcache/Python/3.13.15/x64
Python CI / python 3.13	UNKNOWN STEP	2026-09-11T15:34:39.1009166Z   LD_LIBRARY_PATH: /opt/hostedtoolcache/Python/3.13.15/x64/lib
Python CI / python 3.13	UNKNOWN STEP	2026-09-11T15:34:39.1009647Z   PYTHON_VERSION: 3.13
Python CI / python 3.13	UNKNOWN STEP	2026-09-11T15:34:39.1010016Z   PYTEST_OUTCOME: failure
Python CI / python 3.13	UNKNOWN STEP	2026-09-11T15:34:39.1010400Z   COVERAGE_MIN_OUTCOME: success
Python CI / python 3.13	UNKNOWN STEP	2026-09-11T15:34:39.1010788Z   COVERAGE_ENABLED: true
Python CI / python 3.13	UNKNOWN STEP	2026-09-11T15:34:39.1011155Z ##[endgroup]
Python CI / python 3.13	UNKNOWN STEP	2026-09-11T15:34:39.3424199Z ##[group]Run python - <<'PY'
Python CI / python 3.13	UNKNOWN STEP	2026-09-11T15:34:39.3424801Z ^[[36;1mpython - <<'PY'^[[0m
Python CI / python 3.13	UNKNOWN STEP	2026-09-11T15:34:39.3425247Z ^[[36;1mimport os^[[0m
Python CI / python 3.13	UNKNOWN STEP	2026-09-11T15:34:39.3425681Z ^[[36;1mfrom pathlib import Path^[[0m
Python CI / python 3.13	UNKNOWN STEP	2026-09-11T15:34:39.3426157Z ^[[36;1m^[[0m
Python CI / python 3.13	UNKNOWN STEP	2026-09-11T15:34:39.3426657Z ^[[36;1mruntime = os.environ.get("PYTHON_VERSION", "unknown")^[[0m
Python CI / python 3.13	UNKNOWN STEP	2026-09-11T15:34:39.3427482Z ^[[36;1mcoverage_enabled = os.environ.get("COVERAGE_ENABLED", "false").lower() == "true"^[[0m
Python CI / python 3.13	UNKNOWN STEP	2026-09-11T15:34:39.3428336Z ^[[36;1mbase_dir = Path("artifacts/coverage/runtimes") / runtime^[[0m
Python CI / python 3.13	UNKNOWN STEP	2026-09-11T15:34:39.3428992Z ^[[36;1mcoverage_json = base_dir / "coverage.json"^[[0m
Python CI / python 3.13	UNKNOWN STEP	2026-09-11T15:34:39.3429607Z ^[[36;1mcoverage_xml = base_dir / "coverage.xml"^[[0m
Python CI / python 3.13	UNKNOWN STEP	2026-09-11T15:34:39.3430223Z ^[[36;1mjunit_path = base_dir / "pytest-junit.xml"^[[0m
Python CI / python 3.13	UNKNOWN STEP	2026-09-11T15:34:39.3430837Z ^[[36;1mfallback_json = Path("coverage.json")^[[0m
Python CI / python 3.13	UNKNOWN STEP	2026-09-11T15:34:39.3431475Z ^[[36;1mfallback_junit = Path("pytest-junit.xml")^[[0m
Python CI / python 3.13	UNKNOWN STEP	2026-09-11T15:34:39.3432139Z ^[[36;1msummary_env = os.environ.get("SUMMARY_PATH") or ""^[[0m
Python CI / python 3.13	UNKNOWN STEP	2026-09-11T15:34:39.3432842Z ^[[36;1msummary_path = Path(summary_env) if summary_env else None^[[0m
Python CI / python 3.13	UNKNOWN STEP	2026-09-11T15:34:39.3433733Z ^[[36;1m^[[0m
Python CI / python 3.13	UNKNOWN STEP	2026-09-11T15:34:39.3434120Z ^[[36;1moutputs: dict[str, str] = {^[[0m
Python CI / python 3.13	UNKNOWN STEP	2026-09-11T15:34:39.3434600Z ^[[36;1m    "coverage_json": "",^[[0m
Python CI / python 3.13	UNKNOWN STEP	2026-09-11T15:34:39.3435056Z ^[[36;1m    "junit_path": "",^[[0m
Python CI / python 3.13	UNKNOWN STEP	2026-09-11T15:34:39.3435505Z ^[[36;1m    "summary_path": "",^[[0m
Python CI / python 3.13	UNKNOWN STEP	2026-09-11T15:34:39.3435985Z ^[[36;1m}^[[0m
Python CI / python 3.13	UNKNOWN STEP	2026-09-11T15:34:39.3436395Z ^[[36;1m^[[0m
Python CI / python 3.13	UNKNOWN STEP	2026-09-11T15:34:39.3436807Z ^[[36;1mif coverage_json.exists():^[[0m
Python CI / python 3.13	UNKNOWN STEP	2026-09-11T15:34:39.3437356Z ^[[36;1m    outputs["coverage_json"] = str(coverage_json)^[[0m
Python CI / python 3.13	UNKNOWN STEP	2026-09-11T15:34:39.3438009Z ^[[36;1melif coverage_enabled and fallback_json.exists():^[[0m
Python CI / python 3.13	UNKNOWN STEP	2026-09-11T15:34:39.3438637Z ^[[36;1m    outputs["coverage_json"] = str(fallback_json)^[[0m
Python CI / python 3.13	UNKNOWN STEP	2026-09-11T15:34:39.3439189Z ^[[36;1m^[[0m
Python CI / python 3.13	UNKNOWN STEP	2026-09-11T15:34:39.3439591Z ^[[36;1mif junit_path.exists():^[[0m
Python CI / python 3.13	UNKNOWN STEP	2026-09-11T15:34:39.3440134Z ^[[36;1m    outputs["junit_path"] = str(junit_path)^[[0m
Python CI / python 3.13	UNKNOWN STEP	2026-09-11T15:34:39.3440697Z ^[[36;1melif fallback_junit.exists():^[[0m
Python CI / python 3.13	UNKNOWN STEP	2026-09-11T15:34:39.3441264Z ^[[36;1m    outputs["junit_path"] = str(fallback_junit)^[[0m
Python CI / python 3.13	UNKNOWN STEP	2026-09-11T15:34:39.3441800Z ^[[36;1m^[[0m
Python CI / python 3.13	UNKNOWN STEP	2026-09-11T15:34:39.3442246Z ^[[36;1mif summary_path and summary_path.exists():^[[0m
Python CI / python 3.13	UNKNOWN STEP	2026-09-11T15:34:39.3442846Z ^[[36;1m    outputs["summary_path"] = str(summary_path)^[[0m
Python CI / python 3.13	UNKNOWN STEP	2026-09-11T15:34:39.3443511Z ^[[36;1m^[[0m
Python CI / python 3.13	UNKNOWN STEP	2026-09-11T15:34:39.3444062Z ^[[36;1mhas_payload = False^[[0m
Python CI / python 3.13	UNKNOWN STEP	2026-09-11T15:34:39.3444497Z ^[[36;1mif base_dir.exists():^[[0m
Python CI / python 3.13	UNKNOWN STEP	2026-09-11T15:34:39.3445077Z ^[[36;1m    has_payload = any(child.is_file() for child in base_dir.glob("*"))^[[0m
Python CI / python 3.13	UNKNOWN STEP	2026-09-11T15:34:39.3445735Z ^[[36;1mif not has_payload and fallback_junit.exists():^[[0m
Python CI / python 3.13	UNKNOWN STEP	2026-09-11T15:34:39.3446276Z ^[[36;1m    has_payload = True^[[0m
Python CI / python 3.13	UNKNOWN STEP	2026-09-11T15:34:39.3446833Z ^[[36;1mif not has_payload and summary_path and summary_path.exists():^[[0m
Python CI / python 3.13	UNKNOWN STEP	2026-09-11T15:34:39.3447439Z ^[[36;1m    has_payload = True^[[0m
Python CI / python 3.13	UNKNOWN STEP	2026-09-11T15:34:39.3447880Z ^[[36;1m^[[0m
Python CI / python 3.13	UNKNOWN STEP	2026-09-11T15:34:39.3448605Z ^[[36;1moutput_path = Path(os.environ.get("GITHUB_OUTPUT", ""))^[[0m
Python CI / python 3.13	UNKNOWN STEP	2026-09-11T15:34:39.3449309Z ^[[36;1mif output_path:^[[0m
Python CI / python 3.13	UNKNOWN STEP	2026-09-11T15:34:39.3449854Z ^[[36;1m    with output_path.open("a", encoding="utf-8") as handle:^[[0m
Python CI / python 3.13	UNKNOWN STEP	2026-09-11T15:34:39.3450470Z ^[[36;1m        for key, value in outputs.items():^[[0m
Python CI / python 3.13	UNKNOWN STEP	2026-09-11T15:34:39.3451029Z ^[[36;1m            handle.write(f"{key}={value}\n")^[[0m
Python CI / python 3.13	UNKNOWN STEP	2026-09-11T15:34:39.3451708Z ^[[36;1m        handle.write(f"has_payload={'true' if has_payload else 'false'}\n")^[[0m
Python CI / python 3.13	UNKNOWN STEP	2026-09-11T15:34:39.3452334Z ^[[36;1mPY^[[0m
Python CI / python 3.13	UNKNOWN STEP	2026-09-11T15:34:39.3498279Z shell: /usr/bin/bash --noprofile --norc -e -o pipefail {0}
Python CI / python 3.13	UNKNOWN STEP	2026-09-11T15:34:39.3498854Z env:
Python CI / python 3.13	UNKNOWN STEP	2026-09-11T15:34:39.3499223Z   WORKDIR: .
Python CI / python 3.13	UNKNOWN STEP	2026-09-11T15:34:39.3499767Z   WORKSPACE_ROOT: /home/runner/work/Trend_Model_Project/Trend_Model_Project
Python CI / python 3.13	UNKNOWN STEP	2026-09-11T15:34:39.3500531Z   PROJECT_ROOT: /home/runner/work/Trend_Model_Project/Trend_Model_Project
Python CI / python 3.13	UNKNOWN STEP	2026-09-11T15:34:39.3501487Z   pythonLocation: /opt/hostedtoolcache/Python/3.13.15/x64
Python CI / python 3.13	UNKNOWN STEP	2026-09-11T15:34:39.3502172Z   PKG_CONFIG_PATH: /opt/hostedtoolcache/Python/3.13.15/x64/lib/pkgconfig
Python CI / python 3.13	UNKNOWN STEP	2026-09-11T15:34:39.3502884Z   Python_ROOT_DIR: /opt/hostedtoolcache/Python/3.13.15/x64
Python CI / python 3.13	UNKNOWN STEP	2026-09-11T15:34:39.3503704Z   Python2_ROOT_DIR: /opt/hostedtoolcache/Python/3.13.15/x64
Python CI / python 3.13	UNKNOWN STEP	2026-09-11T15:34:39.3504386Z   Python3_ROOT_DIR: /opt/hostedtoolcache/Python/3.13.15/x64
Python CI / python 3.13	UNKNOWN STEP	2026-09-11T15:34:39.3505074Z   LD_LIBRARY_PATH: /opt/hostedtoolcache/Python/3.13.15/x64/lib
Python CI / python 3.13	UNKNOWN STEP	2026-09-11T15:34:39.3505671Z   PYTHON_VERSION: 3.13
Python CI / python 3.13	UNKNOWN STEP	2026-09-11T15:34:39.3506110Z   COVERAGE_ENABLED: true
Python CI / python 3.13	UNKNOWN STEP	2026-09-11T15:34:39.3506665Z   SUMMARY_PATH: artifacts/coverage/runtimes/3.13/summary.json
Python CI / python 3.13	UNKNOWN STEP	2026-09-11T15:34:39.3507274Z ##[endgroup]
Python CI / python 3.13	UNKNOWN STEP	2026-09-11T15:34:39.3989719Z ##[group]Run actions/upload-artifact@v7
Python CI / python 3.13	UNKNOWN STEP	2026-09-11T15:34:39.3990603Z with:
Python CI / python 3.13	UNKNOWN STEP	2026-09-11T15:34:39.3991283Z   name: gate-coverage-3.13-1
Python CI / python 3.13	UNKNOWN STEP	2026-09-11T15:34:39.3992394Z   path: /home/runner/work/Trend_Model_Project/Trend_Model_Project/artifacts/coverage
Python CI / python 3.13	UNKNOWN STEP	2026-09-11T15:34:39.3993867Z   if-no-files-found: warn
Python CI / python 3.13	UNKNOWN STEP	2026-09-11T15:34:39.3994587Z   retention-days: 7
Python CI / python 3.13	UNKNOWN STEP	2026-09-11T15:34:39.3995201Z   overwrite: true
Python CI / python 3.13	UNKNOWN STEP	2026-09-11T15:34:39.3995829Z   compression-level: 6
Python CI / python 3.13	UNKNOWN STEP	2026-09-11T15:34:39.3996551Z   include-hidden-files: false
Python CI / python 3.13	UNKNOWN STEP	2026-09-11T15:34:39.3997290Z   archive: true
Python CI / python 3.13	UNKNOWN STEP	2026-09-11T15:34:39.3997916Z env:
Python CI / python 3.13	UNKNOWN STEP	2026-09-11T15:34:39.3998499Z   WORKDIR: .
Python CI / python 3.13	UNKNOWN STEP	2026-09-11T15:34:39.3999381Z   WORKSPACE_ROOT: /home/runner/work/Trend_Model_Project/Trend_Model_Project
Python CI / python 3.13	UNKNOWN STEP	2026-09-11T15:34:39.4000709Z   PROJECT_ROOT: /home/runner/work/Trend_Model_Project/Trend_Model_Project
Python CI / python 3.13	UNKNOWN STEP	2026-09-11T15:34:39.4001878Z   pythonLocation: /opt/hostedtoolcache/Python/3.13.15/x64
Python CI / python 3.13	UNKNOWN STEP	2026-09-11T15:34:39.4003401Z   PKG_CONFIG_PATH: /opt/hostedtoolcache/Python/3.13.15/x64/lib/pkgconfig
Python CI / python 3.13	UNKNOWN STEP	2026-09-11T15:34:39.4004575Z   Python_ROOT_DIR: /opt/hostedtoolcache/Python/3.13.15/x64
Python CI / python 3.13	UNKNOWN STEP	2026-09-11T15:34:39.4005534Z   Python2_ROOT_DIR: /opt/hostedtoolcache/Python/3.13.15/x64
Python CI / python 3.13	UNKNOWN STEP	2026-09-11T15:34:39.4006552Z   Python3_ROOT_DIR: /opt/hostedtoolcache/Python/3.13.15/x64
Python CI / python 3.13	UNKNOWN STEP	2026-09-11T15:34:39.4007628Z   LD_LIBRARY_PATH: /opt/hostedtoolcache/Python/3.13.15/x64/lib
Python CI / python 3.13	UNKNOWN STEP	2026-09-11T15:34:39.4008548Z ##[endgroup]
Python CI / python 3.13	UNKNOWN STEP	2026-09-11T15:34:39.5694124Z With the provided path, there will be 5 files uploaded
Python CI / python 3.13	UNKNOWN STEP	2026-09-11T15:34:39.8843888Z Artifact name is valid!
Python CI / python 3.13	UNKNOWN STEP	2026-09-11T15:34:39.8844835Z Root directory input is valid!
Python CI / python 3.13	UNKNOWN STEP	2026-09-11T15:34:40.2885163Z Uploading artifact: gate-coverage-3.13-1.zip
Python CI / python 3.13	UNKNOWN STEP	2026-09-11T15:34:40.2930947Z Beginning upload of artifact content to blob storage
Python CI / python 3.13	UNKNOWN STEP	2026-09-11T15:34:41.2901296Z Uploaded bytes 898712
Python CI / python 3.13	UNKNOWN STEP	2026-09-11T15:34:41.3749884Z Finished uploading artifact content to blob storage!
Python CI / python 3.13	UNKNOWN STEP	2026-09-11T15:34:41.3752310Z SHA256 digest of uploaded artifact is c8e7aa7cf362b72c071b18deb93bbe10a85a15065f007c3e0cf2b7387642395e
Python CI / python 3.13	UNKNOWN STEP	2026-09-11T15:34:41.3754365Z Finalizing artifact upload
Python CI / python 3.13	UNKNOWN STEP	2026-09-11T15:34:41.7814604Z Artifact gate-coverage-3.13-1 successfully finalized. Artifact ID 10271336014
Python CI / python 3.13	UNKNOWN STEP	2026-09-11T15:34:41.7816703Z Artifact gate-coverage-3.13-1 has been successfully uploaded! Final size is 898712 bytes. Artifact ID is 10271336014
Python CI / python 3.13	UNKNOWN STEP	2026-09-11T15:34:41.7820373Z Artifact download URL: https://github.com/stranske/Trend_Model_Project/actions/runs/34615809783/artifacts/10271336014
Python CI / python 3.13	UNKNOWN STEP	2026-09-11T15:34:41.7965295Z ##[group]Run set -euo pipefail
Python CI / python 3.13	UNKNOWN STEP	2026-09-11T15:34:41.7965904Z ^[[36;1mset -euo pipefail^[[0m
Python CI / python 3.13	UNKNOWN STEP	2026-09-11T15:34:41.7966414Z ^[[36;1mfailures=()^[[0m
Python CI / python 3.13	UNKNOWN STEP	2026-09-11T15:34:41.7966871Z ^[[36;1m^[[0m
Python CI / python 3.13	UNKNOWN STEP	2026-09-11T15:34:41.7967311Z ^[[36;1m# Debug: print all outcomes^[[0m
Python CI / python 3.13	UNKNOWN STEP	2026-09-11T15:34:41.7967904Z ^[[36;1mecho "PYTEST_OUTCOME=${PYTEST_OUTCOME}"^[[0m
Python CI / python 3.13	UNKNOWN STEP	2026-09-11T15:34:41.7968590Z ^[[36;1mecho "COVERAGE_MIN_OUTCOME=${COVERAGE_MIN_OUTCOME}"^[[0m
Python CI / python 3.13	UNKNOWN STEP	2026-09-11T15:34:41.7969342Z ^[[36;1mecho "COVERAGE_ENABLED=${COVERAGE_ENABLED}"^[[0m
Python CI / python 3.13	UNKNOWN STEP	2026-09-11T15:34:41.7970135Z ^[[36;1mecho "pytest_outcome=${PYTEST_OUTCOME}" >> "${GITHUB_OUTPUT}"^[[0m
Python CI / python 3.13	UNKNOWN STEP	2026-09-11T15:34:41.7971067Z ^[[36;1mecho "coverage_min_outcome=${COVERAGE_MIN_OUTCOME}" >> "${GITHUB_OUTPUT}"^[[0m
Python CI / python 3.13	UNKNOWN STEP	2026-09-11T15:34:41.7971856Z ^[[36;1m^[[0m
Python CI / python 3.13	UNKNOWN STEP	2026-09-11T15:34:41.7972332Z ^[[36;1mrecord_outcome() {^[[0m
Python CI / python 3.13	UNKNOWN STEP	2026-09-11T15:34:41.7972875Z ^[[36;1m  local label="$1"^[[0m
Python CI / python 3.13	UNKNOWN STEP	2026-09-11T15:34:41.7973712Z ^[[36;1m  local outcome="$2"^[[0m
Python CI / python 3.13	UNKNOWN STEP	2026-09-11T15:34:41.7974316Z ^[[36;1m  echo "Checking ${label}: ${outcome}"^[[0m
Python CI / python 3.13	UNKNOWN STEP	2026-09-11T15:34:41.7974950Z ^[[36;1m  if [ -z "${outcome}" ] || \^[[0m
Python CI / python 3.13	UNKNOWN STEP	2026-09-11T15:34:41.7975565Z ^[[36;1m    [ "${outcome}" = 'success' ] || \^[[0m
Python CI / python 3.13	UNKNOWN STEP	2026-09-11T15:34:41.7976197Z ^[[36;1m    [ "${outcome}" = 'skipped' ]; then^[[0m
Python CI / python 3.13	UNKNOWN STEP	2026-09-11T15:34:41.7976803Z ^[[36;1m    return 0^[[0m
Python CI / python 3.13	UNKNOWN STEP	2026-09-11T15:34:41.7977302Z ^[[36;1m  fi^[[0m
Python CI / python 3.13	UNKNOWN STEP	2026-09-11T15:34:41.7977825Z ^[[36;1m  if [ "${outcome}" = 'cancelled' ]; then^[[0m
Python CI / python 3.13	UNKNOWN STEP	2026-09-11T15:34:41.7978482Z ^[[36;1m    failures+=("${label} cancelled")^[[0m
Python CI / python 3.13	UNKNOWN STEP	2026-09-11T15:34:41.7979090Z ^[[36;1m    return 0^[[0m
Python CI / python 3.13	UNKNOWN STEP	2026-09-11T15:34:41.7979555Z ^[[36;1m  fi^[[0m
Python CI / python 3.13	UNKNOWN STEP	2026-09-11T15:34:41.7980008Z ^[[36;1m  failures+=("${label} ${outcome}")^[[0m
Python CI / python 3.13	UNKNOWN STEP	2026-09-11T15:34:41.7980550Z ^[[36;1m}^[[0m
Python CI / python 3.13	UNKNOWN STEP	2026-09-11T15:34:41.7980965Z ^[[36;1m^[[0m
Python CI / python 3.13	UNKNOWN STEP	2026-09-11T15:34:41.7981445Z ^[[36;1mrecord_outcome "pytest" "${PYTEST_OUTCOME}"^[[0m
Python CI / python 3.13	UNKNOWN STEP	2026-09-11T15:34:41.7982177Z ^[[36;1mif [ "$COVERAGE_ENABLED" = 'true' ] && [ -n "$COVERAGE_MIN" ]; then^[[0m
Python CI / python 3.13	UNKNOWN STEP	2026-09-11T15:34:41.7982987Z ^[[36;1m  record_outcome "coverage minimum" "${COVERAGE_MIN_OUTCOME}"^[[0m
Python CI / python 3.13	UNKNOWN STEP	2026-09-11T15:34:41.7983923Z ^[[36;1mfi^[[0m
Python CI / python 3.13	UNKNOWN STEP	2026-09-11T15:34:41.7984345Z ^[[36;1m^[[0m
Python CI / python 3.13	UNKNOWN STEP	2026-09-11T15:34:41.7984807Z ^[[36;1mecho "Total failures: ${#failures[@]}"^[[0m
Python CI / python 3.13	UNKNOWN STEP	2026-09-11T15:34:41.7985403Z ^[[36;1mif [ "${#failures[@]}" -gt 0 ]; then^[[0m
Python CI / python 3.13	UNKNOWN STEP	2026-09-11T15:34:41.7986047Z ^[[36;1m  printf 'CI checks failed: %s\n' "${failures[*]}" >&2^[[0m
Python CI / python 3.13	UNKNOWN STEP	2026-09-11T15:34:41.7986663Z ^[[36;1m  exit 1^[[0m
Python CI / python 3.13	UNKNOWN STEP	2026-09-11T15:34:41.7987099Z ^[[36;1mfi^[[0m
Python CI / python 3.13	UNKNOWN STEP	2026-09-11T15:34:41.7987542Z ^[[36;1mecho "All checks passed!"^[[0m
Python CI / python 3.13	UNKNOWN STEP	2026-09-11T15:34:41.8026524Z shell: /usr/bin/bash --noprofile --norc -e -o pipefail {0}
Python CI / python 3.13	UNKNOWN STEP	2026-09-11T15:34:41.8027296Z env:
Python CI / python 3.13	UNKNOWN STEP	2026-09-11T15:34:41.8027800Z   WORKDIR: .
Python CI / python 3.13	UNKNOWN STEP	2026-09-11T15:34:41.8028534Z   WORKSPACE_ROOT: /home/runner/work/Trend_Model_Project/Trend_Model_Project
Python CI / python 3.13	UNKNOWN STEP	2026-09-11T15:34:41.8029590Z   PROJECT_ROOT: /home/runner/work/Trend_Model_Project/Trend_Model_Project
Python CI / python 3.13	UNKNOWN STEP	2026-09-11T15:34:41.8030535Z   pythonLocation: /opt/hostedtoolcache/Python/3.13.15/x64
Python CI / python 3.13	UNKNOWN STEP	2026-09-11T15:34:41.8031481Z   PKG_CONFIG_PATH: /opt/hostedtoolcache/Python/3.13.15/x64/lib/pkgconfig
Python CI / python 3.13	UNKNOWN STEP	2026-09-11T15:34:41.8032402Z   Python_ROOT_DIR: /opt/hostedtoolcache/Python/3.13.15/x64
Python CI / python 3.13	UNKNOWN STEP	2026-09-11T15:34:41.8033425Z   Python2_ROOT_DIR: /opt/hostedtoolcache/Python/3.13.15/x64
Python CI / python 3.13	UNKNOWN STEP	2026-09-11T15:34:41.8034277Z   Python3_ROOT_DIR: /opt/hostedtoolcache/Python/3.13.15/x64
Python CI / python 3.13	UNKNOWN STEP	2026-09-11T15:34:41.8035320Z   LD_LIBRARY_PATH: /opt/hostedtoolcache/Python/3.13.15/x64/lib
Python CI / python 3.13	UNKNOWN STEP	2026-09-11T15:34:41.8036097Z   PYTEST_OUTCOME: failure
Python CI / python 3.13	UNKNOWN STEP	2026-09-11T15:34:41.8036699Z   COVERAGE_MIN_OUTCOME: success
Python CI / python 3.13	UNKNOWN STEP	2026-09-11T15:34:41.8037313Z   COVERAGE_ENABLED: true
Python CI / python 3.13	UNKNOWN STEP	2026-09-11T15:34:41.8037885Z   COVERAGE_MIN: 80
Python CI / python 3.13	UNKNOWN STEP	2026-09-11T15:34:41.8038424Z ##[endgroup]
Python CI / python 3.13	UNKNOWN STEP	2026-09-11T15:34:41.8106149Z PYTEST_OUTCOME=failure
Python CI / python 3.13	UNKNOWN STEP	2026-09-11T15:34:41.8107168Z COVERAGE_MIN_OUTCOME=success
Python CI / python 3.13	UNKNOWN STEP	2026-09-11T15:34:41.8108163Z COVERAGE_ENABLED=true
Python CI / python 3.13	UNKNOWN STEP	2026-09-11T15:34:41.8109177Z Checking pytest: failure
Python CI / python 3.13	UNKNOWN STEP	2026-09-11T15:34:41.8110569Z CI checks failed: pytest failure
Python CI / python 3.13	UNKNOWN STEP	2026-09-11T15:34:41.8113707Z Checking coverage minimum: success
Python CI / python 3.13	UNKNOWN STEP	2026-09-11T15:34:41.8114666Z Total failures: 1
Python CI / python 3.13	UNKNOWN STEP	2026-09-11T15:34:41.8116775Z ##[error]Process completed with exit code 1.
Python CI / python 3.13	UNKNOWN STEP	2026-09-11T15:34:41.8152532Z ##[group]Run python - <<'PY'
Python CI / python 3.13	UNKNOWN STEP	2026-09-11T15:34:41.8153386Z ^[[36;1mpython - <<'PY'^[[0m
Python CI / python 3.13	UNKNOWN STEP	2026-09-11T15:34:41.8153860Z ^[[36;1mimport json^[[0m
Python CI / python 3.13	UNKNOWN STEP	2026-09-11T15:34:41.8154309Z ^[[36;1mimport os^[[0m
Python CI / python 3.13	UNKNOWN STEP	2026-09-11T15:34:41.8154748Z ^[[36;1mimport sys^[[0m
Python CI / python 3.13	UNKNOWN STEP	2026-09-11T15:34:41.8155187Z ^[[36;1m^[[0m
Python CI / python 3.13	UNKNOWN STEP	2026-09-11T15:34:41.8155729Z ^[[36;1mprimary = (os.environ.get("PRIMARY_IN") or "").strip()^[[0m
Python CI / python 3.13	UNKNOWN STEP	2026-09-11T15:34:41.8156534Z ^[[36;1mpython_versions_raw = (os.environ.get("PYTHON_VERSIONS_IN") or "").strip()^[[0m
Python CI / python 3.13	UNKNOWN STEP	2026-09-11T15:34:41.8157424Z ^[[36;1mpython_version_fallback = (os.environ.get("PYTHON_VERSION_IN") or "").strip()^[[0m
Python CI / python 3.13	UNKNOWN STEP	2026-09-11T15:34:41.8158134Z ^[[36;1m^[[0m
Python CI / python 3.13	UNKNOWN STEP	2026-09-11T15:34:41.8158559Z ^[[36;1mif not primary:^[[0m
Python CI / python 3.13	UNKNOWN STEP	2026-09-11T15:34:41.8159049Z ^[[36;1m  candidates: list[str] = []^[[0m
Python CI / python 3.13	UNKNOWN STEP	2026-09-11T15:34:41.8159699Z ^[[36;1m  if python_versions_raw and python_versions_raw != "[]":^[[0m
Python CI / python 3.13	UNKNOWN STEP	2026-09-11T15:34:41.8160342Z ^[[36;1m    if "[" in python_versions_raw:^[[0m
Python CI / python 3.13	UNKNOWN STEP	2026-09-11T15:34:41.8160849Z ^[[36;1m      try:^[[0m
Python CI / python 3.13	UNKNOWN STEP	2026-09-11T15:34:41.8161310Z ^[[36;1m        parsed = json.loads(python_versions_raw)^[[0m
Python CI / python 3.13	UNKNOWN STEP	2026-09-11T15:34:41.8161870Z ^[[36;1m      except json.JSONDecodeError:^[[0m
Python CI / python 3.13	UNKNOWN STEP	2026-09-11T15:34:41.8162362Z ^[[36;1m        parsed = []^[[0m
Python CI / python 3.13	UNKNOWN STEP	2026-09-11T15:34:41.8162812Z ^[[36;1m      if isinstance(parsed, list):^[[0m
Python CI / python 3.13	UNKNOWN STEP	2026-09-11T15:34:41.8163698Z ^[[36;1m        candidates = [str(value) for value in parsed if str(value).strip()]^[[0m
Python CI / python 3.13	UNKNOWN STEP	2026-09-11T15:34:41.8164322Z ^[[36;1m    else:^[[0m
Python CI / python 3.13	UNKNOWN STEP	2026-09-11T15:34:41.8164751Z ^[[36;1m      candidates = [python_versions_raw]^[[0m
Python CI / python 3.13	UNKNOWN STEP	2026-09-11T15:34:41.8165256Z ^[[36;1m  if candidates:^[[0m
Python CI / python 3.13	UNKNOWN STEP	2026-09-11T15:34:41.8165692Z ^[[36;1m    primary = candidates[0]^[[0m
Python CI / python 3.13	UNKNOWN STEP	2026-09-11T15:34:41.8166178Z ^[[36;1m  elif python_version_fallback:^[[0m
Python CI / python 3.13	UNKNOWN STEP	2026-09-11T15:34:41.8166683Z ^[[36;1m    primary = python_version_fallback^[[0m
Python CI / python 3.13	UNKNOWN STEP	2026-09-11T15:34:41.8167173Z ^[[36;1m  else:^[[0m
Python CI / python 3.13	UNKNOWN STEP	2026-09-11T15:34:41.8167570Z ^[[36;1m    primary = "3.12"^[[0m
Python CI / python 3.13	UNKNOWN STEP	2026-09-11T15:34:41.8167992Z ^[[36;1m^[[0m
Python CI / python 3.13	UNKNOWN STEP	2026-09-11T15:34:41.8168413Z ^[[36;1moutput_path = os.environ.get("GITHUB_ENV")^[[0m
Python CI / python 3.13	UNKNOWN STEP	2026-09-11T15:34:41.8168943Z ^[[36;1mif not output_path:^[[0m
Python CI / python 3.13	UNKNOWN STEP	2026-09-11T15:34:41.8169440Z ^[[36;1m  print("GITHUB_ENV is not set", file=sys.stderr)^[[0m
Python CI / python 3.13	UNKNOWN STEP	2026-09-11T15:34:41.8169987Z ^[[36;1m  sys.exit(1)^[[0m
Python CI / python 3.13	UNKNOWN STEP	2026-09-11T15:34:41.8170397Z ^[[36;1m^[[0m
Python CI / python 3.13	UNKNOWN STEP	2026-09-11T15:34:41.8170869Z ^[[36;1mwith open(output_path, "a", encoding="utf-8") as handle:^[[0m
Python CI / python 3.13	UNKNOWN STEP	2026-09-11T15:34:41.8171518Z ^[[36;1m  handle.write(f"PRIMARY_PYTHON_VERSION={primary}\n")^[[0m
Python CI / python 3.13	UNKNOWN STEP	2026-09-11T15:34:41.8172154Z ^[[36;1mprint(f"Resolved PRIMARY_PYTHON_VERSION={primary}")^[[0m
Python CI / python 3.13	UNKNOWN STEP	2026-09-11T15:34:41.8172698Z ^[[36;1mPY^[[0m
Python CI / python 3.13	UNKNOWN STEP	2026-09-11T15:34:41.8207741Z shell: /usr/bin/bash --noprofile --norc -e -o pipefail {0}
Python CI / python 3.13	UNKNOWN STEP	2026-09-11T15:34:41.8208298Z env:
Python CI / python 3.13	UNKNOWN STEP	2026-09-11T15:34:41.8208668Z   WORKDIR: .
Python CI / python 3.13	UNKNOWN STEP	2026-09-11T15:34:41.8209221Z   WORKSPACE_ROOT: /home/runner/work/Trend_Model_Project/Trend_Model_Project
Python CI / python 3.13	UNKNOWN STEP	2026-09-11T15:34:41.8210022Z   PROJECT_ROOT: /home/runner/work/Trend_Model_Project/Trend_Model_Project
Python CI / python 3.13	UNKNOWN STEP	2026-09-11T15:34:41.8210748Z   pythonLocation: /opt/hostedtoolcache/Python/3.13.15/x64
Python CI / python 3.13	UNKNOWN STEP	2026-09-11T15:34:41.8211471Z   PKG_CONFIG_PATH: /opt/hostedtoolcache/Python/3.13.15/x64/lib/pkgconfig
Python CI / python 3.13	UNKNOWN STEP	2026-09-11T15:34:41.8212363Z   Python_ROOT_DIR: /opt/hostedtoolcache/Python/3.13.15/x64
Python CI / python 3.13	UNKNOWN STEP	2026-09-11T15:34:41.8213021Z   Python2_ROOT_DIR: /opt/hostedtoolcache/Python/3.13.15/x64
Python CI / python 3.13	UNKNOWN STEP	2026-09-11T15:34:41.8213869Z   Python3_ROOT_DIR: /opt/hostedtoolcache/Python/3.13.15/x64
Python CI / python 3.13	UNKNOWN STEP	2026-09-11T15:34:41.8214526Z   LD_LIBRARY_PATH: /opt/hostedtoolcache/Python/3.13.15/x64/lib
Python CI / python 3.13	UNKNOWN STEP	2026-09-11T15:34:41.8215111Z   PRIMARY_IN: 3.12
Python CI / python 3.13	UNKNOWN STEP	2026-09-11T15:34:41.8215550Z   PYTHON_VERSIONS_IN: ["3.12", "3.13"]
Python CI / python 3.13	UNKNOWN STEP	2026-09-11T15:34:41.8216047Z   PYTHON_VERSION_IN: 3.12
Python CI / python 3.13	UNKNOWN STEP	2026-09-11T15:34:41.8216503Z ##[endgroup]
Python CI / python 3.13	UNKNOWN STEP	2026-09-11T15:34:41.8540392Z Resolved PRIMARY_PYTHON_VERSION=3.12
Python CI / python 3.13	UNKNOWN STEP	2026-09-11T15:34:41.8874157Z Post job cleanup.
Python CI / python 3.13	UNKNOWN STEP	2026-09-11T15:34:41.8878631Z ##[start-action display=Restore artifact cache;id=__0017ded5-c3bb-4813-9cc5-174e7191104b.restore]
Python CI / python 3.13	UNKNOWN STEP	2026-09-11T15:34:41.8881445Z ##[end-action id=__0017ded5-c3bb-4813-9cc5-174e7191104b.restore;outcome=skipped;conclusion=skipped;duration_ms=0]
Python CI / python 3.13	UNKNOWN STEP	2026-09-11T15:34:41.8964346Z Post job cleanup.
Python CI / python 3.13	UNKNOWN STEP	2026-09-11T15:34:41.9870098Z [command]/usr/bin/git version
Python CI / python 3.13	UNKNOWN STEP	2026-09-11T15:34:41.9919918Z git version 2.55.0
Python CI / python 3.13	UNKNOWN STEP	2026-09-11T15:34:41.9959174Z Temporarily overriding HOME='/home/runner/work/_temp/d111188d-c0a3-4856-a975-951bf28270d8' before making global git config changes
Python CI / python 3.13	UNKNOWN STEP	2026-09-11T15:34:41.9962444Z Adding repository directory to the temporary git global config as a safe directory
Python CI / python 3.13	UNKNOWN STEP	2026-09-11T15:34:41.9965039Z [command]/usr/bin/git config --global --add safe.directory /home/runner/work/Trend_Model_Project/Trend_Model_Project/.workflows-lib
Python CI / python 3.13	UNKNOWN STEP	2026-09-11T15:34:41.9997703Z Removing SSH command configuration
Python CI / python 3.13	UNKNOWN STEP	2026-09-11T15:34:42.0004478Z [command]/usr/bin/git config --local --name-only --get-regexp core\.sshCommand
Python CI / python 3.13	UNKNOWN STEP	2026-09-11T15:34:42.0039239Z [command]/usr/bin/git submodule foreach --recursive sh -c "git config --local --name-only --get-regexp 'core\.sshCommand' && git config --local --unset-all 'core.sshCommand' || :"
Python CI / python 3.13	UNKNOWN STEP	2026-09-11T15:34:42.0289375Z Removing HTTP extra header
Python CI / python 3.13	UNKNOWN STEP	2026-09-11T15:34:42.0309947Z [command]/usr/bin/git config --local --name-only --get-regexp http\.https\:\/\/github\.com\/\.extraheader
Python CI / python 3.13	UNKNOWN STEP	2026-09-11T15:34:42.0331862Z [command]/usr/bin/git submodule foreach --recursive sh -c "git config --local --name-only --get-regexp 'http\.https\:\/\/github\.com\/\.extraheader' && git config --local --unset-all 'http.https://github.com/.extraheader' || :"
Python CI / python 3.13	UNKNOWN STEP	2026-09-11T15:34:42.0592004Z Removing includeIf entries pointing to credentials config files
Python CI / python 3.13	UNKNOWN STEP	2026-09-11T15:34:42.0602154Z [command]/usr/bin/git config --local --name-only --get-regexp ^includeIf\.gitdir:
Python CI / python 3.13	UNKNOWN STEP	2026-09-11T15:34:42.0642537Z [command]/usr/bin/git submodule foreach --recursive git config --local --show-origin --name-only --get-regexp remote.origin.url
Python CI / python 3.13	UNKNOWN STEP	2026-09-11T15:34:42.1112597Z Post job cleanup.
Python CI / python 3.13	UNKNOWN STEP	2026-09-11T15:34:42.2010750Z [command]/usr/bin/git version
Python CI / python 3.13	UNKNOWN STEP	2026-09-11T15:34:42.2068178Z git version 2.55.0
Python CI / python 3.13	UNKNOWN STEP	2026-09-11T15:34:42.2122632Z Temporarily overriding HOME='/home/runner/work/_temp/4ad83e1c-4ed1-4069-b327-b66ece42f6d2' before making global git config changes
Python CI / python 3.13	UNKNOWN STEP	2026-09-11T15:34:42.2125749Z Adding repository directory to the temporary git global config as a safe directory
Python CI / python 3.13	UNKNOWN STEP	2026-09-11T15:34:42.2132693Z [command]/usr/bin/git config --global --add safe.directory /home/runner/work/Trend_Model_Project/Trend_Model_Project
Python CI / python 3.13	UNKNOWN STEP	2026-09-11T15:34:42.2174786Z Removing SSH command configuration
Python CI / python 3.13	UNKNOWN STEP	2026-09-11T15:34:42.2184504Z [command]/usr/bin/git config --local --name-only --get-regexp core\.sshCommand
Python CI / python 3.13	UNKNOWN STEP	2026-09-11T15:34:42.2229411Z [command]/usr/bin/git submodule foreach --recursive sh -c "git config --local --name-only --get-regexp 'core\.sshCommand' && git config --local --unset-all 'core.sshCommand' || :"
Python CI / python 3.13	UNKNOWN STEP	2026-09-11T15:34:42.2492057Z Removing HTTP extra header
Python CI / python 3.13	UNKNOWN STEP	2026-09-11T15:34:42.2499048Z [command]/usr/bin/git config --local --name-only --get-regexp http\.https\:\/\/github\.com\/\.extraheader
Python CI / python 3.13	UNKNOWN STEP	2026-09-11T15:34:42.2539908Z [command]/usr/bin/git submodule foreach --recursive sh -c "git config --local --name-only --get-regexp 'http\.https\:\/\/github\.com\/\.extraheader' && git config --local --unset-all 'http.https://github.com/.extraheader' || :"
Python CI / python 3.13	UNKNOWN STEP	2026-09-11T15:34:42.2797421Z Removing includeIf entries pointing to credentials config files
Python CI / python 3.13	UNKNOWN STEP	2026-09-11T15:34:42.2804216Z [command]/usr/bin/git config --local --name-only --get-regexp ^includeIf\.gitdir:
Python CI / python 3.13	UNKNOWN STEP	2026-09-11T15:34:42.2832612Z includeif.gitdir:/home/runner/work/Trend_Model_Project/Trend_Model_Project/.git.path
Python CI / python 3.13	UNKNOWN STEP	2026-09-11T15:34:42.2835004Z includeif.gitdir:/home/runner/work/Trend_Model_Project/Trend_Model_Project/.git/worktrees/*.path
Python CI / python 3.13	UNKNOWN STEP	2026-09-11T15:34:42.2836787Z includeif.gitdir:/github/workspace/.git.path
Python CI / python 3.13	UNKNOWN STEP	2026-09-11T15:34:42.2837763Z includeif.gitdir:/github/workspace/.git/worktrees/*.path
Python CI / python 3.13	UNKNOWN STEP	2026-09-11T15:34:42.2841787Z [command]/usr/bin/git config --local --get-all includeif.gitdir:/home/runner/work/Trend_Model_Project/Trend_Model_Project/.git.path
Python CI / python 3.13	UNKNOWN STEP	2026-09-11T15:34:42.2867066Z /home/runner/work/_temp/git-credentials-d4a6b235-af36-43a4-bcbc-a24652c28423.config
Python CI / python 3.13	UNKNOWN STEP	2026-09-11T15:34:42.2878492Z [command]/usr/bin/git config --local --unset includeif.gitdir:/home/runner/work/Trend_Model_Project/Trend_Model_Project/.git.path \/home\/runner\/work\/_temp\/git\-credentials\-d4a6b235\-af36\-43a4\-bcbc\-a24652c28423\.config
Python CI / python 3.13	UNKNOWN STEP	2026-09-11T15:34:42.2914413Z [command]/usr/bin/git config --local --get-all includeif.gitdir:/home/runner/work/Trend_Model_Project/Trend_Model_Project/.git/worktrees/*.path
Python CI / python 3.13	UNKNOWN STEP	2026-09-11T15:34:42.2939670Z /home/runner/work/_temp/git-credentials-d4a6b235-af36-43a4-bcbc-a24652c28423.config
Python CI / python 3.13	UNKNOWN STEP	2026-09-11T15:34:42.2949906Z [command]/usr/bin/git config --local --unset includeif.gitdir:/home/runner/work/Trend_Model_Project/Trend_Model_Project/.git/worktrees/*.path \/home\/runner\/work\/_temp\/git\-credentials\-d4a6b235\-af36\-43a4\-bcbc\-a24652c28423\.config
Python CI / python 3.13	UNKNOWN STEP	2026-09-11T15:34:42.2982963Z [command]/usr/bin/git config --local --get-all includeif.gitdir:/github/workspace/.git.path
Python CI / python 3.13	UNKNOWN STEP	2026-09-11T15:34:42.3006920Z /github/runner_temp/git-credentials-d4a6b235-af36-43a4-bcbc-a24652c28423.config
Python CI / python 3.13	UNKNOWN STEP	2026-09-11T15:34:42.3015203Z [command]/usr/bin/git config --local --unset includeif.gitdir:/github/workspace/.git.path \/github\/runner_temp\/git\-credentials\-d4a6b235\-af36\-43a4\-bcbc\-a24652c28423\.config
Python CI / python 3.13	UNKNOWN STEP	2026-09-11T15:34:42.3047490Z [command]/usr/bin/git config --local --get-all includeif.gitdir:/github/workspace/.git/worktrees/*.path
Python CI / python 3.13	UNKNOWN STEP	2026-09-11T15:34:42.3070511Z /github/runner_temp/git-credentials-d4a6b235-af36-43a4-bcbc-a24652c28423.config
Python CI / python 3.13	UNKNOWN STEP	2026-09-11T15:34:42.3079266Z [command]/usr/bin/git config --local --unset includeif.gitdir:/github/workspace/.git/worktrees/*.path \/github\/runner_temp\/git\-credentials\-d4a6b235\-af36\-43a4\-bcbc\-a24652c28423\.config
Python CI / python 3.13	UNKNOWN STEP	2026-09-11T15:34:42.3117422Z [command]/usr/bin/git submodule foreach --recursive git config --local --show-origin --name-only --get-regexp remote.origin.url
Python CI / python 3.13	UNKNOWN STEP	2026-09-11T15:34:42.3363563Z Removing credentials config '/home/runner/work/_temp/git-credentials-d4a6b235-af36-43a4-bcbc-a24652c28423.config'
Python CI / python 3.13	UNKNOWN STEP	2026-09-11T15:34:42.3652025Z Post job cleanup.
Python CI / python 3.13	UNKNOWN STEP	2026-09-11T15:34:42.6775059Z Token revoked
Python CI / python 3.13	UNKNOWN STEP	2026-09-11T15:34:42.7260282Z Evaluate and set job outputs
Python CI / python 3.13	UNKNOWN STEP	2026-09-11T15:34:42.7265799Z Set output 'pytest_outcome'
Python CI / python 3.13	UNKNOWN STEP	2026-09-11T15:34:42.7267769Z Set output 'coverage_min_outcome'
Python CI / python 3.13	UNKNOWN STEP	2026-09-11T15:34:42.7269202Z Cleaning up orphan processes
