tests/baseline/test_coverage_manifest.py::test_no_unknown_catalog_params
tests/baseline/test_coverage_manifest.py::test_priority_params_covered
tests/baseline/test_coverage_manifest.py::test_emit_coverage_report
tests/baseline/test_directional.py::test_directional[us_filter_narrows_count]
tests/baseline/test_directional.py::test_directional[activist_filter_narrows_count]
tests/baseline/test_directional.py::test_directional[combined_filter_narrows_further]
tests/baseline/test_directional.py::test_directional[pagination_caps_page]
tests/baseline/test_directional.py::test_directional[pagination_preserves_total]
tests/baseline/test_directional.py::test_directional[richer_seed_raises_count]
tests/baseline/test_directional.py::test_directional[richer_seed_raises_total_managers]
tests/baseline/test_directional.py::test_directional[richer_seed_raises_with_cik]
tests/baseline/test_golden.py::test_response_snapshot[list_all_base]
tests/baseline/test_golden.py::test_response_snapshot[list_filter_us]
tests/baseline/test_golden.py::test_response_snapshot[list_filter_uk]
tests/baseline/test_golden.py::test_response_snapshot[list_filter_activist]
tests/baseline/test_golden.py::test_response_snapshot[list_filter_us_activist]
tests/baseline/test_golden.py::test_response_snapshot[list_paginated]
tests/baseline/test_golden.py::test_response_snapshot[list_paginated_offset]
tests/baseline/test_golden.py::test_response_snapshot[list_filter_no_match]
tests/baseline/test_golden.py::test_response_snapshot[list_all_richer]
tests/baseline/test_golden.py::test_response_snapshot[detail_found]
tests/baseline/test_golden.py::test_response_snapshot[detail_missing]
tests/baseline/test_golden.py::test_response_snapshot[stats_base]
tests/baseline/test_golden.py::test_response_snapshot[stats_richer]
tests/baseline/test_invariants.py::test_scenario_invariants[list_all_base]
tests/baseline/test_invariants.py::test_scenario_invariants[list_filter_us]
tests/baseline/test_invariants.py::test_scenario_invariants[list_filter_uk]
tests/baseline/test_invariants.py::test_scenario_invariants[list_filter_activist]
tests/baseline/test_invariants.py::test_scenario_invariants[list_filter_us_activist]
tests/baseline/test_invariants.py::test_scenario_invariants[list_paginated]
tests/baseline/test_invariants.py::test_scenario_invariants[list_paginated_offset]
tests/baseline/test_invariants.py::test_scenario_invariants[list_filter_no_match]
tests/baseline/test_invariants.py::test_scenario_invariants[list_all_richer]
tests/baseline/test_invariants.py::test_scenario_invariants[detail_found]
tests/baseline/test_invariants.py::test_scenario_invariants[detail_missing]
tests/baseline/test_invariants.py::test_scenario_invariants[stats_base]
tests/baseline/test_invariants.py::test_scenario_invariants[stats_richer]
tests/profiler_test.py::test_memory_profiler_filters_and_limits
tests/profiler_test.py::test_memory_profiler_scope_filters
tests/profiler_test.py::test_memory_profiler_default_scope
tests/profiler_test.py::test_run_profiler_loop_handles_cancelled_log_diff
tests/profiler_test.py::test_run_profiler_loop_handles_cancelled_capture
tests/profiler_test.py::test_run_profiler_loop_throttles
tests/profiler_test.py::test_run_profiler_loop_runs_log_and_snapshot_same_iteration
tests/profiler_test.py::test_run_profiler_loop_multiple_cancellations_over_prolonged_period
tests/profiler_test.py::test_run_profiler_loop_logs_without_snapshots
tests/profiler_test.py::test_run_profiler_loop_uses_interval
tests/profiler_test.py::test_run_profiler_loop_clamps_non_positive_interval
tests/profiler_test.py::test_run_profiler_loop_cadence_over_extended_run
tests/profiler_test.py::test_run_profiler_loop_multiple_cancellations_preserve_cadence
tests/profiler_test.py::test_start_background_profiler_passes_interval[12.5]
tests/profiler_test.py::test_start_background_profiler_passes_interval[1.0]
tests/profiler_test.py::test_start_background_profiler_defaults_interval
tests/profiler_test.py::test_start_background_profiler_rejects_non_positive_interval
tests/profiler_test.py::test_start_background_profiler_rejects_interval_when_disabled
tests/profiler_test.py::test_start_background_profiler_rejects_env_interval
tests/test_activism_adapter.py::test_parse_13d_extracts_core_fields
tests/test_activism_adapter.py::test_parse_13g_extracts_core_fields
tests/test_activism_adapter.py::test_parse_ownership_pct_variants[Percent of Class: 5.1%-5.1]
tests/test_activism_adapter.py::test_parse_ownership_pct_variants[Percent of Class: 5.1 %-5.1]
tests/test_activism_adapter.py::test_parse_ownership_pct_variants[Percent of Class: 5.1-5.1]
tests/test_activism_adapter.py::test_list_new_filings_includes_13f_and_activism_forms
tests/test_activism_adapter.py::test_parse_dispatches_activism_forms
tests/test_activism_adapter.py::test_fetch_activism_filings_stores_rows_and_raw_documents
tests/test_activism_adapter.py::test_fetch_all_managers_propagates_campaign_materialization_failure[fetch_all_managers]
tests/test_activism_adapter.py::test_fetch_all_managers_propagates_campaign_materialization_failure[activism_flow]
tests/test_activism_api.py::test_activism_router_is_registered
tests/test_activism_api.py::test_list_activism_filings_filters
tests/test_activism_api.py::test_list_activism_events_filters
tests/test_activism_api.py::test_timeline_returns_chronological_entries
tests/test_activism_api.py::test_active_campaigns_applies_threshold
tests/test_activism_api.py::test_campaign_endpoints_return_grouped_timeline
tests/test_activism_api.py::test_campaign_list_applies_target_date_and_limit_filters
tests/test_activism_api.py::test_campaign_query_drops_non_finite_ownership
tests/test_activism_campaign_flow.py::test_materialize_campaigns_groups_amendments_by_manager_and_target
tests/test_activism_campaign_flow.py::test_materialize_campaigns_orders_group_members_by_filing_date
tests/test_activism_campaign_flow.py::test_materialize_campaigns_dates_timeline_by_filing_not_detection
tests/test_activism_campaign_flow.py::test_materialize_campaigns_rerun_replaces_filing_only_timeline_rows
tests/test_activism_campaign_flow.py::test_materialize_campaigns_since_recomputes_full_campaign_history
tests/test_activism_campaign_flow.py::test_materialize_campaigns_keeps_missing_cusip_names_separate
tests/test_activism_campaign_flow.py::test_materialize_campaigns_computes_window_return_and_holding_period
tests/test_activism_campaign_flow.py::test_materialize_campaigns_missing_price_keeps_campaign_without_return
tests/test_activism_campaign_flow.py::test_materialize_campaigns_invalid_filing_date_keeps_campaign_without_metrics
tests/test_activism_detection.py::test_detect_events_initial_stake
tests/test_activism_detection.py::test_detect_events_ignores_non_finite_ownership
tests/test_activism_detection.py::test_detect_events_rejects_invalid_threshold_env
tests/test_activism_detection.py::test_detect_events_stake_increase
tests/test_activism_detection.py::test_detect_events_stake_decrease
tests/test_activism_detection.py::test_detect_events_threshold_crossings_in_both_directions
tests/test_activism_detection.py::test_detect_events_multiple_threshold_crossings
tests/test_activism_detection.py::test_detect_events_form_upgrade_group_and_amendment
tests/test_activism_detection.py::test_detect_events_multiple_events_from_single_initial_filing
tests/test_activism_detection.py::test_group_formation_does_not_refire_for_an_already_known_group
tests/test_activism_detection.py::test_group_formation_fires_when_a_solo_filer_first_discloses_a_group
tests/test_activism_detection.py::test_group_formation_does_not_fire_when_an_existing_groups_membership_changes
tests/test_activism_detection.py::test_insert_activism_events_deduplicates_reruns
tests/test_activism_detection.py::test_fire_alerts_for_matching_activism_event
tests/test_activism_dialect_portability.py::test_activism_table_setup_uses_postgres_ddl_without_sqlite_tokens
tests/test_activism_dialect_portability.py::test_activism_event_insert_uses_backend_placeholder_and_conflict_clause
tests/test_activism_dialect_portability.py::test_activism_filing_upsert_uses_postgres_placeholders_and_array_members
tests/test_activism_dialect_portability.py::test_activism_queries_resolve_manager_join[id-query_activism_filings-kwargs0-filing_id-10-False]
tests/test_activism_dialect_portability.py::test_activism_queries_resolve_manager_join[id-query_activism_filings-kwargs0-filing_id-10-True]
tests/test_activism_dialect_portability.py::test_activism_queries_resolve_manager_join[id-query_activism_events-kwargs1-event_id-20-False]
tests/test_activism_dialect_portability.py::test_activism_queries_resolve_manager_join[id-query_activism_events-kwargs1-event_id-20-True]
tests/test_activism_dialect_portability.py::test_activism_queries_resolve_manager_join[id-query_active_campaigns-kwargs2-event_count-1-False]
tests/test_activism_dialect_portability.py::test_activism_queries_resolve_manager_join[id-query_active_campaigns-kwargs2-event_count-1-True]
tests/test_activism_dialect_portability.py::test_activism_queries_resolve_manager_join[id-query_activism_campaigns-kwargs3-campaign_id-30-False]
tests/test_activism_dialect_portability.py::test_activism_queries_resolve_manager_join[id-query_activism_campaigns-kwargs3-campaign_id-30-True]
tests/test_activism_dialect_portability.py::test_activism_queries_resolve_manager_join[id-query_manager_activism_profile-kwargs4-campaign_count-1-False]
tests/test_activism_dialect_portability.py::test_activism_queries_resolve_manager_join[id-query_manager_activism_profile-kwargs4-campaign_count-1-True]
tests/test_activism_dialect_portability.py::test_activism_queries_resolve_manager_join[manager_id-query_activism_filings-kwargs0-filing_id-10-False]
tests/test_activism_dialect_portability.py::test_activism_queries_resolve_manager_join[manager_id-query_activism_filings-kwargs0-filing_id-10-True]
tests/test_activism_dialect_portability.py::test_activism_queries_resolve_manager_join[manager_id-query_activism_events-kwargs1-event_id-20-False]
tests/test_activism_dialect_portability.py::test_activism_queries_resolve_manager_join[manager_id-query_activism_events-kwargs1-event_id-20-True]
tests/test_activism_dialect_portability.py::test_activism_queries_resolve_manager_join[manager_id-query_active_campaigns-kwargs2-event_count-1-False]
tests/test_activism_dialect_portability.py::test_activism_queries_resolve_manager_join[manager_id-query_active_campaigns-kwargs2-event_count-1-True]
tests/test_activism_dialect_portability.py::test_activism_queries_resolve_manager_join[manager_id-query_activism_campaigns-kwargs3-campaign_id-30-False]
tests/test_activism_dialect_portability.py::test_activism_queries_resolve_manager_join[manager_id-query_activism_campaigns-kwargs3-campaign_id-30-True]
tests/test_activism_dialect_portability.py::test_activism_queries_resolve_manager_join[manager_id-query_manager_activism_profile-kwargs4-campaign_count-1-False]
tests/test_activism_dialect_portability.py::test_activism_queries_resolve_manager_join[manager_id-query_manager_activism_profile-kwargs4-campaign_count-1-True]
tests/test_activism_dialect_portability.py::test_activism_join_keeps_filters_parameterized[id-query_activism_filings-cusip]
tests/test_activism_dialect_portability.py::test_activism_join_keeps_filters_parameterized[id-query_activism_events-cusip]
tests/test_activism_dialect_portability.py::test_activism_join_keeps_filters_parameterized[id-query_activism_campaigns-target_identifier]
tests/test_activism_dialect_portability.py::test_activism_join_keeps_filters_parameterized[manager_id-query_activism_filings-cusip]
tests/test_activism_dialect_portability.py::test_activism_join_keeps_filters_parameterized[manager_id-query_activism_events-cusip]
tests/test_activism_dialect_portability.py::test_activism_join_keeps_filters_parameterized[manager_id-query_activism_campaigns-target_identifier]
tests/test_activism_dialect_portability.py::test_activism_timeline_needs_no_manager_join[id]
tests/test_activism_dialect_portability.py::test_activism_timeline_needs_no_manager_join[manager_id]
tests/test_adapter_base.py::test_price_adapter_reuses_checked_non_trading_date[False-on0]
tests/test_adapter_base.py::test_price_adapter_reuses_checked_non_trading_date[False-on1]
tests/test_adapter_base.py::test_price_adapter_reuses_checked_non_trading_date[False-on2]
tests/test_adapter_base.py::test_price_adapter_reuses_checked_non_trading_date[True-on0]
tests/test_adapter_base.py::test_price_adapter_reuses_checked_non_trading_date[True-on1]
tests/test_adapter_base.py::test_price_adapter_reuses_checked_non_trading_date[True-on2]
tests/test_adapter_base.py::test_price_adapter_without_cache_keeps_fetching_available_prices
tests/test_adapter_base.py::test_price_adapter_retries_unusable_refresh_with_cached_quote[first_result0]
tests/test_adapter_base.py::test_price_adapter_retries_unusable_refresh_with_cached_quote[first_result1]
tests/test_adapter_base.py::test_price_adapter_retries_unusable_refresh_with_cached_quote[first_result2]
tests/test_adapter_base.py::test_connect_db_respects_timeout
tests/test_adapter_base.py::test_db_retry_config_uses_env_defaults
tests/test_adapter_base.py::test_db_retry_config_uses_explicit_values
tests/test_adapter_base.py::test_connect_db_raises_when_retries_exhausted
tests/test_adapter_base.py::test_connect_db_retries_on_transient_error
tests/test_adapter_base.py::test_connect_db_uses_env_db_path
tests/test_adapter_base.py::test_connect_db_postgres_url_requires_psycopg_without_sqlite_fallback
tests/test_adapter_base.py::test_connect_db_rejects_unsupported_db_url_scheme
tests/test_adapter_base.py::test_connect_db_postgres_retries_and_timeout
tests/test_adapter_base.py::test_connect_db_postgres_raises_after_retries
tests/test_adapter_base.py::test_get_table_columns_falls_back_on_postgres_introspection_error
tests/test_adapter_base.py::test_get_table_columns_reraises_unexpected_postgres_error
tests/test_adapter_base.py::test_get_adapter_caches_module
tests/test_adapter_base.py::test_get_adapter_unknown_module_raises
tests/test_adapter_base.py::test_tracked_call_writes_sqlite_usage
tests/test_adapter_base.py::test_tracked_call_postgres_uses_strict_backend_safe_sql
tests/test_adapter_registry.py::test_get_adapter_returns_module
tests/test_adapter_registry.py::test_get_adapter_returns_non_us_uk_modules
tests/test_adapter_registry.py::test_tracked_call_unread_stream_preserves_request_outcome[False]
tests/test_adapter_registry.py::test_tracked_call_unread_stream_preserves_request_outcome[True]
tests/test_adapter_registry.py::test_tracked_call_close_failure_preserves_request_outcome[False]
tests/test_adapter_registry.py::test_tracked_call_close_failure_preserves_request_outcome[True]
tests/test_alembic_logging_isolation.py::test_migration_does_not_disable_preexisting_loggers
tests/test_alembic_revision_graph.py::test_revision_identifiers_are_unique
tests/test_alembic_revision_graph.py::test_migration_graph_has_exactly_one_head
tests/test_alembic_revision_graph.py::test_every_migration_reaches_the_base
tests/test_alert_channels.py::test_streamlit_channel_always_succeeds
tests/test_alert_channels.py::test_email_channel_smtp_delivery
tests/test_alert_channels.py::test_email_channel_skips_when_unconfigured
tests/test_alert_channels.py::test_slack_channel_posts_blocks
tests/test_alert_channels.py::test_dispatcher_records_successes_and_failures
tests/test_alert_channels.py::test_build_configured_channels_reads_env
tests/test_alert_engine.py::test_alert_engine_matches_value_threshold_and_delta_type
tests/test_alert_engine.py::test_alert_engine_ignores_non_finite_numeric_rule_values
tests/test_alert_engine.py::test_alert_engine_malformed_count_does_not_block_later_rules[news_spike-{"news_count_gt":5}-payload0]
tests/test_alert_engine.py::test_alert_engine_malformed_count_does_not_block_later_rules[news_spike-{"news_count_gt":0}-payload1]
tests/test_alert_engine.py::test_alert_engine_malformed_count_does_not_block_later_rules[crowded_trade_change-{"manager_count_gte":3}-payload2]
tests/test_alert_engine.py::test_alert_engine_malformed_count_does_not_block_later_rules[crowded_trade_change-{"manager_count_gte":3}-payload3]
tests/test_alert_engine.py::test_alert_engine_malformed_count_does_not_block_later_rules[crowded_trade_change-{"similar_manager_count_gte":3}-payload4]
tests/test_alert_engine.py::test_alert_engine_manager_filter_and_disabled_rules
tests/test_alert_engine.py::test_alert_engine_supports_news_and_crowded_trade_conditions
tests/test_alert_engine.py::test_alert_engine_returns_multiple_matches_for_same_event
tests/test_alert_engine.py::test_alert_engine_returns_empty_when_no_rules_match
tests/test_alert_engine.py::test_alert_models_reject_invalid_event_types_and_channels
tests/test_alert_engine.py::test_alert_engine_ensures_schema_once_at_init
tests/test_alert_engine.py::test_alert_engine_invalid_stored_threshold_does_not_block_later_rules[nan0-news_count_gt-news_spike-news_count]
tests/test_alert_engine.py::test_alert_engine_invalid_stored_threshold_does_not_block_later_rules[nan0-manager_count_gte-crowded_trade_change-manager_count]
tests/test_alert_engine.py::test_alert_engine_invalid_stored_threshold_does_not_block_later_rules[nan0-similar_manager_count_gte-crowded_trade_change-similar_manager_count]
tests/test_alert_engine.py::test_alert_engine_invalid_stored_threshold_does_not_block_later_rules[inf0-news_count_gt-news_spike-news_count]
tests/test_alert_engine.py::test_alert_engine_invalid_stored_threshold_does_not_block_later_rules[inf0-manager_count_gte-crowded_trade_change-manager_count]
tests/test_alert_engine.py::test_alert_engine_invalid_stored_threshold_does_not_block_later_rules[inf0-similar_manager_count_gte-crowded_trade_change-similar_manager_count]
tests/test_alert_engine.py::test_alert_engine_invalid_stored_threshold_does_not_block_later_rules[-inf0-news_count_gt-news_spike-news_count]
tests/test_alert_engine.py::test_alert_engine_invalid_stored_threshold_does_not_block_later_rules[-inf0-manager_count_gte-crowded_trade_change-manager_count]
tests/test_alert_engine.py::test_alert_engine_invalid_stored_threshold_does_not_block_later_rules[-inf0-similar_manager_count_gte-crowded_trade_change-similar_manager_count]
tests/test_alert_engine.py::test_alert_engine_invalid_stored_threshold_does_not_block_later_rules[1.5_0-news_count_gt-news_spike-news_count]
tests/test_alert_engine.py::test_alert_engine_invalid_stored_threshold_does_not_block_later_rules[1.5_0-manager_count_gte-crowded_trade_change-manager_count]
tests/test_alert_engine.py::test_alert_engine_invalid_stored_threshold_does_not_block_later_rules[1.5_0-similar_manager_count_gte-crowded_trade_change-similar_manager_count]
tests/test_alert_engine.py::test_alert_engine_invalid_stored_threshold_does_not_block_later_rules[1.0-news_count_gt-news_spike-news_count]
tests/test_alert_engine.py::test_alert_engine_invalid_stored_threshold_does_not_block_later_rules[1.0-manager_count_gte-crowded_trade_change-manager_count]
tests/test_alert_engine.py::test_alert_engine_invalid_stored_threshold_does_not_block_later_rules[1.0-similar_manager_count_gte-crowded_trade_change-similar_manager_count]
tests/test_alert_engine.py::test_alert_engine_invalid_stored_threshold_does_not_block_later_rules[no-count-news_count_gt-news_spike-news_count]
tests/test_alert_engine.py::test_alert_engine_invalid_stored_threshold_does_not_block_later_rules[no-count-manager_count_gte-crowded_trade_change-manager_count]
tests/test_alert_engine.py::test_alert_engine_invalid_stored_threshold_does_not_block_later_rules[no-count-similar_manager_count_gte-crowded_trade_change-similar_manager_count]
tests/test_alert_engine.py::test_alert_engine_invalid_stored_threshold_does_not_block_later_rules[-news_count_gt-news_spike-news_count]
tests/test_alert_engine.py::test_alert_engine_invalid_stored_threshold_does_not_block_later_rules[-manager_count_gte-crowded_trade_change-manager_count]
tests/test_alert_engine.py::test_alert_engine_invalid_stored_threshold_does_not_block_later_rules[-similar_manager_count_gte-crowded_trade_change-similar_manager_count]
tests/test_alert_engine.py::test_alert_engine_invalid_stored_threshold_does_not_block_later_rules[1.5_1-news_count_gt-news_spike-news_count]
tests/test_alert_engine.py::test_alert_engine_invalid_stored_threshold_does_not_block_later_rules[1.5_1-manager_count_gte-crowded_trade_change-manager_count]
tests/test_alert_engine.py::test_alert_engine_invalid_stored_threshold_does_not_block_later_rules[1.5_1-similar_manager_count_gte-crowded_trade_change-similar_manager_count]
tests/test_alert_engine.py::test_alert_engine_invalid_stored_threshold_does_not_block_later_rules[0-news_count_gt-news_spike-news_count]
tests/test_alert_engine.py::test_alert_engine_invalid_stored_threshold_does_not_block_later_rules[0-manager_count_gte-crowded_trade_change-manager_count]
tests/test_alert_engine.py::test_alert_engine_invalid_stored_threshold_does_not_block_later_rules[0-similar_manager_count_gte-crowded_trade_change-similar_manager_count]
tests/test_alert_engine.py::test_alert_engine_invalid_stored_threshold_does_not_block_later_rules[-1-news_count_gt-news_spike-news_count]
tests/test_alert_engine.py::test_alert_engine_invalid_stored_threshold_does_not_block_later_rules[-1-manager_count_gte-crowded_trade_change-manager_count]
tests/test_alert_engine.py::test_alert_engine_invalid_stored_threshold_does_not_block_later_rules[-1-similar_manager_count_gte-crowded_trade_change-similar_manager_count]
tests/test_alert_engine.py::test_alert_engine_invalid_stored_threshold_does_not_block_later_rules[True-news_count_gt-news_spike-news_count]
tests/test_alert_engine.py::test_alert_engine_invalid_stored_threshold_does_not_block_later_rules[True-manager_count_gte-crowded_trade_change-manager_count]
tests/test_alert_engine.py::test_alert_engine_invalid_stored_threshold_does_not_block_later_rules[True-similar_manager_count_gte-crowded_trade_change-similar_manager_count]
tests/test_alert_engine.py::test_alert_engine_invalid_stored_threshold_does_not_block_later_rules[None-news_count_gt-news_spike-news_count]
tests/test_alert_engine.py::test_alert_engine_invalid_stored_threshold_does_not_block_later_rules[None-manager_count_gte-crowded_trade_change-manager_count]
tests/test_alert_engine.py::test_alert_engine_invalid_stored_threshold_does_not_block_later_rules[None-similar_manager_count_gte-crowded_trade_change-similar_manager_count]
tests/test_alert_engine.py::test_alert_engine_invalid_stored_threshold_does_not_block_later_rules[invalid12-news_count_gt-news_spike-news_count]
tests/test_alert_engine.py::test_alert_engine_invalid_stored_threshold_does_not_block_later_rules[invalid12-manager_count_gte-crowded_trade_change-manager_count]
tests/test_alert_engine.py::test_alert_engine_invalid_stored_threshold_does_not_block_later_rules[invalid12-similar_manager_count_gte-crowded_trade_change-similar_manager_count]
tests/test_alert_engine.py::test_alert_engine_invalid_stored_threshold_does_not_block_later_rules[invalid13-news_count_gt-news_spike-news_count]
tests/test_alert_engine.py::test_alert_engine_invalid_stored_threshold_does_not_block_later_rules[invalid13-manager_count_gte-crowded_trade_change-manager_count]
tests/test_alert_engine.py::test_alert_engine_invalid_stored_threshold_does_not_block_later_rules[invalid13-similar_manager_count_gte-crowded_trade_change-similar_manager_count]
tests/test_alert_engine.py::test_alert_engine_invalid_stored_threshold_does_not_block_later_rules[nan1-news_count_gt-news_spike-news_count]
tests/test_alert_engine.py::test_alert_engine_invalid_stored_threshold_does_not_block_later_rules[nan1-manager_count_gte-crowded_trade_change-manager_count]
tests/test_alert_engine.py::test_alert_engine_invalid_stored_threshold_does_not_block_later_rules[nan1-similar_manager_count_gte-crowded_trade_change-similar_manager_count]
tests/test_alert_engine.py::test_alert_engine_invalid_stored_threshold_does_not_block_later_rules[inf1-news_count_gt-news_spike-news_count]
tests/test_alert_engine.py::test_alert_engine_invalid_stored_threshold_does_not_block_later_rules[inf1-manager_count_gte-crowded_trade_change-manager_count]
tests/test_alert_engine.py::test_alert_engine_invalid_stored_threshold_does_not_block_later_rules[inf1-similar_manager_count_gte-crowded_trade_change-similar_manager_count]
tests/test_alert_engine.py::test_alert_engine_invalid_stored_threshold_does_not_block_later_rules[-inf1-news_count_gt-news_spike-news_count]
tests/test_alert_engine.py::test_alert_engine_invalid_stored_threshold_does_not_block_later_rules[-inf1-manager_count_gte-crowded_trade_change-manager_count]
tests/test_alert_engine.py::test_alert_engine_invalid_stored_threshold_does_not_block_later_rules[-inf1-similar_manager_count_gte-crowded_trade_change-similar_manager_count]
tests/test_alert_engine.py::test_alert_engine_integer_threshold_boundaries[news_count_gt-news_spike-news_count-False--1-1_0]
tests/test_alert_engine.py::test_alert_engine_integer_threshold_boundaries[news_count_gt-news_spike-news_count-False--1-1_1]
tests/test_alert_engine.py::test_alert_engine_integer_threshold_boundaries[news_count_gt-news_spike-news_count-False--1-1.0]
tests/test_alert_engine.py::test_alert_engine_integer_threshold_boundaries[news_count_gt-news_spike-news_count-False--1-9007199254740993]
tests/test_alert_engine.py::test_alert_engine_integer_threshold_boundaries[news_count_gt-news_spike-news_count-False-0-1_0]
tests/test_alert_engine.py::test_alert_engine_integer_threshold_boundaries[news_count_gt-news_spike-news_count-False-0-1_1]
tests/test_alert_engine.py::test_alert_engine_integer_threshold_boundaries[news_count_gt-news_spike-news_count-False-0-1.0]
tests/test_alert_engine.py::test_alert_engine_integer_threshold_boundaries[news_count_gt-news_spike-news_count-False-0-9007199254740993]
tests/test_alert_engine.py::test_alert_engine_integer_threshold_boundaries[news_count_gt-news_spike-news_count-False-1-1_0]
tests/test_alert_engine.py::test_alert_engine_integer_threshold_boundaries[news_count_gt-news_spike-news_count-False-1-1_1]
tests/test_alert_engine.py::test_alert_engine_integer_threshold_boundaries[news_count_gt-news_spike-news_count-False-1-1.0]
tests/test_alert_engine.py::test_alert_engine_integer_threshold_boundaries[news_count_gt-news_spike-news_count-False-1-9007199254740993]
tests/test_alert_engine.py::test_alert_engine_integer_threshold_boundaries[manager_count_gte-crowded_trade_change-manager_count-True--1-1_0]
tests/test_alert_engine.py::test_alert_engine_integer_threshold_boundaries[manager_count_gte-crowded_trade_change-manager_count-True--1-1_1]
tests/test_alert_engine.py::test_alert_engine_integer_threshold_boundaries[manager_count_gte-crowded_trade_change-manager_count-True--1-1.0]
tests/test_alert_engine.py::test_alert_engine_integer_threshold_boundaries[manager_count_gte-crowded_trade_change-manager_count-True--1-9007199254740993]
tests/test_alert_engine.py::test_alert_engine_integer_threshold_boundaries[manager_count_gte-crowded_trade_change-manager_count-True-0-1_0]
tests/test_alert_engine.py::test_alert_engine_integer_threshold_boundaries[manager_count_gte-crowded_trade_change-manager_count-True-0-1_1]
tests/test_alert_engine.py::test_alert_engine_integer_threshold_boundaries[manager_count_gte-crowded_trade_change-manager_count-True-0-1.0]
tests/test_alert_engine.py::test_alert_engine_integer_threshold_boundaries[manager_count_gte-crowded_trade_change-manager_count-True-0-9007199254740993]
tests/test_alert_engine.py::test_alert_engine_integer_threshold_boundaries[manager_count_gte-crowded_trade_change-manager_count-True-1-1_0]
tests/test_alert_engine.py::test_alert_engine_integer_threshold_boundaries[manager_count_gte-crowded_trade_change-manager_count-True-1-1_1]
tests/test_alert_engine.py::test_alert_engine_integer_threshold_boundaries[manager_count_gte-crowded_trade_change-manager_count-True-1-1.0]
tests/test_alert_engine.py::test_alert_engine_integer_threshold_boundaries[manager_count_gte-crowded_trade_change-manager_count-True-1-9007199254740993]
tests/test_alert_engine.py::test_alert_engine_integer_threshold_boundaries[similar_manager_count_gte-crowded_trade_change-similar_manager_count-True--1-1_0]
tests/test_alert_engine.py::test_alert_engine_integer_threshold_boundaries[similar_manager_count_gte-crowded_trade_change-similar_manager_count-True--1-1_1]
tests/test_alert_engine.py::test_alert_engine_integer_threshold_boundaries[similar_manager_count_gte-crowded_trade_change-similar_manager_count-True--1-1.0]
tests/test_alert_engine.py::test_alert_engine_integer_threshold_boundaries[similar_manager_count_gte-crowded_trade_change-similar_manager_count-True--1-9007199254740993]
tests/test_alert_engine.py::test_alert_engine_integer_threshold_boundaries[similar_manager_count_gte-crowded_trade_change-similar_manager_count-True-0-1_0]
tests/test_alert_engine.py::test_alert_engine_integer_threshold_boundaries[similar_manager_count_gte-crowded_trade_change-similar_manager_count-True-0-1_1]
tests/test_alert_engine.py::test_alert_engine_integer_threshold_boundaries[similar_manager_count_gte-crowded_trade_change-similar_manager_count-True-0-1.0]
tests/test_alert_engine.py::test_alert_engine_integer_threshold_boundaries[similar_manager_count_gte-crowded_trade_change-similar_manager_count-True-0-9007199254740993]
tests/test_alert_engine.py::test_alert_engine_integer_threshold_boundaries[similar_manager_count_gte-crowded_trade_change-similar_manager_count-True-1-1_0]
tests/test_alert_engine.py::test_alert_engine_integer_threshold_boundaries[similar_manager_count_gte-crowded_trade_change-similar_manager_count-True-1-1_1]
tests/test_alert_engine.py::test_alert_engine_integer_threshold_boundaries[similar_manager_count_gte-crowded_trade_change-similar_manager_count-True-1-1.0]
tests/test_alert_engine.py::test_alert_engine_integer_threshold_boundaries[similar_manager_count_gte-crowded_trade_change-similar_manager_count-True-1-9007199254740993]
tests/test_alert_engine.py::test_alert_models_reject_invalid_similar_manager_counts[2.5_0-AlertRuleCreate]
tests/test_alert_engine.py::test_alert_models_reject_invalid_similar_manager_counts[2.5_0-AlertRuleUpdate]
tests/test_alert_engine.py::test_alert_models_reject_invalid_similar_manager_counts[2.5_1-AlertRuleCreate]
tests/test_alert_engine.py::test_alert_models_reject_invalid_similar_manager_counts[2.5_1-AlertRuleUpdate]
tests/test_alert_engine.py::test_alert_models_reject_invalid_similar_manager_counts[2.0-AlertRuleCreate]
tests/test_alert_engine.py::test_alert_models_reject_invalid_similar_manager_counts[2.0-AlertRuleUpdate]
tests/test_alert_engine.py::test_alert_models_reject_invalid_similar_manager_counts[0-AlertRuleCreate]
tests/test_alert_engine.py::test_alert_models_reject_invalid_similar_manager_counts[0-AlertRuleUpdate]
tests/test_alert_engine.py::test_alert_models_reject_invalid_similar_manager_counts[-1-AlertRuleCreate]
tests/test_alert_engine.py::test_alert_models_reject_invalid_similar_manager_counts[-1-AlertRuleUpdate]
tests/test_alert_engine.py::test_alert_models_reject_invalid_similar_manager_counts[True-AlertRuleCreate]
tests/test_alert_engine.py::test_alert_models_reject_invalid_similar_manager_counts[True-AlertRuleUpdate]
tests/test_alert_engine.py::test_alert_models_reject_invalid_similar_manager_counts[False-AlertRuleCreate]
tests/test_alert_engine.py::test_alert_models_reject_invalid_similar_manager_counts[False-AlertRuleUpdate]
tests/test_alert_engine.py::test_alert_models_reject_invalid_similar_manager_counts[None-AlertRuleCreate]
tests/test_alert_engine.py::test_alert_models_reject_invalid_similar_manager_counts[None-AlertRuleUpdate]
tests/test_alert_engine.py::test_alert_models_reject_invalid_similar_manager_counts[nan-AlertRuleCreate]
tests/test_alert_engine.py::test_alert_models_reject_invalid_similar_manager_counts[nan-AlertRuleUpdate]
tests/test_alert_engine.py::test_alert_models_reject_invalid_similar_manager_counts[inf-AlertRuleCreate]
tests/test_alert_engine.py::test_alert_models_reject_invalid_similar_manager_counts[inf-AlertRuleUpdate]
tests/test_alert_engine.py::test_alert_models_accept_positive_integer_similar_manager_counts[1_0-AlertRuleCreate]
tests/test_alert_engine.py::test_alert_models_accept_positive_integer_similar_manager_counts[1_0-AlertRuleUpdate]
tests/test_alert_engine.py::test_alert_models_accept_positive_integer_similar_manager_counts[1_1-AlertRuleCreate]
tests/test_alert_engine.py::test_alert_models_accept_positive_integer_similar_manager_counts[1_1-AlertRuleUpdate]
tests/test_alert_engine.py::test_alert_models_accept_positive_integer_similar_manager_counts[2.0-AlertRuleCreate]
tests/test_alert_engine.py::test_alert_models_accept_positive_integer_similar_manager_counts[2.0-AlertRuleUpdate]
tests/test_alert_engine.py::test_alert_models_accept_positive_integer_similar_manager_counts[9007199254740993-AlertRuleCreate]
tests/test_alert_engine.py::test_alert_models_accept_positive_integer_similar_manager_counts[9007199254740993-AlertRuleUpdate]
tests/test_alert_integration.py::test_build_new_filing_event_populates_expected_payload
tests/test_alert_integration.py::test_build_new_filing_event_requires_type
tests/test_alert_integration.py::test_evaluate_and_record_alerts_persists_alert_history
tests/test_alert_integration.py::test_evaluate_and_record_new_filing_alerts_returns_empty_when_rule_does_not_match
tests/test_alert_integration.py::test_fire_alerts_for_event_dispatches_matching_channels
tests/test_alert_postgres_integration.py::test_ensure_alert_tables_creates_postgres_tables
tests/test_alert_postgres_integration.py::test_insert_pending_and_record_delivery_postgres
tests/test_alert_postgres_integration.py::test_evaluate_and_record_new_filing_alerts_postgres
tests/test_alert_postgres_integration.py::test_fire_alerts_for_event_records_streamlit_channel
tests/test_alerts_api.py::test_alerts_router_is_registered
tests/test_alerts_api.py::test_alert_endpoints_return_503_when_database_is_unavailable[POST-/api/alerts/rules-request_kwargs0]
tests/test_alerts_api.py::test_alert_endpoints_return_503_when_database_is_unavailable[GET-/api/alerts/rules-request_kwargs1]
tests/test_alerts_api.py::test_alert_endpoints_return_503_when_database_is_unavailable[GET-/api/alerts/rules/1-request_kwargs2]
tests/test_alerts_api.py::test_alert_endpoints_return_503_when_database_is_unavailable[PUT-/api/alerts/rules/1-request_kwargs3]
tests/test_alerts_api.py::test_alert_endpoints_return_503_when_database_is_unavailable[DELETE-/api/alerts/rules/1-request_kwargs4]
tests/test_alerts_api.py::test_alert_endpoints_return_503_when_database_is_unavailable[GET-/api/alerts/history-request_kwargs5]
tests/test_alerts_api.py::test_alert_endpoints_return_503_when_database_is_unavailable[GET-/api/alerts/unacknowledged/count-request_kwargs6]
tests/test_alerts_api.py::test_alert_endpoints_return_503_when_database_is_unavailable[POST-/api/alerts/history/1/acknowledge-request_kwargs7]
tests/test_alerts_api.py::test_alert_endpoints_return_503_when_database_is_unavailable[POST-/api/alerts/history/acknowledge-all-request_kwargs8]
tests/test_alerts_api.py::test_alert_rule_crud_and_soft_delete
tests/test_alerts_api.py::test_alert_rule_create_rejects_non_finite_numeric_condition
tests/test_alerts_api.py::test_alert_rule_create_rejects_invalid_news_count_gt
tests/test_alerts_api.py::test_alert_rule_rejects_invalid_count_on_create_and_update[nan-news_count_gt]
tests/test_alerts_api.py::test_alert_rule_rejects_invalid_count_on_create_and_update[nan-manager_count_gte]
tests/test_alerts_api.py::test_alert_rule_rejects_invalid_count_on_create_and_update[inf-news_count_gt]
tests/test_alerts_api.py::test_alert_rule_rejects_invalid_count_on_create_and_update[inf-manager_count_gte]
tests/test_alerts_api.py::test_alert_rule_rejects_invalid_count_on_create_and_update[-inf-news_count_gt]
tests/test_alerts_api.py::test_alert_rule_rejects_invalid_count_on_create_and_update[-inf-manager_count_gte]
tests/test_alerts_api.py::test_alert_rule_rejects_invalid_count_on_create_and_update[1.5_0-news_count_gt]
tests/test_alerts_api.py::test_alert_rule_rejects_invalid_count_on_create_and_update[1.5_0-manager_count_gte]
tests/test_alerts_api.py::test_alert_rule_rejects_invalid_count_on_create_and_update[1.0-news_count_gt]
tests/test_alerts_api.py::test_alert_rule_rejects_invalid_count_on_create_and_update[1.0-manager_count_gte]
tests/test_alerts_api.py::test_alert_rule_rejects_invalid_count_on_create_and_update[no-count-news_count_gt]
tests/test_alerts_api.py::test_alert_rule_rejects_invalid_count_on_create_and_update[no-count-manager_count_gte]
tests/test_alerts_api.py::test_alert_rule_rejects_invalid_count_on_create_and_update[-news_count_gt]
tests/test_alerts_api.py::test_alert_rule_rejects_invalid_count_on_create_and_update[-manager_count_gte]
tests/test_alerts_api.py::test_alert_rule_rejects_invalid_count_on_create_and_update[1.5_1-news_count_gt]
tests/test_alerts_api.py::test_alert_rule_rejects_invalid_count_on_create_and_update[1.5_1-manager_count_gte]
tests/test_alerts_api.py::test_alert_rule_rejects_invalid_count_on_create_and_update[0-news_count_gt]
tests/test_alerts_api.py::test_alert_rule_rejects_invalid_count_on_create_and_update[0-manager_count_gte]
tests/test_alerts_api.py::test_alert_rule_rejects_invalid_count_on_create_and_update[-1-news_count_gt]
tests/test_alerts_api.py::test_alert_rule_rejects_invalid_count_on_create_and_update[-1-manager_count_gte]
tests/test_alerts_api.py::test_alert_rule_rejects_invalid_count_on_create_and_update[True-news_count_gt]
tests/test_alerts_api.py::test_alert_rule_rejects_invalid_count_on_create_and_update[True-manager_count_gte]
tests/test_alerts_api.py::test_alert_rule_rejects_invalid_count_on_create_and_update[None-news_count_gt]
tests/test_alerts_api.py::test_alert_rule_rejects_invalid_count_on_create_and_update[None-manager_count_gte]
tests/test_alerts_api.py::test_alert_rule_rejects_invalid_count_on_create_and_update[invalid12-news_count_gt]
tests/test_alerts_api.py::test_alert_rule_rejects_invalid_count_on_create_and_update[invalid12-manager_count_gte]
tests/test_alerts_api.py::test_alert_rule_rejects_invalid_count_on_create_and_update[invalid13-news_count_gt]
tests/test_alerts_api.py::test_alert_rule_rejects_invalid_count_on_create_and_update[invalid13-manager_count_gte]
tests/test_alerts_api.py::test_alert_rule_accepts_integer_count_on_create_and_update[1-news_count_gt]
tests/test_alerts_api.py::test_alert_rule_accepts_integer_count_on_create_and_update[1-manager_count_gte]
tests/test_alerts_api.py::test_alert_rule_accepts_integer_count_on_create_and_update[2-news_count_gt]
tests/test_alerts_api.py::test_alert_rule_accepts_integer_count_on_create_and_update[2-manager_count_gte]
tests/test_alerts_api.py::test_alert_rule_accepts_integer_count_on_create_and_update[3.0-news_count_gt]
tests/test_alerts_api.py::test_alert_rule_accepts_integer_count_on_create_and_update[3.0-manager_count_gte]
tests/test_alerts_api.py::test_alert_rule_accepts_integer_count_on_create_and_update[9007199254740993-news_count_gt]
tests/test_alerts_api.py::test_alert_rule_accepts_integer_count_on_create_and_update[9007199254740993-manager_count_gte]
tests/test_alerts_api.py::test_alert_rule_update_rejects_out_of_range_numeric_condition
tests/test_alerts_api.py::test_alert_rule_soft_delete_preserves_history
tests/test_alerts_api.py::test_alert_rule_soft_delete_keeps_rule_row_and_history_rows
tests/test_alerts_api.py::test_alert_rule_list_filters
tests/test_alerts_api.py::test_alert_rule_accepts_activism_event_type
tests/test_alerts_api.py::test_alert_validation_invalid_event_type_rejected
tests/test_alerts_api.py::test_alert_validation_invalid_channels_rejected
tests/test_alerts_api.py::test_alert_acknowledge_and_count_flow
tests/test_alerts_api.py::test_alert_history_invalid_event_type_rejected
tests/test_alerts_api.py::test_alert_rule_id_path_validation_rejects_non_positive_ids
tests/test_alerts_api.py::test_alert_acknowledge_validation_rejects_invalid_inputs
tests/test_analyze_memory.py::test_load_samples_parses_csv
tests/test_analyze_memory.py::test_summarize_samples_calculates_stats
tests/test_analyze_memory.py::test_summarize_samples_reports_gaps
tests/test_analyze_memory.py::test_rss_slope_kb_per_hour_constant_usage
tests/test_analyze_memory.py::test_detect_anomalies_flags_spike_and_jump
tests/test_analyze_memory.py::test_filter_after_warmup_discards_initial_window
tests/test_analyze_memory.py::test_evaluate_stability_checks_post_warmup_slope
tests/test_analyze_memory.py::test_memory_stabilization_over_24h_variance_below_threshold
tests/test_apac_adapters.py::test_mas_lists_metadata_records
tests/test_apac_adapters.py::test_mas_parse_returns_unsupported_status
tests/test_apac_adapters.py::test_asic_lists_register_snapshot
tests/test_apac_adapters.py::test_asic_parse_returns_register_count_and_unsupported_status
tests/test_api_alert_dialect_portability.py::test_api_alert_surfaces_pass_dialect_gate_without_allowlist
tests/test_api_alert_dialect_portability.py::test_alert_and_feedback_sqlite_schema_uses_portable_integer_keys
tests/test_api_alert_dialect_portability.py::test_manager_sqlite_column_detection_handles_legacy_id
tests/test_api_alert_dialect_portability.py::test_postgres_paths_use_schema_metadata_without_sqlite_bootstrap
tests/test_api_changes_doc.py::test_api_changes_document_default_limit_confirmation
tests/test_api_changes_doc.py::test_api_changes_confirmation_includes_review_date
tests/test_api_parser.py::test_parse_response_handles_malformed_json
tests/test_app_health.py::test_health_app_ok
tests/test_app_health.py::test_health_app_uptime_uses_injected_clock
tests/test_app_health.py::test_health_live_ok
tests/test_app_health.py::test_healthz_ok
tests/test_app_health.py::test_health_livez_ok
tests/test_app_health.py::test_health_app_invalid_summary_timeout_uses_default[nan]
tests/test_app_health.py::test_health_app_invalid_summary_timeout_uses_default[inf]
tests/test_app_health.py::test_health_app_invalid_summary_timeout_uses_default[-inf]
tests/test_app_health.py::test_health_app_invalid_summary_timeout_uses_default[0]
tests/test_app_health.py::test_health_app_invalid_summary_timeout_uses_default[-1]
tests/test_app_health.py::test_health_app_invalid_summary_timeout_uses_default[invalid]
tests/test_app_health.py::test_health_app_invalid_summary_timeout_uses_default[]
tests/test_app_health.py::test_health_app_invalid_summary_timeout_uses_default[1e999]
tests/test_app_health.py::test_circuit_breaker_invalid_reset_configuration_uses_default[nan]
tests/test_app_health.py::test_circuit_breaker_invalid_reset_configuration_uses_default[inf]
tests/test_app_health.py::test_circuit_breaker_invalid_reset_configuration_uses_default[-inf]
tests/test_app_health.py::test_circuit_breaker_invalid_reset_configuration_uses_default[0]
tests/test_app_health.py::test_circuit_breaker_invalid_reset_configuration_uses_default[-1]
tests/test_app_health.py::test_circuit_breaker_invalid_reset_configuration_uses_default[invalid]
tests/test_app_health.py::test_circuit_breaker_invalid_reset_configuration_uses_default[]
tests/test_app_health.py::test_circuit_breaker_invalid_reset_configuration_uses_default[1e999]
tests/test_app_health.py::test_health_app_import_with_invalid_circuit_reset
tests/test_app_health.py::test_health_timeout_valid_configuration_preserves_bounds[DB_HEALTH_TIMEOUT_S-_db_timeout_seconds-0.1-0.1]
tests/test_app_health.py::test_health_timeout_valid_configuration_preserves_bounds[MINIO_HEALTH_TIMEOUT_S-_minio_timeout_seconds-0.1-0.1]
tests/test_app_health.py::test_health_timeout_valid_configuration_preserves_bounds[MINIO_HEALTH_TIMEOUT_S-_minio_timeout_seconds-10-5.0]
tests/test_app_health.py::test_health_timeout_valid_configuration_preserves_bounds[REDIS_HEALTH_TIMEOUT_S-_redis_timeout_seconds-0.1-0.1]
tests/test_app_health.py::test_health_timeout_valid_configuration_preserves_bounds[REDIS_HEALTH_TIMEOUT_S-_redis_timeout_seconds-10-5.0]
tests/test_app_health.py::test_health_timeout_valid_configuration_preserves_bounds[HEALTH_SUMMARY_TIMEOUT_S-_health_summary_timeout_seconds-0.1-0.1]
tests/test_app_health.py::test_health_timeout_valid_configuration_preserves_bounds[HEALTH_SUMMARY_TIMEOUT_S-_health_summary_timeout_seconds-0.01-0.05]
tests/test_app_health.py::test_health_timeout_valid_configuration_preserves_bounds[HEALTH_SUMMARY_TIMEOUT_S-_health_summary_timeout_seconds-10-0.2]
tests/test_app_health.py::test_health_timeout_valid_configuration_preserves_bounds[HEALTH_CIRCUIT_RESET_S-_circuit_breaker_reset_seconds-0.1-1.0]
tests/test_app_health.py::test_health_timeout_valid_configuration_preserves_bounds[HEALTH_CIRCUIT_RESET_S-_circuit_breaker_reset_seconds-60-60.0]
tests/test_app_health.py::test_health_app_reports_failed_dependencies
tests/test_app_health.py::test_health_app_responds_within_budget[0.1]
tests/test_app_health.py::test_health_app_performance_with_mocked_timing
tests/test_app_health.py::test_health_app_parallel_dependency_checks
tests/test_app_health.py::test_health_app_timeout_budget_caps_total_time
tests/test_app_health.py::test_health_app_wait_timeout_respects_budget
tests/test_app_health.py::test_health_app_circuit_breaker_opens_after_summary_timeouts
tests/test_app_health.py::test_circuit_breaker_opens_after_three_failures
tests/test_app_health.py::test_circuit_breaker_opens_after_three_timeouts
tests/test_app_health.py::test_circuit_breaker_resets_after_timeout
tests/test_app_health.py::test_circuit_breaker_allows_calls_after_reset
tests/test_app_health.py::test_circuit_breaker_allows_dependency_after_cooldown
tests/test_app_health.py::test_health_app_reports_circuit_breaker_open
tests/test_artifacts.py::test_bundle_roundtrip
tests/test_artifacts.py::test_daily_diff_writes_manifest
tests/test_artifacts.py::test_digest_flow_bundle_default_and_legacy_output_override
tests/test_attribution_flow.py::test_two_positions_yield_hand_computed_returns
tests/test_attribution_flow.py::test_repeated_runs_do_not_duplicate_stored_rows
tests/test_attribution_flow.py::test_repeated_runs_do_not_duplicate_rows_without_a_filing_id
tests/test_attribution_flow.py::test_skip_paths_are_recorded_and_excluded_from_metrics
tests/test_attribution_flow.py::test_non_finite_price_is_skipped_rather_than_poisoning_metrics
tests/test_attribution_flow.py::test_security_disclosed_twice_is_attributed_once
tests/test_attribution_flow.py::test_identified_filing_without_visible_rows_yields_no_positions
tests/test_attribution_flow.py::test_no_lookahead_excludes_future_knowledge
tests/test_attribution_flow.py::test_deliberate_break_starting_before_disclosure_fails
tests/test_autofix_validation.py::test_intentional_failure
tests/test_autofix_validation.py::test_type_mismatch
tests/test_autofix_validation.py::test_list_processing
tests/test_autofix_validation.py::test_calculate_total
tests/test_backtest_flow.py::test_two_quarter_backtest_matches_hand_computed_return_and_sharpe
tests/test_backtest_flow.py::test_no_lookahead_ignores_a_later_known_holding
tests/test_backtest_flow.py::test_enforce_no_lookahead_drops_future_knowledge_rows
tests/test_backtest_flow.py::test_missing_price_skips_position_without_crashing
tests/test_backtest_flow.py::test_backtest_persists_run_and_position_rows
tests/test_backtest_flow.py::test_backtest_pairs_portfolio_and_benchmark_periods
tests/test_backtest_flow.py::test_backtest_persistence_rolls_back_the_header_when_a_result_insert_fails
tests/test_backtest_flow.py::test_decision_dates_derived_from_filing_disclosure_dates
tests/test_backtest_flow.py::test_price_adapter_caches_and_reports_missing
tests/test_backtest_flow.py::test_price_adapter_uses_most_recent_close_within_staleness_window
tests/test_backtest_flow.py::test_price_adapter_refreshes_a_partial_cache_for_a_newer_as_of_date
tests/test_backtest_flow.py::test_fetch_yfinance_prices_handles_dates_empty_frames_and_missing_dependency
tests/test_backtest_flow.py::test_price_adapter_rejects_non_finite_quotes
tests/test_backtest_flow.py::test_price_adapter_survives_a_raising_fetcher
tests/test_bitemporal_holdings.py::test_holdings_as_of_preserves_versions_and_no_lookahead
tests/test_bitemporal_holdings.py::test_identical_reingest_is_noop
tests/test_bitemporal_holdings.py::test_current_holdings_helper_hides_superseded
tests/test_bitemporal_holdings.py::test_deliberate_break_mutate_breaks_as_of
tests/test_board_sync.py::test_update_status
tests/test_canada_adapter.py::test_list_new_filings_returns_items
tests/test_canada_adapter.py::test_download_returns_bytes
tests/test_canada_adapter.py::test_parse_returns_structured_unsupported_status
tests/test_capture_ui_screenshots.py::test_fixed_capture_targets_exclude_research
tests/test_capture_ui_screenshots.py::test_capture_targets_visits_routes_and_requires_non_empty_pngs
tests/test_capture_ui_screenshots.py::test_capture_targets_falls_back_to_streamlit_shell
tests/test_capture_ui_screenshots.py::test_assert_non_empty_pngs_fails_for_missing_or_empty_files
tests/test_capture_ui_screenshots.py::test_wait_for_ui_retries_until_http_reachable
tests/test_capture_ui_screenshots.py::test_wait_for_ui_treats_http_4xx_as_reachable
tests/test_chain_dialect_portability.py::test_filing_summary_usage_log_uses_postgres_schema_and_placeholders
tests/test_chain_dialect_portability.py::test_filing_summary_usage_log_uses_sqlite_schema_and_placeholders
tests/test_chain_dialect_portability.py::test_holdings_analysis_usage_log_uses_postgres_schema_and_placeholders
tests/test_chain_dialect_portability.py::test_holdings_analysis_usage_log_uses_sqlite_schema_and_placeholders
tests/test_chain_postgres_integration.py::test_rag_search_postgres
tests/test_chain_postgres_integration.py::test_nl_query_postgres
tests/test_chain_postgres_integration.py::test_holdings_analysis_postgres
tests/test_chain_postgres_integration.py::test_filing_summary_chain_postgres
tests/test_chain_utils.py::test_format_holdings_table_output_format
tests/test_chain_utils.py::test_truncate_context_respects_token_budget
tests/test_chain_utils.py::test_format_delta_summary_groups_delta_types
tests/test_chain_utils.py::test_guard_context_values_recurses_into_nested_list_containers
tests/test_chat_api.py::test_chat_endpoint
tests/test_chat_api.py::test_build_chat_client_info_prefers_llm_client_module
tests/test_chat_api.py::test_build_chat_client_info_fails_closed_when_llm_client_module_missing
tests/test_chat_api.py::test_build_chat_client_info_surfaces_llm_client_builder_errors
tests/test_chat_api.py::test_chat_api_returns_503_when_no_provider
tests/test_chat_api.py::test_chat_api_rejects_prompt_injection
tests/test_chat_api.py::test_chat_api_returns_500_for_unexpected_chain_errors
tests/test_chat_api.py::test_chat_api_surfaces_rag_import_failure_in_production
tests/test_chat_api.py::test_chat_api_explicit_offline_fallback_keeps_stub_available
tests/test_chat_api.py::test_chain_health_reports_import_failures
tests/test_chat_api.py::test_chain_health_zone_disabled_preserves_fallback_state
tests/test_chat_api.py::test_direct_endpoint_returns_500_for_unexpected_chain_errors
tests/test_chat_api.py::test_all_direct_endpoints_return_500_for_unexpected_chain_errors[/api/chat/filing-summary-request_kwargs0]
tests/test_chat_api.py::test_all_direct_endpoints_return_500_for_unexpected_chain_errors[/api/chat/holdings-analysis-request_kwargs1]
tests/test_chat_api.py::test_all_direct_endpoints_return_500_for_unexpected_chain_errors[/api/chat/query-request_kwargs2]
tests/test_chat_api.py::test_all_direct_endpoints_return_500_for_unexpected_chain_errors[/api/chat/search-request_kwargs3]
tests/test_chat_api.py::test_direct_filing_summary_returns_503_when_no_provider
tests/test_chat_api.py::test_all_chat_endpoints_return_503_when_no_provider[/api/chat-request_kwargs0]
tests/test_chat_api.py::test_all_chat_endpoints_return_503_when_no_provider[/api/chat/filing-summary-request_kwargs1]
tests/test_chat_api.py::test_all_chat_endpoints_return_503_when_no_provider[/api/chat/holdings-analysis-request_kwargs2]
tests/test_chat_api.py::test_all_chat_endpoints_return_503_when_no_provider[/api/chat/query-request_kwargs3]
tests/test_chat_api.py::test_all_chat_endpoints_return_503_when_no_provider[/api/chat/search-request_kwargs4]
tests/test_chat_api.py::test_direct_search_rejects_prompt_injection
tests/test_chat_api.py::test_all_chat_endpoints_reject_prompt_injection[/api/chat-request_kwargs0]
tests/test_chat_api.py::test_all_chat_endpoints_reject_prompt_injection[/api/chat/filing-summary-request_kwargs1]
tests/test_chat_api.py::test_all_chat_endpoints_reject_prompt_injection[/api/chat/holdings-analysis-request_kwargs2]
tests/test_chat_api.py::test_all_chat_endpoints_reject_prompt_injection[/api/chat/query-request_kwargs3]
tests/test_chat_api.py::test_all_chat_endpoints_reject_prompt_injection[/api/chat/search-request_kwargs4]
tests/test_chat_api.py::test_chat_api_autoroutes_question_to_chain
tests/test_chat_api.py::test_chat_api_auto_intent_auto_falls_back_to_rag_search
tests/test_chat_api.py::test_chat_api_auto_intent_unknown_falls_back_to_rag_search
tests/test_chat_api.py::test_direct_filing_summary_endpoint
tests/test_chat_api.py::test_direct_filing_summary_endpoint_wires_real_chain_contract
tests/test_chat_api.py::test_direct_holdings_analysis_endpoint
tests/test_chat_api.py::test_direct_holdings_analysis_endpoint_wires_real_chain_contract
tests/test_chat_api.py::test_holdings_analysis_rejects_invalid_explicit_scope_before_chain_build[context0-Manager filter did not resolve to any manager IDs]
tests/test_chat_api.py::test_holdings_analysis_rejects_invalid_explicit_scope_before_chain_build[context1-Manager filter did not resolve to any manager IDs]
tests/test_chat_api.py::test_holdings_analysis_rejects_invalid_explicit_scope_before_chain_build[context2-Manager filter did not resolve to any manager IDs]
tests/test_chat_api.py::test_holdings_analysis_rejects_invalid_explicit_scope_before_chain_build[context3-Manager filter did not resolve to any manager IDs]
tests/test_chat_api.py::test_holdings_analysis_rejects_invalid_explicit_scope_before_chain_build[context4-Manager filter did not resolve to any manager IDs]
tests/test_chat_api.py::test_holdings_analysis_rejects_invalid_explicit_scope_before_chain_build[context5-CUSIP filter must contain at least one non-empty value]
tests/test_chat_api.py::test_holdings_analysis_rejects_invalid_explicit_scope_before_chain_build[context6-CUSIP filter must contain at least one non-empty value]
tests/test_chat_api.py::test_holdings_analysis_rejects_invalid_explicit_scope_before_chain_build[context7-CUSIP filter must contain at least one non-empty value]
tests/test_chat_api.py::test_holdings_analysis_rejects_invalid_explicit_scope_before_chain_build[context8-Date range must contain valid ISO dates with start on or before end]
tests/test_chat_api.py::test_holdings_analysis_rejects_invalid_explicit_scope_before_chain_build[context9-Date range must contain valid ISO dates with start on or before end]
tests/test_chat_api.py::test_holdings_analysis_rejects_invalid_explicit_scope_before_chain_build[context10-Date range must contain valid ISO dates with start on or before end]
tests/test_chat_api.py::test_holdings_analysis_rejects_invalid_explicit_scope_before_chain_build[context11-Date range must contain valid ISO dates with start on or before end]
tests/test_chat_api.py::test_holdings_analysis_preserves_valid_and_absent_scope[None-expected_filters0]
tests/test_chat_api.py::test_holdings_analysis_preserves_valid_and_absent_scope[context1-expected_filters1]
tests/test_chat_api.py::test_holdings_analysis_preserves_valid_and_absent_scope[context2-expected_filters2]
tests/test_chat_api.py::test_holdings_analysis_preserves_valid_and_absent_scope[context3-expected_filters3]
tests/test_chat_api.py::test_holdings_analysis_preserves_valid_and_absent_scope[context4-expected_filters4]
tests/test_chat_api.py::test_auto_filing_summary_without_filing_id_falls_back_to_rag_search
tests/test_chat_api.py::test_fallback_filing_summary_chain_matches_real_signature
tests/test_chat_api.py::test_fallback_holdings_analysis_chain_matches_real_signature
tests/test_chat_api.py::test_direct_query_endpoint_returns_sql
tests/test_chat_api.py::test_direct_search_endpoint
tests/test_chat_api.py::test_chat_api_rate_limiting_11th_request_returns_429
tests/test_chat_api_fleet_integration.py::test_chat_api_success_emits_fleet_record
tests/test_chat_api_fleet_integration.py::test_chat_api_500_emits_error_fleet_record
tests/test_chat_api_fleet_integration.py::test_chat_api_503_no_provider_emits_error_record
tests/test_chat_api_fleet_integration.py::test_chat_api_no_secret_fallback_keeps_endpoint_healthy
tests/test_chat_api_fleet_integration.py::test_feedback_endpoint_emits_correlation_record
tests/test_chat_api_fleet_integration.py::test_observability_failure_does_not_break_chat_api
tests/test_chat_api_fleet_integration.py::test_chat_api_prompt_injection_emits_error_record
tests/test_chat_zone_disabled.py::test_chat_disabled_zone_returns_notice_not_503
tests/test_chat_zone_disabled.py::test_chat_disabled_zone_still_uses_rate_limit
tests/test_chat_zone_disabled.py::test_chat_without_zone_still_requires_provider
tests/test_chat_zone_disabled.py::test_deterministic_surface_unaffected_when_zone_disabled
tests/test_chat_zone_disabled.py::test_manager_route_unaffected_when_zone_disabled
tests/test_chat_zone_disabled.py::test_chat_zone_disabled_helper_reads_env
tests/test_ci_coverage_delta.py::test_extract_line_rate_reads_valid_cobertura_xml
tests/test_ci_coverage_delta.py::test_build_payload_sets_status_and_rounded_values[91.23456-0.0-1.25-False-expected_payload0-False]
tests/test_ci_coverage_delta.py::test_build_payload_sets_status_and_rounded_values[98.75-99.0-1.0-False-expected_payload1-False]
tests/test_ci_coverage_delta.py::test_build_payload_sets_status_and_rounded_values[99.87654-99.12345-1.0-False-expected_payload2-False]
tests/test_ci_coverage_delta.py::test_build_payload_sets_status_and_rounded_values[94.87654-97.12345-2.0-False-expected_payload3-False]
tests/test_ci_coverage_delta.py::test_build_payload_sets_status_and_rounded_values[94.87654-97.12345-2.0-True-expected_payload4-True]
tests/test_ci_coverage_delta.py::test_main_returns_failure_for_missing_coverage_file
tests/test_ci_coverage_delta.py::test_main_writes_json_with_environment_overrides
tests/test_collect_memory_24h.py::test_find_pid_by_substring_selects_lowest
tests/test_collect_memory_24h.py::test_find_pid_by_substring_requires_match
tests/test_collect_memory_24h.py::test_resolve_pid_prefers_explicit
tests/test_collect_memory_24h.py::test_resolve_pid_from_process_name
tests/test_collect_memory_24h.py::test_default_output_path_uses_timestamp
tests/test_collect_memory_24h.py::test_resolve_output_path_prefers_explicit_file
tests/test_collect_memory_24h.py::test_resolve_output_path_accepts_directory
tests/test_collect_memory_24h.py::test_resolve_output_path_accepts_trailing_separator
tests/test_collect_memory_24h.py::test_run_collection_calls_monitor
tests/test_config_hygiene.py::test_runtime_config_centralizes_db_and_cache_defaults
tests/test_config_hygiene.py::test_runtime_config_uses_positive_cache_env_values
tests/test_config_hygiene.py::test_runtime_config_falls_back_for_bad_cache_env_values
tests/test_config_hygiene.py::test_chat_config_helpers_use_runtime_config
tests/test_config_hygiene.py::test_chat_intent_classifier_does_not_swallow_unexpected_errors
tests/test_config_hygiene.py::test_prompt_injection_loader_does_not_swallow_unexpected_errors
tests/test_config_hygiene.py::test_redis_backend_does_not_swallow_unexpected_errors
tests/test_config_hygiene.py::test_redis_fallback_warning_does_not_log_secret_url
tests/test_config_hygiene.py::test_store_document_does_not_swallow_unexpected_import_errors
tests/test_config_hygiene.py::test_removed_dead_code_does_not_reappear
tests/test_config_migration_consistency.py::test_connect_db_and_alembic_share_default_sqlite_path
tests/test_config_migration_consistency.py::test_migration_postgres_ddl_is_idempotent
tests/test_config_migration_consistency.py::test_env_defaults_are_shared_for_region_slack_and_timezone
tests/test_config_migration_consistency.py::test_slack_webhook_falls_back_when_alert_specific_value_is_blank
tests/test_config_migration_consistency.py::test_edgar_request_spacing_lock_prevents_overlapping_sleeps
tests/test_conviction_flow.py::test_similarity_crowding_counts_only_connected_managers
tests/test_conviction_flow.py::test_compute_conviction_scores_known_portfolio
tests/test_conviction_flow.py::test_compute_conviction_scores_edge_cases[holdings0-0.0-0.0]
tests/test_conviction_flow.py::test_compute_conviction_scores_edge_cases[holdings1-100.0-1.0]
tests/test_conviction_flow.py::test_compute_conviction_scores_rejects_non_finite_values
tests/test_conviction_flow.py::test_compute_conviction_scores_rejects_missing_values
tests/test_conviction_flow.py::test_compute_conviction_scores_rejects_overflowed_total_value
tests/test_conviction_flow.py::test_compute_conviction_scores_upsert_is_idempotent
tests/test_conviction_flow.py::test_score_all_latest_filings_only_scores_latest_per_manager
tests/test_conviction_flow.py::test_score_all_latest_filings_skips_a_bad_filing_without_losing_others
tests/test_conviction_flow.py::test_conviction_flow_logs_api_usage_and_supports_elliott_sample
tests/test_conviction_flow.py::test_conviction_flow_nightly_run_survives_one_managers_bad_filing
tests/test_conviction_flow.py::test_conviction_deployment_nightly_utc_schedule
tests/test_cost_script_dialect_portability.py::test_log_llm_usage_postgres_path_avoids_sqlite_tokens
tests/test_cost_script_dialect_portability.py::test_seed_universe_postgres_schema_and_upsert_are_dialect_aware
tests/test_cost_script_dialect_portability.py::test_resolve_aliases_postgres_id_detection_and_update_are_dialect_aware
tests/test_coverage_guard.py::test_load_baseline_uses_defaults_when_file_missing
tests/test_coverage_guard.py::test_load_baseline_reads_line_and_recovery_days
tests/test_coverage_guard.py::test_load_baseline_supports_legacy_keys
tests/test_coverage_guard.py::test_compute_top_files_returns_empty_for_invalid_input
tests/test_coverage_guard.py::test_compute_top_files_skips_invalid_summaries_and_zero_statement_rows
tests/test_coverage_guard.py::test_compute_top_files_sorts_by_missing_lines_and_applies_limit
tests/test_coverage_guard.py::test_compute_top_files_sorts_by_total_when_no_missing_lines
tests/test_coverage_guard.py::test_build_update_comment_includes_status_table_and_optional_fields
tests/test_coverage_guard.py::test_build_update_comment_handles_above_baseline_and_missing_top_files
tests/test_coverage_guard.py::test_build_recovered_comment_formats_expected_text
tests/test_coverage_guard.py::test_normalize_labels_preserves_order_and_deduplicates[None-expected0]
tests/test_coverage_guard.py::test_normalize_labels_preserves_order_and_deduplicates[labels1-expected1]
tests/test_coverage_guard.py::test_normalize_labels_preserves_order_and_deduplicates[labels2-expected2]
tests/test_coverage_guard.py::test_recovery_window_satisfied_short_circuits_for_single_sample_window
tests/test_coverage_guard.py::test_recovery_window_satisfied_fails_with_insufficient_history
tests/test_coverage_guard.py::test_recovery_window_satisfied_fails_when_recent_sample_below_baseline
tests/test_coverage_guard.py::test_recovery_window_satisfied_passes_for_consecutive_above_baseline_samples
tests/test_coverage_guard.py::test_coverage_value_for_recovery_uses_supported_keys[record0-81.5]
tests/test_coverage_guard.py::test_coverage_value_for_recovery_uses_supported_keys[record1-80.0]
tests/test_coverage_guard.py::test_coverage_value_for_recovery_uses_supported_keys[record2-77.0]
tests/test_coverage_guard.py::test_coverage_value_for_recovery_uses_supported_keys[record3-75.5]
tests/test_coverage_guard.py::test_coverage_value_for_recovery_uses_supported_keys[record4-73.0]
tests/test_coverage_guard.py::test_coverage_value_for_recovery_uses_supported_keys[record5-71.0]
tests/test_coverage_guard.py::test_coverage_value_for_recovery_uses_supported_keys[record6-70.0]
tests/test_coverage_guard.py::test_coverage_value_for_recovery_uses_supported_keys[record7-69.0]
tests/test_coverage_guard.py::test_coverage_value_for_recovery_uses_supported_keys[record8-None]
tests/test_coverage_guard.py::test_coverage_value_for_recovery_uses_supported_keys[record9-None]
tests/test_crowded_contrarian.py::test_crowded_table_check_wraps_missing_postgres_schema
tests/test_crowded_contrarian.py::test_contrarian_table_check_wraps_missing_postgres_schema
tests/test_crowded_contrarian.py::test_detect_crowded_trades_identifies_aapl_across_latest_filings
tests/test_crowded_contrarian.py::test_detect_crowded_trades_applies_threshold_filter
tests/test_crowded_contrarian.py::test_detect_crowded_trades_is_idempotent_for_same_report_date
tests/test_crowded_contrarian.py::test_detect_crowded_trades_uses_env_threshold_when_unspecified
tests/test_crowded_contrarian.py::test_detect_crowded_trades_ignores_future_filings
tests/test_crowded_contrarian.py::test_detect_contrarian_signals_flags_seller_against_buy_consensus
tests/test_crowded_contrarian.py::test_dispatch_conviction_alerts_emits_events_for_detected_rows
tests/test_crowded_contrarian.py::test_detect_contrarian_signals_skips_split_consensus
tests/test_crowded_contrarian.py::test_detect_contrarian_signals_is_idempotent_for_same_report_date
tests/test_crowded_contrarian.py::test_conviction_flow_runs_scoring_then_crowded_then_contrarian_then_alerts
tests/test_crowded_contrarian.py::test_conviction_flow_deployment_uses_nightly_defaults
tests/test_crowded_contrarian.py::test_conviction_flow_deployment_allows_env_overrides
tests/test_crowded_contrarian.py::test_conviction_module_schedule_restored_after_env_override_reload
tests/test_daily_diff.py::test_compute_manager_diffs_persists_all_four_delta_types_with_values
tests/test_daily_diff.py::test_compute_manager_diffs_valid_manager_fk
tests/test_daily_diff.py::test_compute_manager_diffs_is_idempotent
tests/test_daily_diff.py::test_daily_diff_flow_processes_multiple_managers
tests/test_daily_diff.py::test_daily_diff_flow_records_large_delta_alerts
tests/test_daily_diff.py::test_daily_diff_flow_defaults_to_yesterday
tests/test_daily_diff.py::test_daily_diff_flow_refreshes_matview_on_postgres
tests/test_daily_diff_deployment.py::test_daily_diff_deployment_uses_env_tz
tests/test_daily_diff_deployment.py::test_daily_diff_deployment_falls_back_to_tzinfo_key
tests/test_daily_diff_deployment.py::test_daily_diff_deployment_falls_back_to_localtime_symlink
tests/test_daily_diff_deployment.py::test_daily_diff_deployment_defaults_to_utc_when_unresolvable
tests/test_daily_report.py::test_load_diffs_and_news
tests/test_daily_report.py::test_news_topic_helpers
tests/test_daily_report.py::test_format_news_table
tests/test_daily_report.py::test_headline_markdown
tests/test_daily_report.py::test_format_shares_delta_arrows
tests/test_daily_report.py::test_format_value_and_percent_delta
tests/test_daily_report.py::test_format_activism_event_type
tests/test_daily_report.py::test_format_signal_badge
tests/test_daily_report_default_date.py::test_daily_report_default_date_uses_bundled_demo_data
tests/test_daily_report_default_date.py::test_empty_report_message_points_to_nearest_populated_date
tests/test_daily_report_default_date.py::test_nearest_report_date_propagates_operational_query_errors
tests/test_daily_report_views.py::test_load_diffs_prefers_mv_daily_report_when_available
tests/test_daily_report_views.py::test_daily_report_page_renders_from_mv_daily_report
tests/test_daily_report_views.py::test_daily_report_page_renders_under_500ms_with_ten_managers
tests/test_dashboard.py::test_load_delta_counts
tests/test_dashboard.py::test_load_delta_groups_repeated_filing_dates
tests/test_dashboard.py::test_holdings_fixture_matches_production_schema
tests/test_dashboard.py::test_load_activism_helpers_and_campaigns
tests/test_dashboard.py::test_render_current_activism_stakes_counts_events_per_cusip
tests/test_dashboard.py::test_render_current_activism_stakes_uses_latest_filing_per_position
tests/test_dashboard.py::test_render_activism_timeline_keeps_manager_scope_and_event_semantics
tests/test_dashboard.py::test_render_ownership_chart_scopes_series_and_widget_state_to_manager
tests/test_dashboard.py::test_load_signal_helpers
tests/test_dashboard.py::test_load_managers_sorted
tests/test_dashboard.py::test_render_manager_selector_default_and_persist
tests/test_dashboard.py::test_load_filing_timeline_filters_and_orders
tests/test_dashboard.py::test_load_latest_holdings_snapshot_filters_and_orders
tests/test_dashboard.py::test_load_top_deltas_filters_latest_report_date_and_orders
tests/test_dashboard.py::test_load_news_stream_filters_and_orders
tests/test_dashboard.py::test_load_news_stream_all_managers_returns_recent_items
tests/test_dashboard.py::test_load_qc_flags_returns_expected_summary
tests/test_dashboard.py::test_load_all_managers_summary_aggregates_totals_and_activity
tests/test_dashboard.py::test_load_all_managers_summary_identifies_stale_manager_warnings
tests/test_dashboard.py::test_render_filing_timeline_outputs_chart_and_table
tests/test_dashboard.py::test_render_latest_holdings_snapshot_outputs_metrics_and_table
tests/test_dashboard.py::test_render_top_deltas_outputs_chart_and_table
tests/test_dashboard.py::test_render_news_stream_outputs_links_timestamps_and_topics
tests/test_dashboard.py::test_render_news_stream_all_managers_includes_manager_name
tests/test_dashboard.py::test_render_qc_flags_outputs_metrics
tests/test_dashboard.py::test_render_qc_flags_requires_manager_selection
tests/test_dashboard.py::test_all_managers_summary_empty_recent_activity_points_to_history
tests/test_dashboard.py::test_render_manager_dashboard_uses_columns_and_expanders
tests/test_dashboard.py::test_render_conviction_signals_dashboard_outputs_chart_and_tables
tests/test_dashboard.py::test_load_unacknowledged_alert_count_uses_alerts_endpoint
tests/test_dashboard.py::test_main_renders_alert_badge_and_metric
tests/test_dashboard.py::test_dashboard_render_under_two_seconds_with_ten_managers
tests/test_dashboard_news_schema.py::test_news_stream_schema_filter_order_and_limit[None-id-False]
tests/test_dashboard_news_schema.py::test_news_stream_schema_filter_order_and_limit[None-manager_id-False]
tests/test_dashboard_news_schema.py::test_news_stream_schema_filter_order_and_limit[None-manager_id-True]
tests/test_dashboard_news_schema.py::test_news_stream_schema_filter_order_and_limit[7-id-False]
tests/test_dashboard_news_schema.py::test_news_stream_schema_filter_order_and_limit[7-manager_id-False]
tests/test_dashboard_news_schema.py::test_news_stream_schema_filter_order_and_limit[7-manager_id-True]
tests/test_dashboard_news_schema.py::test_news_stream_missing_schema_returns_empty_columns_and_closes
tests/test_data_api.py::test_api_data_malformed_json_returns_400
tests/test_data_api.py::test_api_data_empty_response_returns_400
tests/test_data_api.py::test_api_data_invalid_structure_returns_400
tests/test_data_api.py::test_api_data_missing_upstream_url_returns_500
tests/test_data_api.py::test_api_data_upstream_request_failure_returns_502
tests/test_data_quality.py::test_missed_harvest_flags_freshness_failure
tests/test_data_quality.py::test_empty_harvest_is_not_silently_green
tests/test_data_quality.py::test_row_count_drop_beyond_tolerance_is_flagged
tests/test_data_quality.py::test_env_thresholds_drive_daily_quality
tests/test_data_quality.py::test_env_thresholds_reject_non_finite_values
tests/test_data_quality.py::test_build_data_quality_alert_event_uses_existing_etl_failure_channel
tests/test_data_quality.py::test_data_quality_alerts_record_through_integration_wrapper
tests/test_db_health.py::test_health_db_ok
tests/test_db_health.py::test_health_db_unreachable
tests/test_db_health.py::test_health_db_timeout
tests/test_db_health.py::test_health_db_errors_hide_exception_details
tests/test_db_health.py::test_health_db_timeout_cap
tests/test_db_health.py::test_health_db_invalid_timeout_configuration_uses_default[nan]
tests/test_db_health.py::test_health_db_invalid_timeout_configuration_uses_default[inf]
tests/test_db_health.py::test_health_db_invalid_timeout_configuration_uses_default[-inf]
tests/test_db_health.py::test_health_db_invalid_timeout_configuration_uses_default[0]
tests/test_db_health.py::test_health_db_invalid_timeout_configuration_uses_default[-1]
tests/test_db_health.py::test_health_db_invalid_timeout_configuration_uses_default[invalid]
tests/test_db_health.py::test_health_db_invalid_timeout_configuration_uses_default[]
tests/test_db_health.py::test_health_db_invalid_timeout_configuration_uses_default[1e999]
tests/test_db_snapshot_restore.py::test_backup_plan_masks_credentials_and_uses_encrypted_snapshot
tests/test_db_snapshot_restore.py::test_backup_dry_run_does_not_execute_clients
tests/test_db_snapshot_restore.py::test_restore_dry_run_plans_pg_restore_without_clients
tests/test_db_snapshot_restore.py::test_backup_requires_bucket_uri
tests/test_db_snapshot_restore.py::test_database_snapshot_workflow_runs_dry_run_and_conditional_live_backup
tests/test_dependency_version_alignment.py::test_all_pyproject_dependencies_are_in_lock
tests/test_dependency_version_alignment.py::test_active_install_instructions_do_not_use_legacy_requirements_txt
tests/test_dependency_version_alignment.py::test_legacy_requirements_install_scan_handles_shell_variants
tests/test_design_doc_claims_audit.py::test_design_doc_claims_audit_covers_current_behavioral_claims
tests/test_design_doc_claims_audit.py::test_design_doc_claims_audit_records_known_resolved_drift
tests/test_dialect_portability_gate.py::test_dialect_gate_accepts_current_audited_repo_state
tests/test_dialect_portability_gate.py::test_etl_1008_surfaces_pass_without_allowlist_entries
tests/test_dialect_portability_gate.py::test_api_alert_1009_surfaces_have_no_allowlist_entries
tests/test_dialect_portability_gate.py::test_dialect_gate_rejects_unaudited_sqlite_only_token
tests/test_dialect_portability_gate.py::test_dialect_gate_honors_documented_allowlist
tests/test_dialect_portability_gate.py::test_dialect_gate_reports_table_xinfo_as_distinct_token
tests/test_dialect_portability_gate.py::test_dialect_gate_rejects_unconditional_sqlite_placeholder
tests/test_dialect_portability_gate.py::test_dialect_gate_rejects_legacy_daily_diff_schema_names
tests/test_dialect_portability_gate.py::test_allowlist_paths_missing_from_audit_reports_missing_entry
tests/test_dialect_portability_gate.py::test_allowlist_paths_missing_from_audit_accepts_documented_entries
tests/test_dialect_portability_gate.py::test_relative_path_returns_relative_to_repo_root
tests/test_dialect_portability_gate.py::test_relative_path_returns_absolute_when_outside_repo
tests/test_dialect_portability_gate.py::test_python_files_returns_sorted_unique_python_files
tests/test_dialect_portability_gate.py::test_imports_connect_db_detects_import_from_adapters_base
tests/test_dialect_portability_gate.py::test_imports_connect_db_detects_function_def
tests/test_dialect_portability_gate.py::test_imports_connect_db_detects_direct_call
tests/test_dialect_portability_gate.py::test_imports_connect_db_detects_direct_call_when_source_is_malformed
tests/test_dialect_portability_gate.py::test_imports_connect_db_ignores_non_connect_db
tests/test_dialect_portability_gate.py::test_documented_audit_paths_returns_module_paths_from_table
tests/test_dialect_portability_gate.py::test_documented_audit_paths_returns_empty_set_for_nonexistent_report
tests/test_dialect_portability_gate.py::test_dialect_gate_rejects_insert_or_ignore
tests/test_dialect_portability_gate.py::test_dialect_gate_rejects_pragma_table_info
tests/test_diff_holdings.py::test_diff_holdings_returns_structured_four_delta_types
tests/test_diff_holdings.py::test_diff_holdings_golden
tests/test_diff_holdings.py::test_diff_holdings_accepts_cik_lookup
tests/test_diff_holdings.py::test_diff_holdings_accepts_numeric_string_manager_id
tests/test_diff_holdings.py::test_diff_requires_two_filings
tests/test_diff_holdings.py::test_diff_requires_existing_manager
tests/test_diff_holdings.py::test_fetch_latest_sets_only_returns_top_two_dates
tests/test_diff_holdings.py::test_fetch_latest_sets_reconciles_13f_amendments_before_diffing
tests/test_diff_holdings.py::test_fetch_latest_sets_ignores_missing_period_end_when_period_column_exists
tests/test_diff_holdings.py::test_fetch_latest_sets_ignores_filings_without_holdings
tests/test_diff_holdings.py::test_fetch_latest_sets_prefers_latest_filed_date_before_amendment_tie_breaker
tests/test_diff_holdings.py::test_fetch_latest_sets_uses_postgres_placeholders
tests/test_diff_holdings.py::test_diff_holdings_uses_default_connect_db_when_conn_missing
tests/test_digest_flow.py::test_build_digest_collects_recent_filings_news_and_alerts
tests/test_digest_flow.py::test_build_digest_empty_when_window_has_no_activity
tests/test_digest_flow.py::test_build_digest_filters_created_at_without_date_truncation
tests/test_digest_flow.py::test_digest_flow_dry_run_skips_delivery_without_credentials
tests/test_digest_flow.py::test_sendgrid_http_errors_return_failed_delivery
tests/test_edgar.py::test_parse_sample_xml
tests/test_edgar.py::test_download_handles_429
tests/test_edgar.py::test_list_new_filings_filters_13f
tests/test_edgar.py::test_list_new_filings_raises_when_empty
tests/test_edgar.py::test_download_returns_text
tests/test_edgar.py::test_request_with_retry_recovers_from_request_error
tests/test_edgar_additional.py::test_list_new_filings_filters
tests/test_edgar_additional.py::test_download_success
tests/test_edgar_additional.py::test_list_new_filings_raises_when_empty
tests/test_edgar_flow.py::test_edgar_deployment_has_daily_schedule
tests/test_edgar_flow.py::test_fetch_and_store_encryption
tests/test_edgar_flow.py::test_fetch_and_store_inserts_filings_and_holdings
tests/test_edgar_flow.py::test_fetch_and_store_fires_new_filing_alerts
tests/test_edgar_flow.py::test_fetch_and_store_handles_empty_filings
tests/test_edgar_flow.py::test_fetch_and_store_inserts_multiple_rows
tests/test_edgar_flow.py::test_fetch_and_store_uses_postgres_safe_persistence
tests/test_edgar_flow.py::test_upsert_filing_legacy_handles_minimal_raw_key_schema
tests/test_edgar_flow.py::test_latest_filed_date_for_cik_reads_existing_watermark
tests/test_edgar_flow.py::test_replace_holdings_for_filing_uses_postgres_transaction
tests/test_edgar_flow.py::test_fetch_and_store_skips_when_manager_missing
tests/test_edgar_flow.py::test_fetch_and_store_idempotent_rerun
tests/test_edgar_flow.py::test_edgar_flow_skips_userwarning_and_writes_json
tests/test_edgar_flow.py::test_edgar_flow_uses_latest_stored_filed_date_when_since_missing
tests/test_edgar_flow.py::test_edgar_flow_default_ciks
tests/test_edgar_flow.py::test_edgar_flow_logs_missing_filings
tests/test_edgar_integration.py::test_edgar_flow_full_cycle
tests/test_edgar_integration.py::test_fetch_step_with_mocked_http
tests/test_edgar_integration.py::test_store_step_with_mocked_storage
tests/test_edgar_integration.py::test_parse_step_with_mocked_input
tests/test_edgar_integration.py::test_parse_step_prefers_edgartools_rows
tests/test_edgar_integration.py::test_edgartools_table_normalization_matches_legacy_contract
tests/test_edgar_integration.py::test_edgartools_table_normalization_accepts_dataframe_records
tests/test_edgar_integration.py::test_real_edgartools_parser_reads_committed_fixture
tests/test_edgar_integration.py::test_parse_warns_when_edgartools_is_unavailable
tests/test_edgar_integration.py::test_parse_warns_separately_for_edgartools_parser_runtime_error
tests/test_edgar_integration.py::test_parse_step_with_mocked_input_multiple_rows
tests/test_edgar_integration.py::test_parse_step_with_mocked_input_fixture
tests/test_edgar_integration.py::test_parse_step_with_mocked_input_empty_document
tests/test_edgar_integration.py::test_rate_limit_handling
tests/test_edgar_integration.py::test_outbound_request_rate_governor
tests/test_edgar_integration.py::test_edgar_min_request_interval_rejects_non_finite_config
tests/test_edgar_integration.py::test_malformed_data_handling
tests/test_edgar_integration.py::test_network_timeout_handling
tests/test_embeddings.py::test_store_document_with_metadata_populates_columns
tests/test_embeddings.py::test_store_and_search
tests/test_embeddings.py::test_store_document_deduplicates_by_sha256
tests/test_embeddings.py::test_store_document_creates_sha256_unique_index_sqlite
tests/test_embeddings.py::test_store_document_sqlite_create_table_uses_autoincrement
tests/test_embeddings.py::test_search_documents_manager_filter_and_shape
tests/test_embeddings.py::test_search_documents_manager_filter_with_manager_id_pk
tests/test_embeddings.py::test_search_documents_manager_filter_without_manager_name_column
tests/test_embeddings.py::test_store_document_and_search_legacy_schema
tests/test_embeddings.py::test_search_documents_empty_returns_list
tests/test_embeddings.py::test_embed_text_simple_mode
tests/test_embeddings.py::test_embed_text_uses_model_when_available
tests/test_embeddings.py::test_pgvector_embedding_pads_simple_mode_to_schema_width
tests/test_embeddings.py::test_pgvector_embedding_truncates_oversized_model_vectors
tests/test_embeddings.py::test_connection_dialect_detection_matches_adapter_branching
tests/test_embeddings.py::test_sqlite_schema_inspection_handles_legacy_and_missing_tables
tests/test_embeddings.py::test_postgres_schema_inspection_uses_information_schema
tests/test_embeddings.py::test_store_and_search_pgvector
tests/test_embeddings.py::test_store_document_postgres_uses_dialect_specific_schema_and_insert[True]
tests/test_embeddings.py::test_store_document_postgres_uses_dialect_specific_schema_and_insert[False]
tests/test_embeddings.py::test_store_document_postgres_requires_migrated_documents_schema[True]
tests/test_embeddings.py::test_store_document_postgres_requires_migrated_documents_schema[False]
tests/test_embeddings.py::test_store_document_pgvector_conflict_returns_existing
tests/test_embeddings.py::test_search_documents_postgres_without_registered_vector_uses_percent_placeholders
tests/test_embeddings.py::test_embeddings_pass_dialect_gate_without_allowlist
tests/test_embeddings.py::test_store_document_borrowed_connection_leaves_transaction_to_caller
tests/test_embeddings.py::test_search_documents_equal_distance_filings_use_stable_id_order[1]
tests/test_embeddings.py::test_search_documents_equal_distance_filings_use_stable_id_order[2]
tests/test_embeddings.py::test_search_documents_equal_distance_filings_use_stable_id_order[3]
tests/test_env_example_coverage.py::test_env_example_documents_production_env_reads
tests/test_env_example_coverage.py::test_env_coverage_guard_catches_new_undocumented_variable
tests/test_etl_flows_additional.py::test_etl_manager_id_readers_support_api_created_sqlite_schema
tests/test_etl_flows_additional.py::test_edgar_flow_writes_parsed_json_and_skips_warnings
tests/test_etl_flows_additional.py::test_fetch_and_store_returns_empty_for_no_filings
tests/test_etl_flows_additional.py::test_fetch_and_store_uploads_raw_and_persists_rows
tests/test_etl_flows_additional.py::test_daily_diff_flow_processes_all_managers
tests/test_etl_flows_additional.py::test_daily_diff_flow_writes_all_four_delta_types
tests/test_etl_flows_additional.py::test_daily_diff_flow_idempotent_rerun
tests/test_etl_flows_additional.py::test_summarise_posts_to_slack_when_webhook_set
tests/test_etl_flows_additional.py::test_summarise_skips_webhook_when_unset
tests/test_etl_flows_additional.py::test_summarise_uses_postgres_placeholder_with_canonical_tables
tests/test_etl_flows_additional.py::test_summariser_flow_defaults_to_yesterday
tests/test_evaluation.py::test_evaluate_filing_summary_accuracy_scores_perfect
tests/test_evaluation.py::test_evaluate_sql_correctness_distinguishes_matching_and_wrong_sql
tests/test_evaluation.py::test_evaluate_sql_safety_catches_dangerous_queries
tests/test_evaluation.py::test_evaluate_rag_faithfulness_and_hallucination
tests/test_evaluation.py::test_evaluate_rag_source_attribution_rejects_phantom_sources
tests/test_evaluation.py::test_load_dataset_reads_json_array
tests/test_evaluation.py::test_evaluation_flow_reports_failures_and_alerts
tests/test_evaluation.py::test_live_evaluation_builds_outputs_from_actual_chains
tests/test_evaluation.py::test_live_evaluation_suite_scores_live_chain_outputs
tests/test_evaluation.py::test_live_eval_meets_thresholds
tests/test_evaluation.py::test_seed_live_evaluation_database_is_deterministic
tests/test_extract_pdf.py::test_extract_pdf_returns_text_from_native_pdf
tests/test_extract_pdf.py::test_extract_pdf_raises_on_empty_provider_result
tests/test_extract_pdf.py::test_extract_pdf_raises_on_whitespace_provider_result
tests/test_extract_pdf.py::test_extract_pdf_wraps_malformed_provider_output
tests/test_feedback.py::test_feedback_endpoint_stores_rating
tests/test_feedback.py::test_feedback_endpoint_attaches_langsmith_feedback_when_available
tests/test_feedback.py::test_feedback_endpoint_enforces_rate_limit
tests/test_feedback.py::test_store_feedback_requires_migrated_postgres_table
tests/test_filing_summary_chain.py::test_load_filing_data_with_mock_database_data
tests/test_filing_summary_chain.py::test_load_filing_data_uses_shared_formatters[2-True]
tests/test_filing_summary_chain.py::test_load_filing_data_uses_shared_formatters[25-True]
tests/test_filing_summary_chain.py::test_load_filing_data_uses_shared_formatters[0-False]
tests/test_filing_summary_chain.py::test_run_uses_structured_output_when_available
tests/test_filing_summary_chain.py::test_run_falls_back_to_json_parser_when_structured_output_fails
tests/test_filing_summary_chain.py::test_run_recovers_partial_json_when_validation_fails
tests/test_filing_summary_chain.py::test_run_parses_uppercase_fenced_json_fallback
tests/test_filing_summary_chain.py::test_run_with_realish_data_uses_fallback_summary_when_llm_unstructured
tests/test_filing_summary_chain.py::test_error_handling_for_missing_filing_and_empty_holdings
tests/test_filing_summary_chain.py::test_langsmith_tracing_context_is_entered
tests/test_filing_summary_chain.py::test_langsmith_tracing_context_skips_when_not_configured
tests/test_filing_summary_chain.py::test_langsmith_tracing_context_uses_langsmith_when_configured
tests/test_filing_summary_chain.py::test_filing_summary_injection_defense_blocks_before_llm_call
tests/test_filing_summary_chain.py::test_run_logs_usage_to_api_usage_table
tests/test_gate_workflow_contract.py::test_pr_gate_python_ci_matches_main_ci_contract
tests/test_gate_workflow_contract.py::test_gate_summary_depends_on_python_ci
tests/test_github_api_retry_sparse_checkout.py::test_sparse_checkouts_include_error_classifier_with_retry_helper
tests/test_github_api_retry_sparse_checkout.py::test_github_api_retry_imports_with_minimal_sparse_checkout
tests/test_github_api_retry_sparse_checkout.py::test_record_autofix_metrics_job_sparse_checkout_paths
tests/test_github_rate_limited_wrapper_sync.py::test_github_rate_limited_wrapper_has_expected_exports
tests/test_github_rate_limited_wrapper_sync.py::test_github_rate_limited_wrapper_is_single_source_of_truth
tests/test_health_alerts_validator.py::test_health_alert_warning_threshold_present
tests/test_health_alerts_validator.py::test_health_alert_validator_rejects_non_greater_comparator
tests/test_health_alerts_validator.py::test_health_alert_validator_accepts_greater_equal_comparator
tests/test_health_alerts_validator.py::test_health_alert_validator_rejects_threshold_below_500ms
tests/test_health_alerts_validator.py::test_health_alert_validator_rejects_non_warning_severity
tests/test_health_alerts_validator.py::test_health_alert_validator_rejects_other_metric_thresholds
tests/test_health_alerts_validator.py::test_health_alert_validator_accepts_slash_health_endpoint
tests/test_health_alerts_validator.py::test_health_alert_validator_accepts_regex_health_endpoint
tests/test_health_alerts_validator.py::test_health_alert_validator_accepts_500ms_threshold
tests/test_health_detailed.py::test_health_detailed_ok
tests/test_health_detailed.py::test_health_detailed_invalid_timeout_configuration_uses_default[MINIO_HEALTH_TIMEOUT_S-minio-5.0-nan]
tests/test_health_detailed.py::test_health_detailed_invalid_timeout_configuration_uses_default[MINIO_HEALTH_TIMEOUT_S-minio-5.0-inf]
tests/test_health_detailed.py::test_health_detailed_invalid_timeout_configuration_uses_default[MINIO_HEALTH_TIMEOUT_S-minio-5.0--inf]
tests/test_health_detailed.py::test_health_detailed_invalid_timeout_configuration_uses_default[MINIO_HEALTH_TIMEOUT_S-minio-5.0-0]
tests/test_health_detailed.py::test_health_detailed_invalid_timeout_configuration_uses_default[MINIO_HEALTH_TIMEOUT_S-minio-5.0--1]
tests/test_health_detailed.py::test_health_detailed_invalid_timeout_configuration_uses_default[MINIO_HEALTH_TIMEOUT_S-minio-5.0-invalid]
tests/test_health_detailed.py::test_health_detailed_invalid_timeout_configuration_uses_default[MINIO_HEALTH_TIMEOUT_S-minio-5.0-]
tests/test_health_detailed.py::test_health_detailed_invalid_timeout_configuration_uses_default[MINIO_HEALTH_TIMEOUT_S-minio-5.0-1e999]
tests/test_health_detailed.py::test_health_detailed_invalid_timeout_configuration_uses_default[REDIS_HEALTH_TIMEOUT_S-redis-2.0-nan]
tests/test_health_detailed.py::test_health_detailed_invalid_timeout_configuration_uses_default[REDIS_HEALTH_TIMEOUT_S-redis-2.0-inf]
tests/test_health_detailed.py::test_health_detailed_invalid_timeout_configuration_uses_default[REDIS_HEALTH_TIMEOUT_S-redis-2.0--inf]
tests/test_health_detailed.py::test_health_detailed_invalid_timeout_configuration_uses_default[REDIS_HEALTH_TIMEOUT_S-redis-2.0-0]
tests/test_health_detailed.py::test_health_detailed_invalid_timeout_configuration_uses_default[REDIS_HEALTH_TIMEOUT_S-redis-2.0--1]
tests/test_health_detailed.py::test_health_detailed_invalid_timeout_configuration_uses_default[REDIS_HEALTH_TIMEOUT_S-redis-2.0-invalid]
tests/test_health_detailed.py::test_health_detailed_invalid_timeout_configuration_uses_default[REDIS_HEALTH_TIMEOUT_S-redis-2.0-]
tests/test_health_detailed.py::test_health_detailed_invalid_timeout_configuration_uses_default[REDIS_HEALTH_TIMEOUT_S-redis-2.0-1e999]
tests/test_health_detailed.py::test_health_detailed_db_unreachable
tests/test_health_detailed.py::test_health_detailed_minio_unreachable
tests/test_health_detailed.py::test_health_detailed_minio_retries_with_backoff
tests/test_health_detailed.py::test_health_detailed_redis_unreachable
tests/test_health_detailed.py::test_health_detailed_redis_ok
tests/test_health_detailed.py::test_health_detailed_minio_circuit_breaker_opens
tests/test_health_detailed.py::test_health_detailed_redis_circuit_breaker_opens
tests/test_health_detailed.py::test_health_detailed_minio_circuit_breaker_resets_after_cooldown
tests/test_health_retries.py::test_health_retry_backoff_timing
tests/test_holdings_analysis_chain.py::test_build_data_context_with_filters
tests/test_holdings_analysis_chain.py::test_build_data_context_falls_back_to_cusip_only_for_crowded_trades
tests/test_holdings_analysis_chain.py::test_build_data_context_falls_back_when_daily_diffs_has_no_cusip_column
tests/test_holdings_analysis_chain.py::test_build_data_context_falls_back_when_filings_table_missing_in_non_sqlite_error
tests/test_holdings_analysis_chain.py::test_build_data_context_falls_back_when_holdings_report_date_column_missing
tests/test_holdings_analysis_chain.py::test_chain_with_mocked_llm_response
tests/test_holdings_analysis_chain.py::test_build_data_context_skips_missing_conviction_scores_table
tests/test_holdings_analysis_chain.py::test_build_data_context_raises_for_non_table_conviction_error
tests/test_holdings_analysis_chain.py::test_question_routing_variants_in_query_filters
tests/test_holdings_analysis_chain.py::test_context_truncation_for_large_portfolio
tests/test_holdings_analysis_chain.py::test_injection_defense_blocks_malicious_question_before_llm_call
tests/test_holdings_analysis_chain.py::test_injection_defense_blocks_malicious_data_context_before_llm_call
tests/test_holdings_analysis_chain.py::test_injection_defense_blocks_malicious_cusip_before_llm_call
tests/test_holdings_analysis_chain.py::test_run_uses_structured_output_when_available
tests/test_holdings_analysis_chain.py::test_run_falls_back_to_json_parser_when_structured_output_fails
tests/test_holdings_analysis_chain.py::test_run_parses_structured_json_string_without_fallback_call
tests/test_holdings_analysis_chain.py::test_run_recovers_partial_structured_payload_without_fallback_call
tests/test_holdings_analysis_chain.py::test_run_parses_uppercase_fenced_json_fallback
tests/test_holdings_analysis_chain.py::test_holdings_analysis_tracing_context_is_entered
tests/test_holdings_analysis_chain.py::test_holdings_analysis_tracing_context_includes_filter_inputs
tests/test_holdings_analysis_chain.py::test_run_logs_usage_to_api_usage_table
tests/test_identifiers.py::test_normalize_cik_preserves_integer_float_values
tests/test_identifiers.py::test_normalize_cik_constrains_oversized_digit_strings
tests/test_ingest_flow.py::test_fetch_and_store_us_uses_manager_cik_and_inserts_holdings
tests/test_ingest_flow.py::test_fetch_and_store_caps_single_large_filing_return_rows
tests/test_ingest_flow.py::test_fetch_and_store_ignores_invalid_max_results_env
tests/test_ingest_flow.py::test_fetch_and_store_rolls_back_and_closes_when_parse_fails
tests/test_ingest_flow.py::test_fetch_and_store_disables_postgres_autocommit_for_unit_of_work
tests/test_ingest_flow.py::test_fetch_and_store_rolls_back_and_closes_when_transaction_setup_fails
tests/test_ingest_flow.py::test_fetch_and_store_us_replaces_existing_holdings_for_same_filing
tests/test_ingest_flow.py::test_sqlite_filing_upsert_preserves_identity_and_replaces_children
tests/test_ingest_flow.py::test_fetch_and_store_uk_uses_registry_id_and_stores_payload
tests/test_ingest_flow.py::test_fetch_and_store_uk_uses_form_type_and_never_inserts_holdings
tests/test_ingest_flow.py::test_adapter_registry_covers_documented_jurisdictions
tests/test_ingest_flow.py::test_replace_holdings_rows_uses_postgres_transaction
tests/test_ingest_flow.py::test_default_identifiers_uses_jurisdiction_environment_mapping[us-CIK_LIST-0001791786,0001434997]
tests/test_ingest_flow.py::test_default_identifiers_uses_jurisdiction_environment_mapping[uk-UK_COMPANY_NUMBERS-]
tests/test_ingest_flow.py::test_default_identifiers_uses_jurisdiction_environment_mapping[ca-CA_CIK_LIST-]
tests/test_ingest_flow.py::test_default_identifiers_uses_jurisdiction_environment_mapping[sg-SG_ENTITY_IDS-]
tests/test_ingest_flow.py::test_default_identifiers_uses_jurisdiction_environment_mapping[au-AU_ASIC_IDS-]
tests/test_ingest_flow.py::test_fetch_and_store_metadata_jurisdictions_store_payload_without_holdings[ca-registry_ids0-0000000002-sedar-1-None]
tests/test_ingest_flow.py::test_fetch_and_store_metadata_jurisdictions_store_payload_without_holdings[sg-registry_ids1-MAS-123-mas-1-2024-03-01]
tests/test_ingest_flow.py::test_fetch_and_store_metadata_jurisdictions_store_payload_without_holdings[au-registry_ids2-ASIC-123-asic-1-2024-04-01]
tests/test_ingest_flow.py::test_edgar_flow_is_us_wrapper
tests/test_ingest_flow.py::test_uk_flow_is_uk_wrapper
tests/test_ingest_flow.py::test_fetch_and_store_indexes_raw_filing_in_active_db_with_manager_metadata[True]
tests/test_ingest_flow.py::test_fetch_and_store_indexes_raw_filing_in_active_db_with_manager_metadata[False]
tests/test_ingest_flow.py::test_fetch_and_store_index_failure_rolls_back_filing_batch[embedding]
tests/test_ingest_flow.py::test_fetch_and_store_index_failure_rolls_back_filing_batch[filing]
tests/test_ingest_flow.py::test_fetch_and_store_does_not_index_binary_or_unknown_manager[True]
tests/test_ingest_flow.py::test_fetch_and_store_does_not_index_binary_or_unknown_manager[False]
tests/test_ingest_flow.py::test_ingest_document_import_failure_is_not_silently_ignored
tests/test_injection.py::test_direct_override_and_exfil_patterns_blocked
tests/test_injection.py::test_normalization_handles_case_and_whitespace
tests/test_injection.py::test_system_prompt_exfil_blocked
tests/test_injection.py::test_explicit_jailbreak_blocked
tests/test_injection.py::test_tool_execution_blocked
tests/test_injection.py::test_sql_drop_table_blocked
tests/test_injection.py::test_sql_or_true_blocked
tests/test_injection.py::test_sql_union_select_blocked
tests/test_injection.py::test_financial_manipulation_trade_blocked
tests/test_injection.py::test_financial_manipulation_transfer_blocked
tests/test_injection.py::test_base64_encoded_override_blocked
tests/test_injection.py::test_hex_encoded_override_blocked
tests/test_injection.py::test_rot13_encoded_override_blocked
tests/test_injection.py::test_url_encoded_override_blocked
tests/test_injection.py::test_double_url_encoded_override_blocked
tests/test_injection.py::test_unicode_escape_encoded_override_blocked
tests/test_injection.py::test_html_entity_encoded_override_blocked
tests/test_injection.py::test_original_and_decoded_variants_both_checked
tests/test_injection.py::test_returns_matched_pattern_names_list
tests/test_injection.py::test_benign_inputs_are_safe[What are Elliott's top holdings?]
tests/test_injection.py::test_benign_inputs_are_safe[Summarize the latest 13F filing]
tests/test_injection.py::test_benign_inputs_are_safe[Which managers hold AAPL stock?]
tests/test_injection.py::test_benign_inputs_are_safe[Show me the daily report for yesterday]
tests/test_injection.py::test_benign_inputs_are_safe[What is the conviction score for Apple?]
tests/test_injection.py::test_empty_string_safe
tests/test_injection.py::test_very_long_input_scanned_correctly
tests/test_injection.py::test_mixed_encoding_partial_base64_scanned
tests/test_injection.py::test_guard_chain_input_raises_prompt_injection_error
tests/test_injection.py::test_guard_chain_input_returns_normalized_input
tests/test_injection.py::test_check_and_block_safe_tuple_format
tests/test_injection.py::test_check_and_block_blocked_tuple_format
tests/test_insider_flow.py::test_normalize_and_net_direction
tests/test_insider_flow.py::test_ingest_stubbed_edgartools_net_buy
tests/test_insider_flow.py::test_robustness_fetch_error_does_not_drop_conviction
tests/test_insider_flow.py::test_deliberate_break_raises_when_guard_disabled
tests/test_insider_flow.py::test_annotate_conviction_rows_joins_direction
tests/test_insider_normalisation.py::test_the_shapes_edgar_emits_are_parsed[2026-08-30-2026-08-30]
tests/test_insider_normalisation.py::test_the_shapes_edgar_emits_are_parsed[2026-08-30T12:00:00-2026-08-30]
tests/test_insider_normalisation.py::test_the_shapes_edgar_emits_are_parsed[20260830-2026-08-30]
tests/test_insider_normalisation.py::test_the_shapes_edgar_emits_are_parsed[value3-2026-08-30]
tests/test_insider_normalisation.py::test_the_shapes_edgar_emits_are_parsed[value4-2026-08-30]
tests/test_insider_normalisation.py::test_a_us_format_date_is_refused_rather_than_mangled
tests/test_insider_normalisation.py::test_a_malformed_date_does_not_crash_the_direction_calculation[08/30/2026]
tests/test_insider_normalisation.py::test_a_malformed_date_does_not_crash_the_direction_calculation[2026-99-99]
tests/test_insider_normalisation.py::test_a_malformed_date_does_not_crash_the_direction_calculation[2026-02-30]
tests/test_insider_normalisation.py::test_unreadable_dates_are_none[None]
tests/test_insider_normalisation.py::test_unreadable_dates_are_none[]
tests/test_insider_normalisation.py::test_unreadable_dates_are_none[nonsense]
tests/test_insider_normalisation.py::test_unreadable_dates_are_none[2026-8-3]
tests/test_insider_normalisation.py::test_unreadable_dates_are_none[1234567]
tests/test_insider_normalisation.py::test_unreadable_dates_are_none[2026-99-99]
tests/test_insider_normalisation.py::test_unreadable_dates_are_none[2026-02-30]
tests/test_insider_normalisation.py::test_acquisition_words_map_to_a[A]
tests/test_insider_normalisation.py::test_acquisition_words_map_to_a[a]
tests/test_insider_normalisation.py::test_acquisition_words_map_to_a[ACQUIRED]
tests/test_insider_normalisation.py::test_acquisition_words_map_to_a[acquired]
tests/test_insider_normalisation.py::test_acquisition_words_map_to_a[BUY]
tests/test_insider_normalisation.py::test_acquisition_words_map_to_a[purchase]
tests/test_insider_normalisation.py::test_disposal_words_map_to_d[D]
tests/test_insider_normalisation.py::test_disposal_words_map_to_d[d]
tests/test_insider_normalisation.py::test_disposal_words_map_to_d[DISPOSED]
tests/test_insider_normalisation.py::test_disposal_words_map_to_d[disposed]
tests/test_insider_normalisation.py::test_disposal_words_map_to_d[SELL]
tests/test_insider_normalisation.py::test_disposal_words_map_to_d[sale]
tests/test_insider_normalisation.py::test_acquiring_form4_codes_map_to_a[P-A]
tests/test_insider_normalisation.py::test_acquiring_form4_codes_map_to_a[A-A]
tests/test_insider_normalisation.py::test_acquiring_form4_codes_map_to_a[M-A]
tests/test_insider_normalisation.py::test_acquiring_form4_codes_map_to_a[I-A]
tests/test_insider_normalisation.py::test_disposing_form4_codes_map_to_d[S-D]
tests/test_insider_normalisation.py::test_disposing_form4_codes_map_to_d[D-D]
tests/test_insider_normalisation.py::test_disposing_form4_codes_map_to_d[G-D]
tests/test_insider_normalisation.py::test_disposing_form4_codes_map_to_d[F-D]
tests/test_insider_normalisation.py::test_an_unknown_code_is_none_rather_than_a_default_direction
tests/test_insider_normalisation.py::test_an_explicit_field_wins_over_the_transaction_code
tests/test_insider_normalisation.py::test_a_word_beginning_with_a_or_d_is_read_by_its_first_letter
tests/test_insider_normalisation.py::test_more_bought_than_sold_is_a_net_buy
tests/test_insider_normalisation.py::test_more_sold_than_bought_is_a_net_sell
tests/test_insider_normalisation.py::test_equal_volumes_are_flat_not_unknown
tests/test_insider_normalisation.py::test_no_rows_is_unknown_not_flat
tests/test_insider_normalisation.py::test_rows_with_no_classifiable_direction_are_unknown
tests/test_insider_normalisation.py::test_unreadable_share_quantity_does_not_flatten_valid_transactions
tests/test_insider_normalisation.py::test_the_lookback_window_excludes_older_transactions
tests/test_insider_normalisation.py::test_numeric_values_are_coerced[1.5-1.5]
tests/test_insider_normalisation.py::test_numeric_values_are_coerced[2-2.0]
tests/test_insider_normalisation.py::test_numeric_values_are_coerced[0-0.0]
tests/test_insider_normalisation.py::test_numeric_values_are_coerced[-3--3.0]
tests/test_insider_normalisation.py::test_unreadable_numbers_are_none_not_zero[None]
tests/test_insider_normalisation.py::test_unreadable_numbers_are_none_not_zero[]
tests/test_insider_normalisation.py::test_unreadable_numbers_are_none_not_zero[abc]
tests/test_insider_normalisation.py::test_unreadable_numbers_are_none_not_zero[value3]
tests/test_insider_normalisation.py::test_unreadable_numbers_are_none_not_zero[value4]
tests/test_insider_normalisation.py::test_unreadable_numbers_are_none_not_zero[nan]
tests/test_insider_normalisation.py::test_unreadable_numbers_are_none_not_zero[inf]
tests/test_insider_normalisation.py::test_unreadable_numbers_are_none_not_zero[-inf]
tests/test_insider_normalisation.py::test_pinned_edgartools_dataframe_shape_preserves_transaction_signal
tests/test_intent.py::test_classify_intent_routes_filing_summary_queries
tests/test_intent.py::test_classify_intent_routes_holdings_analysis_queries
tests/test_intent.py::test_classify_intent_routes_nl_query_questions
tests/test_intent.py::test_classify_intent_defaults_ambiguous_queries_to_rag_search
tests/test_issue_dedup.py::test_unrelated_issue_is_not_flagged_as_duplicate
tests/test_issue_dedup.py::test_duplicate_comment_includes_details_block_and_separator
tests/test_issue_formatter.py::test_format_issue_fallback_ignores_structural_lines_in_checklists
tests/test_labeling_auto_label.py::test_auto_label_marks_crash_reports_as_bug
tests/test_labeling_auto_label.py::test_auto_label_uses_body_keywords
tests/test_labeling_auto_label.py::test_bug_keyword_beats_semantic_match
tests/test_labeling_auto_label.py::test_auto_label_marks_defect_as_bug
tests/test_labeling_auto_label.py::test_auto_label_marks_panics_as_bug
tests/test_langsmith_fleet.py::test_no_secret_status_when_key_missing
tests/test_langsmith_fleet.py::test_success_status_when_key_present
tests/test_langsmith_fleet.py::test_error_status_when_provider_returns_500
tests/test_langsmith_fleet.py::test_rate_limited_429_is_fallback_status
tests/test_langsmith_fleet.py::test_fallback_status_when_fallback_reason_set
tests/test_langsmith_fleet.py::test_feedback_record_correlates_response_id
tests/test_langsmith_fleet.py::test_feedback_record_no_secret_when_key_missing
tests/test_langsmith_fleet.py::test_feedback_forwarded_false_stays_no_secret_when_key_missing
tests/test_langsmith_fleet.py::test_append_fleet_records_writes_ndjson
tests/test_langsmith_fleet.py::test_append_fleet_records_respects_retention_limit
tests/test_langsmith_fleet.py::test_default_artifact_path_respects_env
tests/test_langsmith_fleet.py::test_default_artifact_path_falls_back_to_project_root
tests/test_langsmith_fleet.py::test_record_chat_event_persists_and_returns
tests/test_langsmith_fleet.py::test_record_feedback_event_persists_and_returns
tests/test_langsmith_fleet.py::test_workflow_tag_mapping_covers_all_chains
tests/test_langsmith_fleet.py::test_no_secret_record_omits_trace_url_when_missing
tests/test_langsmith_fleet.py::test_record_provides_repo_and_github_issue_anchors
tests/test_langsmith_fleet.py::test_feedback_record_forwarded_false_is_fallback
tests/test_langsmith_fleet.py::test_append_fleet_records_returns_path_on_empty_input
tests/test_langsmith_fleet.py::test_append_fleet_records_raises_on_zero_retention
tests/test_langsmith_fleet.py::test_error_status_for_500_without_error_category
tests/test_langsmith_fleet.py::test_record_includes_github_pr_when_set
tests/test_langsmith_fleet.py::test_record_includes_trace_id_when_set
tests/test_langsmith_fleet.py::test_record_includes_artifact_ref_when_passed
tests/test_llm_client.py::test_build_chat_client_returns_openai_when_key_available
tests/test_llm_client.py::test_build_chat_client_falls_back_to_anthropic
tests/test_llm_client.py::test_build_chat_client_returns_none_when_no_keys
tests/test_llm_client.py::test_build_chat_client_honors_env_overrides
tests/test_llm_client.py::test_explicit_provider_uses_its_matching_default_model
tests/test_llm_client.py::test_non_current_lifecycle_model_is_not_served
tests/test_llm_client.py::test_blocked_slot_model_is_not_selected
tests/test_llm_client.py::test_blocked_slot_env_model_falls_back_to_slot_model
tests/test_llm_client.py::test_invalid_slot_config_slots_shape_fails_closed
tests/test_llm_client.py::test_invalid_slot_config_entry_fails_closed
tests/test_llm_client.py::test_blank_slot_env_model_falls_back_to_slot_model
tests/test_llm_client.py::test_profile_slot_resolves_reviewed_selection
tests/test_llm_client.py::test_profile_slot_with_unresolvable_profile_fails_closed
tests/test_llm_cost_tracking.py::test_estimate_cost_usd_uses_model_pricing
tests/test_llm_cost_tracking.py::test_log_llm_usage_creates_api_usage_and_inserts_row
tests/test_llm_provider.py::test_create_llm_openai_with_valid_credentials
tests/test_llm_provider.py::test_create_llm_anthropic_with_valid_credentials
tests/test_llm_provider.py::test_create_llm_azure_openai_with_valid_credentials
tests/test_llm_provider.py::test_create_llm_missing_credentials_raises_value_error
tests/test_llm_provider.py::test_create_llm_missing_credentials_fails_before_import
tests/test_llm_provider.py::test_create_llm_azure_openai_requires_all_credentials
tests/test_llm_provider.py::test_create_llm_unsupported_provider_raises_value_error
tests/test_llm_provider.py::test_create_llm_lazy_import_failure_is_explicit
tests/test_llm_tracing.py::test_maybe_enable_langsmith_tracing_with_key_present
tests/test_llm_tracing.py::test_maybe_enable_langsmith_tracing_without_key
tests/test_llm_tracing.py::test_langsmith_tracing_context_is_noop_when_disabled
tests/test_llm_tracing.py::test_langsmith_tracing_context_uses_langsmith_when_enabled
tests/test_llm_tracing.py::test_langsmith_tracing_context_swallows_runtime_errors
tests/test_llm_tracing.py::test_resolve_trace_url_supports_string_run_object_and_none
tests/test_logging_setup.py::test_configure_logging_emits_json
tests/test_logging_setup.py::test_configure_logging_adds_cloudwatch_handler
tests/test_logging_setup.py::test_log_outcome_uses_warning_for_empty
tests/test_manager_api.py::test_manager_empty_name_returns_400
tests/test_manager_api.py::test_required_field_errors_contains_name_only
tests/test_manager_api.py::test_manager_invalid_cik_returns_400
tests/test_manager_api.py::test_manager_valid_record_is_stored
tests/test_manager_api.py::test_manager_create_accepts_investment_payload_shape
tests/test_manager_api.py::test_manager_list_returns_paginated_results
tests/test_manager_api.py::test_manager_list_limit_offset_zero_returns_all
tests/test_manager_api.py::test_manager_list_returns_ordered_by_id
tests/test_manager_api.py::test_manager_list_defaults_return_empty_page
tests/test_manager_api.py::test_manager_list_defaults_return_first_page
tests/test_manager_api.py::test_manager_list_returns_new_manager_shape
tests/test_manager_api.py::test_manager_list_filter_by_jurisdiction_returns_subset
tests/test_manager_api.py::test_manager_list_filter_by_tag_returns_subset
tests/test_manager_api.py::test_manager_list_filter_by_jurisdiction_and_tag_returns_subset
tests/test_manager_api.py::test_manager_list_filter_with_pagination_returns_expected_page
tests/test_manager_api.py::test_manager_list_filter_trims_whitespace_values
tests/test_manager_api.py::test_manager_list_filter_whitespace_only_treated_as_no_filter
tests/test_manager_api.py::test_manager_stats_returns_accurate_jurisdiction_and_tag_counts
tests/test_manager_api.py::test_manager_list_invalid_limit_returns_400
tests/test_manager_api.py::test_manager_list_negative_limit_returns_400
tests/test_manager_api.py::test_manager_list_limit_above_max_returns_400
tests/test_manager_api.py::test_manager_list_offset_beyond_total_returns_empty_page
tests/test_manager_api.py::test_manager_list_invalid_offset_returns_400
tests/test_manager_api.py::test_manager_list_invalid_limit_and_offset_returns_400
tests/test_manager_api.py::test_manager_get_returns_single_manager
tests/test_manager_api.py::test_manager_get_returns_full_investment_manager_record
tests/test_manager_api.py::test_manager_get_returns_404_for_missing_id
tests/test_manager_api.py::test_manager_get_invalid_id_returns_400
tests/test_manager_api.py::test_manager_create_db_unavailable_returns_503
tests/test_manager_api.py::test_manager_list_db_unavailable_returns_503
tests/test_manager_api.py::test_manager_get_db_unavailable_returns_503
tests/test_manager_api.py::test_manager_patch_updates_fields
tests/test_manager_api.py::test_manager_patch_response_reflects_its_own_update_not_a_warm_cache
tests/test_manager_api.py::test_manager_patch_rejects_invalid_cik
tests/test_manager_api.py::test_manager_patch_requires_at_least_one_field
tests/test_manager_api.py::test_manager_patch_returns_404_for_missing_id
tests/test_manager_api.py::test_manager_tags_patch_adds_and_removes_without_replacing_record
tests/test_manager_api.py::test_manager_tags_patch_requires_non_empty_add_or_remove
tests/test_manager_api.py::test_manager_tags_patch_returns_404_for_missing_id
tests/test_manager_api.py::test_manager_tags_patch_supports_remove_only
tests/test_manager_api.py::test_manager_tags_patch_supports_add_only_and_dedupes
tests/test_manager_api.py::test_manager_tags_patch_noop_preserves_updated_at
tests/test_manager_api.py::test_manager_delete_removes_record
tests/test_manager_api.py::test_manager_delete_returns_404_for_missing_id
tests/test_manager_api.py::test_manager_postgres_queries_use_canonical_manager_id_column
tests/test_manager_api.py::test_manager_postgres_writes_return_and_filter_by_manager_id
tests/test_manager_bulk_api.py::test_bulk_json_imports_valid_records
tests/test_manager_bulk_api.py::test_bulk_json_import_persists_investment_manager_fields
tests/test_manager_bulk_api.py::test_bulk_csv_import_logs_invalid_rows
tests/test_manager_bulk_api.py::test_bulk_csv_import_parses_investment_manager_field_names
tests/test_manager_bulk_api.py::test_bulk_csv_import_rejects_missing_headers
tests/test_manager_bulk_api.py::test_bulk_json_import_handles_large_batch
tests/test_manager_bulk_api.py::test_bulk_import_rejects_large_payload
tests/test_manager_bulk_api.py::test_bulk_import_requires_payload
tests/test_manager_bulk_api.py::test_bulk_json_rejects_invalid_utf8_as_bad_request
tests/test_manager_bulk_api.py::test_bulk_json_reports_non_object_and_invalid_records
tests/test_manager_bulk_api.py::test_bulk_import_checks_actual_body_size_after_declared_length
tests/test_manager_bulk_api.py::test_bulk_csv_rejects_invalid_utf8
tests/test_manager_bulk_api.py::test_bulk_json_requires_an_array_body
tests/test_manager_bulk_api.py::test_bulk_csv_with_only_empty_records_is_rejected
tests/test_manager_cache.py::test_cache_get_counts_stored_null_as_hit
tests/test_manager_cache.py::test_cache_get_preserves_legacy_non_json_payload
tests/test_manager_cache.py::test_manager_list_cache_hits
tests/test_manager_cache.py::test_manager_cache_invalidation_on_write
tests/test_manager_cache.py::test_missing_manager_result_is_cached
tests/test_manager_cache.py::test_cached_missing_manager_is_invalidated_before_create_refetch
tests/test_manager_similarity_flow.py::test_similarity_uses_union_denominator_and_latest_filings
tests/test_manager_similarity_flow.py::test_cosine_similarity_matches_hand_computed_vectors
tests/test_manager_similarity_flow.py::test_similarity_rebuild_rolls_back_on_insert_failure
tests/test_manager_similarity_flow.py::test_similar_manager_endpoint_orders_canonical_pairs_and_returns_404
tests/test_manager_similarity_flow.py::test_similar_manager_default_basis_is_config_selectable
tests/test_manager_universe_api.py::test_universe_import_creates_updates_and_skips_records
tests/test_manager_universe_api.py::test_universe_import_requires_array_body
tests/test_manager_universe_api.py::test_universe_import_skips_non_object_records
tests/test_manager_universe_api.py::test_universe_import_empty_array_returns_zero_counts
tests/test_manager_universe_api.py::test_universe_import_upserts_on_cik_conflict_within_single_request
tests/test_manager_universe_api.py::test_manager_stats_uses_universe_jurisdiction_column
tests/test_manager_universe_api.py::test_universe_import_populates_jurisdictions_for_list_filter
tests/test_metrics.py::test_metrics_exposes_health_check_histogram
tests/test_monitor_memory.py::test_parse_proc_status_reads_rss_and_vmsize
tests/test_monitor_memory.py::test_parse_proc_status_requires_fields
tests/test_monitor_memory.py::test_write_samples_respects_max_samples
tests/test_monitoring_dataset.py::test_monitoring_dataset_has_additional_samples
tests/test_news_adapter.py::test_fetch_rss_parses_entries_filters_by_since_and_logs_calls
tests/test_news_adapter.py::test_configured_rss_feeds_uses_defaults_when_env_missing
tests/test_news_adapter.py::test_configured_rss_feeds_defaults_match_sec_sources
tests/test_news_adapter.py::test_configured_rss_feeds_falls_back_to_defaults_when_env_has_no_urls
tests/test_news_adapter.py::test_list_new_items_rss_delegates_to_fetch_rss
tests/test_news_adapter.py::test_list_new_items_gdelt_delegates_to_fetch_gdelt
tests/test_news_adapter.py::test_list_new_items_normalizes_missing_since
tests/test_news_adapter.py::test_configured_gdelt_managers_reads_env
tests/test_news_adapter.py::test_configured_entity_tagging_mode_defaults_to_keyword
tests/test_news_adapter.py::test_model_entity_link_matches_extracted_manager_alias
tests/test_news_adapter.py::test_model_entity_link_respects_confidence_threshold
tests/test_news_adapter.py::test_model_entity_link_ignores_predictions_without_confidence
tests/test_news_adapter.py::test_match_extracted_entity_prefers_specific_manager_term
tests/test_news_adapter.py::test_predict_model_entities_caches_gliner_model
tests/test_news_adapter.py::test_prepare_model_text_caches_spacy_model
tests/test_news_adapter.py::test_fetch_gdelt_parses_articles_filters_by_since_and_logs_calls
tests/test_news_adapter.py::test_fetch_gdelt_rate_limits_requests
tests/test_news_adapter.py::test_tag_adds_topics_and_confidence
tests/test_news_adapter.py::test_tag_adds_empty_topics_and_zero_confidence_for_blank_item
tests/test_news_adapter.py::test_download_strips_html_truncates_and_logs_calls
tests/test_news_adapter.py::test_download_returns_empty_string_on_http_error
tests/test_news_flow.py::test_news_flow_uses_default_sources
tests/test_news_flow.py::test_news_flow_defaults_to_rss_and_gdelt_when_env_missing
tests/test_news_flow.py::test_news_flow_defaults_to_rss_and_gdelt_when_env_empty
tests/test_news_flow.py::test_news_flow_respects_explicit_sources
tests/test_news_flow.py::test_fetch_news_lists_and_tags_items
tests/test_news_flow.py::test_fetch_news_falls_back_to_original_item_when_tag_returns_none
tests/test_news_flow.py::test_match_entities_links_items_by_name_and_alias
tests/test_news_flow.py::test_match_entities_supports_postgres_array_literal_aliases
tests/test_news_flow.py::test_persist_news_inserts_items
tests/test_news_flow.py::test_resolve_source_since_uses_watermark_then_news_fallback
tests/test_news_flow.py::test_news_flow_advances_watermark_after_each_run
tests/test_news_flow.py::test_persist_news_ignores_duplicate_url_and_published_at
tests/test_news_flow.py::test_inserted_news_items_filters_existing_rows
tests/test_news_flow.py::test_emit_news_spike_alerts_groups_items_by_manager
tests/test_news_flow.py::test_news_deployment_has_hourly_schedule
tests/test_news_flow.py::test_match_entities_defaults_to_keyword_mode
tests/test_news_flow.py::test_match_entities_parallel_mode_links_model_alias_keyword_misses
tests/test_nl_query_chain.py::test_validate_sql_allows_select_and_blocks_mutations
tests/test_nl_query_chain.py::test_normalize_sql_injects_limit_when_missing
tests/test_nl_query_chain.py::test_normalize_sql_caps_existing_large_limit
tests/test_nl_query_chain.py::test_validate_sql_rejects_tableless_system_calls
tests/test_nl_query_chain.py::test_validate_sql_still_allows_known_table_queries
tests/test_nl_query_chain.py::test_run_executes_query_and_formats_small_results
tests/test_nl_query_chain.py::test_sqlite_chain_rejects_postgres_only_sql
tests/test_nl_query_chain.py::test_format_results_summarizes_large_result_sets
tests/test_nl_query_chain.py::test_guard_blocks_prompt_injection
tests/test_nl_query_chain.py::test_load_schema_ddl_omits_internal_api_usage_table
tests/test_nl_query_chain.py::test_prompt_includes_context_filters
tests/test_nl_query_chain.py::test_context_guard_blocks_prompt_injection
tests/test_numeric.py::test_parse_finite_float_normalizes_overflow
tests/test_open_issues.py::test_parse_tasks
tests/test_openapi_schema.py::test_openapi_chat_schema
tests/test_openapi_schema.py::test_openapi_managers_schema
tests/test_openapi_schema.py::test_openapi_health_db_schema
tests/test_openapi_schema.py::test_docs_route_exposes_openapi
tests/test_openfigi_resolution.py::test_openfigi_resolves_known_cusip_and_uses_cache
tests/test_openfigi_resolution.py::test_openfigi_records_unmapped_rate_without_dropping_holding
tests/test_openfigi_resolution.py::test_openfigi_rejects_malformed_cusips_before_lookup
tests/test_openfigi_resolution.py::test_openfigi_counts_unmapped_unique_cusips
tests/test_openfigi_resolution.py::test_openfigi_cache_lookup_chunks_large_batches
tests/test_openfigi_resolution.py::test_edgar_flow_persists_resolved_identifiers
tests/test_openfigi_resolution.py::test_edgar_flow_inserts_holdings_when_identifier_resolution_fails
tests/test_openfigi_resolution.py::test_schema_contains_identifier_resolution_tables
tests/test_parser_snapshot_regression.py::test_edgar_parser_retained_prior_snapshot_fixture
tests/test_placeholder.py::test_placeholder
tests/test_prepare_memory_review.py::test_build_review_includes_stability_and_checklist
tests/test_prepare_memory_review.py::test_build_review_requires_minimum_duration
tests/test_prepare_memory_review.py::test_build_review_flags_oom_events
tests/test_prepare_memory_review.py::test_review_result_tracks_oom_readiness
tests/test_quality_flags.py::test_conflicting_update_records_flag
tests/test_quality_flags.py::test_delta_missing_fields
tests/test_rag_search_chain.py::test_entity_extraction_matches_manager_ids
tests/test_rag_search_chain.py::test_structured_search_returns_holdings_and_sources
tests/test_rag_search_chain.py::test_run_combines_vector_and_structured_context
tests/test_rag_search_chain.py::test_sources_are_evidence_objects
tests/test_rag_search_chain.py::test_document_excerpt_carried
tests/test_rag_search_chain.py::test_evidence_model_json_and_legacy_fields_from_locator
tests/test_rag_search_chain.py::test_evidence_confidence_defaults_to_zero_when_omitted
tests/test_rag_search_chain.py::test_run_returns_low_confidence_without_context
tests/test_rag_search_chain.py::test_structured_search_uses_postgres_placeholders
tests/test_rag_search_chain.py::test_run_honors_explicit_context_filters
tests/test_rag_search_chain.py::test_run_rejects_prompt_injection_in_context
tests/test_rate_limit_contract.py::test_documented_endpoints_do_not_emit_rate_limit_headers[GET-/chat-kwargs0]
tests/test_rate_limit_contract.py::test_documented_endpoints_do_not_emit_rate_limit_headers[POST-/api/chat-kwargs1]
tests/test_rate_limit_contract.py::test_documented_endpoints_do_not_emit_rate_limit_headers[POST-/api/chat/filing-summary-kwargs2]
tests/test_rate_limit_contract.py::test_documented_endpoints_do_not_emit_rate_limit_headers[POST-/api/chat/holdings-analysis-kwargs3]
tests/test_rate_limit_contract.py::test_documented_endpoints_do_not_emit_rate_limit_headers[POST-/api/chat/query-kwargs4]
tests/test_rate_limit_contract.py::test_documented_endpoints_do_not_emit_rate_limit_headers[POST-/api/chat/search-kwargs5]
tests/test_rate_limit_contract.py::test_documented_endpoints_do_not_emit_rate_limit_headers[GET-/managers-kwargs6]
tests/test_rate_limit_contract.py::test_documented_endpoints_do_not_emit_rate_limit_headers[POST-/api/managers/bulk-kwargs7]
tests/test_rate_limit_contract.py::test_documented_endpoints_do_not_emit_rate_limit_headers[GET-/api/data-kwargs8]
tests/test_rate_limit_contract.py::test_documented_endpoints_do_not_emit_rate_limit_headers[GET-/health/db-kwargs9]
tests/test_rate_limit_contract.py::test_chat_write_limiter_is_session_keyed_and_returns_bare_429
tests/test_rate_limit_contract.py::test_chat_limiter_accepts_signed_server_session_cookies
tests/test_rate_limit_contract.py::test_chat_limiter_reads_runtime_cookie_name
tests/test_rate_limit_contract.py::test_chat_limiter_rejects_rotating_client_session_headers
tests/test_rate_limit_contract.py::test_chat_limiter_rejects_rotating_client_session_cookies
tests/test_rate_limit_contract.py::test_chat_rate_limit_env_overrides_are_used
tests/test_rate_limit_contract.py::test_chat_rate_limit_per_minute_rejects_invalid_values[0]
tests/test_rate_limit_contract.py::test_chat_rate_limit_per_minute_rejects_invalid_values[-1]
tests/test_rate_limit_contract.py::test_chat_rate_limit_per_minute_rejects_invalid_values[nan]
tests/test_rate_limit_contract.py::test_chat_rate_limit_per_minute_rejects_invalid_values[inf]
tests/test_rate_limit_contract.py::test_chat_rate_limit_per_minute_rejects_invalid_values[1.5]
tests/test_rate_limit_contract.py::test_chat_rate_limit_window_rejects_non_finite_values[nan]
tests/test_rate_limit_contract.py::test_chat_rate_limit_window_rejects_non_finite_values[inf]
tests/test_rate_limit_contract.py::test_chat_rate_limit_window_rejects_non_finite_values[-inf]
tests/test_rate_limit_contract.py::test_feedback_limiter_shares_documented_bare_429_shape
tests/test_rate_limit_contract.py::test_rate_limit_document_matches_shipped_header_contract
tests/test_rate_limit_contract.py::test_api_design_guidelines_do_not_claim_global_rate_limiting
tests/test_rate_limit_contract.py::test_readme_does_not_claim_global_rate_limiting
tests/test_readiness_smoke.py::test_run_passes_when_all_components_healthy
tests/test_readiness_smoke.py::test_check_ui_requires_success_status
tests/test_readiness_smoke.py::test_health_failure_raises_readiness_error
tests/test_readiness_smoke.py::test_managers_empty_list_raises_with_seed_hint
tests/test_readiness_smoke.py::test_chat_missing_answer_raises
tests/test_readiness_smoke.py::test_chat_missing_expected_snippet_raises
tests/test_readiness_smoke.py::test_managers_requires_expected_seeded_name
tests/test_readiness_smoke.py::test_main_exit_codes
tests/test_readiness_smoke.py::test_main_handles_transport_error
tests/test_readiness_smoke.py::test_run_invokes_compose_seed_and_clean_stack_by_default
tests/test_readiness_smoke.py::test_run_waits_for_api_health_before_in_compose_seed
tests/test_readiness_smoke.py::test_skip_ui_flag_bypasses_ui_probe
tests/test_readiness_smoke.py::test_launch_and_probe_ui_spawns_make_app_command_and_tears_down
tests/test_readiness_smoke.py::test_launch_and_probe_ui_terminates_when_probe_fails
tests/test_readiness_smoke.py::test_main_launch_ui_routes_to_launch_path_and_skips_run
tests/test_readiness_smoke.py::test_main_launch_ui_reports_failure
tests/test_ready_health.py::test_health_ready_ok
tests/test_ready_health.py::test_health_ready_uptime_uses_injected_clock
tests/test_ready_health.py::test_health_ready_db_unreachable
tests/test_ready_health.py::test_health_readyz_ok
tests/test_ready_health.py::test_health_ready_timeout
tests/test_repo_hygiene.py::test_root_generated_clutter_is_not_tracked
tests/test_report_memory_24h.py::test_build_report_requires_minimum_duration
tests/test_report_memory_24h.py::test_build_report_includes_window_and_anomalies
tests/test_research_ui.py::test_research_page_renders_without_errors
tests/test_research_ui.py::test_chat_input_triggers_api_call
tests/test_research_ui.py::test_chat_disabled_response_renders_warning_without_error
tests/test_research_ui.py::test_sources_panel_displays_document_id_and_url
tests/test_research_ui.py::test_sources_panel_displays_filing_urls_and_news_references
tests/test_research_ui.py::test_sql_panel_displays_for_nl_query
tests/test_research_ui.py::test_history_renders_saved_assistant_metadata
tests/test_research_ui.py::test_feedback_button_posts_rating
tests/test_research_ui.py::test_feedback_button_surfaces_post_failure
tests/test_research_ui.py::test_call_chat_api_sends_expected_payload_and_session_header
tests/test_research_ui.py::test_call_chat_api_raises_runtime_error_for_http_failure
tests/test_resolve_aliases.py::test_fetch_edgar_official_name_uses_tracked_call
tests/test_resolve_aliases.py::test_resolve_aliases_updates_aliases
tests/test_resolve_aliases.py::test_resolve_aliases_dry_run_does_not_write
tests/test_resolve_mypy_pin.py::test_get_mypy_python_version_reads_tool_mypy
tests/test_resolve_mypy_pin.py::test_get_mypy_python_version_uses_regex_fallback_without_tomlkit
tests/test_resolve_mypy_pin.py::test_get_mypy_python_version_returns_none_without_config
tests/test_resolve_mypy_pin.py::test_main_uses_matrix_fallback_when_no_pyproject
tests/test_resolve_mypy_pin.py::test_main_writes_github_output_from_mypy_config
tests/test_resolve_mypy_pin.py::test_main_defaults_to_primary_python_without_matrix_or_config
tests/test_run_contract.py::test_diff_holdings_returns_runresult
tests/test_run_contract.py::test_runresult_json_roundtrip
tests/test_run_contract.py::test_cost_not_constant_zero
tests/test_run_contract.py::test_daily_diff_flow_returns_runresult
tests/test_run_contract.py::test_run_id_field_name_matches_chat_context
tests/test_run_memory_acceptance.py::test_run_acceptance_check_filters_pid_and_passes
tests/test_run_memory_acceptance.py::test_run_acceptance_check_requires_samples
tests/test_run_memory_acceptance.py::test_run_acceptance_check_passes_without_oom_logs
tests/test_run_memory_acceptance.py::test_run_acceptance_check_passes_with_empty_oom_log_dir
tests/test_run_memory_acceptance.py::test_write_report_creates_file
tests/test_schema.py::test_schema_upgrade_creates_expected_objects
tests/test_schema.py::test_activism_campaign_migration_generates_sqlite_primary_keys
tests/test_schema.py::test_activism_campaign_migration_constrains_status_and_filing_only_rows
tests/test_schema.py::test_activism_campaign_migration_uses_timezone_aware_computed_at
tests/test_schema.py::test_activism_campaign_return_migration_uses_timezone_aware_timestamp
tests/test_schema.py::test_activism_campaign_definitions_stay_in_sync
tests/test_schema.py::test_schema_foreign_keys
tests/test_schema.py::test_backtest_migration_uses_sqlite_autoincrement_primary_keys
tests/test_schema.py::test_short_interest_migration_uses_sqlite_autoincrement_primary_key
tests/test_schema.py::test_backtest_schema_contract_stays_in_sync_across_all_three_definitions
tests/test_schema.py::test_manager_attribution_migration_uses_sqlite_autoincrement_primary_key
tests/test_schema.py::test_manager_attribution_schema_contract_stays_in_sync
tests/test_schema.py::test_filings_raw_key_unique_index
tests/test_schema.py::test_schema_downgrade_drops_tables
tests/test_schema.py::test_conviction_scores_schema_objects
tests/test_schema.py::test_analytics_indexes_exist
tests/test_schema.py::test_alert_tables_schema_contract
tests/test_schema.py::test_alert_migration_upgrade_and_downgrade
tests/test_schema_idempotence_workflow.py::test_schema_idempotence_workflow_runs_verifier_against_pg16_service
tests/test_schema_idempotence_workflow.py::test_schema_idempotence_workflow_runs_on_schema_changes_and_schedule
tests/test_schema_postgres_bootstrap.py::test_split_sql_statements_handles_dollar_quotes
tests/test_schema_postgres_bootstrap.py::test_split_sql_statements_parses_schema_sql
tests/test_schema_postgres_bootstrap.py::test_mv_daily_report_idx_defined_after_matview_in_sql
tests/test_schema_postgres_bootstrap.py::test_schema_sql_bootstraps_clean_postgres
tests/test_schema_postgres_bootstrap.py::test_schema_sql_and_alembic_postgres_parity
tests/test_schema_postgres_bootstrap.py::test_schema_sql_creates_matviews_before_their_indexes
tests/test_search.py::test_universal_search_returns_ranked_multi_entity_results
tests/test_search.py::test_universal_search_matches_resolved_holding_identifiers[resolved_ticker-AAPL]
tests/test_search.py::test_universal_search_matches_resolved_holding_identifiers[resolved_figi-BBG000B9XRY4]
tests/test_search.py::test_universal_search_matches_resolved_holding_identifiers[resolved_lei-HWUPKR0MPOU8FGXBT394]
tests/test_search.py::test_universal_search_matches_resolved_holding_identifiers[isin-US0378331005]
tests/test_search.py::test_universal_search_postgres_matches_resolved_holding_identifiers
tests/test_search.py::test_score_result_clamps_non_finite_rank_and_distance
tests/test_search.py::test_universal_search_filters_results_by_entity_type
tests/test_search.py::test_universal_search_postgres_fts_queries_and_results
tests/test_search.py::test_universal_search_sqlite_uses_embedding_search_for_documents
tests/test_search.py::test_universal_search_sqlite_matches_filings_by_manager_name
tests/test_search.py::test_universal_search_sqlite_includes_activism_filings
tests/test_search.py::test_universal_search_sqlite_resolves_manager_name_for_news_items
tests/test_search.py::test_api_search_endpoint_returns_results
tests/test_search.py::test_api_search_route_is_registered
tests/test_search.py::test_api_search_endpoint_filters_entity_type
tests/test_search.py::test_api_search_results_are_json_serializable
tests/test_search.py::test_api_search_filtered_results_are_json_serializable
tests/test_search.py::test_api_search_http_endpoint_returns_searchresult_payload
tests/test_search.py::test_api_search_http_endpoint_filters_news_entity_type
tests/test_search.py::test_count_results_by_entity_type_orders_known_types
tests/test_search.py::test_group_results_by_entity_type_orders_by_top_relevance
tests/test_search.py::test_entity_badge_html_contains_uppercase_entity_type
tests/test_search.py::test_format_result_meta_html_includes_badge_relevance_and_context
tests/test_search.py::test_search_ui_main_renders_unified_grouped_results
tests/test_seed_managers.py::test_seed_managers_uses_sqlite_when_db_url_unset
tests/test_seed_managers.py::test_seed_managers_adds_cik_index_to_existing_sqlite_table
tests/test_seed_managers.py::test_seed_managers_keeps_postgres_upsert_contract
tests/test_seed_readiness_data.py::test_seed_readiness_data_seeds_manager_and_document
tests/test_seed_universe.py::test_seed_universe_json_upsert_is_idempotent
tests/test_seed_universe.py::test_seed_universe_csv_and_dry_run
tests/test_seed_universe.py::test_sample_universe_json_contains_confirmed_managers_and_seeds
tests/test_seed_universe.py::test_sample_universe_direct_dry_run_without_pythonpath
tests/test_shared_helper_consolidation.py::test_consolidated_helpers_are_not_redefined_locally
tests/test_short_interest_flow.py::test_ingest_stubbed_short_interest_and_annotation
tests/test_short_interest_flow.py::test_fetch_failure_preserves_conviction_rows_and_returns_no_annotation
tests/test_short_interest_flow.py::test_deliberate_break_raises_when_graceful_guard_is_disabled
tests/test_short_interest_flow.py::test_repeated_ingest_upserts_one_row_with_latest_values
tests/test_short_interest_flow.py::test_normalization_keeps_zero_values_and_rejects_unusable_dates
tests/test_short_interest_flow.py::test_blank_feed_url_override_falls_back_to_the_default
tests/test_short_interest_flow.py::test_annotation_prefers_cusip_over_a_reassigned_ticker
tests/test_short_interest_flow.py::test_annotation_does_not_initialize_schema
tests/test_signals_api.py::test_signals_router_is_registered
tests/test_signals_api.py::test_get_crowded_trades_filters_by_report_date_and_threshold
tests/test_signals_api.py::test_crowded_trades_drops_non_finite_values
tests/test_signals_api.py::test_get_contrarian_signals_filters_by_manager
tests/test_signals_api.py::test_contrarian_signals_drops_non_finite_values
tests/test_signals_api.py::test_get_conviction_scores_defaults_to_latest_filing
tests/test_signals_api.py::test_get_conviction_scores_exposes_optional_short_interest_context
tests/test_signals_api.py::test_conviction_scores_drop_non_finite_values
tests/test_signals_api.py::test_manager_attribution_drops_non_finite_rows_and_overflow
tests/test_signals_api.py::test_signals_endpoints_return_empty_arrays_for_missing_data
tests/test_signals_api.py::test_get_contrarian_signals_supports_sqlite_managers_id_shape
tests/test_summariser.py::test_summarise
tests/test_summariser.py::test_summarise_against_canonical_daily_diffs
tests/test_summariser.py::test_summarise_uses_canonical_postgres_query
tests/test_summariser.py::test_summarise_with_no_rows
tests/test_summariser.py::test_summarise_posts_to_slack
tests/test_summariser.py::test_summariser_flow_defaults_to_yesterday
tests/test_sync_milestones.py::test_parse_milestones
tests/test_tool_registry.py::test_every_tool_declares_zone
tests/test_tool_registry.py::test_deterministic_tools_have_no_llm
tests/test_tool_registry.py::test_diff_holdings_runresult_reports_registry_boundary
tests/test_tracked_call.py::test_tracked_call_writes
tests/test_tracked_call.py::test_tracked_call_defaults_when_no_response
tests/test_tracked_call.py::test_tracked_call_callable_cost_preserves_error_without_response
tests/test_tracked_call.py::test_tracked_call_postgres_uses_strict_backend_safe_sql
tests/test_tracked_call.py::test_tracked_call_metrics_execute_failure_preserves_response_and_closes
tests/test_tracked_call.py::test_tracked_call_cost_callback_failure_is_non_fatal
tests/test_ui_alerts.py::test_load_managers_pages_and_sorts_results
tests/test_ui_alerts.py::test_load_managers_accepts_api_and_legacy_identifiers[identifiers0-1-False]
tests/test_ui_alerts.py::test_load_managers_accepts_api_and_legacy_identifiers[identifiers0-1-True]
tests/test_ui_alerts.py::test_load_managers_accepts_api_and_legacy_identifiers[identifiers1-1-False]
tests/test_ui_alerts.py::test_load_managers_accepts_api_and_legacy_identifiers[identifiers1-1-True]
tests/test_ui_alerts.py::test_load_managers_accepts_api_and_legacy_identifiers[identifiers2-1-False]
tests/test_ui_alerts.py::test_load_managers_accepts_api_and_legacy_identifiers[identifiers2-1-True]
tests/test_ui_alerts.py::test_load_managers_accepts_api_and_legacy_identifiers[identifiers3-1-False]
tests/test_ui_alerts.py::test_load_managers_accepts_api_and_legacy_identifiers[identifiers3-1-True]
tests/test_ui_alerts.py::test_load_managers_accepts_api_and_legacy_identifiers[identifiers4-1-False]
tests/test_ui_alerts.py::test_load_managers_accepts_api_and_legacy_identifiers[identifiers4-1-True]
tests/test_ui_alerts.py::test_load_managers_accepts_api_and_legacy_identifiers[identifiers5-0-False]
tests/test_ui_alerts.py::test_load_managers_accepts_api_and_legacy_identifiers[identifiers5-0-True]
tests/test_ui_alerts.py::test_load_managers_accepts_api_and_legacy_identifiers[identifiers6-1-False]
tests/test_ui_alerts.py::test_load_managers_accepts_api_and_legacy_identifiers[identifiers6-1-True]
tests/test_ui_alerts.py::test_load_managers_filters_incomplete_entries_and_deduplicates
tests/test_ui_alerts.py::test_load_managers_returns_empty_on_api_error
tests/test_ui_alerts.py::test_render_alert_inbox_acknowledges_single_alert
tests/test_ui_alerts.py::test_render_alert_inbox_acknowledges_all
tests/test_ui_alerts.py::test_api_base_url_prefers_alerts_specific_env_var
tests/test_ui_alerts.py::test_api_base_url_falls_back_to_generic_api_base_url
tests/test_ui_alerts.py::test_api_base_url_defaults_to_localhost_when_unset
tests/test_ui_alerts.py::test_api_request_returns_parsed_json_body_on_success
tests/test_ui_alerts.py::test_api_request_returns_none_on_success_with_empty_body
tests/test_ui_alerts.py::test_api_request_error_response_returns_parsed_json_detail_at_the_400_boundary
tests/test_ui_alerts.py::test_api_request_error_response_falls_back_to_text_when_body_is_not_json
tests/test_ui_alerts.py::test_api_request_catches_transport_errors
tests/test_ui_alerts.py::test_load_rules_passes_through_provided_filters
tests/test_ui_alerts.py::test_load_rules_omits_filters_when_not_provided
tests/test_ui_alerts.py::test_load_rules_enabled_false_is_not_confused_with_unset
tests/test_ui_alerts.py::test_load_rules_returns_empty_list_on_api_failure
tests/test_ui_alerts.py::test_load_alerts_passes_through_provided_filters
tests/test_ui_alerts.py::test_load_alerts_acknowledged_false_is_a_real_filter_not_a_missing_one
tests/test_ui_alerts.py::test_load_alerts_returns_empty_list_on_api_failure
tests/test_ui_alerts.py::test_clear_alert_caches_clears_all_three_loaders
tests/test_ui_alerts.py::test_payload_summary_joins_keys_without_truncation_when_short
tests/test_ui_alerts.py::test_payload_summary_does_not_truncate_at_exactly_max_len
tests/test_ui_alerts.py::test_payload_summary_truncates_with_ellipsis_one_char_over_the_limit
tests/test_ui_alerts.py::test_condition_inputs_activism_event_excludes_all_fields_left_at_their_defaults
tests/test_ui_alerts.py::test_condition_inputs_activism_event_includes_every_field_once_set
tests/test_ui_alerts.py::test_condition_inputs_activism_event_known_default_subtype_resolves_its_own_index
tests/test_ui_alerts.py::test_condition_inputs_activism_event_unknown_default_subtype_falls_back_to_any
tests/test_ui_alerts.py::test_condition_inputs_large_delta_defaults_to_buy_and_100k
tests/test_ui_alerts.py::test_condition_inputs_large_delta_returns_the_chosen_type_and_threshold
tests/test_ui_alerts.py::test_condition_inputs_new_filing_returns_the_chosen_type_and_source
tests/test_ui_alerts.py::test_condition_inputs_new_filing_unknown_defaults_fall_back_to_first_option
tests/test_ui_alerts.py::test_condition_inputs_unconfigured_event_types_return_an_empty_condition[news_spike]
tests/test_ui_alerts.py::test_condition_inputs_unconfigured_event_types_return_an_empty_condition[crowded_trade_change]
tests/test_ui_alerts.py::test_condition_inputs_unconfigured_event_types_return_an_empty_condition[contrarian_signal]
tests/test_ui_alerts.py::test_condition_inputs_unconfigured_event_types_return_an_empty_condition[missing_filing]
tests/test_ui_alerts.py::test_condition_inputs_unconfigured_event_types_return_an_empty_condition[etl_failure]
tests/test_ui_alerts.py::test_condition_inputs_empty_condition_actually_matches_a_real_etl_failure_event
tests/test_ui_auth.py::test_require_login_short_circuits_when_authenticated
tests/test_ui_auth.py::test_require_login_sets_session_on_success
tests/test_ui_auth.py::test_require_login_handles_invalid_credentials
tests/test_ui_auth.py::test_require_login_skips_auth_when_credentials_missing
tests/test_ui_auth.py::test_require_login_skips_auth_when_password_blank
tests/test_ui_auth_dev_mode.py::test_missing_ui_credentials_do_not_render_main_warning
tests/test_ui_launch.py::test_ui_launch_command_matches_compose_cmd
tests/test_ui_launch.py::test_ui_launch_command_honors_port
tests/test_ui_launch.py::test_main_invokes_streamlit_via_subprocess
tests/test_ui_navigation.py::test_navigation_includes_research_page
tests/test_ui_navigation.py::test_real_streamlit_navigation_constructs_without_exception
tests/test_uk_adapter.py::test_parse_confirmation_statement_extracts_fields
tests/test_uk_adapter.py::test_parse_annual_return_parses_named_date
tests/test_uk_adapter.py::test_parse_company_name_in_full_label
tests/test_uk_adapter.py::test_parse_date_label_variants
tests/test_uk_adapter.py::test_parse_empty_pdf_returns_error
tests/test_uk_adapter.py::test_parse_unreadable_pdf_returns_error
tests/test_uk_adapter.py::test_parse_non_pdf_bytes_returns_error
tests/test_uk_adapter.py::test_parse_unsupported_filing_type_marks_error
tests/test_uk_adapter.py::test_list_new_filings_filters_and_maps
tests/test_uk_adapter.py::test_list_new_filings_requires_companies_house_api_key
tests/test_uk_adapter.py::test_download_returns_pdf_bytes
tests/test_uk_adapter.py::test_unescape_pdf_string_and_date_helpers_cover_branches
tests/test_uk_adapter.py::test_find_company_number_fallback_scan
tests/test_uk_adapter.py::test_find_company_number_skips_reference_tokens
tests/test_uk_adapter.py::test_find_company_number_prefers_standalone_token
tests/test_uk_adapter.py::test_find_company_number_embedded_in_company_line
tests/test_uk_adapter.py::test_find_company_number_embedded_without_company_label
tests/test_uk_adapter.py::test_find_company_number_ignores_disqualified_embedded_tokens
tests/test_uk_adapter.py::test_extract_pdf_text_handles_flate_stream
tests/test_uk_adapter.py::test_iter_pdf_streams_accepts_cr_line_endings
tests/test_uk_adapter.py::test_iter_pdf_streams_accepts_windows_line_endings
tests/test_uk_adapter.py::test_extract_pdf_text_handles_multiple_filters_with_flate
tests/test_uk_adapter.py::test_extract_pdf_text_handles_raw_deflate_stream
tests/test_uk_adapter.py::test_extract_pdf_text_handles_png_predictor_sub
tests/test_uk_adapter.py::test_extract_pdf_text_handles_hex_strings
tests/test_uk_adapter.py::test_extract_pdf_text_handles_object_streams
tests/test_uk_flow.py::test_uk_flow_inserts_uk_filing_with_payload_keys
tests/test_uk_flow.py::test_uk_flow_mocks_companies_house_api_and_inserts_filing
tests/test_uk_flow.py::test_uk_flow_inserts_into_canonical_filings_schema
tests/test_uk_flow.py::test_uk_flow_deployment_uses_nightly_defaults
tests/test_uk_flow.py::test_uk_flow_deployment_allows_env_overrides
tests/test_upload.py::test_upload_text_and_markdown_store_in_documents
tests/test_upload.py::test_extract_text_txt_and_md
tests/test_upload.py::test_extract_text_pdf_fixture
tests/test_upload.py::test_pdf_upload_flow_stores_in_documents_and_not_notes
tests/test_upload.py::test_uploads_never_write_legacy_notes_table[note.txt-plain note body-note]
tests/test_upload.py::test_uploads_never_write_legacy_notes_table[memo.md-# memo heading-memo]
tests/test_upload.py::test_uploads_never_write_legacy_notes_table[sample.pdf-%PDF-1.4\n%\xe2\xe3\xcf\xd3\n1 0 obj\n<< /Type /Catalog /Pages 2 0 R >>\nendobj\n2 0 obj\n<< /Type /Pages /Kids [3 0 R] /Count 1 >>\nendobj\n3 0 obj\n<< /Type /Page /Parent 2 0 R /MediaBox [0 0 612 792] /Resources << /Font << /F1 5 0 R >> >> /Contents 4 0 R >>\nendobj\n4 0 obj\n<< /Length 73 >>\nstream\nBT\n/F1 18 Tf\n72 720 Td\n(Sample PDF fixture text for upload tests.) Tj\nET\nendstream\nendobj\n5 0 obj\n<< /Type /Font /Subtype /Type1 /BaseFont /Helvetica >>\nendobj\nxref\n0 6\n0000000000 65535 f \n0000000015 00000 n \n0000000064 00000 n \n0000000121 00000 n \n0000000247 00000 n \n0000000369 00000 n \ntrailer\n<< /Size 6 /Root 1 0 R >>\nstartxref\n439\n%%EOF\n-pdf]
tests/test_upload.py::test_file_size_validation_rejects_oversized_file
tests/test_upload.py::test_file_size_validation_env_default
tests/test_upload.py::test_file_size_validation_invalid_env_falls_back_to_default
tests/test_upload.py::test_corrupted_pdf_raises_exception
tests/test_upload.py::test_extract_text_corrupted_pdf_propagates_exception
tests/test_upload.py::test_upload_history_lists_managers_and_recent_documents[id]
tests/test_upload.py::test_upload_history_lists_managers_and_recent_documents[manager_id]
tests/test_upload.py::test_recent_uploads_uninitialized_schema_returns_empty_and_closes_connection
tests/test_upload.py::test_load_managers_returns_empty_when_schema_is_not_initialized
tests/test_upload.py::test_load_managers_resolves_schema_and_closes_connection[False-id]
tests/test_upload.py::test_load_managers_resolves_schema_and_closes_connection[False-manager_id]
tests/test_upload.py::test_load_managers_resolves_schema_and_closes_connection[True-id]
tests/test_upload.py::test_load_managers_resolves_schema_and_closes_connection[True-manager_id]
tests/test_upload.py::test_load_managers_logs_unexpected_schema_error_and_closes_connection
tests/test_validate_dependency_test_setup.py::test_validator_uses_current_dependabot_lock_workflow
tests/test_validate_dependency_test_setup.py::test_validator_no_longer_checks_stale_trend_or_streamlit_paths
tests/test_validate_dependency_test_setup.py::test_check_test_dependencies_recommends_existing_commands
tests/test_validate_dependency_test_setup.py::test_validator_passes_on_current_repository
tests/test_validate_dependency_test_setup.py::test_validator_fails_when_current_dependabot_workflow_is_missing
tests/test_verify_memory_acceptance.py::test_acceptance_passes_with_stable_50h_and_no_oom
tests/test_verify_memory_acceptance.py::test_acceptance_fails_when_window_too_short
tests/test_verify_memory_acceptance.py::test_acceptance_requires_observed_duration
tests/test_verify_memory_acceptance.py::test_acceptance_requires_coverage_ratio
tests/test_verify_memory_acceptance.py::test_acceptance_fails_with_oom_event
tests/test_verify_memory_acceptance.py::test_acceptance_passes_without_oom_logs
tests/test_verify_memory_acceptance.py::test_load_samples_from_inputs_merges_files
tests/test_verify_memory_acceptance.py::test_resolve_oom_log_paths_from_dir
tests/test_verify_memory_acceptance.py::test_resolve_oom_log_paths_defaults_when_present
tests/test_wasm_demo_build.py::test_build_wasm_demo_creates_synthetic_sqlite_bundle
tests/test_wasm_demo_build.py::test_deterministic_pages_render_offline
tests/test_wasm_demo_build.py::test_dashboard_offline_alert_count_skips_http
tests/test_wasm_demo_build.py::test_wasm_demo_excludes_research_page
tests/test_wasm_demo_build.py::test_wasm_app_main_sets_offline_environment
tests/test_wasm_demo_build.py::test_signals_offline_fallback_sets_ui_offline
tests/test_wasm_no_external_cdn.py::test_wasm_index_has_no_external_cdn_or_runtime_urls
tests/test_wasm_no_external_cdn.py::test_wasm_index_links_local_design_system_styles
tests/test_wasm_no_external_cdn.py::test_wasm_index_points_at_local_vendor_runtime
tests/test_wasm_no_external_cdn.py::test_vendored_pyodide_core_runtime_exists
tests/test_wasm_no_external_cdn.py::test_vendored_pyodide_wheels_exist
tests/test_wasm_no_external_cdn.py::test_vendored_stlite_wheels_exist
tests/web/test_wasm_no_external_cdn.py::test_wasm_index_has_no_external_runtime_ref
tests/web/test_wasm_no_external_cdn.py::test_wasm_index_local_runtime_assets_exist
tests/web/test_wasm_static_routes.py::test_wasm_demo_static_routes_serve_stlite_shell
tests/web/test_wasm_static_routes.py::test_wasm_demo_static_route_entrypoints_use_parent_base

=============================== warnings summary ===============================
[LOCAL_WORKSPACE]/Manager-Database/.venv/lib/python3.12/site-packages/langsmith/evaluation/_key_extraction.py:20
  [LOCAL_HOME]/.codex/automations/research-program/[LOCAL_WORKSPACE]/Manager-Database/.venv/lib/python3.12/site-packages/langsmith/evaluation/_key_extraction.py:20: DeprecationWarning: ast.Str is deprecated and will be removed in Python 3.14; use ast.Constant instead
    (ast.Str, ast.Constant) if hasattr(ast, "Str") else (ast.Constant,)

[LOCAL_WORKSPACE]/Manager-Database/api/chat.py:1501
  [LOCAL_HOME]/.codex/automations/research-program/[LOCAL_WORKSPACE]/Manager-Database/api/chat.py:1501: DeprecationWarning: 
          on_event is deprecated, use lifespan event handlers instead.
  
          Read more about it in the
          [FastAPI docs for Lifespan Events](https://fastapi.tiangolo.com/advanced/events/).
          
    @app.on_event("startup")

[LOCAL_WORKSPACE]/Manager-Database/.venv/lib/python3.12/site-packages/fastapi/applications.py:4681
[LOCAL_WORKSPACE]/Manager-Database/.venv/lib/python3.12/site-packages/fastapi/applications.py:4681
[LOCAL_WORKSPACE]/Manager-Database/.venv/lib/python3.12/site-packages/fastapi/applications.py:4681
  [LOCAL_HOME]/.codex/automations/research-program/[LOCAL_WORKSPACE]/Manager-Database/.venv/lib/python3.12/site-packages/fastapi/applications.py:4681: DeprecationWarning: 
          on_event is deprecated, use lifespan event handlers instead.
  
          Read more about it in the
          [FastAPI docs for Lifespan Events](https://fastapi.tiangolo.com/advanced/events/).
          
    return self.router.on_event(event_type)  # ty: ignore[deprecated]

[LOCAL_WORKSPACE]/Manager-Database/api/chat.py:1801
  [LOCAL_HOME]/.codex/automations/research-program/[LOCAL_WORKSPACE]/Manager-Database/api/chat.py:1801: DeprecationWarning: 
          on_event is deprecated, use lifespan event handlers instead.
  
          Read more about it in the
          [FastAPI docs for Lifespan Events](https://fastapi.tiangolo.com/advanced/events/).
          
    @app.on_event("shutdown")

[LOCAL_WORKSPACE]/Manager-Database/api/chat.py:1808
  [LOCAL_HOME]/.codex/automations/research-program/[LOCAL_WORKSPACE]/Manager-Database/api/chat.py:1808: DeprecationWarning: 
          on_event is deprecated, use lifespan event handlers instead.
  
          Read more about it in the
          [FastAPI docs for Lifespan Events](https://fastapi.tiangolo.com/advanced/events/).
          
    @app.on_event("shutdown")

[LOCAL_WORKSPACE]/Manager-Database/.venv/lib/python3.12/site-packages/pythonjsonlogger/jsonlogger.py:11
  [LOCAL_HOME]/.codex/automations/research-program/[LOCAL_WORKSPACE]/Manager-Database/.venv/lib/python3.12/site-packages/pythonjsonlogger/jsonlogger.py:11: DeprecationWarning: pythonjsonlogger.jsonlogger has been moved to pythonjsonlogger.json
    warnings.warn(

-- Docs: https://docs.pytest.org/en/stable/how-to/capture-warnings.html
1651 tests collected in 4.30s
