Python CI / lint-format	UNKNOWN STEP	﻿2026-09-08T07:04:14.6509211Z Current runner version: '2.337.0'
Python CI / lint-format	UNKNOWN STEP	2026-09-08T07:04:14.6540414Z ##[group]Runner Image Provisioner
Python CI / lint-format	UNKNOWN STEP	2026-09-08T07:04:14.6541827Z Hosted Compute Agent
Python CI / lint-format	UNKNOWN STEP	2026-09-08T07:04:14.6542733Z Version: 20260828.587
Python CI / lint-format	UNKNOWN STEP	2026-09-08T07:04:14.6543808Z Commit: abac92662cab4cc7352de4f9f9d2e2419aad9c29
Python CI / lint-format	UNKNOWN STEP	2026-09-08T07:04:14.6545203Z Build Date: 2026-08-28T16:44:25Z
Python CI / lint-format	UNKNOWN STEP	2026-09-08T07:04:14.6546195Z Worker ID: {0a457956-5e05-457c-a07b-81be2677ec30}
Python CI / lint-format	UNKNOWN STEP	2026-09-08T07:04:14.6547362Z Azure Region: eastus
Python CI / lint-format	UNKNOWN STEP	2026-09-08T07:04:14.6548317Z ##[endgroup]
Python CI / lint-format	UNKNOWN STEP	2026-09-08T07:04:14.6550269Z ##[group]Operating System
Python CI / lint-format	UNKNOWN STEP	2026-09-08T07:04:14.6551255Z Ubuntu
Python CI / lint-format	UNKNOWN STEP	2026-09-08T07:04:14.6552141Z 24.04.4
Python CI / lint-format	UNKNOWN STEP	2026-09-08T07:04:14.6552985Z LTS
Python CI / lint-format	UNKNOWN STEP	2026-09-08T07:04:14.6553824Z ##[endgroup]
Python CI / lint-format	UNKNOWN STEP	2026-09-08T07:04:14.6554950Z ##[group]Runner Image
Python CI / lint-format	UNKNOWN STEP	2026-09-08T07:04:14.6555939Z Image: ubuntu-24.04
Python CI / lint-format	UNKNOWN STEP	2026-09-08T07:04:14.6556866Z Version: 20260831.293.1
Python CI / lint-format	UNKNOWN STEP	2026-09-08T07:04:14.6558595Z Included Software: https://github.com/actions/runner-images/blob/ubuntu24/20260831.293/images/ubuntu/Ubuntu2404-Readme.md
Python CI / lint-format	UNKNOWN STEP	2026-09-08T07:04:14.6560627Z Image Release: https://github.com/actions/runner-images/releases/tag/ubuntu24%2F20260831.293
Python CI / lint-format	UNKNOWN STEP	2026-09-08T07:04:14.6561973Z ##[endgroup]
Python CI / lint-format	UNKNOWN STEP	2026-09-08T07:04:14.6563595Z ##[group]GITHUB_TOKEN Permissions
Python CI / lint-format	UNKNOWN STEP	2026-09-08T07:04:14.6566596Z Contents: read
Python CI / lint-format	UNKNOWN STEP	2026-09-08T07:04:14.6567627Z Metadata: read
Python CI / lint-format	UNKNOWN STEP	2026-09-08T07:04:14.6568548Z ##[endgroup]
Python CI / lint-format	UNKNOWN STEP	2026-09-08T07:04:14.6571110Z Secret source: Actions
Python CI / lint-format	UNKNOWN STEP	2026-09-08T07:04:14.6572777Z Prepare workflow directory
Python CI / lint-format	UNKNOWN STEP	2026-09-08T07:04:14.7156934Z Prepare all required actions
Python CI / lint-format	UNKNOWN STEP	2026-09-08T07:04:14.7208159Z Getting action download info
Python CI / lint-format	UNKNOWN STEP	2026-09-08T07:04:14.9202891Z Download action repository 'actions/checkout@v7' (SHA:3d3c42e5aac5ba805825da76410c181273ba90b1)
Python CI / lint-format	UNKNOWN STEP	2026-09-08T07:04:15.0541125Z Download action repository 'actions/setup-python@v7' (SHA:5fda3b95a4ea91299a34e894583c3862153e4b97)
Python CI / lint-format	UNKNOWN STEP	2026-09-08T07:04:15.1319592Z Download action repository 'actions/setup-node@820762786026740c76f36085b0efc47a31fe5020' (SHA:820762786026740c76f36085b0efc47a31fe5020)
Python CI / lint-format	UNKNOWN STEP	2026-09-08T07:04:15.2139482Z Download action repository 'actions/cache@55cc8345863c7cc4c66a329aec7e433d2d1c52a9' (SHA:55cc8345863c7cc4c66a329aec7e433d2d1c52a9)
Python CI / lint-format	UNKNOWN STEP	2026-09-08T07:04:15.4376690Z Uses: stranske/Workflows/.github/workflows/reusable-10-ci-python.yml@refs/heads/main (8d496543f5ead88a07d0fdc56f2c81cc965f37ed)
Python CI / lint-format	UNKNOWN STEP	2026-09-08T07:04:15.4382124Z ##[group] Inputs
Python CI / lint-format	UNKNOWN STEP	2026-09-08T07:04:15.4382888Z   working-directory: .
Python CI / lint-format	UNKNOWN STEP	2026-09-08T07:04:15.4383604Z   workflows_ref: main
Python CI / lint-format	UNKNOWN STEP	2026-09-08T07:04:15.4384519Z   python-version: 3.12
Python CI / lint-format	UNKNOWN STEP	2026-09-08T07:04:15.4385222Z   python-versions: ["3.12", "3.13"]
Python CI / lint-format	UNKNOWN STEP	2026-09-08T07:04:15.4386003Z   changed-files-json: []
Python CI / lint-format	UNKNOWN STEP	2026-09-08T07:04:15.4387102Z   force-full: false
Python CI / lint-format	UNKNOWN STEP	2026-09-08T07:04:15.4387816Z   primary-python-version: 3.12
Python CI / lint-format	UNKNOWN STEP	2026-09-08T07:04:15.4388545Z   marker: 
Python CI / lint-format	UNKNOWN STEP	2026-09-08T07:04:15.4389178Z   pytest_markers: 
Python CI / lint-format	UNKNOWN STEP	2026-09-08T07:04:15.4389843Z   pytest_args: 
Python CI / lint-format	UNKNOWN STEP	2026-09-08T07:04:15.4390504Z   coverage-min: 81
Python CI / lint-format	UNKNOWN STEP	2026-09-08T07:04:15.4391155Z   lint: true
Python CI / lint-format	UNKNOWN STEP	2026-09-08T07:04:15.4391803Z   format_check: true
Python CI / lint-format	UNKNOWN STEP	2026-09-08T07:04:15.4392499Z   typecheck: true
Python CI / lint-format	UNKNOWN STEP	2026-09-08T07:04:15.4393170Z   run-mypy: true
Python CI / lint-format	UNKNOWN STEP	2026-09-08T07:04:15.4456847Z   coverage: true
Python CI / lint-format	UNKNOWN STEP	2026-09-08T07:04:15.4457585Z   cache: true
Python CI / lint-format	UNKNOWN STEP	2026-09-08T07:04:15.4458303Z   enable-metrics: false
Python CI / lint-format	UNKNOWN STEP	2026-09-08T07:04:15.4459106Z   slow-test-top: 15
Python CI / lint-format	UNKNOWN STEP	2026-09-08T07:04:15.4459803Z   slow-test-min-seconds: 1
Python CI / lint-format	UNKNOWN STEP	2026-09-08T07:04:15.4460525Z   enable-history: false
Python CI / lint-format	UNKNOWN STEP	2026-09-08T07:04:15.4461236Z   enable-classification: false
Python CI / lint-format	UNKNOWN STEP	2026-09-08T07:04:15.4462044Z   history-artifact-name: metrics-history.ndjson
Python CI / lint-format	UNKNOWN STEP	2026-09-08T07:04:15.4462919Z   enable-coverage-delta: false
Python CI / lint-format	UNKNOWN STEP	2026-09-08T07:04:15.4463677Z   baseline-coverage: 0
Python CI / lint-format	UNKNOWN STEP	2026-09-08T07:04:15.4464521Z   coverage-alert-drop: 1
Python CI / lint-format	UNKNOWN STEP	2026-09-08T07:04:15.4465247Z   fail-on-coverage-drop: false
Python CI / lint-format	UNKNOWN STEP	2026-09-08T07:04:15.4466013Z   coverage-drop-label: coverage-drop
Python CI / lint-format	UNKNOWN STEP	2026-09-08T07:04:15.4466809Z   enable-soft-gate: false
Python CI / lint-format	UNKNOWN STEP	2026-09-08T07:04:15.4467539Z   artifact-prefix: gate-
Python CI / lint-format	UNKNOWN STEP	2026-09-08T07:04:15.4468256Z ##[endgroup]
Python CI / lint-format	UNKNOWN STEP	2026-09-08T07:04:15.4469472Z Complete job name: Python CI / lint-format
Python CI / lint-format	UNKNOWN STEP	2026-09-08T07:04:15.5303189Z ##[group]Run actions/checkout@v7
Python CI / lint-format	UNKNOWN STEP	2026-09-08T07:04:15.5304799Z with:
Python CI / lint-format	UNKNOWN STEP	2026-09-08T07:04:15.5305661Z   repository: stranske/Workflows
Python CI / lint-format	UNKNOWN STEP	2026-09-08T07:04:15.5306618Z   ref: main
Python CI / lint-format	UNKNOWN STEP	2026-09-08T07:04:15.5307457Z   path: .workflows-lib
Python CI / lint-format	UNKNOWN STEP	2026-09-08T07:04:15.5308433Z   sparse-checkout: .github/actions/setup-api-client
Python CI / lint-format	UNKNOWN STEP	
Python CI / lint-format	UNKNOWN STEP	2026-09-08T07:04:15.5309527Z   sparse-checkout-cone-mode: false
Python CI / lint-format	UNKNOWN STEP	2026-09-08T07:04:15.5313694Z   token: ***
Python CI / lint-format	UNKNOWN STEP	2026-09-08T07:04:15.5314707Z   ssh-strict: true
Python CI / lint-format	UNKNOWN STEP	2026-09-08T07:04:15.5315575Z   ssh-user: git
Python CI / lint-format	UNKNOWN STEP	2026-09-08T07:04:15.5316430Z   persist-credentials: true
Python CI / lint-format	UNKNOWN STEP	2026-09-08T07:04:15.5317346Z   clean: true
Python CI / lint-format	UNKNOWN STEP	2026-09-08T07:04:15.5318190Z   fetch-depth: 1
Python CI / lint-format	UNKNOWN STEP	2026-09-08T07:04:15.5319032Z   fetch-tags: false
Python CI / lint-format	UNKNOWN STEP	2026-09-08T07:04:15.5319907Z   show-progress: true
Python CI / lint-format	UNKNOWN STEP	2026-09-08T07:04:15.5320813Z   lfs: false
Python CI / lint-format	UNKNOWN STEP	2026-09-08T07:04:15.5321634Z   submodules: false
Python CI / lint-format	UNKNOWN STEP	2026-09-08T07:04:15.5322516Z   set-safe-directory: true
Python CI / lint-format	UNKNOWN STEP	2026-09-08T07:04:15.5323457Z   allow-unsafe-pr-checkout: false
Python CI / lint-format	UNKNOWN STEP	2026-09-08T07:04:15.5324847Z env:
Python CI / lint-format	UNKNOWN STEP	2026-09-08T07:04:15.5325765Z   WORKDIR: .
Python CI / lint-format	UNKNOWN STEP	2026-09-08T07:04:15.5326800Z   WORKSPACE_ROOT: /home/runner/work/Fine-Art-Archive/Fine-Art-Archive
Python CI / lint-format	UNKNOWN STEP	2026-09-08T07:04:15.5328116Z   PROJECT_ROOT: /home/runner/work/Fine-Art-Archive/Fine-Art-Archive
Python CI / lint-format	UNKNOWN STEP	2026-09-08T07:04:15.5329256Z ##[endgroup]
Python CI / lint-format	UNKNOWN STEP	2026-09-08T07:04:15.6381066Z Syncing repository: stranske/Workflows
Python CI / lint-format	UNKNOWN STEP	2026-09-08T07:04:15.6384678Z ##[group]Getting Git version info
Python CI / lint-format	UNKNOWN STEP	2026-09-08T07:04:15.6386649Z Working directory is '/home/runner/work/Fine-Art-Archive/Fine-Art-Archive/.workflows-lib'
Python CI / lint-format	UNKNOWN STEP	2026-09-08T07:04:15.6388878Z [command]/usr/bin/git version
Python CI / lint-format	UNKNOWN STEP	2026-09-08T07:04:15.6463734Z git version 2.55.0
Python CI / lint-format	UNKNOWN STEP	2026-09-08T07:04:15.6487785Z ##[endgroup]
Python CI / lint-format	UNKNOWN STEP	2026-09-08T07:04:15.6498262Z Temporarily overriding HOME='/home/runner/work/_temp/083defff-e972-4331-8d9c-081cce91460a' before making global git config changes
Python CI / lint-format	UNKNOWN STEP	2026-09-08T07:04:15.6503877Z Adding repository directory to the temporary git global config as a safe directory
Python CI / lint-format	UNKNOWN STEP	2026-09-08T07:04:15.6507234Z [command]/usr/bin/git config --global --add safe.directory /home/runner/work/Fine-Art-Archive/Fine-Art-Archive/.workflows-lib
Python CI / lint-format	UNKNOWN STEP	2026-09-08T07:04:15.6559546Z ##[group]Determining repository object format
Python CI / lint-format	UNKNOWN STEP	2026-09-08T07:04:15.7887740Z ##[endgroup]
Python CI / lint-format	UNKNOWN STEP	2026-09-08T07:04:15.7889663Z ##[group]Initializing the repository
Python CI / lint-format	UNKNOWN STEP	2026-09-08T07:04:15.7902647Z [command]/usr/bin/git init /home/runner/work/Fine-Art-Archive/Fine-Art-Archive/.workflows-lib
Python CI / lint-format	UNKNOWN STEP	2026-09-08T07:04:15.8093600Z hint: Using 'master' as the name for the initial branch. This default branch name
Python CI / lint-format	UNKNOWN STEP	2026-09-08T07:04:15.8096410Z hint: will change to "main" in Git 3.0. To configure the initial branch name
Python CI / lint-format	UNKNOWN STEP	2026-09-08T07:04:15.8098462Z hint: to use in all of your new repositories, which will suppress this warning,
Python CI / lint-format	UNKNOWN STEP	2026-09-08T07:04:15.8100159Z hint: call:
Python CI / lint-format	UNKNOWN STEP	2026-09-08T07:04:15.8101227Z hint:
Python CI / lint-format	UNKNOWN STEP	2026-09-08T07:04:15.8102484Z hint: 	git config --global init.defaultBranch <name>
Python CI / lint-format	UNKNOWN STEP	2026-09-08T07:04:15.8103955Z hint:
Python CI / lint-format	UNKNOWN STEP	2026-09-08T07:04:15.8105556Z hint: Names commonly chosen instead of 'master' are 'main', 'trunk' and
Python CI / lint-format	UNKNOWN STEP	2026-09-08T07:04:15.8107664Z hint: 'development'. The just-created branch can be renamed via this command:
Python CI / lint-format	UNKNOWN STEP	2026-09-08T07:04:15.8109389Z hint:
Python CI / lint-format	UNKNOWN STEP	2026-09-08T07:04:15.8110485Z hint: 	git branch -m <name>
Python CI / lint-format	UNKNOWN STEP	2026-09-08T07:04:15.8111676Z hint:
Python CI / lint-format	UNKNOWN STEP	2026-09-08T07:04:15.8112867Z hint: Disable this message with "git config set advice.defaultBranchName false"
Python CI / lint-format	UNKNOWN STEP	2026-09-08T07:04:15.8115101Z Initialized empty Git repository in /home/runner/work/Fine-Art-Archive/Fine-Art-Archive/.workflows-lib/.git/
Python CI / lint-format	UNKNOWN STEP	2026-09-08T07:04:15.8118940Z [command]/usr/bin/git remote add origin https://github.com/stranske/Workflows
Python CI / lint-format	UNKNOWN STEP	2026-09-08T07:04:15.8171912Z ##[endgroup]
Python CI / lint-format	UNKNOWN STEP	2026-09-08T07:04:15.8173841Z ##[group]Disabling automatic garbage collection
Python CI / lint-format	UNKNOWN STEP	2026-09-08T07:04:15.8176316Z [command]/usr/bin/git config --local gc.auto 0
Python CI / lint-format	UNKNOWN STEP	2026-09-08T07:04:15.8215699Z ##[endgroup]
Python CI / lint-format	UNKNOWN STEP	2026-09-08T07:04:15.8217427Z ##[group]Setting up auth
Python CI / lint-format	UNKNOWN STEP	2026-09-08T07:04:15.8218674Z Removing SSH command configuration
Python CI / lint-format	UNKNOWN STEP	2026-09-08T07:04:15.8221036Z [command]/usr/bin/git config --local --name-only --get-regexp core\.sshCommand
Python CI / lint-format	UNKNOWN STEP	2026-09-08T07:04:15.8257876Z [command]/usr/bin/git submodule foreach --recursive sh -c "git config --local --name-only --get-regexp 'core\.sshCommand' && git config --local --unset-all 'core.sshCommand' || :"
Python CI / lint-format	UNKNOWN STEP	2026-09-08T07:04:15.8621130Z Removing HTTP extra header
Python CI / lint-format	UNKNOWN STEP	2026-09-08T07:04:15.8626860Z [command]/usr/bin/git config --local --name-only --get-regexp http\.https\:\/\/github\.com\/\.extraheader
Python CI / lint-format	UNKNOWN STEP	2026-09-08T07:04:15.8662743Z [command]/usr/bin/git submodule foreach --recursive sh -c "git config --local --name-only --get-regexp 'http\.https\:\/\/github\.com\/\.extraheader' && git config --local --unset-all 'http.https://github.com/.extraheader' || :"
Python CI / lint-format	UNKNOWN STEP	2026-09-08T07:04:15.8893660Z Removing includeIf entries pointing to credentials config files
Python CI / lint-format	UNKNOWN STEP	2026-09-08T07:04:15.8915917Z [command]/usr/bin/git config --local --name-only --get-regexp ^includeIf\.gitdir:
Python CI / lint-format	UNKNOWN STEP	2026-09-08T07:04:15.8942149Z [command]/usr/bin/git submodule foreach --recursive git config --local --show-origin --name-only --get-regexp remote.origin.url
Python CI / lint-format	UNKNOWN STEP	2026-09-08T07:04:15.9193329Z [command]/usr/bin/git config --file /home/runner/work/_temp/git-credentials-a19b7137-c947-4633-8feb-86febfcee7dc.config http.https://github.com/.extraheader AUTHORIZATION: basic ***
Python CI / lint-format	UNKNOWN STEP	2026-09-08T07:04:15.9234887Z [command]/usr/bin/git config --local includeIf.gitdir:/home/runner/work/Fine-Art-Archive/Fine-Art-Archive/.workflows-lib/.git.path /home/runner/work/_temp/git-credentials-a19b7137-c947-4633-8feb-86febfcee7dc.config
Python CI / lint-format	UNKNOWN STEP	2026-09-08T07:04:15.9295272Z [command]/usr/bin/git config --local includeIf.gitdir:/home/runner/work/Fine-Art-Archive/Fine-Art-Archive/.workflows-lib/.git/worktrees/*.path /home/runner/work/_temp/git-credentials-a19b7137-c947-4633-8feb-86febfcee7dc.config
Python CI / lint-format	UNKNOWN STEP	2026-09-08T07:04:15.9309655Z [command]/usr/bin/git config --local includeIf.gitdir:/github/workspace/.workflows-lib/.git.path /github/runner_temp/git-credentials-a19b7137-c947-4633-8feb-86febfcee7dc.config
Python CI / lint-format	UNKNOWN STEP	2026-09-08T07:04:15.9339356Z [command]/usr/bin/git config --local includeIf.gitdir:/github/workspace/.workflows-lib/.git/worktrees/*.path /github/runner_temp/git-credentials-a19b7137-c947-4633-8feb-86febfcee7dc.config
Python CI / lint-format	UNKNOWN STEP	2026-09-08T07:04:15.9369677Z ##[endgroup]
Python CI / lint-format	UNKNOWN STEP	2026-09-08T07:04:15.9372213Z ##[group]Fetching the repository
Python CI / lint-format	UNKNOWN STEP	2026-09-08T07:04:15.9378316Z [command]/usr/bin/git -c protocol.version=2 fetch --no-tags --prune --no-recurse-submodules --filter=blob:none --depth=1 origin +refs/heads/main*:refs/remotes/origin/main* +refs/tags/main*:refs/tags/main*
Python CI / lint-format	UNKNOWN STEP	2026-09-08T07:04:16.2370973Z From https://github.com/stranske/Workflows
Python CI / lint-format	UNKNOWN STEP	2026-09-08T07:04:16.2371893Z  * [new branch]      main       -> origin/main
Python CI / lint-format	UNKNOWN STEP	2026-09-08T07:04:16.2376163Z ##[endgroup]
Python CI / lint-format	UNKNOWN STEP	2026-09-08T07:04:16.2377086Z ##[group]Determining the checkout info
Python CI / lint-format	UNKNOWN STEP	2026-09-08T07:04:16.2382704Z [command]/usr/bin/git branch --list --remote origin/main
Python CI / lint-format	UNKNOWN STEP	2026-09-08T07:04:16.2411601Z   origin/main
Python CI / lint-format	UNKNOWN STEP	2026-09-08T07:04:16.2420542Z ##[endgroup]
Python CI / lint-format	UNKNOWN STEP	2026-09-08T07:04:16.2421366Z ##[group]Setting up sparse checkout
Python CI / lint-format	UNKNOWN STEP	2026-09-08T07:04:16.2423935Z [command]/usr/bin/git config core.sparseCheckout true
Python CI / lint-format	UNKNOWN STEP	2026-09-08T07:04:16.2460015Z [command]/usr/bin/git rev-parse --git-path info/sparse-checkout
Python CI / lint-format	UNKNOWN STEP	2026-09-08T07:04:16.2485996Z .git/info/sparse-checkout
Python CI / lint-format	UNKNOWN STEP	2026-09-08T07:04:16.2494592Z ##[endgroup]
Python CI / lint-format	UNKNOWN STEP	2026-09-08T07:04:16.2496417Z ##[group]Checking out the ref
Python CI / lint-format	UNKNOWN STEP	2026-09-08T07:04:16.2500088Z [command]/usr/bin/git checkout --progress --force -B main refs/remotes/origin/main
Python CI / lint-format	UNKNOWN STEP	2026-09-08T07:04:16.7172503Z Switched to a new branch 'main'
Python CI / lint-format	UNKNOWN STEP	2026-09-08T07:04:16.7179503Z branch 'main' set up to track 'origin/main'.
Python CI / lint-format	UNKNOWN STEP	2026-09-08T07:04:16.7183463Z ##[endgroup]
Python CI / lint-format	UNKNOWN STEP	2026-09-08T07:04:16.7229574Z [command]/usr/bin/git log -1 --format=%H
Python CI / lint-format	UNKNOWN STEP	2026-09-08T07:04:16.7257862Z 8d496543f5ead88a07d0fdc56f2c81cc965f37ed
Python CI / lint-format	UNKNOWN STEP	2026-09-08T07:04:16.7872945Z Prepare all required actions
Python CI / lint-format	UNKNOWN STEP	2026-09-08T07:04:16.8159661Z ##[group]Run ./.workflows-lib/.github/actions/setup-api-client
Python CI / lint-format	UNKNOWN STEP	2026-09-08T07:04:16.8160184Z with:
Python CI / lint-format	UNKNOWN STEP	2026-09-08T07:04:16.8162764Z   github_token: ***
Python CI / lint-format	UNKNOWN STEP	2026-09-08T07:04:16.8163110Z   workflows_app_id: ***
Python CI / lint-format	UNKNOWN STEP	2026-09-08T07:04:16.8170517Z   workflows_app_private_key: ***
Python CI / lint-format	UNKNOWN STEP	2026-09-08T07:04:16.8171124Z   skip_deps: false
Python CI / lint-format	UNKNOWN STEP	2026-09-08T07:04:16.8171423Z   verbose: false
Python CI / lint-format	UNKNOWN STEP	2026-09-08T07:04:16.8171712Z env:
Python CI / lint-format	UNKNOWN STEP	2026-09-08T07:04:16.8172005Z   WORKDIR: .
Python CI / lint-format	UNKNOWN STEP	2026-09-08T07:04:16.8172437Z   WORKSPACE_ROOT: /home/runner/work/Fine-Art-Archive/Fine-Art-Archive
Python CI / lint-format	UNKNOWN STEP	2026-09-08T07:04:16.8173025Z   PROJECT_ROOT: /home/runner/work/Fine-Art-Archive/Fine-Art-Archive
Python CI / lint-format	UNKNOWN STEP	2026-09-08T07:04:16.8173491Z ##[endgroup]
Python CI / lint-format	UNKNOWN STEP	2026-09-08T07:04:16.8231957Z ##[start-action display=Install API client dependencies;id=__self.__run]
Python CI / lint-format	UNKNOWN STEP	2026-09-08T07:04:16.8292211Z ##[group]Run set -euo pipefail
Python CI / lint-format	UNKNOWN STEP	2026-09-08T07:04:16.8293096Z ^[[36;1mset -euo pipefail^[[0m
Python CI / lint-format	UNKNOWN STEP	2026-09-08T07:04:16.8293433Z ^[[36;1m^[[0m
Python CI / lint-format	UNKNOWN STEP	2026-09-08T07:04:16.8293837Z ^[[36;1m# Use dedicated scripts dir, create if needed^[[0m
Python CI / lint-format	UNKNOWN STEP	2026-09-08T07:04:16.8294532Z ^[[36;1mINSTALL_DIR=""^[[0m
Python CI / lint-format	UNKNOWN STEP	2026-09-08T07:04:16.8294872Z ^[[36;1mif [ -z "$INSTALL_DIR" ]; then^[[0m
Python CI / lint-format	UNKNOWN STEP	2026-09-08T07:04:16.8295313Z ^[[36;1m  INSTALL_DIR="${GITHUB_WORKSPACE}/.github/scripts"^[[0m
Python CI / lint-format	UNKNOWN STEP	2026-09-08T07:04:16.8295739Z ^[[36;1mfi^[[0m
Python CI / lint-format	UNKNOWN STEP	2026-09-08T07:04:16.8296053Z ^[[36;1mmkdir -p "$INSTALL_DIR"^[[0m
Python CI / lint-format	UNKNOWN STEP	2026-09-08T07:04:16.8296398Z ^[[36;1m^[[0m
Python CI / lint-format	UNKNOWN STEP	2026-09-08T07:04:16.8296795Z ^[[36;1mecho "📦 Installing @octokit dependencies in $INSTALL_DIR..."^[[0m
Python CI / lint-format	UNKNOWN STEP	2026-09-08T07:04:16.8297288Z ^[[36;1mcd "$INSTALL_DIR"^[[0m
Python CI / lint-format	UNKNOWN STEP	2026-09-08T07:04:16.8297606Z ^[[36;1m^[[0m
Python CI / lint-format	UNKNOWN STEP	2026-09-08T07:04:16.8297911Z ^[[36;1mdeclare -a VENDORED_ALIAS_DIRS=()^[[0m
Python CI / lint-format	UNKNOWN STEP	2026-09-08T07:04:16.8298274Z ^[[36;1m^[[0m
Python CI / lint-format	UNKNOWN STEP	2026-09-08T07:04:16.8298569Z ^[[36;1mcleanup_vendor_aliases() {^[[0m
Python CI / lint-format	UNKNOWN STEP	2026-09-08T07:04:16.8298981Z ^[[36;1m  if [ "${#VENDORED_ALIAS_DIRS[@]}" -eq 0 ]; then^[[0m
Python CI / lint-format	UNKNOWN STEP	2026-09-08T07:04:16.8299387Z ^[[36;1m    return 0^[[0m
Python CI / lint-format	UNKNOWN STEP	2026-09-08T07:04:16.8299708Z ^[[36;1m  fi^[[0m
Python CI / lint-format	UNKNOWN STEP	2026-09-08T07:04:16.8299993Z ^[[36;1m^[[0m
Python CI / lint-format	UNKNOWN STEP	2026-09-08T07:04:16.8300300Z ^[[36;1m  local cleanup_dir="$INSTALL_DIR"^[[0m
Python CI / lint-format	UNKNOWN STEP	2026-09-08T07:04:16.8300708Z ^[[36;1m  if [ -z "$cleanup_dir" ]; then^[[0m
Python CI / lint-format	UNKNOWN STEP	2026-09-08T07:04:16.8301217Z ^[[36;1m    echo "::warning::Install dir is empty, skipping vendored alias cleanup"^[[0m
Python CI / lint-format	UNKNOWN STEP	2026-09-08T07:04:16.8301714Z ^[[36;1m    return 0^[[0m
Python CI / lint-format	UNKNOWN STEP	2026-09-08T07:04:16.8302026Z ^[[36;1m  fi^[[0m
Python CI / lint-format	UNKNOWN STEP	2026-09-08T07:04:16.8302300Z ^[[36;1m^[[0m
Python CI / lint-format	UNKNOWN STEP	2026-09-08T07:04:16.8302624Z ^[[36;1m  if ! pushd "$cleanup_dir" >/dev/null 2>&1; then^[[0m
Python CI / lint-format	UNKNOWN STEP	2026-09-08T07:04:16.8303250Z ^[[36;1m    echo "::warning::Failed to enter install dir \"$cleanup_dir\"; skipping vendored alias cleanup"^[[0m
Python CI / lint-format	UNKNOWN STEP	2026-09-08T07:04:16.8303811Z ^[[36;1m    return 0^[[0m
Python CI / lint-format	UNKNOWN STEP	2026-09-08T07:04:16.8304254Z ^[[36;1m  fi^[[0m
Python CI / lint-format	UNKNOWN STEP	2026-09-08T07:04:16.8304541Z ^[[36;1m^[[0m
Python CI / lint-format	UNKNOWN STEP	2026-09-08T07:04:16.8304893Z ^[[36;1m  for vendored_alias in "${VENDORED_ALIAS_DIRS[@]}"; do^[[0m
Python CI / lint-format	UNKNOWN STEP	2026-09-08T07:04:16.8305347Z ^[[36;1m    if [ -z "$vendored_alias" ]; then^[[0m
Python CI / lint-format	UNKNOWN STEP	2026-09-08T07:04:16.8305734Z ^[[36;1m      continue^[[0m
Python CI / lint-format	UNKNOWN STEP	2026-09-08T07:04:16.8306040Z ^[[36;1m    fi^[[0m
Python CI / lint-format	UNKNOWN STEP	2026-09-08T07:04:16.8306350Z ^[[36;1m    rm -rf -- "$vendored_alias" || true^[[0m
Python CI / lint-format	UNKNOWN STEP	2026-09-08T07:04:16.8306745Z ^[[36;1m    local parent_dir^[[0m
Python CI / lint-format	UNKNOWN STEP	2026-09-08T07:04:16.8307110Z ^[[36;1m    parent_dir=$(dirname "$vendored_alias")^[[0m
Python CI / lint-format	UNKNOWN STEP	2026-09-08T07:04:16.8307686Z ^[[36;1m    # Remove empty parent directories that may have been created for scoped packages^[[0m
Python CI / lint-format	UNKNOWN STEP	2026-09-08T07:04:16.8308339Z ^[[36;1m    while [ "$parent_dir" != "." ] && [ "$parent_dir" != "/" ]; do^[[0m
Python CI / lint-format	UNKNOWN STEP	2026-09-08T07:04:16.8308834Z ^[[36;1m      rmdir -- "$parent_dir" 2>/dev/null || break^[[0m
Python CI / lint-format	UNKNOWN STEP	2026-09-08T07:04:16.8309267Z ^[[36;1m      parent_dir=$(dirname "$parent_dir")^[[0m
Python CI / lint-format	UNKNOWN STEP	2026-09-08T07:04:16.8309651Z ^[[36;1m    done^[[0m
Python CI / lint-format	UNKNOWN STEP	2026-09-08T07:04:16.8309930Z ^[[36;1m  done^[[0m
Python CI / lint-format	UNKNOWN STEP	2026-09-08T07:04:16.8310202Z ^[[36;1m^[[0m
Python CI / lint-format	UNKNOWN STEP	2026-09-08T07:04:16.8310501Z ^[[36;1m  popd >/dev/null 2>&1 || true^[[0m
Python CI / lint-format	UNKNOWN STEP	2026-09-08T07:04:16.8311031Z ^[[36;1m}^[[0m
Python CI / lint-format	UNKNOWN STEP	2026-09-08T07:04:16.8311488Z ^[[36;1m^[[0m
Python CI / lint-format	UNKNOWN STEP	2026-09-08T07:04:16.8312132Z ^[[36;1mtrap cleanup_vendor_aliases EXIT^[[0m
Python CI / lint-format	UNKNOWN STEP	2026-09-08T07:04:16.8312578Z ^[[36;1m^[[0m
Python CI / lint-format	UNKNOWN STEP	2026-09-08T07:04:16.8312873Z ^[[36;1mcreate_vendor_aliases() {^[[0m
Python CI / lint-format	UNKNOWN STEP	2026-09-08T07:04:16.8313254Z ^[[36;1m  if [ ! -f "package.json" ]; then^[[0m
Python CI / lint-format	UNKNOWN STEP	2026-09-08T07:04:16.8313614Z ^[[36;1m    return 0^[[0m
Python CI / lint-format	UNKNOWN STEP	2026-09-08T07:04:16.8313919Z ^[[36;1m  fi^[[0m
Python CI / lint-format	UNKNOWN STEP	2026-09-08T07:04:16.8314361Z ^[[36;1m^[[0m
Python CI / lint-format	UNKNOWN STEP	2026-09-08T07:04:16.8314802Z ^[[36;1m  local alias_tmp^[[0m
Python CI / lint-format	UNKNOWN STEP	2026-09-08T07:04:16.8315162Z ^[[36;1m  alias_tmp=$(mktemp)^[[0m
Python CI / lint-format	UNKNOWN STEP	2026-09-08T07:04:16.8315495Z ^[[36;1m^[[0m
Python CI / lint-format	UNKNOWN STEP	2026-09-08T07:04:16.8316005Z ^[[36;1m  local helper_root="${GITHUB_ACTION_PATH:-${GITHUB_WORKSPACE}/.github/actions/setup-api-client}"^[[0m
Python CI / lint-format	UNKNOWN STEP	2026-09-08T07:04:16.8316683Z ^[[36;1m  local alias_helper="${helper_root}/create_vendor_aliases.js"^[[0m
Python CI / lint-format	UNKNOWN STEP	2026-09-08T07:04:16.8317175Z ^[[36;1m  if [ ! -f "$alias_helper" ]; then^[[0m
Python CI / lint-format	UNKNOWN STEP	2026-09-08T07:04:16.8317651Z ^[[36;1m    echo "::error::Missing vendored alias helper: $alias_helper"^[[0m
Python CI / lint-format	UNKNOWN STEP	2026-09-08T07:04:16.8318127Z ^[[36;1m    rm -f "$alias_tmp"^[[0m
Python CI / lint-format	UNKNOWN STEP	2026-09-08T07:04:16.8318463Z ^[[36;1m    return 1^[[0m
Python CI / lint-format	UNKNOWN STEP	2026-09-08T07:04:16.8318755Z ^[[36;1m  fi^[[0m
Python CI / lint-format	UNKNOWN STEP	2026-09-08T07:04:16.8319030Z ^[[36;1m^[[0m
Python CI / lint-format	UNKNOWN STEP	2026-09-08T07:04:16.8319396Z ^[[36;1m  if node "$alias_helper" "$INSTALL_DIR" >"$alias_tmp"; then^[[0m
Python CI / lint-format	UNKNOWN STEP	2026-09-08T07:04:16.8319829Z ^[[36;1m    :^[[0m
Python CI / lint-format	UNKNOWN STEP	2026-09-08T07:04:16.8320106Z ^[[36;1m  else^[[0m
Python CI / lint-format	UNKNOWN STEP	2026-09-08T07:04:16.8320506Z ^[[36;1m    echo "::error::Failed to prepare vendored dependency aliases"^[[0m
Python CI / lint-format	UNKNOWN STEP	2026-09-08T07:04:16.8320974Z ^[[36;1m    rm -f "$alias_tmp"^[[0m
Python CI / lint-format	UNKNOWN STEP	2026-09-08T07:04:16.8321303Z ^[[36;1m    return 1^[[0m
Python CI / lint-format	UNKNOWN STEP	2026-09-08T07:04:16.8321589Z ^[[36;1m  fi^[[0m
Python CI / lint-format	UNKNOWN STEP	2026-09-08T07:04:16.8321855Z ^[[36;1m^[[0m
Python CI / lint-format	UNKNOWN STEP	2026-09-08T07:04:16.8322154Z ^[[36;1m  while IFS= read -r vendored_alias; do^[[0m
Python CI / lint-format	UNKNOWN STEP	2026-09-08T07:04:16.8322563Z ^[[36;1m    if [ -z "$vendored_alias" ]; then^[[0m
Python CI / lint-format	UNKNOWN STEP	2026-09-08T07:04:16.8322926Z ^[[36;1m      continue^[[0m
Python CI / lint-format	UNKNOWN STEP	2026-09-08T07:04:16.8323217Z ^[[36;1m    fi^[[0m
Python CI / lint-format	UNKNOWN STEP	2026-09-08T07:04:16.8323541Z ^[[36;1m    VENDORED_ALIAS_DIRS+=("$vendored_alias")^[[0m
Python CI / lint-format	UNKNOWN STEP	2026-09-08T07:04:16.8323934Z ^[[36;1m  done <"$alias_tmp"^[[0m
Python CI / lint-format	UNKNOWN STEP	2026-09-08T07:04:16.8324373Z ^[[36;1m^[[0m
Python CI / lint-format	UNKNOWN STEP	2026-09-08T07:04:16.8324653Z ^[[36;1m  rm -f "$alias_tmp"^[[0m
Python CI / lint-format	UNKNOWN STEP	2026-09-08T07:04:16.8324958Z ^[[36;1m}^[[0m
Python CI / lint-format	UNKNOWN STEP	2026-09-08T07:04:16.8325217Z ^[[36;1m^[[0m
Python CI / lint-format	UNKNOWN STEP	2026-09-08T07:04:16.8325493Z ^[[36;1mcreate_vendor_aliases^[[0m
Python CI / lint-format	UNKNOWN STEP	2026-09-08T07:04:16.8325805Z ^[[36;1m^[[0m
Python CI / lint-format	UNKNOWN STEP	2026-09-08T07:04:16.8326216Z ^[[36;1m# Strip unresolvable file: dependencies from package.json so npm install^[[0m
Python CI / lint-format	UNKNOWN STEP	2026-09-08T07:04:16.8326864Z ^[[36;1m# doesn't choke when vendored packages are missing (e.g. sparse checkout^[[0m
Python CI / lint-format	UNKNOWN STEP	2026-09-08T07:04:16.8327470Z ^[[36;1m# that doesn't include node_modules/).  Back up the original first so we^[[0m
Python CI / lint-format	UNKNOWN STEP	2026-09-08T07:04:16.8328080Z ^[[36;1m# can restore it after npm install — avoids leaking modified state into^[[0m
Python CI / lint-format	UNKNOWN STEP	2026-09-08T07:04:16.8328618Z ^[[36;1m# downstream steps that expect a clean workspace.^[[0m
Python CI / lint-format	UNKNOWN STEP	2026-09-08T07:04:16.8329047Z ^[[36;1mSTRIPPED_PKG_JSON=false^[[0m
Python CI / lint-format	UNKNOWN STEP	2026-09-08T07:04:16.8329419Z ^[[36;1mif [ -f "package.json" ]; then^[[0m
Python CI / lint-format	UNKNOWN STEP	2026-09-08T07:04:16.8329776Z ^[[36;1m  node -e '^[[0m
Python CI / lint-format	UNKNOWN STEP	2026-09-08T07:04:16.8330093Z ^[[36;1m    const fs = require("fs");^[[0m
Python CI / lint-format	UNKNOWN STEP	2026-09-08T07:04:16.8330474Z ^[[36;1m    const path = require("path");^[[0m
Python CI / lint-format	UNKNOWN STEP	2026-09-08T07:04:16.8330918Z ^[[36;1m    const raw = fs.readFileSync("package.json", "utf8");^[[0m
Python CI / lint-format	UNKNOWN STEP	2026-09-08T07:04:16.8331365Z ^[[36;1m    const pkg = JSON.parse(raw);^[[0m
Python CI / lint-format	UNKNOWN STEP	2026-09-08T07:04:16.8331733Z ^[[36;1m    let changed = false;^[[0m
Python CI / lint-format	UNKNOWN STEP	2026-09-08T07:04:16.8332167Z ^[[36;1m    for (const section of ["dependencies", "devDependencies"]) {^[[0m
Python CI / lint-format	UNKNOWN STEP	2026-09-08T07:04:16.8332640Z ^[[36;1m      if (!pkg[section]) continue;^[[0m
Python CI / lint-format	UNKNOWN STEP	2026-09-08T07:04:16.8333100Z ^[[36;1m      for (const [name, spec] of Object.entries(pkg[section])) {^[[0m
Python CI / lint-format	UNKNOWN STEP	2026-09-08T07:04:16.8333636Z ^[[36;1m        if (typeof spec === "string" && spec.startsWith("file:")) {^[[0m
Python CI / lint-format	UNKNOWN STEP	2026-09-08T07:04:16.8334338Z ^[[36;1m          const target = path.resolve(spec.slice(5));^[[0m
Python CI / lint-format	UNKNOWN STEP	2026-09-08T07:04:16.8334803Z ^[[36;1m          if (!fs.existsSync(target)) {^[[0m
Python CI / lint-format	UNKNOWN STEP	2026-09-08T07:04:16.8335205Z ^[[36;1m            delete pkg[section][name];^[[0m
Python CI / lint-format	UNKNOWN STEP	2026-09-08T07:04:16.8335738Z ^[[36;1m            changed = true;^[[0m
Python CI / lint-format	UNKNOWN STEP	2026-09-08T07:04:16.8336304Z ^[[36;1m            console.log("::notice::Stripped unresolvable vendored dep: " + name + " (" + spec + ")");^[[0m
Python CI / lint-format	UNKNOWN STEP	2026-09-08T07:04:16.8336861Z ^[[36;1m          }^[[0m
Python CI / lint-format	UNKNOWN STEP	2026-09-08T07:04:16.8337152Z ^[[36;1m        }^[[0m
Python CI / lint-format	UNKNOWN STEP	2026-09-08T07:04:16.8337427Z ^[[36;1m      }^[[0m
Python CI / lint-format	UNKNOWN STEP	2026-09-08T07:04:16.8337932Z ^[[36;1m      if (pkg[section] && Object.keys(pkg[section]).length === 0) {^[[0m
Python CI / lint-format	UNKNOWN STEP	2026-09-08T07:04:16.8353336Z ^[[36;1m        delete pkg[section];^[[0m
Python CI / lint-format	UNKNOWN STEP	2026-09-08T07:04:16.8353831Z ^[[36;1m      }^[[0m
Python CI / lint-format	UNKNOWN STEP	2026-09-08T07:04:16.8354370Z ^[[36;1m    }^[[0m
Python CI / lint-format	UNKNOWN STEP	2026-09-08T07:04:16.8354674Z ^[[36;1m    if (changed) {^[[0m
Python CI / lint-format	UNKNOWN STEP	2026-09-08T07:04:16.8355115Z ^[[36;1m      fs.copyFileSync("package.json", "package.json.bak");^[[0m
Python CI / lint-format	UNKNOWN STEP	2026-09-08T07:04:16.8355721Z ^[[36;1m      fs.writeFileSync("package.json", JSON.stringify(pkg, null, 2) + "\n");^[[0m
Python CI / lint-format	UNKNOWN STEP	2026-09-08T07:04:16.8356285Z ^[[36;1m      process.stdout.write("STRIPPED");^[[0m
Python CI / lint-format	UNKNOWN STEP	2026-09-08T07:04:16.8356675Z ^[[36;1m    }^[[0m
Python CI / lint-format	UNKNOWN STEP	2026-09-08T07:04:16.8356972Z ^[[36;1m  '^[[0m
Python CI / lint-format	UNKNOWN STEP	2026-09-08T07:04:16.8357303Z ^[[36;1m  if [ -f "package.json.bak" ]; then^[[0m
Python CI / lint-format	UNKNOWN STEP	2026-09-08T07:04:16.8357709Z ^[[36;1m    STRIPPED_PKG_JSON=true^[[0m
Python CI / lint-format	UNKNOWN STEP	2026-09-08T07:04:16.8358060Z ^[[36;1m  fi^[[0m
Python CI / lint-format	UNKNOWN STEP	2026-09-08T07:04:16.8358332Z ^[[36;1mfi^[[0m
Python CI / lint-format	UNKNOWN STEP	2026-09-08T07:04:16.8358609Z ^[[36;1m^[[0m
Python CI / lint-format	UNKNOWN STEP	2026-09-08T07:04:16.8359081Z ^[[36;1m# Vendored packages often ship lifecycle scripts (tshy builds, custom bundlers, etc.)^[[0m
Python CI / lint-format	UNKNOWN STEP	2026-09-08T07:04:16.8359833Z ^[[36;1m# that expect repo-specific tooling. Disable lifecycle scripts globally so npm install^[[0m
Python CI / lint-format	UNKNOWN STEP	2026-09-08T07:04:16.8360409Z ^[[36;1m# never invokes those hooks inside CI.^[[0m
Python CI / lint-format	UNKNOWN STEP	2026-09-08T07:04:16.8360824Z ^[[36;1mexport npm_config_ignore_scripts=true^[[0m
Python CI / lint-format	UNKNOWN STEP	2026-09-08T07:04:16.8361211Z ^[[36;1m^[[0m
Python CI / lint-format	UNKNOWN STEP	2026-09-08T07:04:16.8361574Z ^[[36;1m# Track if we create package.json so we can clean it up^[[0m
Python CI / lint-format	UNKNOWN STEP	2026-09-08T07:04:16.8362027Z ^[[36;1mCREATED_PACKAGE_JSON=false^[[0m
Python CI / lint-format	UNKNOWN STEP	2026-09-08T07:04:16.8362412Z ^[[36;1mif [ ! -f "package.json" ]; then^[[0m
Python CI / lint-format	UNKNOWN STEP	2026-09-08T07:04:16.8362833Z ^[[36;1m  echo '{"private":true}' > package.json^[[0m
Python CI / lint-format	UNKNOWN STEP	2026-09-08T07:04:16.8363243Z ^[[36;1m  CREATED_PACKAGE_JSON=true^[[0m
Python CI / lint-format	UNKNOWN STEP	2026-09-08T07:04:16.8363594Z ^[[36;1mfi^[[0m
Python CI / lint-format	UNKNOWN STEP	2026-09-08T07:04:16.8363868Z ^[[36;1m^[[0m
Python CI / lint-format	UNKNOWN STEP	2026-09-08T07:04:16.8364395Z ^[[36;1m# Check if already installed (including lru-cache@10.4.3, a required^[[0m
Python CI / lint-format	UNKNOWN STEP	2026-09-08T07:04:16.8365020Z ^[[36;1m# transitive dep of @octokit/auth-app used for GitHub App token minting).^[[0m
Python CI / lint-format	UNKNOWN STEP	2026-09-08T07:04:16.8365671Z ^[[36;1mif [ -d "node_modules/@octokit/rest" ] && [ -d "node_modules/lru-cache" ]; then^[[0m
Python CI / lint-format	UNKNOWN STEP	2026-09-08T07:04:16.8366227Z ^[[36;1m  echo "✅ @octokit/rest already installed"^[[0m
Python CI / lint-format	UNKNOWN STEP	2026-09-08T07:04:16.8366623Z ^[[36;1melse^[[0m
Python CI / lint-format	UNKNOWN STEP	2026-09-08T07:04:16.8366999Z ^[[36;1m  # Snapshot vendored package metadata before npm install.^[[0m
Python CI / lint-format	UNKNOWN STEP	2026-09-08T07:04:16.8367549Z ^[[36;1m  # npm may overwrite transitive deps (e.g. minimatch) that are^[[0m
Python CI / lint-format	UNKNOWN STEP	2026-09-08T07:04:16.8368115Z ^[[36;1m  # committed as vendored packages with intentional version pins.^[[0m
Python CI / lint-format	UNKNOWN STEP	2026-09-08T07:04:16.8368602Z ^[[36;1m  VENDORED_SNAPSHOT=""^[[0m
Python CI / lint-format	UNKNOWN STEP	2026-09-08T07:04:16.8369018Z ^[[36;1m  if [ -f "node_modules/minimatch/package.json" ]; then^[[0m
Python CI / lint-format	UNKNOWN STEP	2026-09-08T07:04:16.8369465Z ^[[36;1m    VENDORED_SNAPSHOT=$(mktemp -d)^[[0m
Python CI / lint-format	UNKNOWN STEP	2026-09-08T07:04:16.8369870Z ^[[36;1m    for pkg_dir in node_modules/*/; do^[[0m
Python CI / lint-format	UNKNOWN STEP	2026-09-08T07:04:16.8370297Z ^[[36;1m      if [ -f "${pkg_dir}package.json" ]; then^[[0m
Python CI / lint-format	UNKNOWN STEP	2026-09-08T07:04:16.8370737Z ^[[36;1m        pkg_name=$(basename "$pkg_dir")^[[0m
Python CI / lint-format	UNKNOWN STEP	2026-09-08T07:04:16.8371168Z ^[[36;1m        mkdir -p "${VENDORED_SNAPSHOT}/${pkg_name}"^[[0m
Python CI / lint-format	UNKNOWN STEP	2026-09-08T07:04:16.8371754Z ^[[36;1m        cp "${pkg_dir}package.json" "${VENDORED_SNAPSHOT}/${pkg_name}/package.json"^[[0m
Python CI / lint-format	UNKNOWN STEP	2026-09-08T07:04:16.8372256Z ^[[36;1m      fi^[[0m
Python CI / lint-format	UNKNOWN STEP	2026-09-08T07:04:16.8372559Z ^[[36;1m    done^[[0m
Python CI / lint-format	UNKNOWN STEP	2026-09-08T07:04:16.8372914Z ^[[36;1m    echo "📸 Snapshotted vendored package metadata"^[[0m
Python CI / lint-format	UNKNOWN STEP	2026-09-08T07:04:16.8373338Z ^[[36;1m  fi^[[0m
Python CI / lint-format	UNKNOWN STEP	2026-09-08T07:04:16.8373614Z ^[[36;1m^[[0m
Python CI / lint-format	UNKNOWN STEP	2026-09-08T07:04:16.8374309Z ^[[36;1m  # Install with pinned versions for consistency.^[[0m
Python CI / lint-format	UNKNOWN STEP	2026-09-08T07:04:16.8374926Z ^[[36;1m  # lru-cache is an explicit transitive dep of @octokit/auth-app required for^[[0m
Python CI / lint-format	UNKNOWN STEP	2026-09-08T07:04:16.8375606Z ^[[36;1m  # GitHub App token minting; pin it here so npm always hoists a specific version^[[0m
Python CI / lint-format	UNKNOWN STEP	2026-09-08T07:04:16.8376212Z ^[[36;1m  # even if a prior cached node_modules state is missing it.^[[0m
Python CI / lint-format	UNKNOWN STEP	2026-09-08T07:04:16.8376764Z ^[[36;1m  #^[[0m
Python CI / lint-format	UNKNOWN STEP	2026-09-08T07:04:16.8377204Z ^[[36;1m  # Retry with exponential backoff to survive transient npm registry errors^[[0m
Python CI / lint-format	UNKNOWN STEP	2026-09-08T07:04:16.8377840Z ^[[36;1m  # (e.g. 403 Forbidden from CDN/rate-limit on safe-buffer, undici, etc.).^[[0m
Python CI / lint-format	UNKNOWN STEP	2026-09-08T07:04:16.8378332Z ^[[36;1m  NPM_PACKAGES=(^[[0m
Python CI / lint-format	UNKNOWN STEP	2026-09-08T07:04:16.8378666Z ^[[36;1m    @octokit/rest@20.0.2^[[0m
Python CI / lint-format	UNKNOWN STEP	2026-09-08T07:04:16.8379026Z ^[[36;1m    @octokit/plugin-retry@6.0.1^[[0m
Python CI / lint-format	UNKNOWN STEP	2026-09-08T07:04:16.8379431Z ^[[36;1m    @octokit/plugin-paginate-rest@9.1.5^[[0m
Python CI / lint-format	UNKNOWN STEP	2026-09-08T07:04:16.8379838Z ^[[36;1m    @octokit/auth-app@6.0.3^[[0m
Python CI / lint-format	UNKNOWN STEP	2026-09-08T07:04:16.8380190Z ^[[36;1m    lru-cache@10.4.3^[[0m
Python CI / lint-format	UNKNOWN STEP	2026-09-08T07:04:16.8380511Z ^[[36;1m  )^[[0m
Python CI / lint-format	UNKNOWN STEP	2026-09-08T07:04:16.8380811Z ^[[36;1m  NPM_MAX_RETRIES=3^[[0m
Python CI / lint-format	UNKNOWN STEP	2026-09-08T07:04:16.8381223Z ^[[36;1m  NPM_BACKOFF=5  # seconds; doubles each retry (5, 10)^[[0m
Python CI / lint-format	UNKNOWN STEP	2026-09-08T07:04:16.8381659Z ^[[36;1m  npm_installed=false^[[0m
Python CI / lint-format	UNKNOWN STEP	2026-09-08T07:04:16.8381979Z ^[[36;1m^[[0m
Python CI / lint-format	UNKNOWN STEP	2026-09-08T07:04:16.8382356Z ^[[36;1m  for (( attempt=1; attempt<=NPM_MAX_RETRIES; attempt++ )); do^[[0m
Python CI / lint-format	UNKNOWN STEP	2026-09-08T07:04:16.8382820Z ^[[36;1m    npm_output=$(mktemp)^[[0m
Python CI / lint-format	UNKNOWN STEP	2026-09-08T07:04:16.8383150Z ^[[36;1m^[[0m
Python CI / lint-format	UNKNOWN STEP	2026-09-08T07:04:16.8383662Z ^[[36;1m    if npm install --no-save --location=project "${NPM_PACKAGES[@]}" 2>"$npm_output"; then^[[0m
Python CI / lint-format	UNKNOWN STEP	2026-09-08T07:04:16.8384390Z ^[[36;1m      rm -f "$npm_output"^[[0m
Python CI / lint-format	UNKNOWN STEP	2026-09-08T07:04:16.8384752Z ^[[36;1m      npm_installed=true^[[0m
Python CI / lint-format	UNKNOWN STEP	2026-09-08T07:04:16.8385095Z ^[[36;1m      break^[[0m
Python CI / lint-format	UNKNOWN STEP	2026-09-08T07:04:16.8385394Z ^[[36;1m    fi^[[0m
Python CI / lint-format	UNKNOWN STEP	2026-09-08T07:04:16.8385671Z ^[[36;1m^[[0m
Python CI / lint-format	UNKNOWN STEP	2026-09-08T07:04:16.8385972Z ^[[36;1m    npm_err=$(cat "$npm_output")^[[0m
Python CI / lint-format	UNKNOWN STEP	2026-09-08T07:04:16.8386349Z ^[[36;1m    rm -f "$npm_output"^[[0m
Python CI / lint-format	UNKNOWN STEP	2026-09-08T07:04:16.8386856Z ^[[36;1m    echo "::warning::npm install attempt $attempt/$NPM_MAX_RETRIES failed (see logs)"^[[0m
Python CI / lint-format	UNKNOWN STEP	2026-09-08T07:04:16.8387433Z ^[[36;1m    echo "::group::npm stderr (attempt $attempt)"^[[0m
Python CI / lint-format	UNKNOWN STEP	2026-09-08T07:04:16.8387839Z ^[[36;1m    echo "$npm_err"^[[0m
Python CI / lint-format	UNKNOWN STEP	2026-09-08T07:04:16.8388158Z ^[[36;1m    echo "::endgroup::"^[[0m
Python CI / lint-format	UNKNOWN STEP	2026-09-08T07:04:16.8388493Z ^[[36;1m^[[0m
Python CI / lint-format	UNKNOWN STEP	2026-09-08T07:04:16.8388882Z ^[[36;1m    # On peer-dep / ERESOLVE failures, also try --legacy-peer-deps^[[0m
Python CI / lint-format	UNKNOWN STEP	2026-09-08T07:04:16.8389525Z ^[[36;1m    if echo "$npm_err" | grep -qiE 'ERESOLVE|peer dep|Could not resolve dependency'; then^[[0m
Python CI / lint-format	UNKNOWN STEP	2026-09-08T07:04:16.8390259Z ^[[36;1m      echo "::warning::Detected peer dependency conflict, retrying with --legacy-peer-deps"^[[0m
Python CI / lint-format	UNKNOWN STEP	2026-09-08T07:04:16.8390816Z ^[[36;1m      npm_output=$(mktemp)^[[0m
Python CI / lint-format	UNKNOWN STEP	2026-09-08T07:04:16.8391433Z ^[[36;1m      if npm install --no-save --legacy-peer-deps --location=project "${NPM_PACKAGES[@]}" 2>"$npm_output"; then^[[0m
Python CI / lint-format	UNKNOWN STEP	2026-09-08T07:04:16.8392074Z ^[[36;1m        rm -f "$npm_output"^[[0m
Python CI / lint-format	UNKNOWN STEP	2026-09-08T07:04:16.8392435Z ^[[36;1m        npm_installed=true^[[0m
Python CI / lint-format	UNKNOWN STEP	2026-09-08T07:04:16.8392773Z ^[[36;1m        break^[[0m
Python CI / lint-format	UNKNOWN STEP	2026-09-08T07:04:16.8393084Z ^[[36;1m      fi^[[0m
Python CI / lint-format	UNKNOWN STEP	2026-09-08T07:04:16.8393406Z ^[[36;1m      npm_err_legacy=$(cat "$npm_output")^[[0m
Python CI / lint-format	UNKNOWN STEP	2026-09-08T07:04:16.8393802Z ^[[36;1m      rm -f "$npm_output"^[[0m
Python CI / lint-format	UNKNOWN STEP	2026-09-08T07:04:16.8394451Z ^[[36;1m      echo "::warning::npm install with --legacy-peer-deps failed (see logs)"^[[0m
Python CI / lint-format	UNKNOWN STEP	2026-09-08T07:04:16.8395003Z ^[[36;1m      echo "::group::npm stderr (--legacy-peer-deps)"^[[0m
Python CI / lint-format	UNKNOWN STEP	2026-09-08T07:04:16.8395431Z ^[[36;1m      echo "$npm_err_legacy"^[[0m
Python CI / lint-format	UNKNOWN STEP	2026-09-08T07:04:16.8395790Z ^[[36;1m      echo "::endgroup::"^[[0m
Python CI / lint-format	UNKNOWN STEP	2026-09-08T07:04:16.8396128Z ^[[36;1m    fi^[[0m
Python CI / lint-format	UNKNOWN STEP	2026-09-08T07:04:16.8396409Z ^[[36;1m^[[0m
Python CI / lint-format	UNKNOWN STEP	2026-09-08T07:04:16.8396730Z ^[[36;1m    if [ "$attempt" -lt "$NPM_MAX_RETRIES" ]; then^[[0m
Python CI / lint-format	UNKNOWN STEP	2026-09-08T07:04:16.8397222Z ^[[36;1m      echo "::notice::Waiting ${NPM_BACKOFF}s before retry..."^[[0m
Python CI / lint-format	UNKNOWN STEP	2026-09-08T07:04:16.8397806Z ^[[36;1m      sleep "$NPM_BACKOFF"^[[0m
Python CI / lint-format	UNKNOWN STEP	2026-09-08T07:04:16.8398177Z ^[[36;1m      NPM_BACKOFF=$((NPM_BACKOFF * 2))^[[0m
Python CI / lint-format	UNKNOWN STEP	2026-09-08T07:04:16.8398550Z ^[[36;1m    fi^[[0m
Python CI / lint-format	UNKNOWN STEP	2026-09-08T07:04:16.8398824Z ^[[36;1m  done^[[0m
Python CI / lint-format	UNKNOWN STEP	2026-09-08T07:04:16.8399088Z ^[[36;1m^[[0m
Python CI / lint-format	UNKNOWN STEP	2026-09-08T07:04:16.8399392Z ^[[36;1m  if [ "$npm_installed" != "true" ]; then^[[0m
Python CI / lint-format	UNKNOWN STEP	2026-09-08T07:04:16.8399897Z ^[[36;1m    echo "::error::npm install failed after $NPM_MAX_RETRIES attempts"^[[0m
Python CI / lint-format	UNKNOWN STEP	2026-09-08T07:04:16.8400485Z ^[[36;1m    exit 1^[[0m
Python CI / lint-format	UNKNOWN STEP	2026-09-08T07:04:16.8400771Z ^[[36;1m  fi^[[0m
Python CI / lint-format	UNKNOWN STEP	2026-09-08T07:04:16.8401047Z ^[[36;1m^[[0m
Python CI / lint-format	UNKNOWN STEP	2026-09-08T07:04:16.8401443Z ^[[36;1m  # Restore vendored package metadata that npm may have overwritten^[[0m
Python CI / lint-format	UNKNOWN STEP	2026-09-08T07:04:16.8402038Z ^[[36;1m  if [ -n "${VENDORED_SNAPSHOT:-}" ] && [ -d "${VENDORED_SNAPSHOT}" ]; then^[[0m
Python CI / lint-format	UNKNOWN STEP	2026-09-08T07:04:16.8402579Z ^[[36;1m    for pkg_backup in "${VENDORED_SNAPSHOT}"/*/; do^[[0m
Python CI / lint-format	UNKNOWN STEP	2026-09-08T07:04:16.8403026Z ^[[36;1m      pkg_name=$(basename "$pkg_backup")^[[0m
Python CI / lint-format	UNKNOWN STEP	2026-09-08T07:04:16.8403497Z ^[[36;1m      if [ -f "node_modules/${pkg_name}/package.json" ] && \^[[0m
Python CI / lint-format	UNKNOWN STEP	2026-09-08T07:04:16.8403979Z ^[[36;1m         [ -f "${pkg_backup}package.json" ]; then^[[0m
Python CI / lint-format	UNKNOWN STEP	2026-09-08T07:04:16.8404683Z ^[[36;1m        cp "${pkg_backup}package.json" "node_modules/${pkg_name}/package.json"^[[0m
Python CI / lint-format	UNKNOWN STEP	2026-09-08T07:04:16.8405183Z ^[[36;1m      fi^[[0m
Python CI / lint-format	UNKNOWN STEP	2026-09-08T07:04:16.8405459Z ^[[36;1m    done^[[0m
Python CI / lint-format	UNKNOWN STEP	2026-09-08T07:04:16.8405770Z ^[[36;1m    rm -rf "${VENDORED_SNAPSHOT}"^[[0m
Python CI / lint-format	UNKNOWN STEP	2026-09-08T07:04:16.8406202Z ^[[36;1m    echo "📸 Restored vendored package metadata"^[[0m
Python CI / lint-format	UNKNOWN STEP	2026-09-08T07:04:16.8406597Z ^[[36;1m  fi^[[0m
Python CI / lint-format	UNKNOWN STEP	2026-09-08T07:04:16.8406870Z ^[[36;1m^[[0m
Python CI / lint-format	UNKNOWN STEP	2026-09-08T07:04:16.8407188Z ^[[36;1m  echo "✅ @octokit dependencies installed"^[[0m
Python CI / lint-format	UNKNOWN STEP	2026-09-08T07:04:16.8407570Z ^[[36;1mfi^[[0m
Python CI / lint-format	UNKNOWN STEP	2026-09-08T07:04:16.8407831Z ^[[36;1m^[[0m
Python CI / lint-format	UNKNOWN STEP	2026-09-08T07:04:16.8408223Z ^[[36;1m# Restore original package.json if we stripped file: deps earlier,^[[0m
Python CI / lint-format	UNKNOWN STEP	2026-09-08T07:04:16.8408768Z ^[[36;1m# so downstream steps see an unmodified workspace.^[[0m
Python CI / lint-format	UNKNOWN STEP	2026-09-08T07:04:16.8409310Z ^[[36;1mif [ "$STRIPPED_PKG_JSON" = "true" ] && [ -f "package.json.bak" ]; then^[[0m
Python CI / lint-format	UNKNOWN STEP	2026-09-08T07:04:16.8409823Z ^[[36;1m  mv "package.json.bak" "package.json"^[[0m
Python CI / lint-format	UNKNOWN STEP	2026-09-08T07:04:16.8410190Z ^[[36;1mfi^[[0m
Python CI / lint-format	UNKNOWN STEP	2026-09-08T07:04:16.8410456Z ^[[36;1m^[[0m
Python CI / lint-format	UNKNOWN STEP	2026-09-08T07:04:16.8410745Z ^[[36;1mcleanup_vendor_aliases^[[0m
Python CI / lint-format	UNKNOWN STEP	2026-09-08T07:04:16.8411083Z ^[[36;1mtrap - EXIT^[[0m
Python CI / lint-format	UNKNOWN STEP	2026-09-08T07:04:16.8452579Z shell: /usr/bin/bash --noprofile --norc -e -o pipefail {0}
Python CI / lint-format	UNKNOWN STEP	2026-09-08T07:04:16.8453073Z env:
Python CI / lint-format	UNKNOWN STEP	2026-09-08T07:04:16.8453361Z   WORKDIR: .
Python CI / lint-format	UNKNOWN STEP	2026-09-08T07:04:16.8453775Z   WORKSPACE_ROOT: /home/runner/work/Fine-Art-Archive/Fine-Art-Archive
Python CI / lint-format	UNKNOWN STEP	2026-09-08T07:04:16.8454583Z   PROJECT_ROOT: /home/runner/work/Fine-Art-Archive/Fine-Art-Archive
Python CI / lint-format	UNKNOWN STEP	2026-09-08T07:04:16.8455045Z ##[endgroup]
Python CI / lint-format	UNKNOWN STEP	2026-09-08T07:04:16.8548306Z 📦 Installing @octokit dependencies in /home/runner/work/Fine-Art-Archive/Fine-Art-Archive/.github/scripts...
Python CI / lint-format	UNKNOWN STEP	2026-09-08T07:04:19.6739628Z 
Python CI / lint-format	UNKNOWN STEP	2026-09-08T07:04:19.6740311Z added 66 packages, and audited 67 packages in 3s
Python CI / lint-format	UNKNOWN STEP	2026-09-08T07:04:19.6740758Z 
Python CI / lint-format	UNKNOWN STEP	2026-09-08T07:04:19.6741031Z 1 package is looking for funding
Python CI / lint-format	UNKNOWN STEP	2026-09-08T07:04:19.6741527Z   run `npm fund` for details
Python CI / lint-format	UNKNOWN STEP	2026-09-08T07:04:19.6757662Z 
Python CI / lint-format	UNKNOWN STEP	2026-09-08T07:04:19.6758215Z 1 moderate severity vulnerability
Python CI / lint-format	UNKNOWN STEP	2026-09-08T07:04:19.6758777Z 
Python CI / lint-format	UNKNOWN STEP	2026-09-08T07:04:19.6759031Z To address all issues, run:
Python CI / lint-format	UNKNOWN STEP	2026-09-08T07:04:19.6759697Z   npm audit fix --force
Python CI / lint-format	UNKNOWN STEP	2026-09-08T07:04:19.6760171Z 
Python CI / lint-format	UNKNOWN STEP	2026-09-08T07:04:19.6760443Z Run `npm audit` for details.
Python CI / lint-format	UNKNOWN STEP	2026-09-08T07:04:19.7230867Z ✅ @octokit dependencies installed
Python CI / lint-format	UNKNOWN STEP	2026-09-08T07:04:19.7252555Z ##[end-action id=__self.__run;outcome=success;conclusion=success;duration_ms=2901]
Python CI / lint-format	UNKNOWN STEP	2026-09-08T07:04:19.7257329Z ##[start-action display=Export NODE_PATH for shared deps;id=__self.__run_2]
Python CI / lint-format	UNKNOWN STEP	2026-09-08T07:04:19.7285230Z ##[group]Run set -euo pipefail
Python CI / lint-format	UNKNOWN STEP	2026-09-08T07:04:19.7285634Z ^[[36;1mset -euo pipefail^[[0m
Python CI / lint-format	UNKNOWN STEP	2026-09-08T07:04:19.7285964Z ^[[36;1mINSTALL_DIR=""^[[0m
Python CI / lint-format	UNKNOWN STEP	2026-09-08T07:04:19.7286306Z ^[[36;1mif [ -z "$INSTALL_DIR" ]; then^[[0m
Python CI / lint-format	UNKNOWN STEP	2026-09-08T07:04:19.7286962Z ^[[36;1m  INSTALL_DIR="${GITHUB_WORKSPACE}/.github/scripts"^[[0m
Python CI / lint-format	UNKNOWN STEP	2026-09-08T07:04:19.7287406Z ^[[36;1mfi^[[0m
Python CI / lint-format	UNKNOWN STEP	2026-09-08T07:04:19.7287748Z ^[[36;1mif [ -d "${INSTALL_DIR}/node_modules" ]; then^[[0m
Python CI / lint-format	UNKNOWN STEP	2026-09-08T07:04:19.7288184Z ^[[36;1m  if [ -n "${NODE_PATH:-}" ]; then^[[0m
Python CI / lint-format	UNKNOWN STEP	2026-09-08T07:04:19.7288752Z ^[[36;1m    echo "NODE_PATH=${INSTALL_DIR}/node_modules:${NODE_PATH}" >> "$GITHUB_ENV"^[[0m
Python CI / lint-format	UNKNOWN STEP	2026-09-08T07:04:19.7289441Z ^[[36;1m  else^[[0m
Python CI / lint-format	UNKNOWN STEP	2026-09-08T07:04:19.7289840Z ^[[36;1m    echo "NODE_PATH=${INSTALL_DIR}/node_modules" >> "$GITHUB_ENV"^[[0m
Python CI / lint-format	UNKNOWN STEP	2026-09-08T07:04:19.7290294Z ^[[36;1m  fi^[[0m
Python CI / lint-format	UNKNOWN STEP	2026-09-08T07:04:19.7290581Z ^[[36;1melse^[[0m
Python CI / lint-format	UNKNOWN STEP	2026-09-08T07:04:19.7291113Z ^[[36;1m  echo "::notice::setup-api-client: ${INSTALL_DIR}/node_modules not found; skipping NODE_PATH export."^[[0m
Python CI / lint-format	UNKNOWN STEP	2026-09-08T07:04:19.7291721Z ^[[36;1mfi^[[0m
Python CI / lint-format	UNKNOWN STEP	2026-09-08T07:04:19.7328663Z shell: /usr/bin/bash --noprofile --norc -e -o pipefail {0}
Python CI / lint-format	UNKNOWN STEP	2026-09-08T07:04:19.7329123Z env:
Python CI / lint-format	UNKNOWN STEP	2026-09-08T07:04:19.7329418Z   WORKDIR: .
Python CI / lint-format	UNKNOWN STEP	2026-09-08T07:04:19.7329855Z   WORKSPACE_ROOT: /home/runner/work/Fine-Art-Archive/Fine-Art-Archive
Python CI / lint-format	UNKNOWN STEP	2026-09-08T07:04:19.7330452Z   PROJECT_ROOT: /home/runner/work/Fine-Art-Archive/Fine-Art-Archive
Python CI / lint-format	UNKNOWN STEP	2026-09-08T07:04:19.7330963Z ##[endgroup]
Python CI / lint-format	UNKNOWN STEP	2026-09-08T07:04:19.7397584Z ##[end-action id=__self.__run_2;outcome=success;conclusion=success;duration_ms=13]
Python CI / lint-format	UNKNOWN STEP	2026-09-08T07:04:19.7407366Z ##[start-action display=Export load balancer tokens;id=__self.export-tokens]
Python CI / lint-format	UNKNOWN STEP	2026-09-08T07:04:19.7428790Z ##[group]Run set -euo pipefail
Python CI / lint-format	UNKNOWN STEP	2026-09-08T07:04:19.7429499Z ^[[36;1mset -euo pipefail^[[0m
Python CI / lint-format	UNKNOWN STEP	2026-09-08T07:04:19.7429828Z ^[[36;1m^[[0m
Python CI / lint-format	UNKNOWN STEP	2026-09-08T07:04:19.7430106Z ^[[36;1mtoken_count=0^[[0m
Python CI / lint-format	UNKNOWN STEP	2026-09-08T07:04:19.7430424Z ^[[36;1mavailable_tokens=""^[[0m
Python CI / lint-format	UNKNOWN STEP	2026-09-08T07:04:19.7430738Z ^[[36;1m^[[0m
Python CI / lint-format	UNKNOWN STEP	2026-09-08T07:04:19.7431035Z ^[[36;1m# Export a variable to GITHUB_ENV^[[0m
Python CI / lint-format	UNKNOWN STEP	2026-09-08T07:04:19.7431561Z ^[[36;1m# Note: Empty values are intentionally not counted as available tokens^[[0m
Python CI / lint-format	UNKNOWN STEP	2026-09-08T07:04:19.7432069Z ^[[36;1mexport_var() {^[[0m
Python CI / lint-format	UNKNOWN STEP	2026-09-08T07:04:19.7432383Z ^[[36;1m  local name="$1"^[[0m
Python CI / lint-format	UNKNOWN STEP	2026-09-08T07:04:19.7432726Z ^[[36;1m  local value="${2-}"^[[0m
Python CI / lint-format	UNKNOWN STEP	2026-09-08T07:04:19.7433066Z ^[[36;1m  if [ -z "${value}" ]; then^[[0m
Python CI / lint-format	UNKNOWN STEP	2026-09-08T07:04:19.7433418Z ^[[36;1m    return 0^[[0m
Python CI / lint-format	UNKNOWN STEP	2026-09-08T07:04:19.7433717Z ^[[36;1m  fi^[[0m
Python CI / lint-format	UNKNOWN STEP	2026-09-08T07:04:19.7433984Z ^[[36;1m^[[0m
Python CI / lint-format	UNKNOWN STEP	2026-09-08T07:04:19.7434576Z ^[[36;1m  # Handle multiline values (like private keys)^[[0m
Python CI / lint-format	UNKNOWN STEP	2026-09-08T07:04:19.7435030Z ^[[36;1m  if [[ "${value}" == *$'\n'* ]]; then^[[0m
Python CI / lint-format	UNKNOWN STEP	2026-09-08T07:04:19.7435412Z ^[[36;1m    {^[[0m
Python CI / lint-format	UNKNOWN STEP	2026-09-08T07:04:19.7435706Z ^[[36;1m      echo "${name}<<EOF"^[[0m
Python CI / lint-format	UNKNOWN STEP	2026-09-08T07:04:19.7436080Z ^[[36;1m      printf '%s\n' "${value}"^[[0m
Python CI / lint-format	UNKNOWN STEP	2026-09-08T07:04:19.7436445Z ^[[36;1m      echo "EOF"^[[0m
Python CI / lint-format	UNKNOWN STEP	2026-09-08T07:04:19.7436775Z ^[[36;1m    } >>"${GITHUB_ENV}"^[[0m
Python CI / lint-format	UNKNOWN STEP	2026-09-08T07:04:19.7437117Z ^[[36;1m  else^[[0m
Python CI / lint-format	UNKNOWN STEP	2026-09-08T07:04:19.7437492Z ^[[36;1m    printf '%s=%s\n' "${name}" "${value}" >>"${GITHUB_ENV}"^[[0m
Python CI / lint-format	UNKNOWN STEP	2026-09-08T07:04:19.7437925Z ^[[36;1m  fi^[[0m
Python CI / lint-format	UNKNOWN STEP	2026-09-08T07:04:19.7438216Z ^[[36;1m^[[0m
Python CI / lint-format	UNKNOWN STEP	2026-09-08T07:04:19.7438516Z ^[[36;1m  token_count=$((token_count + 1))^[[0m
Python CI / lint-format	UNKNOWN STEP	2026-09-08T07:04:19.7438925Z ^[[36;1m  if [ -n "$available_tokens" ]; then^[[0m
Python CI / lint-format	UNKNOWN STEP	2026-09-08T07:04:19.7439366Z ^[[36;1m    available_tokens="${available_tokens},${name}"^[[0m
Python CI / lint-format	UNKNOWN STEP	2026-09-08T07:04:19.7439773Z ^[[36;1m  else^[[0m
Python CI / lint-format	UNKNOWN STEP	2026-09-08T07:04:19.7440071Z ^[[36;1m    available_tokens="${name}"^[[0m
Python CI / lint-format	UNKNOWN STEP	2026-09-08T07:04:19.7440424Z ^[[36;1m  fi^[[0m
Python CI / lint-format	UNKNOWN STEP	2026-09-08T07:04:19.7440696Z ^[[36;1m^[[0m
Python CI / lint-format	UNKNOWN STEP	2026-09-08T07:04:19.7441006Z ^[[36;1m  if [ "${INPUT_VERBOSE}" = "true" ]; then^[[0m
Python CI / lint-format	UNKNOWN STEP	2026-09-08T07:04:19.7441427Z ^[[36;1m    echo "  ✅ ${name} exported"^[[0m
Python CI / lint-format	UNKNOWN STEP	2026-09-08T07:04:19.7441786Z ^[[36;1m  fi^[[0m
Python CI / lint-format	UNKNOWN STEP	2026-09-08T07:04:19.7442063Z ^[[36;1m}^[[0m
Python CI / lint-format	UNKNOWN STEP	2026-09-08T07:04:19.7442353Z ^[[36;1m^[[0m
Python CI / lint-format	UNKNOWN STEP	2026-09-08T07:04:19.7442695Z ^[[36;1mecho "🔐 Exporting tokens to environment..."^[[0m
Python CI / lint-format	UNKNOWN STEP	2026-09-08T07:04:19.7443103Z ^[[36;1m^[[0m
Python CI / lint-format	UNKNOWN STEP	2026-09-08T07:04:19.7443474Z ^[[36;1m# Try to extract from JSON secrets first (requires jq)^[[0m
Python CI / lint-format	UNKNOWN STEP	2026-09-08T07:04:19.7444334Z ^[[36;1mif [ -n "${INPUT_SECRETS:-}" ] && [ "${INPUT_SECRETS}" != "null" ]; then^[[0m
Python CI / lint-format	UNKNOWN STEP	2026-09-08T07:04:19.7445145Z ^[[36;1m  if ! command -v jq >/dev/null 2>&1; then^[[0m
Python CI / lint-format	UNKNOWN STEP	2026-09-08T07:04:19.7445859Z ^[[36;1m    echo "::warning::'jq' is not installed; falling back to individual token inputs instead of parsing JSON secrets."^[[0m
Python CI / lint-format	UNKNOWN STEP	2026-09-08T07:04:19.7446585Z ^[[36;1m    # Fall back to individual inputs when jq is unavailable^[[0m
Python CI / lint-format	UNKNOWN STEP	2026-09-08T07:04:19.7447100Z ^[[36;1m    SERVICE_BOT_PAT="${INPUT_SERVICE_BOT_PAT:-}"^[[0m
Python CI / lint-format	UNKNOWN STEP	2026-09-08T07:04:19.7447719Z ^[[36;1m    ACTIONS_BOT_PAT="${INPUT_ACTIONS_BOT_PAT:-}"^[[0m
Python CI / lint-format	UNKNOWN STEP	2026-09-08T07:04:19.7448169Z ^[[36;1m    OWNER_PR_PAT="${INPUT_OWNER_PR_PAT:-}"^[[0m
Python CI / lint-format	UNKNOWN STEP	2026-09-08T07:04:19.7448676Z ^[[36;1m    AGENTS_AUTOMATION_PAT="${INPUT_AGENTS_AUTOMATION_PAT:-}"^[[0m
Python CI / lint-format	UNKNOWN STEP	2026-09-08T07:04:19.7449201Z ^[[36;1m    WORKFLOWS_APP_ID="${INPUT_WORKFLOWS_APP_ID:-}"^[[0m
Python CI / lint-format	UNKNOWN STEP	2026-09-08T07:04:19.7449743Z ^[[36;1m    WORKFLOWS_APP_PRIVATE_KEY="${INPUT_WORKFLOWS_APP_PRIVATE_KEY:-}"^[[0m
Python CI / lint-format	UNKNOWN STEP	2026-09-08T07:04:19.7450282Z ^[[36;1m    KEEPALIVE_APP_ID="${INPUT_KEEPALIVE_APP_ID:-}"^[[0m
Python CI / lint-format	UNKNOWN STEP	2026-09-08T07:04:19.7450812Z ^[[36;1m    KEEPALIVE_APP_PRIVATE_KEY="${INPUT_KEEPALIVE_APP_PRIVATE_KEY:-}"^[[0m
Python CI / lint-format	UNKNOWN STEP	2026-09-08T07:04:19.7451313Z ^[[36;1m    GH_APP_ID="${INPUT_GH_APP_ID:-}"^[[0m
Python CI / lint-format	UNKNOWN STEP	2026-09-08T07:04:19.7451760Z ^[[36;1m    GH_APP_PRIVATE_KEY="${INPUT_GH_APP_PRIVATE_KEY:-}"^[[0m
Python CI / lint-format	UNKNOWN STEP	2026-09-08T07:04:19.7452215Z ^[[36;1m    APP_1_ID="${INPUT_APP_1_ID:-}"^[[0m
Python CI / lint-format	UNKNOWN STEP	2026-09-08T07:04:19.7452652Z ^[[36;1m    APP_1_PRIVATE_KEY="${INPUT_APP_1_PRIVATE_KEY:-}"^[[0m
Python CI / lint-format	UNKNOWN STEP	2026-09-08T07:04:19.7453110Z ^[[36;1m    APP_2_ID="${INPUT_APP_2_ID:-}"^[[0m
Python CI / lint-format	UNKNOWN STEP	2026-09-08T07:04:19.7453533Z ^[[36;1m    APP_2_PRIVATE_KEY="${INPUT_APP_2_PRIVATE_KEY:-}"^[[0m
Python CI / lint-format	UNKNOWN STEP	2026-09-08T07:04:19.7453949Z ^[[36;1m  else^[[0m
Python CI / lint-format	UNKNOWN STEP	2026-09-08T07:04:19.7454567Z ^[[36;1m    # Parse JSON secrets using jq^[[0m
Python CI / lint-format	UNKNOWN STEP	2026-09-08T07:04:19.7454953Z ^[[36;1m    extract_secret() {^[[0m
Python CI / lint-format	UNKNOWN STEP	2026-09-08T07:04:19.7455286Z ^[[36;1m      local key="$1"^[[0m
Python CI / lint-format	UNKNOWN STEP	2026-09-08T07:04:19.7455746Z ^[[36;1m      echo "${INPUT_SECRETS}" | jq -r ".${key} // empty" 2>/dev/null || echo ""^[[0m
Python CI / lint-format	UNKNOWN STEP	2026-09-08T07:04:19.7456226Z ^[[36;1m    }^[[0m
Python CI / lint-format	UNKNOWN STEP	2026-09-08T07:04:19.7456503Z ^[[36;1m^[[0m
Python CI / lint-format	UNKNOWN STEP	2026-09-08T07:04:19.7456873Z ^[[36;1m    SERVICE_BOT_PAT=$(extract_secret "SERVICE_BOT_PAT")^[[0m
Python CI / lint-format	UNKNOWN STEP	2026-09-08T07:04:19.7457362Z ^[[36;1m    ACTIONS_BOT_PAT=$(extract_secret "ACTIONS_BOT_PAT")^[[0m
Python CI / lint-format	UNKNOWN STEP	2026-09-08T07:04:19.7457841Z ^[[36;1m    OWNER_PR_PAT=$(extract_secret "OWNER_PR_PAT")^[[0m
Python CI / lint-format	UNKNOWN STEP	2026-09-08T07:04:19.7458369Z ^[[36;1m    AGENTS_AUTOMATION_PAT=$(extract_secret "AGENTS_AUTOMATION_PAT")^[[0m
Python CI / lint-format	UNKNOWN STEP	2026-09-08T07:04:19.7458932Z ^[[36;1m    WORKFLOWS_APP_ID=$(extract_secret "WORKFLOWS_APP_ID")^[[0m
Python CI / lint-format	UNKNOWN STEP	2026-09-08T07:04:19.7459514Z ^[[36;1m    WORKFLOWS_APP_PRIVATE_KEY=$(extract_secret "WORKFLOWS_APP_PRIVATE_KEY")^[[0m
Python CI / lint-format	UNKNOWN STEP	2026-09-08T07:04:19.7460094Z ^[[36;1m    KEEPALIVE_APP_ID=$(extract_secret "KEEPALIVE_APP_ID")^[[0m
Python CI / lint-format	UNKNOWN STEP	2026-09-08T07:04:19.7460662Z ^[[36;1m    KEEPALIVE_APP_PRIVATE_KEY=$(extract_secret "KEEPALIVE_APP_PRIVATE_KEY")^[[0m
Python CI / lint-format	UNKNOWN STEP	2026-09-08T07:04:19.7461197Z ^[[36;1m    GH_APP_ID=$(extract_secret "GH_APP_ID")^[[0m
Python CI / lint-format	UNKNOWN STEP	2026-09-08T07:04:19.7461672Z ^[[36;1m    GH_APP_PRIVATE_KEY=$(extract_secret "GH_APP_PRIVATE_KEY")^[[0m
Python CI / lint-format	UNKNOWN STEP	2026-09-08T07:04:19.7462160Z ^[[36;1m    APP_1_ID=$(extract_secret "APP_1_ID")^[[0m
Python CI / lint-format	UNKNOWN STEP	2026-09-08T07:04:19.7462631Z ^[[36;1m    APP_1_PRIVATE_KEY=$(extract_secret "APP_1_PRIVATE_KEY")^[[0m
Python CI / lint-format	UNKNOWN STEP	2026-09-08T07:04:19.7463090Z ^[[36;1m    APP_2_ID=$(extract_secret "APP_2_ID")^[[0m
Python CI / lint-format	UNKNOWN STEP	2026-09-08T07:04:19.7463552Z ^[[36;1m    APP_2_PRIVATE_KEY=$(extract_secret "APP_2_PRIVATE_KEY")^[[0m
Python CI / lint-format	UNKNOWN STEP	2026-09-08T07:04:19.7463968Z ^[[36;1m  fi^[[0m
Python CI / lint-format	UNKNOWN STEP	2026-09-08T07:04:19.7464579Z ^[[36;1melse^[[0m
Python CI / lint-format	UNKNOWN STEP	2026-09-08T07:04:19.7465084Z ^[[36;1m  # Fall back to individual inputs^[[0m
Python CI / lint-format	UNKNOWN STEP	2026-09-08T07:04:19.7465855Z ^[[36;1m  SERVICE_BOT_PAT="${INPUT_SERVICE_BOT_PAT:-}"^[[0m
Python CI / lint-format	UNKNOWN STEP	2026-09-08T07:04:19.7466582Z ^[[36;1m  ACTIONS_BOT_PAT="${INPUT_ACTIONS_BOT_PAT:-}"^[[0m
Python CI / lint-format	UNKNOWN STEP	2026-09-08T07:04:19.7467192Z ^[[36;1m  OWNER_PR_PAT="${INPUT_OWNER_PR_PAT:-}"^[[0m
Python CI / lint-format	UNKNOWN STEP	2026-09-08T07:04:19.7467870Z ^[[36;1m  AGENTS_AUTOMATION_PAT="${INPUT_AGENTS_AUTOMATION_PAT:-}"^[[0m
Python CI / lint-format	UNKNOWN STEP	2026-09-08T07:04:19.7468617Z ^[[36;1m  WORKFLOWS_APP_ID="${INPUT_WORKFLOWS_APP_ID:-}"^[[0m
Python CI / lint-format	UNKNOWN STEP	2026-09-08T07:04:19.7469325Z ^[[36;1m  WORKFLOWS_APP_PRIVATE_KEY="${INPUT_WORKFLOWS_APP_PRIVATE_KEY:-}"^[[0m
Python CI / lint-format	UNKNOWN STEP	2026-09-08T07:04:19.7470292Z ^[[36;1m  KEEPALIVE_APP_ID="${INPUT_KEEPALIVE_APP_ID:-}"^[[0m
Python CI / lint-format	UNKNOWN STEP	2026-09-08T07:04:19.7471022Z ^[[36;1m  KEEPALIVE_APP_PRIVATE_KEY="${INPUT_KEEPALIVE_APP_PRIVATE_KEY:-}"^[[0m
Python CI / lint-format	UNKNOWN STEP	2026-09-08T07:04:19.7529947Z ^[[36;1m  GH_APP_ID="${INPUT_GH_APP_ID:-}"^[[0m
Python CI / lint-format	UNKNOWN STEP	2026-09-08T07:04:19.7530452Z ^[[36;1m  GH_APP_PRIVATE_KEY="${INPUT_GH_APP_PRIVATE_KEY:-}"^[[0m
Python CI / lint-format	UNKNOWN STEP	2026-09-08T07:04:19.7531274Z ^[[36;1m  APP_1_ID="${INPUT_APP_1_ID:-}"^[[0m
Python CI / lint-format	UNKNOWN STEP	2026-09-08T07:04:19.7531727Z ^[[36;1m  APP_1_PRIVATE_KEY="${INPUT_APP_1_PRIVATE_KEY:-}"^[[0m
Python CI / lint-format	UNKNOWN STEP	2026-09-08T07:04:19.7532169Z ^[[36;1m  APP_2_ID="${INPUT_APP_2_ID:-}"^[[0m
Python CI / lint-format	UNKNOWN STEP	2026-09-08T07:04:19.7532584Z ^[[36;1m  APP_2_PRIVATE_KEY="${INPUT_APP_2_PRIVATE_KEY:-}"^[[0m
Python CI / lint-format	UNKNOWN STEP	2026-09-08T07:04:19.7532978Z ^[[36;1mfi^[[0m
Python CI / lint-format	UNKNOWN STEP	2026-09-08T07:04:19.7533271Z ^[[36;1m^[[0m
Python CI / lint-format	UNKNOWN STEP	2026-09-08T07:04:19.7533659Z ^[[36;1m# Export GITHUB_TOKEN (GH_TOKEN is the same value, only count once)^[[0m
Python CI / lint-format	UNKNOWN STEP	2026-09-08T07:04:19.7534478Z ^[[36;1mif [ -n "${INPUT_GITHUB_TOKEN:-}" ]; then^[[0m
Python CI / lint-format	UNKNOWN STEP	2026-09-08T07:04:19.7534961Z ^[[36;1m  export_var "GITHUB_TOKEN" "${INPUT_GITHUB_TOKEN}"^[[0m
Python CI / lint-format	UNKNOWN STEP	2026-09-08T07:04:19.7535438Z ^[[36;1m  # GH_TOKEN is exported but not double-counted^[[0m
Python CI / lint-format	UNKNOWN STEP	2026-09-08T07:04:19.7535959Z ^[[36;1m  printf '%s=%s\n' "GH_TOKEN" "${INPUT_GITHUB_TOKEN}" >>"${GITHUB_ENV}"^[[0m
Python CI / lint-format	UNKNOWN STEP	2026-09-08T07:04:19.7536414Z ^[[36;1mfi^[[0m
Python CI / lint-format	UNKNOWN STEP	2026-09-08T07:04:19.7536690Z ^[[36;1m^[[0m
Python CI / lint-format	UNKNOWN STEP	2026-09-08T07:04:19.7536973Z ^[[36;1m# Export PATs^[[0m
Python CI / lint-format	UNKNOWN STEP	2026-09-08T07:04:19.7537369Z ^[[36;1mexport_var "SERVICE_BOT_PAT" "${SERVICE_BOT_PAT:-}"^[[0m
Python CI / lint-format	UNKNOWN STEP	2026-09-08T07:04:19.7537865Z ^[[36;1mexport_var "ACTIONS_BOT_PAT" "${ACTIONS_BOT_PAT:-}"^[[0m
Python CI / lint-format	UNKNOWN STEP	2026-09-08T07:04:19.7538323Z ^[[36;1mexport_var "OWNER_PR_PAT" "${OWNER_PR_PAT:-}"^[[0m
Python CI / lint-format	UNKNOWN STEP	2026-09-08T07:04:19.7538848Z ^[[36;1mexport_var "AGENTS_AUTOMATION_PAT" "${AGENTS_AUTOMATION_PAT:-}"^[[0m
Python CI / lint-format	UNKNOWN STEP	2026-09-08T07:04:19.7539315Z ^[[36;1m^[[0m
Python CI / lint-format	UNKNOWN STEP	2026-09-08T07:04:19.7539603Z ^[[36;1m# Export App credentials^[[0m
Python CI / lint-format	UNKNOWN STEP	2026-09-08T07:04:19.7540035Z ^[[36;1mexport_var "WORKFLOWS_APP_ID" "${WORKFLOWS_APP_ID:-}"^[[0m
Python CI / lint-format	UNKNOWN STEP	2026-09-08T07:04:19.7540627Z ^[[36;1mexport_var "WORKFLOWS_APP_PRIVATE_KEY" "${WORKFLOWS_APP_PRIVATE_KEY:-}"^[[0m
Python CI / lint-format	UNKNOWN STEP	2026-09-08T07:04:19.7541194Z ^[[36;1mexport_var "KEEPALIVE_APP_ID" "${KEEPALIVE_APP_ID:-}"^[[0m
Python CI / lint-format	UNKNOWN STEP	2026-09-08T07:04:19.7541751Z ^[[36;1mexport_var "KEEPALIVE_APP_PRIVATE_KEY" "${KEEPALIVE_APP_PRIVATE_KEY:-}"^[[0m
Python CI / lint-format	UNKNOWN STEP	2026-09-08T07:04:19.7542281Z ^[[36;1mexport_var "GH_APP_ID" "${GH_APP_ID:-}"^[[0m
Python CI / lint-format	UNKNOWN STEP	2026-09-08T07:04:19.7542744Z ^[[36;1mexport_var "GH_APP_PRIVATE_KEY" "${GH_APP_PRIVATE_KEY:-}"^[[0m
Python CI / lint-format	UNKNOWN STEP	2026-09-08T07:04:19.7543218Z ^[[36;1mexport_var "APP_1_ID" "${APP_1_ID:-}"^[[0m
Python CI / lint-format	UNKNOWN STEP	2026-09-08T07:04:19.7543678Z ^[[36;1mexport_var "APP_1_PRIVATE_KEY" "${APP_1_PRIVATE_KEY:-}"^[[0m
Python CI / lint-format	UNKNOWN STEP	2026-09-08T07:04:19.7544328Z ^[[36;1mexport_var "APP_2_ID" "${APP_2_ID:-}"^[[0m
Python CI / lint-format	UNKNOWN STEP	2026-09-08T07:04:19.7544795Z ^[[36;1mexport_var "APP_2_PRIVATE_KEY" "${APP_2_PRIVATE_KEY:-}"^[[0m
Python CI / lint-format	UNKNOWN STEP	2026-09-08T07:04:19.7545210Z ^[[36;1m^[[0m
Python CI / lint-format	UNKNOWN STEP	2026-09-08T07:04:19.7545488Z ^[[36;1m# Output summary^[[0m
Python CI / lint-format	UNKNOWN STEP	2026-09-08T07:04:19.7545890Z ^[[36;1mecho "token_count=${token_count}" >> "$GITHUB_OUTPUT"^[[0m
Python CI / lint-format	UNKNOWN STEP	2026-09-08T07:04:19.7546424Z ^[[36;1mecho "available_tokens=${available_tokens}" >> "$GITHUB_OUTPUT"^[[0m
Python CI / lint-format	UNKNOWN STEP	2026-09-08T07:04:19.7546873Z ^[[36;1m^[[0m
Python CI / lint-format	UNKNOWN STEP	2026-09-08T07:04:19.7547179Z ^[[36;1minstall_dir="${INPUT_INSTALL_DIR:-}"^[[0m
Python CI / lint-format	UNKNOWN STEP	2026-09-08T07:04:19.7547574Z ^[[36;1mif [ -z "$install_dir" ]; then^[[0m
Python CI / lint-format	UNKNOWN STEP	2026-09-08T07:04:19.7548003Z ^[[36;1m  install_dir="${GITHUB_WORKSPACE}/.github/scripts"^[[0m
Python CI / lint-format	UNKNOWN STEP	2026-09-08T07:04:19.7548415Z ^[[36;1mfi^[[0m
Python CI / lint-format	UNKNOWN STEP	2026-09-08T07:04:19.7548706Z ^[[36;1msetup_contract="$(^[[0m
Python CI / lint-format	UNKNOWN STEP	2026-09-08T07:04:19.7549067Z ^[[36;1m  AVAILABLE_TOKENS="${available_tokens}" \^[[0m
Python CI / lint-format	UNKNOWN STEP	2026-09-08T07:04:19.7549482Z ^[[36;1m  TOKEN_COUNT="${token_count}" \^[[0m
Python CI / lint-format	UNKNOWN STEP	2026-09-08T07:04:19.7549865Z ^[[36;1m  INSTALL_DIR="${install_dir}" \^[[0m
Python CI / lint-format	UNKNOWN STEP	2026-09-08T07:04:19.7550226Z ^[[36;1m  node <<'NODE'^[[0m
Python CI / lint-format	UNKNOWN STEP	2026-09-08T07:04:19.7550558Z ^[[36;1mconst fs = require('node:fs');^[[0m
Python CI / lint-format	UNKNOWN STEP	2026-09-08T07:04:19.7550941Z ^[[36;1mconst path = require('node:path');^[[0m
Python CI / lint-format	UNKNOWN STEP	2026-09-08T07:04:19.7551306Z ^[[36;1m^[[0m
Python CI / lint-format	UNKNOWN STEP	2026-09-08T07:04:19.7551653Z ^[[36;1mconst installDir = process.env.INSTALL_DIR || '';^[[0m
Python CI / lint-format	UNKNOWN STEP	2026-09-08T07:04:19.7552315Z ^[[36;1mconst tokenNames = (process.env.AVAILABLE_TOKENS || '')^[[0m
Python CI / lint-format	UNKNOWN STEP	2026-09-08T07:04:19.7552768Z ^[[36;1m  .split(',')^[[0m
Python CI / lint-format	UNKNOWN STEP	2026-09-08T07:04:19.7553099Z ^[[36;1m  .map((value) => value.trim())^[[0m
Python CI / lint-format	UNKNOWN STEP	2026-09-08T07:04:19.7553465Z ^[[36;1m  .filter(Boolean);^[[0m
Python CI / lint-format	UNKNOWN STEP	2026-09-08T07:04:19.7553812Z ^[[36;1mconst tokenSet = new Set(tokenNames);^[[0m
Python CI / lint-format	UNKNOWN STEP	2026-09-08T07:04:19.7554518Z ^[[36;1mconst appPairs = [^[[0m
Python CI / lint-format	UNKNOWN STEP	2026-09-08T07:04:19.7555132Z ^[[36;1m  ['WORKFLOWS_APP', 'WORKFLOWS_APP_ID', 'WORKFLOWS_APP_PRIVATE_KEY'],^[[0m
Python CI / lint-format	UNKNOWN STEP	2026-09-08T07:04:19.7555723Z ^[[36;1m  ['KEEPALIVE_APP', 'KEEPALIVE_APP_ID', 'KEEPALIVE_APP_PRIVATE_KEY'],^[[0m
Python CI / lint-format	UNKNOWN STEP	2026-09-08T07:04:19.7556246Z ^[[36;1m  ['GH_APP', 'GH_APP_ID', 'GH_APP_PRIVATE_KEY'],^[[0m
Python CI / lint-format	UNKNOWN STEP	2026-09-08T07:04:19.7556696Z ^[[36;1m  ['APP_1', 'APP_1_ID', 'APP_1_PRIVATE_KEY'],^[[0m
Python CI / lint-format	UNKNOWN STEP	2026-09-08T07:04:19.7557129Z ^[[36;1m  ['APP_2', 'APP_2_ID', 'APP_2_PRIVATE_KEY'],^[[0m
Python CI / lint-format	UNKNOWN STEP	2026-09-08T07:04:19.7557508Z ^[[36;1m];^[[0m
Python CI / lint-format	UNKNOWN STEP	2026-09-08T07:04:19.7557797Z ^[[36;1mconst authModes = [];^[[0m
Python CI / lint-format	UNKNOWN STEP	2026-09-08T07:04:19.7558161Z ^[[36;1mif (tokenSet.has('GITHUB_TOKEN')) {^[[0m
Python CI / lint-format	UNKNOWN STEP	2026-09-08T07:04:19.7558641Z ^[[36;1m  authModes.push({ source: 'GITHUB_TOKEN', mode: 'github-token' });^[[0m
Python CI / lint-format	UNKNOWN STEP	2026-09-08T07:04:19.7559094Z ^[[36;1m}^[[0m
Python CI / lint-format	UNKNOWN STEP	2026-09-08T07:04:19.7559396Z ^[[36;1mfor (const name of tokenNames) {^[[0m
Python CI / lint-format	UNKNOWN STEP	2026-09-08T07:04:19.7559774Z ^[[36;1m  if (name.endsWith('_PAT')) {^[[0m
Python CI / lint-format	UNKNOWN STEP	2026-09-08T07:04:19.7560184Z ^[[36;1m    authModes.push({ source: name, mode: 'pat' });^[[0m
Python CI / lint-format	UNKNOWN STEP	2026-09-08T07:04:19.7560598Z ^[[36;1m  }^[[0m
Python CI / lint-format	UNKNOWN STEP	2026-09-08T07:04:19.7560868Z ^[[36;1m}^[[0m
Python CI / lint-format	UNKNOWN STEP	2026-09-08T07:04:19.7561204Z ^[[36;1mfor (const [source, idName, keyName] of appPairs) {^[[0m
Python CI / lint-format	UNKNOWN STEP	2026-09-08T07:04:19.7561700Z ^[[36;1m  if (tokenSet.has(idName) && tokenSet.has(keyName)) {^[[0m
Python CI / lint-format	UNKNOWN STEP	2026-09-08T07:04:19.7562130Z ^[[36;1m    authModes.push({^[[0m
Python CI / lint-format	UNKNOWN STEP	2026-09-08T07:04:19.7562448Z ^[[36;1m      source,^[[0m
Python CI / lint-format	UNKNOWN STEP	2026-09-08T07:04:19.7562764Z ^[[36;1m      mode: 'github-app',^[[0m
Python CI / lint-format	UNKNOWN STEP	2026-09-08T07:04:19.7563143Z ^[[36;1m      credential_names: [idName, keyName],^[[0m
Python CI / lint-format	UNKNOWN STEP	2026-09-08T07:04:19.7563520Z ^[[36;1m    });^[[0m
Python CI / lint-format	UNKNOWN STEP	2026-09-08T07:04:19.7563806Z ^[[36;1m  }^[[0m
Python CI / lint-format	UNKNOWN STEP	2026-09-08T07:04:19.7564311Z ^[[36;1m}^[[0m
Python CI / lint-format	UNKNOWN STEP	2026-09-08T07:04:19.7564590Z ^[[36;1m^[[0m
Python CI / lint-format	UNKNOWN STEP	2026-09-08T07:04:19.7564960Z ^[[36;1mconst moduleDir = path.join(installDir, 'node_modules');^[[0m
Python CI / lint-format	UNKNOWN STEP	2026-09-08T07:04:19.7565596Z ^[[36;1mconst hasModule = (name) => fs.existsSync(path.join(moduleDir, ...name.split('/')));^[[0m
Python CI / lint-format	UNKNOWN STEP	2026-09-08T07:04:19.7566138Z ^[[36;1mconst contract = {^[[0m
Python CI / lint-format	UNKNOWN STEP	2026-09-08T07:04:19.7566520Z ^[[36;1m  schema: 'workflows-api-client-setup/v1',^[[0m
Python CI / lint-format	UNKNOWN STEP	2026-09-08T07:04:19.7567059Z ^[[36;1m  token_count: Number.parseInt(process.env.TOKEN_COUNT || '0', 10) || 0,^[[0m
Python CI / lint-format	UNKNOWN STEP	2026-09-08T07:04:19.7567582Z ^[[36;1m  available_token_names: tokenNames,^[[0m
Python CI / lint-format	UNKNOWN STEP	2026-09-08T07:04:19.7567973Z ^[[36;1m  auth_modes: authModes,^[[0m
Python CI / lint-format	UNKNOWN STEP	2026-09-08T07:04:19.7568322Z ^[[36;1m  dependency_state: {^[[0m
Python CI / lint-format	UNKNOWN STEP	2026-09-08T07:04:19.7568697Z ^[[36;1m    node_path_ready: fs.existsSync(moduleDir),^[[0m
Python CI / lint-format	UNKNOWN STEP	2026-09-08T07:04:19.7569164Z ^[[36;1m    octokit_rest_ready: hasModule('@octokit/rest'),^[[0m
Python CI / lint-format	UNKNOWN STEP	2026-09-08T07:04:19.7569673Z ^[[36;1m    octokit_auth_app_ready: hasModule('@octokit/auth-app'),^[[0m
Python CI / lint-format	UNKNOWN STEP	2026-09-08T07:04:19.7570167Z ^[[36;1m    lru_cache_ready: hasModule('lru-cache'),^[[0m
Python CI / lint-format	UNKNOWN STEP	2026-09-08T07:04:19.7570559Z ^[[36;1m  },^[[0m
Python CI / lint-format	UNKNOWN STEP	2026-09-08T07:04:19.7570830Z ^[[36;1m};^[[0m
Python CI / lint-format	UNKNOWN STEP	2026-09-08T07:04:19.7571186Z ^[[36;1mprocess.stdout.write(JSON.stringify(contract));^[[0m
Python CI / lint-format	UNKNOWN STEP	2026-09-08T07:04:19.7571596Z ^[[36;1mNODE^[[0m
Python CI / lint-format	UNKNOWN STEP	2026-09-08T07:04:19.7571860Z ^[[36;1m)"^[[0m
Python CI / lint-format	UNKNOWN STEP	2026-09-08T07:04:19.7572262Z ^[[36;1mprintf 'setup_contract=%s\n' "$setup_contract" >> "$GITHUB_OUTPUT"^[[0m
Python CI / lint-format	UNKNOWN STEP	2026-09-08T07:04:19.7572720Z ^[[36;1m^[[0m
Python CI / lint-format	UNKNOWN STEP	2026-09-08T07:04:19.7572981Z ^[[36;1mecho ""^[[0m
Python CI / lint-format	UNKNOWN STEP	2026-09-08T07:04:19.7573303Z ^[[36;1mecho "📊 Token Setup Summary:"^[[0m
Python CI / lint-format	UNKNOWN STEP	2026-09-08T07:04:19.7573726Z ^[[36;1mecho "  Total tokens exported: ${token_count}"^[[0m
Python CI / lint-format	UNKNOWN STEP	2026-09-08T07:04:19.7574473Z ^[[36;1mecho "  Setup contract schema: workflows-api-client-setup/v1"^[[0m
Python CI / lint-format	UNKNOWN STEP	2026-09-08T07:04:19.7574981Z ^[[36;1mif [ "${INPUT_VERBOSE}" = "true" ]; then^[[0m
Python CI / lint-format	UNKNOWN STEP	2026-09-08T07:04:19.7575398Z ^[[36;1m  echo "  Available: ${available_tokens}"^[[0m
Python CI / lint-format	UNKNOWN STEP	2026-09-08T07:04:19.7575967Z ^[[36;1m  echo "  Setup contract: ${setup_contract}"^[[0m
Python CI / lint-format	UNKNOWN STEP	2026-09-08T07:04:19.7576357Z ^[[36;1mfi^[[0m
Python CI / lint-format	UNKNOWN STEP	2026-09-08T07:04:19.7576620Z ^[[36;1m^[[0m
Python CI / lint-format	UNKNOWN STEP	2026-09-08T07:04:19.7576905Z ^[[36;1m# Warn if no tokens were exported^[[0m
Python CI / lint-format	UNKNOWN STEP	2026-09-08T07:04:19.7577295Z ^[[36;1mif [ "${token_count}" -eq 0 ]; then^[[0m
Python CI / lint-format	UNKNOWN STEP	2026-09-08T07:04:19.7577765Z ^[[36;1m  echo "::warning::No tokens were exported! API calls may fail."^[[0m
Python CI / lint-format	UNKNOWN STEP	2026-09-08T07:04:19.7578437Z ^[[36;1m  echo "::warning::Ensure secrets are passed to this action."^[[0m
Python CI / lint-format	UNKNOWN STEP	2026-09-08T07:04:19.7578869Z ^[[36;1mfi^[[0m
Python CI / lint-format	UNKNOWN STEP	2026-09-08T07:04:19.7616720Z shell: /usr/bin/bash --noprofile --norc -e -o pipefail {0}
Python CI / lint-format	UNKNOWN STEP	2026-09-08T07:04:19.7617170Z env:
Python CI / lint-format	UNKNOWN STEP	2026-09-08T07:04:19.7617453Z   WORKDIR: .
Python CI / lint-format	UNKNOWN STEP	2026-09-08T07:04:19.7617856Z   WORKSPACE_ROOT: /home/runner/work/Fine-Art-Archive/Fine-Art-Archive
Python CI / lint-format	UNKNOWN STEP	2026-09-08T07:04:19.7618422Z   PROJECT_ROOT: /home/runner/work/Fine-Art-Archive/Fine-Art-Archive
Python CI / lint-format	UNKNOWN STEP	2026-09-08T07:04:19.7619073Z   NODE_PATH: /home/runner/work/Fine-Art-Archive/Fine-Art-Archive/.github/scripts/node_modules
Python CI / lint-format	UNKNOWN STEP	2026-09-08T07:04:19.7619610Z   INPUT_SECRETS: 
Python CI / lint-format	UNKNOWN STEP	2026-09-08T07:04:19.7622293Z   INPUT_GITHUB_TOKEN: ***
Python CI / lint-format	UNKNOWN STEP	2026-09-08T07:04:19.7622636Z   INPUT_SERVICE_BOT_PAT: 
Python CI / lint-format	UNKNOWN STEP	2026-09-08T07:04:19.7622959Z   INPUT_ACTIONS_BOT_PAT: 
Python CI / lint-format	UNKNOWN STEP	2026-09-08T07:04:19.7623263Z   INPUT_OWNER_PR_PAT: 
Python CI / lint-format	UNKNOWN STEP	2026-09-08T07:04:19.7623572Z   INPUT_AGENTS_AUTOMATION_PAT: 
Python CI / lint-format	UNKNOWN STEP	2026-09-08T07:04:19.7623940Z   INPUT_WORKFLOWS_APP_ID: ***
Python CI / lint-format	UNKNOWN STEP	2026-09-08T07:04:19.7631287Z   INPUT_WORKFLOWS_APP_PRIVATE_KEY: ***
Python CI / lint-format	UNKNOWN STEP	2026-09-08T07:04:19.7631668Z   INPUT_KEEPALIVE_APP_ID: 
Python CI / lint-format	UNKNOWN STEP	2026-09-08T07:04:19.7631996Z   INPUT_KEEPALIVE_APP_PRIVATE_KEY: 
Python CI / lint-format	UNKNOWN STEP	2026-09-08T07:04:19.7632339Z   INPUT_GH_APP_ID: 
Python CI / lint-format	UNKNOWN STEP	2026-09-08T07:04:19.7632636Z   INPUT_GH_APP_PRIVATE_KEY: 
Python CI / lint-format	UNKNOWN STEP	2026-09-08T07:04:19.7632953Z   INPUT_APP_1_ID: 
Python CI / lint-format	UNKNOWN STEP	2026-09-08T07:04:19.7633295Z   INPUT_APP_1_PRIVATE_KEY: 
Python CI / lint-format	UNKNOWN STEP	2026-09-08T07:04:19.7633637Z   INPUT_APP_2_ID: 
Python CI / lint-format	UNKNOWN STEP	2026-09-08T07:04:19.7633919Z   INPUT_APP_2_PRIVATE_KEY: 
Python CI / lint-format	UNKNOWN STEP	2026-09-08T07:04:19.7634545Z   INPUT_INSTALL_DIR: 
Python CI / lint-format	UNKNOWN STEP	2026-09-08T07:04:19.7634863Z   INPUT_VERBOSE: false
Python CI / lint-format	UNKNOWN STEP	2026-09-08T07:04:19.7635181Z ##[endgroup]
Python CI / lint-format	UNKNOWN STEP	2026-09-08T07:04:19.7694246Z 🔐 Exporting tokens to environment...
Python CI / lint-format	UNKNOWN STEP	2026-09-08T07:04:19.7985583Z 
Python CI / lint-format	UNKNOWN STEP	2026-09-08T07:04:19.7986408Z 📊 Token Setup Summary:
Python CI / lint-format	UNKNOWN STEP	2026-09-08T07:04:19.7986964Z   Total tokens exported: 3
Python CI / lint-format	UNKNOWN STEP	2026-09-08T07:04:19.7987416Z   Setup contract schema: workflows-api-client-setup/v1
Python CI / lint-format	UNKNOWN STEP	2026-09-08T07:04:19.8013103Z ##[end-action id=__self.export-tokens;outcome=success;conclusion=success;duration_ms=60]
Python CI / lint-format	UNKNOWN STEP	2026-09-08T07:04:19.8160605Z ##[group]Run actions/checkout@v7
Python CI / lint-format	UNKNOWN STEP	2026-09-08T07:04:19.8161012Z with:
Python CI / lint-format	UNKNOWN STEP	2026-09-08T07:04:19.8161299Z   submodules: false
Python CI / lint-format	UNKNOWN STEP	2026-09-08T07:04:19.8161594Z   fetch-depth: 1
Python CI / lint-format	UNKNOWN STEP	2026-09-08T07:04:19.8161928Z   repository: stranske/Fine-Art-Archive
Python CI / lint-format	UNKNOWN STEP	2026-09-08T07:04:19.8164639Z   token: ***
Python CI / lint-format	UNKNOWN STEP	2026-09-08T07:04:19.8164954Z   ssh-strict: true
Python CI / lint-format	UNKNOWN STEP	2026-09-08T07:04:19.8165253Z   ssh-user: git
Python CI / lint-format	UNKNOWN STEP	2026-09-08T07:04:19.8165558Z   persist-credentials: true
Python CI / lint-format	UNKNOWN STEP	2026-09-08T07:04:19.8165890Z   clean: true
Python CI / lint-format	UNKNOWN STEP	2026-09-08T07:04:19.8166191Z   sparse-checkout-cone-mode: true
Python CI / lint-format	UNKNOWN STEP	2026-09-08T07:04:19.8166537Z   fetch-tags: false
Python CI / lint-format	UNKNOWN STEP	2026-09-08T07:04:19.8166838Z   show-progress: true
Python CI / lint-format	UNKNOWN STEP	2026-09-08T07:04:19.8167148Z   lfs: false
Python CI / lint-format	UNKNOWN STEP	2026-09-08T07:04:19.8167429Z   set-safe-directory: true
Python CI / lint-format	UNKNOWN STEP	2026-09-08T07:04:19.8167759Z   allow-unsafe-pr-checkout: false
Python CI / lint-format	UNKNOWN STEP	2026-09-08T07:04:19.8168103Z env:
Python CI / lint-format	UNKNOWN STEP	2026-09-08T07:04:19.8168368Z   WORKDIR: .
Python CI / lint-format	UNKNOWN STEP	2026-09-08T07:04:19.8168762Z   WORKSPACE_ROOT: /home/runner/work/Fine-Art-Archive/Fine-Art-Archive
Python CI / lint-format	UNKNOWN STEP	2026-09-08T07:04:19.8169380Z   PROJECT_ROOT: /home/runner/work/Fine-Art-Archive/Fine-Art-Archive
Python CI / lint-format	UNKNOWN STEP	2026-09-08T07:04:19.8170024Z   NODE_PATH: /home/runner/work/Fine-Art-Archive/Fine-Art-Archive/.github/scripts/node_modules
Python CI / lint-format	UNKNOWN STEP	2026-09-08T07:04:19.8172622Z   GITHUB_TOKEN: ***
Python CI / lint-format	UNKNOWN STEP	2026-09-08T07:04:19.8175187Z   GH_TOKEN: ***
Python CI / lint-format	UNKNOWN STEP	2026-09-08T07:04:19.8175503Z   WORKFLOWS_APP_ID: ***
Python CI / lint-format	UNKNOWN STEP	2026-09-08T07:04:19.8182601Z   WORKFLOWS_APP_PRIVATE_KEY: ***
Python CI / lint-format	UNKNOWN STEP	2026-09-08T07:04:19.8182947Z ##[endgroup]
Python CI / lint-format	UNKNOWN STEP	2026-09-08T07:04:19.9064979Z Syncing repository: stranske/Fine-Art-Archive
Python CI / lint-format	UNKNOWN STEP	2026-09-08T07:04:19.9066268Z ##[group]Getting Git version info
Python CI / lint-format	UNKNOWN STEP	2026-09-08T07:04:19.9067156Z Working directory is '/home/runner/work/Fine-Art-Archive/Fine-Art-Archive'
Python CI / lint-format	UNKNOWN STEP	2026-09-08T07:04:19.9110598Z [command]/usr/bin/git version
Python CI / lint-format	UNKNOWN STEP	2026-09-08T07:04:19.9147006Z git version 2.55.0
Python CI / lint-format	UNKNOWN STEP	2026-09-08T07:04:19.9167310Z ##[endgroup]
Python CI / lint-format	UNKNOWN STEP	2026-09-08T07:04:19.9177283Z Temporarily overriding HOME='/home/runner/work/_temp/1166c302-0b6f-4245-ac28-47ab665bc376' before making global git config changes
Python CI / lint-format	UNKNOWN STEP	2026-09-08T07:04:19.9178600Z Adding repository directory to the temporary git global config as a safe directory
Python CI / lint-format	UNKNOWN STEP	2026-09-08T07:04:19.9183241Z [command]/usr/bin/git config --global --add safe.directory /home/runner/work/Fine-Art-Archive/Fine-Art-Archive
Python CI / lint-format	UNKNOWN STEP	2026-09-08T07:04:19.9215560Z Deleting the contents of '/home/runner/work/Fine-Art-Archive/Fine-Art-Archive'
Python CI / lint-format	UNKNOWN STEP	2026-09-08T07:04:19.9585679Z ##[group]Determining repository object format
Python CI / lint-format	UNKNOWN STEP	2026-09-08T07:04:19.9587275Z ##[endgroup]
Python CI / lint-format	UNKNOWN STEP	2026-09-08T07:04:19.9588198Z ##[group]Initializing the repository
Python CI / lint-format	UNKNOWN STEP	2026-09-08T07:04:19.9592967Z [command]/usr/bin/git init /home/runner/work/Fine-Art-Archive/Fine-Art-Archive
Python CI / lint-format	UNKNOWN STEP	2026-09-08T07:04:19.9639615Z hint: Using 'master' as the name for the initial branch. This default branch name
Python CI / lint-format	UNKNOWN STEP	2026-09-08T07:04:19.9640930Z hint: will change to "main" in Git 3.0. To configure the initial branch name
Python CI / lint-format	UNKNOWN STEP	2026-09-08T07:04:19.9641800Z hint: to use in all of your new repositories, which will suppress this warning,
Python CI / lint-format	UNKNOWN STEP	2026-09-08T07:04:19.9642891Z hint: call:
Python CI / lint-format	UNKNOWN STEP	2026-09-08T07:04:19.9643539Z hint:
Python CI / lint-format	UNKNOWN STEP	2026-09-08T07:04:19.9644595Z hint: 	git config --global init.defaultBranch <name>
Python CI / lint-format	UNKNOWN STEP	2026-09-08T07:04:19.9645403Z hint:
Python CI / lint-format	UNKNOWN STEP	2026-09-08T07:04:19.9646136Z hint: Names commonly chosen instead of 'master' are 'main', 'trunk' and
Python CI / lint-format	UNKNOWN STEP	2026-09-08T07:04:19.9647251Z hint: 'development'. The just-created branch can be renamed via this command:
Python CI / lint-format	UNKNOWN STEP	2026-09-08T07:04:19.9648134Z hint:
Python CI / lint-format	UNKNOWN STEP	2026-09-08T07:04:19.9648643Z hint: 	git branch -m <name>
Python CI / lint-format	UNKNOWN STEP	2026-09-08T07:04:19.9665131Z hint:
Python CI / lint-format	UNKNOWN STEP	2026-09-08T07:04:19.9665920Z hint: Disable this message with "git config set advice.defaultBranchName false"
Python CI / lint-format	UNKNOWN STEP	2026-09-08T07:04:19.9666697Z Initialized empty Git repository in /home/runner/work/Fine-Art-Archive/Fine-Art-Archive/.git/
Python CI / lint-format	UNKNOWN STEP	2026-09-08T07:04:19.9668016Z [command]/usr/bin/git remote add origin https://github.com/stranske/Fine-Art-Archive
Python CI / lint-format	UNKNOWN STEP	2026-09-08T07:04:19.9691123Z ##[endgroup]
Python CI / lint-format	UNKNOWN STEP	2026-09-08T07:04:19.9691673Z ##[group]Disabling automatic garbage collection
Python CI / lint-format	UNKNOWN STEP	2026-09-08T07:04:19.9695628Z [command]/usr/bin/git config --local gc.auto 0
Python CI / lint-format	UNKNOWN STEP	2026-09-08T07:04:19.9727301Z ##[endgroup]
Python CI / lint-format	UNKNOWN STEP	2026-09-08T07:04:19.9728030Z ##[group]Setting up auth
Python CI / lint-format	UNKNOWN STEP	2026-09-08T07:04:19.9728420Z Removing SSH command configuration
Python CI / lint-format	UNKNOWN STEP	2026-09-08T07:04:19.9734987Z [command]/usr/bin/git config --local --name-only --get-regexp core\.sshCommand
Python CI / lint-format	UNKNOWN STEP	2026-09-08T07:04:19.9769645Z [command]/usr/bin/git submodule foreach --recursive sh -c "git config --local --name-only --get-regexp 'core\.sshCommand' && git config --local --unset-all 'core.sshCommand' || :"
Python CI / lint-format	UNKNOWN STEP	2026-09-08T07:04:19.9990069Z Removing HTTP extra header
Python CI / lint-format	UNKNOWN STEP	2026-09-08T07:04:19.9995834Z [command]/usr/bin/git config --local --name-only --get-regexp http\.https\:\/\/github\.com\/\.extraheader
Python CI / lint-format	UNKNOWN STEP	2026-09-08T07:04:20.0031467Z [command]/usr/bin/git submodule foreach --recursive sh -c "git config --local --name-only --get-regexp 'http\.https\:\/\/github\.com\/\.extraheader' && git config --local --unset-all 'http.https://github.com/.extraheader' || :"
Python CI / lint-format	UNKNOWN STEP	2026-09-08T07:04:20.0257187Z Removing includeIf entries pointing to credentials config files
Python CI / lint-format	UNKNOWN STEP	2026-09-08T07:04:20.0263278Z [command]/usr/bin/git config --local --name-only --get-regexp ^includeIf\.gitdir:
Python CI / lint-format	UNKNOWN STEP	2026-09-08T07:04:20.0300165Z [command]/usr/bin/git submodule foreach --recursive git config --local --show-origin --name-only --get-regexp remote.origin.url
Python CI / lint-format	UNKNOWN STEP	2026-09-08T07:04:20.0555022Z [command]/usr/bin/git config --file /home/runner/work/_temp/git-credentials-9506a507-a1d0-44bf-bc80-91b1625492aa.config http.https://github.com/.extraheader AUTHORIZATION: basic ***
Python CI / lint-format	UNKNOWN STEP	2026-09-08T07:04:20.0602549Z [command]/usr/bin/git config --local includeIf.gitdir:/home/runner/work/Fine-Art-Archive/Fine-Art-Archive/.git.path /home/runner/work/_temp/git-credentials-9506a507-a1d0-44bf-bc80-91b1625492aa.config
Python CI / lint-format	UNKNOWN STEP	2026-09-08T07:04:20.0639938Z [command]/usr/bin/git config --local includeIf.gitdir:/home/runner/work/Fine-Art-Archive/Fine-Art-Archive/.git/worktrees/*.path /home/runner/work/_temp/git-credentials-9506a507-a1d0-44bf-bc80-91b1625492aa.config
Python CI / lint-format	UNKNOWN STEP	2026-09-08T07:04:20.0677618Z [command]/usr/bin/git config --local includeIf.gitdir:/github/workspace/.git.path /github/runner_temp/git-credentials-9506a507-a1d0-44bf-bc80-91b1625492aa.config
Python CI / lint-format	UNKNOWN STEP	2026-09-08T07:04:20.0716399Z [command]/usr/bin/git config --local includeIf.gitdir:/github/workspace/.git/worktrees/*.path /github/runner_temp/git-credentials-9506a507-a1d0-44bf-bc80-91b1625492aa.config
Python CI / lint-format	UNKNOWN STEP	2026-09-08T07:04:20.0750372Z ##[endgroup]
Python CI / lint-format	UNKNOWN STEP	2026-09-08T07:04:20.0751200Z ##[group]Fetching the repository
Python CI / lint-format	UNKNOWN STEP	2026-09-08T07:04:20.0761260Z [command]/usr/bin/git -c protocol.version=2 fetch --no-tags --prune --no-recurse-submodules --depth=1 origin +a239a3d12c0ad1f93749c7e36e442b6f1c6959c5:refs/remotes/origin/main
Python CI / lint-format	UNKNOWN STEP	2026-09-08T07:04:20.6800792Z From https://github.com/stranske/Fine-Art-Archive
Python CI / lint-format	UNKNOWN STEP	2026-09-08T07:04:20.6802123Z  * [new ref]         a239a3d12c0ad1f93749c7e36e442b6f1c6959c5 -> origin/main
Python CI / lint-format	UNKNOWN STEP	2026-09-08T07:04:20.6812203Z [command]/usr/bin/git branch --list --remote origin/main
Python CI / lint-format	UNKNOWN STEP	2026-09-08T07:04:20.6841675Z   origin/main
Python CI / lint-format	UNKNOWN STEP	2026-09-08T07:04:20.6852520Z [command]/usr/bin/git rev-parse refs/remotes/origin/main
Python CI / lint-format	UNKNOWN STEP	2026-09-08T07:04:20.6877131Z a239a3d12c0ad1f93749c7e36e442b6f1c6959c5
Python CI / lint-format	UNKNOWN STEP	2026-09-08T07:04:20.6887618Z ##[endgroup]
Python CI / lint-format	UNKNOWN STEP	2026-09-08T07:04:20.6888414Z ##[group]Determining the checkout info
Python CI / lint-format	UNKNOWN STEP	2026-09-08T07:04:20.6889352Z ##[endgroup]
Python CI / lint-format	UNKNOWN STEP	2026-09-08T07:04:20.6889963Z [command]/usr/bin/git sparse-checkout disable
Python CI / lint-format	UNKNOWN STEP	2026-09-08T07:04:20.6934298Z [command]/usr/bin/git config --local --unset-all extensions.worktreeConfig
Python CI / lint-format	UNKNOWN STEP	2026-09-08T07:04:20.6966809Z ##[group]Checking out the ref
Python CI / lint-format	UNKNOWN STEP	2026-09-08T07:04:20.6972219Z [command]/usr/bin/git checkout --progress --force -B main refs/remotes/origin/main
Python CI / lint-format	UNKNOWN STEP	2026-09-08T07:04:20.7684221Z Switched to a new branch 'main'
Python CI / lint-format	UNKNOWN STEP	2026-09-08T07:04:20.7686394Z branch 'main' set up to track 'origin/main'.
Python CI / lint-format	UNKNOWN STEP	2026-09-08T07:04:20.7696227Z ##[endgroup]
Python CI / lint-format	UNKNOWN STEP	2026-09-08T07:04:20.7739799Z [command]/usr/bin/git log -1 --format=%H
Python CI / lint-format	UNKNOWN STEP	2026-09-08T07:04:20.7764850Z a239a3d12c0ad1f93749c7e36e442b6f1c6959c5
Python CI / lint-format	UNKNOWN STEP	2026-09-08T07:04:20.7926962Z ##[group]Run actions/setup-python@v7
Python CI / lint-format	UNKNOWN STEP	2026-09-08T07:04:20.7927355Z with:
Python CI / lint-format	UNKNOWN STEP	2026-09-08T07:04:20.7927665Z   python-version: 3.12
Python CI / lint-format	UNKNOWN STEP	2026-09-08T07:04:20.7927978Z   check-latest: false
Python CI / lint-format	UNKNOWN STEP	2026-09-08T07:04:20.7930361Z   token: ***
Python CI / lint-format	UNKNOWN STEP	2026-09-08T07:04:20.7930664Z   update-environment: true
Python CI / lint-format	UNKNOWN STEP	2026-09-08T07:04:20.7930994Z   allow-prereleases: false
Python CI / lint-format	UNKNOWN STEP	2026-09-08T07:04:20.7931319Z   freethreaded: false
Python CI / lint-format	UNKNOWN STEP	2026-09-08T07:04:20.7931611Z env:
Python CI / lint-format	UNKNOWN STEP	2026-09-08T07:04:20.7931876Z   WORKDIR: .
Python CI / lint-format	UNKNOWN STEP	2026-09-08T07:04:20.7932280Z   WORKSPACE_ROOT: /home/runner/work/Fine-Art-Archive/Fine-Art-Archive
Python CI / lint-format	UNKNOWN STEP	2026-09-08T07:04:20.7932842Z   PROJECT_ROOT: /home/runner/work/Fine-Art-Archive/Fine-Art-Archive
Python CI / lint-format	UNKNOWN STEP	2026-09-08T07:04:20.7933485Z   NODE_PATH: /home/runner/work/Fine-Art-Archive/Fine-Art-Archive/.github/scripts/node_modules
Python CI / lint-format	UNKNOWN STEP	2026-09-08T07:04:20.7936356Z   GITHUB_TOKEN: ***
Python CI / lint-format	UNKNOWN STEP	2026-09-08T07:04:20.7938659Z   GH_TOKEN: ***
Python CI / lint-format	UNKNOWN STEP	2026-09-08T07:04:20.7938985Z   WORKFLOWS_APP_ID: ***
Python CI / lint-format	UNKNOWN STEP	2026-09-08T07:04:20.7946391Z   WORKFLOWS_APP_PRIVATE_KEY: ***
Python CI / lint-format	UNKNOWN STEP	2026-09-08T07:04:20.7946779Z ##[endgroup]
Python CI / lint-format	UNKNOWN STEP	2026-09-08T07:04:20.9132638Z ##[group]Installed versions
Python CI / lint-format	UNKNOWN STEP	2026-09-08T07:04:20.9256908Z Successfully set up CPython (3.12.14)
Python CI / lint-format	UNKNOWN STEP	2026-09-08T07:04:20.9257958Z ##[endgroup]
Python CI / lint-format	UNKNOWN STEP	2026-09-08T07:04:20.9401776Z ##[group]Run actions/setup-node@820762786026740c76f36085b0efc47a31fe5020
Python CI / lint-format	UNKNOWN STEP	2026-09-08T07:04:20.9402269Z with:
Python CI / lint-format	UNKNOWN STEP	2026-09-08T07:04:20.9402555Z   node-version: 24
Python CI / lint-format	UNKNOWN STEP	2026-09-08T07:04:20.9402854Z   check-latest: false
Python CI / lint-format	UNKNOWN STEP	2026-09-08T07:04:20.9406058Z   token: ***
Python CI / lint-format	UNKNOWN STEP	2026-09-08T07:04:20.9406532Z   package-manager-cache: true
Python CI / lint-format	UNKNOWN STEP	2026-09-08T07:04:20.9407037Z env:
Python CI / lint-format	UNKNOWN STEP	2026-09-08T07:04:20.9407444Z   WORKDIR: .
Python CI / lint-format	UNKNOWN STEP	2026-09-08T07:04:20.9408041Z   WORKSPACE_ROOT: /home/runner/work/Fine-Art-Archive/Fine-Art-Archive
Python CI / lint-format	UNKNOWN STEP	2026-09-08T07:04:20.9408988Z   PROJECT_ROOT: /home/runner/work/Fine-Art-Archive/Fine-Art-Archive
Python CI / lint-format	UNKNOWN STEP	2026-09-08T07:04:20.9410051Z   NODE_PATH: /home/runner/work/Fine-Art-Archive/Fine-Art-Archive/.github/scripts/node_modules
Python CI / lint-format	UNKNOWN STEP	2026-09-08T07:04:20.9413967Z   GITHUB_TOKEN: ***
Python CI / lint-format	UNKNOWN STEP	2026-09-08T07:04:20.9416574Z   GH_TOKEN: ***
Python CI / lint-format	UNKNOWN STEP	2026-09-08T07:04:20.9416881Z   WORKFLOWS_APP_ID: ***
Python CI / lint-format	UNKNOWN STEP	2026-09-08T07:04:20.9423973Z   WORKFLOWS_APP_PRIVATE_KEY: ***
Python CI / lint-format	UNKNOWN STEP	2026-09-08T07:04:20.9424864Z   pythonLocation: /opt/hostedtoolcache/Python/3.12.14/x64
Python CI / lint-format	UNKNOWN STEP	2026-09-08T07:04:20.9425429Z   PKG_CONFIG_PATH: /opt/hostedtoolcache/Python/3.12.14/x64/lib/pkgconfig
Python CI / lint-format	UNKNOWN STEP	2026-09-08T07:04:20.9425955Z   Python_ROOT_DIR: /opt/hostedtoolcache/Python/3.12.14/x64
Python CI / lint-format	UNKNOWN STEP	2026-09-08T07:04:20.9426437Z   Python2_ROOT_DIR: /opt/hostedtoolcache/Python/3.12.14/x64
Python CI / lint-format	UNKNOWN STEP	2026-09-08T07:04:20.9426914Z   Python3_ROOT_DIR: /opt/hostedtoolcache/Python/3.12.14/x64
Python CI / lint-format	UNKNOWN STEP	2026-09-08T07:04:20.9427398Z   LD_LIBRARY_PATH: /opt/hostedtoolcache/Python/3.12.14/x64/lib
Python CI / lint-format	UNKNOWN STEP	2026-09-08T07:04:20.9427812Z ##[endgroup]
Python CI / lint-format	UNKNOWN STEP	2026-09-08T07:04:21.0703422Z Found in cache @ /opt/hostedtoolcache/node/24.20.0/x64
Python CI / lint-format	UNKNOWN STEP	2026-09-08T07:04:21.0717823Z ##[group]Environment details
Python CI / lint-format	UNKNOWN STEP	2026-09-08T07:04:21.5005844Z node: v24.20.0
Python CI / lint-format	UNKNOWN STEP	2026-09-08T07:04:21.5016514Z npm: 11.19.0
Python CI / lint-format	UNKNOWN STEP	2026-09-08T07:04:21.5017066Z yarn: 1.22.22
Python CI / lint-format	UNKNOWN STEP	2026-09-08T07:04:21.5018110Z ##[endgroup]
Python CI / lint-format	UNKNOWN STEP	2026-09-08T07:04:21.5125085Z ##[group]Run curl -LsSf https://astral.sh/uv/install.sh | sh
Python CI / lint-format	UNKNOWN STEP	2026-09-08T07:04:21.5125717Z ^[[36;1mcurl -LsSf https://astral.sh/uv/install.sh | sh^[[0m
Python CI / lint-format	UNKNOWN STEP	2026-09-08T07:04:21.5126224Z ^[[36;1mecho "$HOME/.local/bin" >> "$GITHUB_PATH"^[[0m
Python CI / lint-format	UNKNOWN STEP	2026-09-08T07:04:21.5178851Z shell: /usr/bin/bash --noprofile --norc -e -o pipefail {0}
Python CI / lint-format	UNKNOWN STEP	2026-09-08T07:04:21.5179303Z env:
Python CI / lint-format	UNKNOWN STEP	2026-09-08T07:04:21.5179581Z   WORKDIR: .
Python CI / lint-format	UNKNOWN STEP	2026-09-08T07:04:21.5179993Z   WORKSPACE_ROOT: /home/runner/work/Fine-Art-Archive/Fine-Art-Archive
Python CI / lint-format	UNKNOWN STEP	2026-09-08T07:04:21.5180575Z   PROJECT_ROOT: /home/runner/work/Fine-Art-Archive/Fine-Art-Archive
Python CI / lint-format	UNKNOWN STEP	2026-09-08T07:04:21.5181221Z   NODE_PATH: /home/runner/work/Fine-Art-Archive/Fine-Art-Archive/.github/scripts/node_modules
Python CI / lint-format	UNKNOWN STEP	2026-09-08T07:04:21.5184618Z   GITHUB_TOKEN: ***
Python CI / lint-format	UNKNOWN STEP	2026-09-08T07:04:21.5187059Z   GH_TOKEN: ***
Python CI / lint-format	UNKNOWN STEP	2026-09-08T07:04:21.5187390Z   WORKFLOWS_APP_ID: ***
Python CI / lint-format	UNKNOWN STEP	2026-09-08T07:04:21.5194760Z   WORKFLOWS_APP_PRIVATE_KEY: ***
Python CI / lint-format	UNKNOWN STEP	2026-09-08T07:04:21.5195263Z   pythonLocation: /opt/hostedtoolcache/Python/3.12.14/x64
Python CI / lint-format	UNKNOWN STEP	2026-09-08T07:04:21.5195834Z   PKG_CONFIG_PATH: /opt/hostedtoolcache/Python/3.12.14/x64/lib/pkgconfig
Python CI / lint-format	UNKNOWN STEP	2026-09-08T07:04:21.5196382Z   Python_ROOT_DIR: /opt/hostedtoolcache/Python/3.12.14/x64
Python CI / lint-format	UNKNOWN STEP	2026-09-08T07:04:21.5196870Z   Python2_ROOT_DIR: /opt/hostedtoolcache/Python/3.12.14/x64
Python CI / lint-format	UNKNOWN STEP	2026-09-08T07:04:21.5197356Z   Python3_ROOT_DIR: /opt/hostedtoolcache/Python/3.12.14/x64
Python CI / lint-format	UNKNOWN STEP	2026-09-08T07:04:21.5197839Z   LD_LIBRARY_PATH: /opt/hostedtoolcache/Python/3.12.14/x64/lib
Python CI / lint-format	UNKNOWN STEP	2026-09-08T07:04:21.5198269Z ##[endgroup]
Python CI / lint-format	UNKNOWN STEP	2026-09-08T07:04:21.6272200Z downloading uv 0.12.10 x86_64-unknown-linux-gnu
Python CI / lint-format	UNKNOWN STEP	2026-09-08T07:04:22.0991358Z installing to /home/runner/.local/bin
Python CI / lint-format	UNKNOWN STEP	2026-09-08T07:04:22.1049444Z   uv
Python CI / lint-format	UNKNOWN STEP	2026-09-08T07:04:22.1070084Z   uvx
Python CI / lint-format	UNKNOWN STEP	2026-09-08T07:04:22.1106287Z everything's installed!
Python CI / lint-format	UNKNOWN STEP	2026-09-08T07:04:22.2355753Z ##[group]Run actions/cache@55cc8345863c7cc4c66a329aec7e433d2d1c52a9
Python CI / lint-format	UNKNOWN STEP	2026-09-08T07:04:22.2356247Z with:
Python CI / lint-format	UNKNOWN STEP	2026-09-08T07:04:22.2356542Z   path: ~/.cache/uv
Python CI / lint-format	UNKNOWN STEP	
Python CI / lint-format	UNKNOWN STEP	2026-09-08T07:04:22.2357321Z   key: uv-Linux-3.12-319067a630bf4bc9d2d3ecb0d28480e44af9d3dcc66667e149a1d5fe8dfbc56a-c3424cf89cd05c8ebffdde816b5753492e516ddc114ac1c280e7506f5d7839c1
Python CI / lint-format	UNKNOWN STEP	2026-09-08T07:04:22.2358175Z   restore-keys: uv-Linux-
Python CI / lint-format	UNKNOWN STEP	
Python CI / lint-format	UNKNOWN STEP	2026-09-08T07:04:22.2358523Z   enableCrossOsArchive: false
Python CI / lint-format	UNKNOWN STEP	2026-09-08T07:04:22.2358867Z   fail-on-cache-miss: false
Python CI / lint-format	UNKNOWN STEP	2026-09-08T07:04:22.2359183Z   lookup-only: false
Python CI / lint-format	UNKNOWN STEP	2026-09-08T07:04:22.2359484Z   save-always: false
Python CI / lint-format	UNKNOWN STEP	2026-09-08T07:04:22.2359767Z env:
Python CI / lint-format	UNKNOWN STEP	2026-09-08T07:04:22.2360033Z   WORKDIR: .
Python CI / lint-format	UNKNOWN STEP	2026-09-08T07:04:22.2360444Z   WORKSPACE_ROOT: /home/runner/work/Fine-Art-Archive/Fine-Art-Archive
Python CI / lint-format	UNKNOWN STEP	2026-09-08T07:04:22.2361015Z   PROJECT_ROOT: /home/runner/work/Fine-Art-Archive/Fine-Art-Archive
Python CI / lint-format	UNKNOWN STEP	2026-09-08T07:04:22.2361701Z   NODE_PATH: /home/runner/work/Fine-Art-Archive/Fine-Art-Archive/.github/scripts/node_modules
Python CI / lint-format	UNKNOWN STEP	2026-09-08T07:04:22.2364819Z   GITHUB_TOKEN: ***
Python CI / lint-format	UNKNOWN STEP	2026-09-08T07:04:22.2367134Z   GH_TOKEN: ***
Python CI / lint-format	UNKNOWN STEP	2026-09-08T07:04:22.2367442Z   WORKFLOWS_APP_ID: ***
Python CI / lint-format	UNKNOWN STEP	2026-09-08T07:04:22.2374789Z   WORKFLOWS_APP_PRIVATE_KEY: ***
Python CI / lint-format	UNKNOWN STEP	2026-09-08T07:04:22.2375249Z   pythonLocation: /opt/hostedtoolcache/Python/3.12.14/x64
Python CI / lint-format	UNKNOWN STEP	2026-09-08T07:04:22.2375824Z   PKG_CONFIG_PATH: /opt/hostedtoolcache/Python/3.12.14/x64/lib/pkgconfig
Python CI / lint-format	UNKNOWN STEP	2026-09-08T07:04:22.2376653Z   Python_ROOT_DIR: /opt/hostedtoolcache/Python/3.12.14/x64
Python CI / lint-format	UNKNOWN STEP	2026-09-08T07:04:22.2377144Z   Python2_ROOT_DIR: /opt/hostedtoolcache/Python/3.12.14/x64
Python CI / lint-format	UNKNOWN STEP	2026-09-08T07:04:22.2377629Z   Python3_ROOT_DIR: /opt/hostedtoolcache/Python/3.12.14/x64
Python CI / lint-format	UNKNOWN STEP	2026-09-08T07:04:22.2378108Z   LD_LIBRARY_PATH: /opt/hostedtoolcache/Python/3.12.14/x64/lib
Python CI / lint-format	UNKNOWN STEP	2026-09-08T07:04:22.2378529Z ##[endgroup]
Python CI / lint-format	UNKNOWN STEP	2026-09-08T07:04:22.4248460Z Cache hit for: uv-Linux-3.12-319067a630bf4bc9d2d3ecb0d28480e44af9d3dcc66667e149a1d5fe8dfbc56a-c3424cf89cd05c8ebffdde816b5753492e516ddc114ac1c280e7506f5d7839c1
Python CI / lint-format	UNKNOWN STEP	2026-09-08T07:04:23.4739168Z Received 171966464 of 2811788154 (6.1%), 163.8 MBs/sec
Python CI / lint-format	UNKNOWN STEP	2026-09-08T07:04:24.4799129Z Received 348127232 of 2811788154 (12.4%), 165.4 MBs/sec
Python CI / lint-format	UNKNOWN STEP	2026-09-08T07:04:25.4793208Z Received 536870912 of 2811788154 (19.1%), 170.3 MBs/sec
Python CI / lint-format	UNKNOWN STEP	2026-09-08T07:04:26.4816312Z Received 717225984 of 2811788154 (25.5%), 170.6 MBs/sec
Python CI / lint-format	UNKNOWN STEP	2026-09-08T07:04:27.4876053Z Received 910163968 of 2811788154 (32.4%), 173.3 MBs/sec
Python CI / lint-format	UNKNOWN STEP	2026-09-08T07:04:28.4975283Z Received 1073741824 of 2811788154 (38.2%), 170.0 MBs/sec
Python CI / lint-format	UNKNOWN STEP	2026-09-08T07:04:29.5017828Z Received 1270874112 of 2811788154 (45.2%), 172.5 MBs/sec
Python CI / lint-format	UNKNOWN STEP	2026-09-08T07:04:30.4991448Z Received 1472200704 of 2811788154 (52.4%), 174.9 MBs/sec
Python CI / lint-format	UNKNOWN STEP	2026-09-08T07:04:31.4995153Z Received 1623195648 of 2811788154 (57.7%), 171.5 MBs/sec
Python CI / lint-format	UNKNOWN STEP	2026-09-08T07:04:32.5002112Z Received 1807745024 of 2811788154 (64.3%), 171.9 MBs/sec
Python CI / lint-format	UNKNOWN STEP	2026-09-08T07:04:33.5008243Z Received 1996488704 of 2811788154 (71.0%), 172.7 MBs/sec
Python CI / lint-format	UNKNOWN STEP	2026-09-08T07:04:34.5019425Z Received 2134900736 of 2811788154 (75.9%), 169.3 MBs/sec
Python CI / lint-format	UNKNOWN STEP	2026-09-08T07:04:35.5018430Z Received 2336227328 of 2811788154 (83.1%), 171.0 MBs/sec
Python CI / lint-format	UNKNOWN STEP	2026-09-08T07:04:36.5055606Z Received 2545942528 of 2811788154 (90.5%), 173.1 MBs/sec
Python CI / lint-format	UNKNOWN STEP	2026-09-08T07:04:37.5118102Z Received 2776629248 of 2811788154 (98.7%), 176.1 MBs/sec
Python CI / lint-format	UNKNOWN STEP	2026-09-08T07:04:37.6590781Z Received 2811788154 of 2811788154 (100.0%), 176.6 MBs/sec
Python CI / lint-format	UNKNOWN STEP	2026-09-08T07:04:37.6593221Z Cache Size: ~2682 MB (2811788154 B)
Python CI / lint-format	UNKNOWN STEP	2026-09-08T07:04:37.6707897Z [command]/usr/bin/tar -xf /home/runner/work/_temp/589fe7e4-b762-4b34-8cc1-91674a0c19b5/cache.tzst -P -C /home/runner/work/Fine-Art-Archive/Fine-Art-Archive --use-compress-program unzstd
Python CI / lint-format	UNKNOWN STEP	2026-09-08T07:04:49.8704517Z Cache restored successfully
Python CI / lint-format	UNKNOWN STEP	2026-09-08T07:04:50.5261605Z Cache restored from key: uv-Linux-3.12-319067a630bf4bc9d2d3ecb0d28480e44af9d3dcc66667e149a1d5fe8dfbc56a-c3424cf89cd05c8ebffdde816b5753492e516ddc114ac1c280e7506f5d7839c1
Python CI / lint-format	UNKNOWN STEP	2026-09-08T07:04:50.5437525Z ##[group]Run set -euo pipefail
Python CI / lint-format	UNKNOWN STEP	2026-09-08T07:04:50.5438191Z ^[[36;1mset -euo pipefail^[[0m
Python CI / lint-format	UNKNOWN STEP	2026-09-08T07:04:50.5438540Z ^[[36;1mstart_ts=$(date +%s)^[[0m
Python CI / lint-format	UNKNOWN STEP	2026-09-08T07:04:50.5438867Z ^[[36;1m^[[0m
Python CI / lint-format	UNKNOWN STEP	2026-09-08T07:04:50.5439138Z ^[[36;1mto_bool() {^[[0m
Python CI / lint-format	UNKNOWN STEP	2026-09-08T07:04:50.5439549Z ^[[36;1m  case "$(printf '%s' "${1:-}" | tr '[:upper:]' '[:lower:]')" in^[[0m
Python CI / lint-format	UNKNOWN STEP	2026-09-08T07:04:50.5440035Z ^[[36;1m    1|true|yes|y|on) echo "true" ;;^[[0m
Python CI / lint-format	UNKNOWN STEP	2026-09-08T07:04:50.5440429Z ^[[36;1m    *) echo "false" ;;^[[0m
Python CI / lint-format	UNKNOWN STEP	2026-09-08T07:04:50.5440776Z ^[[36;1m  esac^[[0m
Python CI / lint-format	UNKNOWN STEP	2026-09-08T07:04:50.5441059Z ^[[36;1m}^[[0m
Python CI / lint-format	UNKNOWN STEP	2026-09-08T07:04:50.5441325Z ^[[36;1m^[[0m
Python CI / lint-format	UNKNOWN STEP	2026-09-08T07:04:50.5441635Z ^[[36;1mlint_enabled=$(to_bool "$INPUT_LINT")^[[0m
Python CI / lint-format	UNKNOWN STEP	2026-09-08T07:04:50.5442072Z ^[[36;1mformat_enabled=$(to_bool "$INPUT_FORMAT_CHECK")^[[0m
Python CI / lint-format	UNKNOWN STEP	2026-09-08T07:04:50.5442553Z ^[[36;1mtypecheck_enabled=$(to_bool "$INPUT_TYPECHECK")^[[0m
Python CI / lint-format	UNKNOWN STEP	2026-09-08T07:04:50.5443009Z ^[[36;1mrun_mypy_enabled=$(to_bool "$INPUT_RUN_MYPY")^[[0m
Python CI / lint-format	UNKNOWN STEP	2026-09-08T07:04:50.5443508Z ^[[36;1mcoverage_enabled=$(to_bool "$INPUT_COVERAGE")^[[0m
Python CI / lint-format	UNKNOWN STEP	2026-09-08T07:04:50.5444322Z ^[[36;1minstall_project_deps=$(to_bool "${INPUT_INSTALL_PROJECT_DEPS:-true}")^[[0m
Python CI / lint-format	UNKNOWN STEP	2026-09-08T07:04:50.5444850Z ^[[36;1mmypy_enabled="false"^[[0m
Python CI / lint-format	UNKNOWN STEP	2026-09-08T07:04:50.5445326Z ^[[36;1mif [ "$typecheck_enabled" = "true" ] && [ "$run_mypy_enabled" = "true" ]; then^[[0m
Python CI / lint-format	UNKNOWN STEP	2026-09-08T07:04:50.5455845Z ^[[36;1m  mypy_enabled="true"^[[0m
Python CI / lint-format	UNKNOWN STEP	2026-09-08T07:04:50.5456415Z ^[[36;1mfi^[[0m
Python CI / lint-format	UNKNOWN STEP	2026-09-08T07:04:50.5456882Z ^[[36;1m^[[0m
Python CI / lint-format	UNKNOWN STEP	2026-09-08T07:04:50.5457339Z ^[[36;1madd_tool() {^[[0m
Python CI / lint-format	UNKNOWN STEP	2026-09-08T07:04:50.5457897Z ^[[36;1m  specs+=("$1")^[[0m
Python CI / lint-format	UNKNOWN STEP	2026-09-08T07:04:50.5458237Z ^[[36;1m  tools_installed+=("$2")^[[0m
Python CI / lint-format	UNKNOWN STEP	2026-09-08T07:04:50.5458591Z ^[[36;1m}^[[0m
Python CI / lint-format	UNKNOWN STEP	2026-09-08T07:04:50.5458877Z ^[[36;1m^[[0m
Python CI / lint-format	UNKNOWN STEP	2026-09-08T07:04:50.5459159Z ^[[36;1mskip_tool() {^[[0m
Python CI / lint-format	UNKNOWN STEP	2026-09-08T07:04:50.5459491Z ^[[36;1m  tools_skipped+=("$1")^[[0m
Python CI / lint-format	UNKNOWN STEP	2026-09-08T07:04:50.5459823Z ^[[36;1m}^[[0m
Python CI / lint-format	UNKNOWN STEP	2026-09-08T07:04:50.5460086Z ^[[36;1m^[[0m
Python CI / lint-format	UNKNOWN STEP	2026-09-08T07:04:50.5460487Z ^[[36;1m# A pyproject.toml that only carries tool configuration (e.g.^[[0m
Python CI / lint-format	UNKNOWN STEP	2026-09-08T07:04:50.5461093Z ^[[36;1m# [tool.coverage]) is not an installable distribution. Treat the repo^[[0m
Python CI / lint-format	UNKNOWN STEP	2026-09-08T07:04:50.5461664Z ^[[36;1m# as a package only when it declares [project] (PEP 621),^[[0m
Python CI / lint-format	UNKNOWN STEP	2026-09-08T07:04:50.5462233Z ^[[36;1m# [build-system], or [tool.poetry]; otherwise `-e .[app,dev]` fails^[[0m
Python CI / lint-format	UNKNOWN STEP	2026-09-08T07:04:50.5462848Z ^[[36;1m# for a consumer that merely wants somewhere to keep tool config.^[[0m
Python CI / lint-format	UNKNOWN STEP	2026-09-08T07:04:50.5463364Z ^[[36;1mpyproject_declares_distribution() {^[[0m
Python CI / lint-format	UNKNOWN STEP	2026-09-08T07:04:50.5463776Z ^[[36;1m  [ -f pyproject.toml ] || return 1^[[0m
Python CI / lint-format	UNKNOWN STEP	2026-09-08T07:04:50.5464461Z ^[[36;1m  grep -Eq \^[[0m
Python CI / lint-format	UNKNOWN STEP	2026-09-08T07:04:50.5464939Z ^[[36;1m    '^[[:space:]]*\[[[:space:]]*(project|build-system|tool\.poetry)[[:space:]]*\]' \^[[0m
Python CI / lint-format	UNKNOWN STEP	2026-09-08T07:04:50.5465490Z ^[[36;1m    pyproject.toml^[[0m
Python CI / lint-format	UNKNOWN STEP	2026-09-08T07:04:50.5465814Z ^[[36;1m}^[[0m
Python CI / lint-format	UNKNOWN STEP	2026-09-08T07:04:50.5466093Z ^[[36;1m^[[0m
Python CI / lint-format	UNKNOWN STEP	2026-09-08T07:04:50.5466407Z ^[[36;1mif [ -n "${PRIVATE_PYPI_TOKEN:-}" ]; then^[[0m
Python CI / lint-format	UNKNOWN STEP	2026-09-08T07:04:50.5467003Z ^[[36;1m  export PIP_INDEX_URL="https://__token__:${PRIVATE_PYPI_TOKEN}@pypi.org/simple"^[[0m
Python CI / lint-format	UNKNOWN STEP	2026-09-08T07:04:50.5467540Z ^[[36;1mfi^[[0m
Python CI / lint-format	UNKNOWN STEP	2026-09-08T07:04:50.5467825Z ^[[36;1mspecs=()^[[0m
Python CI / lint-format	UNKNOWN STEP	2026-09-08T07:04:50.5468130Z ^[[36;1mtools_installed=()^[[0m
Python CI / lint-format	UNKNOWN STEP	2026-09-08T07:04:50.5468472Z ^[[36;1mtools_skipped=()^[[0m
Python CI / lint-format	UNKNOWN STEP	2026-09-08T07:04:50.5468782Z ^[[36;1m^[[0m
Python CI / lint-format	UNKNOWN STEP	2026-09-08T07:04:50.5469107Z ^[[36;1mif [ "$install_project_deps" = "true" ]; then^[[0m
Python CI / lint-format	UNKNOWN STEP	2026-09-08T07:04:50.5469547Z ^[[36;1m  if [ -f requirements.lock ]; then^[[0m
Python CI / lint-format	UNKNOWN STEP	2026-09-08T07:04:50.5469955Z ^[[36;1m    specs+=('-r' 'requirements.lock')^[[0m
Python CI / lint-format	UNKNOWN STEP	2026-09-08T07:04:50.5470341Z ^[[36;1m  fi^[[0m
Python CI / lint-format	UNKNOWN STEP	2026-09-08T07:04:50.5470620Z ^[[36;1m^[[0m
Python CI / lint-format	UNKNOWN STEP	2026-09-08T07:04:50.5470940Z ^[[36;1m  if pyproject_declares_distribution \^[[0m
Python CI / lint-format	UNKNOWN STEP	2026-09-08T07:04:50.5471375Z ^[[36;1m    || [ -f setup.cfg ] || [ -f setup.py ]; then^[[0m
Python CI / lint-format	UNKNOWN STEP	2026-09-08T07:04:50.5471804Z ^[[36;1m    specs+=('-e' '.[app,dev]')^[[0m
Python CI / lint-format	UNKNOWN STEP	2026-09-08T07:04:50.5472158Z ^[[36;1m  fi^[[0m
Python CI / lint-format	UNKNOWN STEP	2026-09-08T07:04:50.5472440Z ^[[36;1mfi^[[0m
Python CI / lint-format	UNKNOWN STEP	2026-09-08T07:04:50.5472900Z ^[[36;1m^[[0m
Python CI / lint-format	UNKNOWN STEP	2026-09-08T07:04:50.5473190Z ^[[36;1mblack_spec="black"^[[0m
Python CI / lint-format	UNKNOWN STEP	2026-09-08T07:04:50.5473533Z ^[[36;1mdocformatter_spec="docformatter"^[[0m
Python CI / lint-format	UNKNOWN STEP	2026-09-08T07:04:50.5473909Z ^[[36;1misort_spec="isort"^[[0m
Python CI / lint-format	UNKNOWN STEP	2026-09-08T07:04:50.5474449Z ^[[36;1mruff_spec="ruff"^[[0m
Python CI / lint-format	UNKNOWN STEP	2026-09-08T07:04:50.5474775Z ^[[36;1mmypy_spec="mypy"^[[0m
Python CI / lint-format	UNKNOWN STEP	2026-09-08T07:04:50.5475086Z ^[[36;1mpytest_spec=""^[[0m
Python CI / lint-format	UNKNOWN STEP	2026-09-08T07:04:50.5475404Z ^[[36;1mpytest_cov_spec=""^[[0m
Python CI / lint-format	UNKNOWN STEP	2026-09-08T07:04:50.5475767Z ^[[36;1mcoverage_spec=""^[[0m
Python CI / lint-format	UNKNOWN STEP	2026-09-08T07:04:50.5476085Z ^[[36;1mpytest_xdist_spec=""^[[0m
Python CI / lint-format	UNKNOWN STEP	2026-09-08T07:04:50.5476537Z ^[[36;1m# Do not install heavyweight "baseline" test deps implicitly.^[[0m
Python CI / lint-format	UNKNOWN STEP	2026-09-08T07:04:50.5477101Z ^[[36;1m# Repos should declare their own runtime/test dependencies.^[[0m
Python CI / lint-format	UNKNOWN STEP	2026-09-08T07:04:50.5477551Z ^[[36;1m^[[0m
Python CI / lint-format	UNKNOWN STEP	2026-09-08T07:04:50.5477833Z ^[[36;1mresolve_spec() {^[[0m
Python CI / lint-format	UNKNOWN STEP	2026-09-08T07:04:50.5478161Z ^[[36;1m  local package=$1^[[0m
Python CI / lint-format	UNKNOWN STEP	2026-09-08T07:04:50.5478492Z ^[[36;1m  local version=${2:-}^[[0m
Python CI / lint-format	UNKNOWN STEP	2026-09-08T07:04:50.5478851Z ^[[36;1m  local default_version=${3:-}^[[0m
Python CI / lint-format	UNKNOWN STEP	2026-09-08T07:04:50.5479225Z ^[[36;1m  if [ -n "$version" ]; then^[[0m
Python CI / lint-format	UNKNOWN STEP	2026-09-08T07:04:50.5479608Z ^[[36;1m    echo "${package}==${version}"^[[0m
Python CI / lint-format	UNKNOWN STEP	2026-09-08T07:04:50.5480014Z ^[[36;1m  elif [ -n "$default_version" ]; then^[[0m
Python CI / lint-format	UNKNOWN STEP	2026-09-08T07:04:50.5480446Z ^[[36;1m    echo "${package}>=${default_version}"^[[0m
Python CI / lint-format	UNKNOWN STEP	2026-09-08T07:04:50.5480832Z ^[[36;1m  else^[[0m
Python CI / lint-format	UNKNOWN STEP	2026-09-08T07:04:50.5481122Z ^[[36;1m    echo "$package"^[[0m
Python CI / lint-format	UNKNOWN STEP	2026-09-08T07:04:50.5481435Z ^[[36;1m  fi^[[0m
Python CI / lint-format	UNKNOWN STEP	2026-09-08T07:04:50.5481712Z ^[[36;1m}^[[0m
Python CI / lint-format	UNKNOWN STEP	2026-09-08T07:04:50.5482109Z ^[[36;1m^[[0m
Python CI / lint-format	UNKNOWN STEP	2026-09-08T07:04:50.5482530Z ^[[36;1mautofix_env="${GITHUB_WORKSPACE}/.github/workflows/autofix-versions.env"^[[0m
Python CI / lint-format	UNKNOWN STEP	2026-09-08T07:04:50.5483038Z ^[[36;1mrequire_exact_pin() {^[[0m
Python CI / lint-format	UNKNOWN STEP	2026-09-08T07:04:50.5483376Z ^[[36;1m  local tool=$1^[[0m
Python CI / lint-format	UNKNOWN STEP	2026-09-08T07:04:50.5483694Z ^[[36;1m  local spec=${2:-}^[[0m
Python CI / lint-format	UNKNOWN STEP	2026-09-08T07:04:50.5484326Z ^[[36;1m  if [ -z "$spec" ] || [ "${spec#*==}" = "$spec" ]; then^[[0m
Python CI / lint-format	UNKNOWN STEP	2026-09-08T07:04:50.5484998Z ^[[36;1m    echo "Error: ${tool} must be pinned in ${autofix_env}; refusing to install unpinned tooling." >&2^[[0m
Python CI / lint-format	UNKNOWN STEP	2026-09-08T07:04:50.5485567Z ^[[36;1m    exit 1^[[0m
Python CI / lint-format	UNKNOWN STEP	2026-09-08T07:04:50.5485860Z ^[[36;1m  fi^[[0m
Python CI / lint-format	UNKNOWN STEP	2026-09-08T07:04:50.5486134Z ^[[36;1m}^[[0m
Python CI / lint-format	UNKNOWN STEP	2026-09-08T07:04:50.5486609Z ^[[36;1m# Always honor tool pins when present. Lock files typically only capture runtime deps.^[[0m
Python CI / lint-format	UNKNOWN STEP	2026-09-08T07:04:50.5487169Z ^[[36;1mif [ -f "$autofix_env" ]; then^[[0m
Python CI / lint-format	UNKNOWN STEP	2026-09-08T07:04:50.5487642Z ^[[36;1m  # shellcheck source=.github/workflows/autofix-versions.env^[[0m
Python CI / lint-format	UNKNOWN STEP	2026-09-08T07:04:50.5488109Z ^[[36;1m  source "$autofix_env"^[[0m
Python CI / lint-format	UNKNOWN STEP	2026-09-08T07:04:50.5488559Z ^[[36;1m  black_spec=$(resolve_spec "black" "${BLACK_VERSION:-}" "")^[[0m
Python CI / lint-format	UNKNOWN STEP	2026-09-08T07:04:50.5489171Z ^[[36;1m  docformatter_spec=$(resolve_spec "docformatter" "${DOCFORMATTER_VERSION:-}" "")^[[0m
Python CI / lint-format	UNKNOWN STEP	2026-09-08T07:04:50.5489791Z ^[[36;1m  isort_spec=$(resolve_spec "isort" "${ISORT_VERSION:-}" "")^[[0m
Python CI / lint-format	UNKNOWN STEP	2026-09-08T07:04:50.5490306Z ^[[36;1m  ruff_spec=$(resolve_spec "ruff" "${RUFF_VERSION:-}" "")^[[0m
Python CI / lint-format	UNKNOWN STEP	2026-09-08T07:04:50.5490836Z ^[[36;1m  mypy_spec=$(resolve_spec "mypy" "${MYPY_VERSION:-}" "")^[[0m
Python CI / lint-format	UNKNOWN STEP	2026-09-08T07:04:50.5491366Z ^[[36;1m  pytest_spec=$(resolve_spec "pytest" "${PYTEST_VERSION:-}" "")^[[0m
Python CI / lint-format	UNKNOWN STEP	2026-09-08T07:04:50.5491966Z ^[[36;1m  pytest_cov_spec=$(resolve_spec "pytest-cov" "${PYTEST_COV_VERSION:-}" "")^[[0m
Python CI / lint-format	UNKNOWN STEP	2026-09-08T07:04:50.5492600Z ^[[36;1m  coverage_spec=$(resolve_spec "coverage" "${COVERAGE_VERSION:-}" "")^[[0m
Python CI / lint-format	UNKNOWN STEP	2026-09-08T07:04:50.5493245Z ^[[36;1m  pytest_xdist_spec=$(resolve_spec "pytest-xdist" "${PYTEST_XDIST_VERSION:-}" "")^[[0m
Python CI / lint-format	UNKNOWN STEP	2026-09-08T07:04:50.5493765Z ^[[36;1melse^[[0m
Python CI / lint-format	UNKNOWN STEP	2026-09-08T07:04:50.5494424Z ^[[36;1m  echo "Error: ${autofix_env} is required; refusing to install unpinned tooling." >&2^[[0m
Python CI / lint-format	UNKNOWN STEP	2026-09-08T07:04:50.5494996Z ^[[36;1m  exit 1^[[0m
Python CI / lint-format	UNKNOWN STEP	2026-09-08T07:04:50.5495289Z ^[[36;1mfi^[[0m
Python CI / lint-format	UNKNOWN STEP	2026-09-08T07:04:50.5495557Z ^[[36;1m^[[0m
Python CI / lint-format	UNKNOWN STEP	2026-09-08T07:04:50.5495882Z ^[[36;1mrequire_exact_pin "pytest" "$pytest_spec"^[[0m
Python CI / lint-format	UNKNOWN STEP	2026-09-08T07:04:50.5496363Z ^[[36;1mrequire_exact_pin "pytest-xdist" "$pytest_xdist_spec"^[[0m
Python CI / lint-format	UNKNOWN STEP	2026-09-08T07:04:50.5496994Z ^[[36;1mif [ "$coverage_enabled" = "true" ]; then^[[0m
Python CI / lint-format	UNKNOWN STEP	2026-09-08T07:04:50.5497454Z ^[[36;1m  require_exact_pin "pytest-cov" "$pytest_cov_spec"^[[0m
Python CI / lint-format	UNKNOWN STEP	2026-09-08T07:04:50.5497929Z ^[[36;1m  require_exact_pin "coverage" "$coverage_spec"^[[0m
Python CI / lint-format	UNKNOWN STEP	2026-09-08T07:04:50.5498325Z ^[[36;1mfi^[[0m
Python CI / lint-format	UNKNOWN STEP	2026-09-08T07:04:50.5498598Z ^[[36;1m^[[0m
Python CI / lint-format	UNKNOWN STEP	2026-09-08T07:04:50.5499033Z ^[[36;1m# Always install dev tools - lock files only contain runtime deps, not dev tools^[[0m
Python CI / lint-format	UNKNOWN STEP	2026-09-08T07:04:50.5499575Z ^[[36;1mif [ "$format_enabled" = "true" ]; then^[[0m
Python CI / lint-format	UNKNOWN STEP	2026-09-08T07:04:50.5499986Z ^[[36;1m  add_tool "$black_spec" "black"^[[0m
Python CI / lint-format	UNKNOWN STEP	2026-09-08T07:04:50.5500401Z ^[[36;1m  add_tool "$docformatter_spec" "docformatter"^[[0m
Python CI / lint-format	UNKNOWN STEP	2026-09-08T07:04:50.5500821Z ^[[36;1m  add_tool "$isort_spec" "isort"^[[0m
Python CI / lint-format	UNKNOWN STEP	2026-09-08T07:04:50.5501173Z ^[[36;1melse^[[0m
Python CI / lint-format	UNKNOWN STEP	2026-09-08T07:04:50.5501501Z ^[[36;1m  skip_tool "black (format_check disabled)"^[[0m
Python CI / lint-format	UNKNOWN STEP	2026-09-08T07:04:50.5501960Z ^[[36;1m  skip_tool "docformatter (format_check disabled)"^[[0m
Python CI / lint-format	UNKNOWN STEP	2026-09-08T07:04:50.5502424Z ^[[36;1m  skip_tool "isort (format_check disabled)"^[[0m
Python CI / lint-format	UNKNOWN STEP	2026-09-08T07:04:50.5502798Z ^[[36;1mfi^[[0m
Python CI / lint-format	UNKNOWN STEP	2026-09-08T07:04:50.5503069Z ^[[36;1m^[[0m
Python CI / lint-format	UNKNOWN STEP	2026-09-08T07:04:50.5503367Z ^[[36;1mif [ "$lint_enabled" = "true" ]; then^[[0m
Python CI / lint-format	UNKNOWN STEP	2026-09-08T07:04:50.5503761Z ^[[36;1m  add_tool "$ruff_spec" "ruff"^[[0m
Python CI / lint-format	UNKNOWN STEP	2026-09-08T07:04:50.5504318Z ^[[36;1melse^[[0m
Python CI / lint-format	UNKNOWN STEP	2026-09-08T07:04:50.5504632Z ^[[36;1m  skip_tool "ruff (lint disabled)"^[[0m
Python CI / lint-format	UNKNOWN STEP	2026-09-08T07:04:50.5504994Z ^[[36;1mfi^[[0m
Python CI / lint-format	UNKNOWN STEP	2026-09-08T07:04:50.5505259Z ^[[36;1m^[[0m
Python CI / lint-format	UNKNOWN STEP	2026-09-08T07:04:50.5505545Z ^[[36;1mif [ "$mypy_enabled" = "true" ]; then^[[0m
Python CI / lint-format	UNKNOWN STEP	2026-09-08T07:04:50.5506088Z ^[[36;1m  add_tool "$mypy_spec" "mypy"^[[0m
Python CI / lint-format	UNKNOWN STEP	2026-09-08T07:04:50.5506446Z ^[[36;1melse^[[0m
Python CI / lint-format	UNKNOWN STEP	2026-09-08T07:04:50.5506764Z ^[[36;1m  skip_tool "mypy (typecheck disabled)"^[[0m
Python CI / lint-format	UNKNOWN STEP	2026-09-08T07:04:50.5507135Z ^[[36;1mfi^[[0m
Python CI / lint-format	UNKNOWN STEP	2026-09-08T07:04:50.5507396Z ^[[36;1m^[[0m
Python CI / lint-format	UNKNOWN STEP	2026-09-08T07:04:50.5507686Z ^[[36;1madd_tool "$pytest_spec" "pytest"^[[0m
Python CI / lint-format	UNKNOWN STEP	2026-09-08T07:04:50.5508097Z ^[[36;1madd_tool "$pytest_xdist_spec" "pytest-xdist"^[[0m
Python CI / lint-format	UNKNOWN STEP	2026-09-08T07:04:50.5508489Z ^[[36;1m^[[0m
Python CI / lint-format	UNKNOWN STEP	2026-09-08T07:04:50.5508791Z ^[[36;1mif [ "$coverage_enabled" = "true" ]; then^[[0m
Python CI / lint-format	UNKNOWN STEP	2026-09-08T07:04:50.5509215Z ^[[36;1m  add_tool "$pytest_cov_spec" "pytest-cov"^[[0m
Python CI / lint-format	UNKNOWN STEP	2026-09-08T07:04:50.5509633Z ^[[36;1m  add_tool "$coverage_spec" "coverage"^[[0m
Python CI / lint-format	UNKNOWN STEP	2026-09-08T07:04:50.5510010Z ^[[36;1melse^[[0m
Python CI / lint-format	UNKNOWN STEP	2026-09-08T07:04:50.5510337Z ^[[36;1m  skip_tool "pytest-cov (coverage disabled)"^[[0m
Python CI / lint-format	UNKNOWN STEP	2026-09-08T07:04:50.5510774Z ^[[36;1m  skip_tool "coverage (coverage disabled)"^[[0m
Python CI / lint-format	UNKNOWN STEP	2026-09-08T07:04:50.5511150Z ^[[36;1mfi^[[0m
Python CI / lint-format	UNKNOWN STEP	2026-09-08T07:04:50.5511428Z ^[[36;1m^[[0m
Python CI / lint-format	UNKNOWN STEP	2026-09-08T07:04:50.5511719Z ^[[36;1mif [ ${#specs[@]} -eq 0 ]; then^[[0m
Python CI / lint-format	UNKNOWN STEP	2026-09-08T07:04:50.5512207Z ^[[36;1m  echo "No install targets found; skipping dependency installation."^[[0m
Python CI / lint-format	UNKNOWN STEP	2026-09-08T07:04:50.5512681Z ^[[36;1melse^[[0m
Python CI / lint-format	UNKNOWN STEP	2026-09-08T07:04:50.5513006Z ^[[36;1m  uv pip install --system "${specs[@]}"^[[0m
Python CI / lint-format	UNKNOWN STEP	2026-09-08T07:04:50.5513377Z ^[[36;1mfi^[[0m
Python CI / lint-format	UNKNOWN STEP	2026-09-08T07:04:50.5513641Z ^[[36;1m^[[0m
Python CI / lint-format	UNKNOWN STEP	2026-09-08T07:04:50.5513910Z ^[[36;1mend_ts=$(date +%s)^[[0m
Python CI / lint-format	UNKNOWN STEP	2026-09-08T07:04:50.5514454Z ^[[36;1mduration=$((end_ts - start_ts))^[[0m
Python CI / lint-format	UNKNOWN STEP	2026-09-08T07:04:50.5514859Z ^[[36;1mif [ -n "${GITHUB_STEP_SUMMARY:-}" ]; then^[[0m
Python CI / lint-format	UNKNOWN STEP	2026-09-08T07:04:50.5515253Z ^[[36;1m  installed_label="none"^[[0m
Python CI / lint-format	UNKNOWN STEP	2026-09-08T07:04:50.5515609Z ^[[36;1m  skipped_label="none"^[[0m
Python CI / lint-format	UNKNOWN STEP	2026-09-08T07:04:50.5515977Z ^[[36;1m  if [ ${#tools_installed[@]} -gt 0 ]; then^[[0m
Python CI / lint-format	UNKNOWN STEP	2026-09-08T07:04:50.5516453Z ^[[36;1m    installed_label=$(printf '%s, ' "${tools_installed[@]}")^[[0m
Python CI / lint-format	UNKNOWN STEP	2026-09-08T07:04:50.5516930Z ^[[36;1m    installed_label=${installed_label%, }^[[0m
Python CI / lint-format	UNKNOWN STEP	2026-09-08T07:04:50.5517318Z ^[[36;1m  fi^[[0m
Python CI / lint-format	UNKNOWN STEP	2026-09-08T07:04:50.5517630Z ^[[36;1m  if [ ${#tools_skipped[@]} -gt 0 ]; then^[[0m
Python CI / lint-format	UNKNOWN STEP	2026-09-08T07:04:50.5518091Z ^[[36;1m    skipped_label=$(printf '%s, ' "${tools_skipped[@]}")^[[0m
Python CI / lint-format	UNKNOWN STEP	2026-09-08T07:04:50.5518555Z ^[[36;1m    skipped_label=${skipped_label%, }^[[0m
Python CI / lint-format	UNKNOWN STEP	2026-09-08T07:04:50.5518930Z ^[[36;1m  fi^[[0m
Python CI / lint-format	UNKNOWN STEP	2026-09-08T07:04:50.5519201Z ^[[36;1m  {^[[0m
Python CI / lint-format	UNKNOWN STEP	2026-09-08T07:04:50.5519544Z ^[[36;1m    printf '## Dependency installation timing\n'^[[0m
Python CI / lint-format	UNKNOWN STEP	2026-09-08T07:04:50.5520122Z ^[[36;1m    printf -- '- Duration: %ss\n' "$duration"^[[0m
Python CI / lint-format	UNKNOWN STEP	2026-09-08T07:04:50.5520618Z ^[[36;1m    printf -- '- Tools installed: %s\n' "$installed_label"^[[0m
Python CI / lint-format	UNKNOWN STEP	2026-09-08T07:04:50.5521152Z ^[[36;1m    printf -- '- Tools skipped (disabled): %s\n' "$skipped_label"^[[0m
Python CI / lint-format	UNKNOWN STEP	2026-09-08T07:04:50.5521644Z ^[[36;1m    if [ ${#tools_skipped[@]} -gt 0 ]; then^[[0m
Python CI / lint-format	UNKNOWN STEP	2026-09-08T07:04:50.5522201Z ^[[36;1m      printf -- '- Note: skipping %d tool(s) avoids extra setup time when disabled.\n' \^[[0m
Python CI / lint-format	UNKNOWN STEP	2026-09-08T07:04:50.5522756Z ^[[36;1m        "${#tools_skipped[@]}"^[[0m
Python CI / lint-format	UNKNOWN STEP	2026-09-08T07:04:50.5523116Z ^[[36;1m    fi^[[0m
Python CI / lint-format	UNKNOWN STEP	2026-09-08T07:04:50.5523580Z ^[[36;1m    req_hash=$(sha256sum requirements.lock 2>/dev/null | cut -d' ' -f1 || echo none)^[[0m
Python CI / lint-format	UNKNOWN STEP	2026-09-08T07:04:50.5524513Z ^[[36;1m    pyproject_hash=$(sha256sum pyproject.toml 2>/dev/null | cut -d' ' -f1 || echo none)^[[0m
Python CI / lint-format	UNKNOWN STEP	2026-09-08T07:04:50.5525105Z ^[[36;1m    printf -- '- Cache key: uv-%s-%s-%s-%s\n' \^[[0m
Python CI / lint-format	UNKNOWN STEP	2026-09-08T07:04:50.5525512Z ^[[36;1m      "Linux" \^[[0m
Python CI / lint-format	UNKNOWN STEP	2026-09-08T07:04:50.5525853Z ^[[36;1m      "$INPUT_PYTHON_VERSION" \^[[0m
Python CI / lint-format	UNKNOWN STEP	2026-09-08T07:04:50.5526214Z ^[[36;1m      "$req_hash" \^[[0m
Python CI / lint-format	UNKNOWN STEP	2026-09-08T07:04:50.5526542Z ^[[36;1m      "$pyproject_hash"^[[0m
Python CI / lint-format	UNKNOWN STEP	2026-09-08T07:04:50.5526898Z ^[[36;1m  } >>"${GITHUB_STEP_SUMMARY}"^[[0m
Python CI / lint-format	UNKNOWN STEP	2026-09-08T07:04:50.5527250Z ^[[36;1mfi^[[0m
Python CI / lint-format	UNKNOWN STEP	2026-09-08T07:04:50.5564897Z shell: /usr/bin/bash --noprofile --norc -e -o pipefail {0}
Python CI / lint-format	UNKNOWN STEP	2026-09-08T07:04:50.5565351Z env:
Python CI / lint-format	UNKNOWN STEP	2026-09-08T07:04:50.5565631Z   WORKDIR: .
Python CI / lint-format	UNKNOWN STEP	2026-09-08T07:04:50.5566038Z   WORKSPACE_ROOT: /home/runner/work/Fine-Art-Archive/Fine-Art-Archive
Python CI / lint-format	UNKNOWN STEP	2026-09-08T07:04:50.5566796Z   PROJECT_ROOT: /home/runner/work/Fine-Art-Archive/Fine-Art-Archive
Python CI / lint-format	UNKNOWN STEP	2026-09-08T07:04:50.5567449Z   NODE_PATH: /home/runner/work/Fine-Art-Archive/Fine-Art-Archive/.github/scripts/node_modules
Python CI / lint-format	UNKNOWN STEP	2026-09-08T07:04:50.5570165Z   GITHUB_TOKEN: ***
Python CI / lint-format	UNKNOWN STEP	2026-09-08T07:04:50.5572521Z   GH_TOKEN: ***
Python CI / lint-format	UNKNOWN STEP	2026-09-08T07:04:50.5572839Z   WORKFLOWS_APP_ID: ***
Python CI / lint-format	UNKNOWN STEP	2026-09-08T07:04:50.5580160Z   WORKFLOWS_APP_PRIVATE_KEY: ***
Python CI / lint-format	UNKNOWN STEP	2026-09-08T07:04:50.5580586Z   pythonLocation: /opt/hostedtoolcache/Python/3.12.14/x64
Python CI / lint-format	UNKNOWN STEP	2026-09-08T07:04:50.5581138Z   PKG_CONFIG_PATH: /opt/hostedtoolcache/Python/3.12.14/x64/lib/pkgconfig
Python CI / lint-format	UNKNOWN STEP	2026-09-08T07:04:50.5581661Z   Python_ROOT_DIR: /opt/hostedtoolcache/Python/3.12.14/x64
Python CI / lint-format	UNKNOWN STEP	2026-09-08T07:04:50.5582138Z   Python2_ROOT_DIR: /opt/hostedtoolcache/Python/3.12.14/x64
Python CI / lint-format	UNKNOWN STEP	2026-09-08T07:04:50.5582605Z   Python3_ROOT_DIR: /opt/hostedtoolcache/Python/3.12.14/x64
Python CI / lint-format	UNKNOWN STEP	2026-09-08T07:04:50.5583084Z   LD_LIBRARY_PATH: /opt/hostedtoolcache/Python/3.12.14/x64/lib
Python CI / lint-format	UNKNOWN STEP	2026-09-08T07:04:50.5583504Z   PRIVATE_PYPI_TOKEN: 
Python CI / lint-format	UNKNOWN STEP	2026-09-08T07:04:50.5583814Z   INPUT_LINT: true
Python CI / lint-format	UNKNOWN STEP	2026-09-08T07:04:50.5584314Z   INPUT_FORMAT_CHECK: true
Python CI / lint-format	UNKNOWN STEP	2026-09-08T07:04:50.5584668Z   INPUT_INSTALL_PROJECT_DEPS: false
Python CI / lint-format	UNKNOWN STEP	2026-09-08T07:04:50.5585020Z   INPUT_TYPECHECK: false
Python CI / lint-format	UNKNOWN STEP	2026-09-08T07:04:50.5585331Z   INPUT_RUN_MYPY: false
Python CI / lint-format	UNKNOWN STEP	2026-09-08T07:04:50.5585631Z   INPUT_COVERAGE: false
Python CI / lint-format	UNKNOWN STEP	2026-09-08T07:04:50.5585941Z   INPUT_PYTHON_VERSION: 3.12
Python CI / lint-format	UNKNOWN STEP	2026-09-08T07:04:50.5586255Z ##[endgroup]
Python CI / lint-format	UNKNOWN STEP	2026-09-08T07:04:52.1815080Z Using Python 3.12.14 environment at: /opt/hostedtoolcache/Python/3.12.14/x64
Python CI / lint-format	UNKNOWN STEP	2026-09-08T07:04:52.3818844Z Resolved 17 packages in 198ms
Python CI / lint-format	UNKNOWN STEP	2026-09-08T07:04:52.3884761Z Downloading black (1.8MiB)
Python CI / lint-format	UNKNOWN STEP	2026-09-08T07:04:52.5390564Z  Downloaded black
Python CI / lint-format	UNKNOWN STEP	2026-09-08T07:04:52.7733959Z Prepared 8 packages in 390ms
Python CI / lint-format	UNKNOWN STEP	2026-09-08T07:04:52.8753830Z Installed 17 packages in 101ms
Python CI / lint-format	UNKNOWN STEP	2026-09-08T07:04:52.8754942Z  + black==26.5.1
Python CI / lint-format	UNKNOWN STEP	2026-09-08T07:04:52.8755730Z  + charset-normalizer==3.5.1
Python CI / lint-format	UNKNOWN STEP	2026-09-08T07:04:52.8756278Z  + click==8.5.0
Python CI / lint-format	UNKNOWN STEP	2026-09-08T07:04:52.8756808Z  + docformatter==1.7.8
Python CI / lint-format	UNKNOWN STEP	2026-09-08T07:04:52.8757430Z  + execnet==2.1.2
Python CI / lint-format	UNKNOWN STEP	2026-09-08T07:04:52.8757954Z  + iniconfig==2.3.0
Python CI / lint-format	UNKNOWN STEP	2026-09-08T07:04:52.8758456Z  + isort==8.0.1
Python CI / lint-format	UNKNOWN STEP	2026-09-08T07:04:52.8758990Z  + mypy-extensions==1.1.0
Python CI / lint-format	UNKNOWN STEP	2026-09-08T07:04:52.8759546Z  + packaging==26.3
Python CI / lint-format	UNKNOWN STEP	2026-09-08T07:04:52.8760024Z  + pathspec==1.1.1
Python CI / lint-format	UNKNOWN STEP	2026-09-08T07:04:52.8760332Z  + platformdirs==4.11.7
Python CI / lint-format	UNKNOWN STEP	2026-09-08T07:04:52.8760733Z  + pluggy==1.6.0
Python CI / lint-format	UNKNOWN STEP	2026-09-08T07:04:52.8761244Z  + pygments==2.21.0
Python CI / lint-format	UNKNOWN STEP	2026-09-08T07:04:52.8761757Z  + pytest==9.1.1
Python CI / lint-format	UNKNOWN STEP	2026-09-08T07:04:52.8762841Z  + pytest-xdist==3.8.0
Python CI / lint-format	UNKNOWN STEP	2026-09-08T07:04:52.8763574Z  + pytokens==0.4.1
Python CI / lint-format	UNKNOWN STEP	2026-09-08T07:04:52.8764289Z  + ruff==0.16.5
Python CI / lint-format	UNKNOWN STEP	2026-09-08T07:04:52.9186865Z ##[group]Run set -euo pipefail
Python CI / lint-format	UNKNOWN STEP	2026-09-08T07:04:52.9187303Z ^[[36;1mset -euo pipefail^[[0m
Python CI / lint-format	UNKNOWN STEP	2026-09-08T07:04:52.9187766Z ^[[36;1m# Exclude repo-local tooling directories created during CI setup.^[[0m
Python CI / lint-format	UNKNOWN STEP	2026-09-08T07:04:52.9188438Z ^[[36;1mblack --check --line-length 100 --exclude '(\.venv|\.workflows-lib|node_modules)' .^[[0m
Python CI / lint-format	UNKNOWN STEP	2026-09-08T07:04:52.9223971Z shell: /usr/bin/bash --noprofile --norc -e -o pipefail {0}
Python CI / lint-format	UNKNOWN STEP	2026-09-08T07:04:52.9224582Z env:
Python CI / lint-format	UNKNOWN STEP	2026-09-08T07:04:52.9224856Z   WORKDIR: .
Python CI / lint-format	UNKNOWN STEP	2026-09-08T07:04:52.9225282Z   WORKSPACE_ROOT: /home/runner/work/Fine-Art-Archive/Fine-Art-Archive
Python CI / lint-format	UNKNOWN STEP	2026-09-08T07:04:52.9225855Z   PROJECT_ROOT: /home/runner/work/Fine-Art-Archive/Fine-Art-Archive
Python CI / lint-format	UNKNOWN STEP	2026-09-08T07:04:52.9226516Z   NODE_PATH: /home/runner/work/Fine-Art-Archive/Fine-Art-Archive/.github/scripts/node_modules
Python CI / lint-format	UNKNOWN STEP	2026-09-08T07:04:52.9229202Z   GITHUB_TOKEN: ***
Python CI / lint-format	UNKNOWN STEP	2026-09-08T07:04:52.9231543Z   GH_TOKEN: ***
Python CI / lint-format	UNKNOWN STEP	2026-09-08T07:04:52.9231860Z   WORKFLOWS_APP_ID: ***
Python CI / lint-format	UNKNOWN STEP	2026-09-08T07:04:52.9239247Z   WORKFLOWS_APP_PRIVATE_KEY: ***
Python CI / lint-format	UNKNOWN STEP	2026-09-08T07:04:52.9239677Z   pythonLocation: /opt/hostedtoolcache/Python/3.12.14/x64
Python CI / lint-format	UNKNOWN STEP	2026-09-08T07:04:52.9240238Z   PKG_CONFIG_PATH: /opt/hostedtoolcache/Python/3.12.14/x64/lib/pkgconfig
Python CI / lint-format	UNKNOWN STEP	2026-09-08T07:04:52.9240786Z   Python_ROOT_DIR: /opt/hostedtoolcache/Python/3.12.14/x64
Python CI / lint-format	UNKNOWN STEP	2026-09-08T07:04:52.9241287Z   Python2_ROOT_DIR: /opt/hostedtoolcache/Python/3.12.14/x64
Python CI / lint-format	UNKNOWN STEP	2026-09-08T07:04:52.9241946Z   Python3_ROOT_DIR: /opt/hostedtoolcache/Python/3.12.14/x64
Python CI / lint-format	UNKNOWN STEP	2026-09-08T07:04:52.9242442Z   LD_LIBRARY_PATH: /opt/hostedtoolcache/Python/3.12.14/x64/lib
Python CI / lint-format	UNKNOWN STEP	2026-09-08T07:04:52.9242874Z ##[endgroup]
Python CI / lint-format	UNKNOWN STEP	2026-09-08T07:05:00.2036037Z would reformat /home/runner/work/Fine-Art-Archive/Fine-Art-Archive/tests/test_gate_commit_status_fork_tolerance.py
Python CI / lint-format	UNKNOWN STEP	2026-09-08T07:05:02.3488324Z 
Python CI / lint-format	UNKNOWN STEP	2026-09-08T07:05:02.3489153Z Oh no! 💥 💔 💥
Python CI / lint-format	UNKNOWN STEP	2026-09-08T07:05:02.3489734Z 1 file would be reformatted, 332 files would be left unchanged.
Python CI / lint-format	UNKNOWN STEP	2026-09-08T07:05:02.3782528Z ##[error]Process completed with exit code 1.
Python CI / lint-format	UNKNOWN STEP	2026-09-08T07:05:02.3845385Z ##[group]Run set -euo pipefail
Python CI / lint-format	UNKNOWN STEP	2026-09-08T07:05:02.3845811Z ^[[36;1mset -euo pipefail^[[0m
Python CI / lint-format	UNKNOWN STEP	2026-09-08T07:05:02.3846235Z ^[[36;1mecho "outcome=${FORMAT_OUTCOME}" >> "${GITHUB_OUTPUT}"^[[0m
Python CI / lint-format	UNKNOWN STEP	2026-09-08T07:05:02.3846718Z ^[[36;1mif [ -n "${GITHUB_STEP_SUMMARY:-}" ]; then^[[0m
Python CI / lint-format	UNKNOWN STEP	2026-09-08T07:05:02.3847117Z ^[[36;1m  {^[[0m
Python CI / lint-format	UNKNOWN STEP	2026-09-08T07:05:02.3847431Z ^[[36;1m    printf '## Format check\n'^[[0m
Python CI / lint-format	UNKNOWN STEP	2026-09-08T07:05:02.3847884Z ^[[36;1m    printf -- '- Outcome: %s\n' "${FORMAT_OUTCOME}"^[[0m
Python CI / lint-format	UNKNOWN STEP	2026-09-08T07:05:02.3848328Z ^[[36;1m  } >>"${GITHUB_STEP_SUMMARY}"^[[0m
Python CI / lint-format	UNKNOWN STEP	2026-09-08T07:05:02.3848691Z ^[[36;1mfi^[[0m
Python CI / lint-format	UNKNOWN STEP	2026-09-08T07:05:02.3849131Z ^[[36;1mif [ "${FORMAT_OUTCOME}" != "success" ] && [ "${FORMAT_OUTCOME}" != "skipped" ]; then^[[0m
Python CI / lint-format	UNKNOWN STEP	2026-09-08T07:05:02.3849790Z ^[[36;1m  printf 'Format check failed with outcome: %s\n' "${FORMAT_OUTCOME}" >&2^[[0m
Python CI / lint-format	UNKNOWN STEP	2026-09-08T07:05:02.3850286Z ^[[36;1m  exit 1^[[0m
Python CI / lint-format	UNKNOWN STEP	2026-09-08T07:05:02.3850578Z ^[[36;1mfi^[[0m
Python CI / lint-format	UNKNOWN STEP	2026-09-08T07:05:02.3886279Z shell: /usr/bin/bash --noprofile --norc -e -o pipefail {0}
Python CI / lint-format	UNKNOWN STEP	2026-09-08T07:05:02.3886735Z env:
Python CI / lint-format	UNKNOWN STEP	2026-09-08T07:05:02.3887017Z   WORKDIR: .
Python CI / lint-format	UNKNOWN STEP	2026-09-08T07:05:02.3887424Z   WORKSPACE_ROOT: /home/runner/work/Fine-Art-Archive/Fine-Art-Archive
Python CI / lint-format	UNKNOWN STEP	2026-09-08T07:05:02.3888003Z   PROJECT_ROOT: /home/runner/work/Fine-Art-Archive/Fine-Art-Archive
Python CI / lint-format	UNKNOWN STEP	2026-09-08T07:05:02.3888656Z   NODE_PATH: /home/runner/work/Fine-Art-Archive/Fine-Art-Archive/.github/scripts/node_modules
Python CI / lint-format	UNKNOWN STEP	2026-09-08T07:05:02.3891320Z   GITHUB_TOKEN: ***
Python CI / lint-format	UNKNOWN STEP	2026-09-08T07:05:02.3893647Z   GH_TOKEN: ***
Python CI / lint-format	UNKNOWN STEP	2026-09-08T07:05:02.3893966Z   WORKFLOWS_APP_ID: ***
Python CI / lint-format	UNKNOWN STEP	2026-09-08T07:05:02.3901272Z   WORKFLOWS_APP_PRIVATE_KEY: ***
Python CI / lint-format	UNKNOWN STEP	2026-09-08T07:05:02.3901697Z   pythonLocation: /opt/hostedtoolcache/Python/3.12.14/x64
Python CI / lint-format	UNKNOWN STEP	2026-09-08T07:05:02.3902250Z   PKG_CONFIG_PATH: /opt/hostedtoolcache/Python/3.12.14/x64/lib/pkgconfig
Python CI / lint-format	UNKNOWN STEP	2026-09-08T07:05:02.3902784Z   Python_ROOT_DIR: /opt/hostedtoolcache/Python/3.12.14/x64
Python CI / lint-format	UNKNOWN STEP	2026-09-08T07:05:02.3903287Z   Python2_ROOT_DIR: /opt/hostedtoolcache/Python/3.12.14/x64
Python CI / lint-format	UNKNOWN STEP	2026-09-08T07:05:02.3903768Z   Python3_ROOT_DIR: /opt/hostedtoolcache/Python/3.12.14/x64
Python CI / lint-format	UNKNOWN STEP	2026-09-08T07:05:02.3904464Z   LD_LIBRARY_PATH: /opt/hostedtoolcache/Python/3.12.14/x64/lib
Python CI / lint-format	UNKNOWN STEP	2026-09-08T07:05:02.3904898Z   FORMAT_OUTCOME: failure
Python CI / lint-format	UNKNOWN STEP	2026-09-08T07:05:02.3905210Z ##[endgroup]
Python CI / lint-format	UNKNOWN STEP	2026-09-08T07:05:02.3964953Z Format check failed with outcome: failure
Python CI / lint-format	UNKNOWN STEP	2026-09-08T07:05:02.3968161Z ##[error]Process completed with exit code 1.
Python CI / lint-format	UNKNOWN STEP	2026-09-08T07:05:02.4076747Z Post job cleanup.
Python CI / lint-format	UNKNOWN STEP	2026-09-08T07:05:02.4942859Z [command]/usr/bin/git version
Python CI / lint-format	UNKNOWN STEP	2026-09-08T07:05:02.4991317Z git version 2.55.0
Python CI / lint-format	UNKNOWN STEP	2026-09-08T07:05:02.5029169Z Temporarily overriding HOME='/home/runner/work/_temp/2010b4b9-e2b1-416f-8629-7b7d4d44338c' before making global git config changes
Python CI / lint-format	UNKNOWN STEP	2026-09-08T07:05:02.5030973Z Adding repository directory to the temporary git global config as a safe directory
Python CI / lint-format	UNKNOWN STEP	2026-09-08T07:05:02.5036046Z [command]/usr/bin/git config --global --add safe.directory /home/runner/work/Fine-Art-Archive/Fine-Art-Archive
Python CI / lint-format	UNKNOWN STEP	2026-09-08T07:05:02.5068185Z Removing SSH command configuration
Python CI / lint-format	UNKNOWN STEP	2026-09-08T07:05:02.5074463Z [command]/usr/bin/git config --local --name-only --get-regexp core\.sshCommand
Python CI / lint-format	UNKNOWN STEP	2026-09-08T07:05:02.5109621Z [command]/usr/bin/git submodule foreach --recursive sh -c "git config --local --name-only --get-regexp 'core\.sshCommand' && git config --local --unset-all 'core.sshCommand' || :"
Python CI / lint-format	UNKNOWN STEP	2026-09-08T07:05:02.5341956Z Removing HTTP extra header
Python CI / lint-format	UNKNOWN STEP	2026-09-08T07:05:02.5347715Z [command]/usr/bin/git config --local --name-only --get-regexp http\.https\:\/\/github\.com\/\.extraheader
Python CI / lint-format	UNKNOWN STEP	2026-09-08T07:05:02.5384415Z [command]/usr/bin/git submodule foreach --recursive sh -c "git config --local --name-only --get-regexp 'http\.https\:\/\/github\.com\/\.extraheader' && git config --local --unset-all 'http.https://github.com/.extraheader' || :"
Python CI / lint-format	UNKNOWN STEP	2026-09-08T07:05:02.5608500Z Removing includeIf entries pointing to credentials config files
Python CI / lint-format	UNKNOWN STEP	2026-09-08T07:05:02.5615128Z [command]/usr/bin/git config --local --name-only --get-regexp ^includeIf\.gitdir:
Python CI / lint-format	UNKNOWN STEP	2026-09-08T07:05:02.5643610Z includeif.gitdir:/home/runner/work/Fine-Art-Archive/Fine-Art-Archive/.git.path
Python CI / lint-format	UNKNOWN STEP	2026-09-08T07:05:02.5645247Z includeif.gitdir:/home/runner/work/Fine-Art-Archive/Fine-Art-Archive/.git/worktrees/*.path
Python CI / lint-format	UNKNOWN STEP	2026-09-08T07:05:02.5645957Z includeif.gitdir:/github/workspace/.git.path
Python CI / lint-format	UNKNOWN STEP	2026-09-08T07:05:02.5646532Z includeif.gitdir:/github/workspace/.git/worktrees/*.path
Python CI / lint-format	UNKNOWN STEP	2026-09-08T07:05:02.5653181Z [command]/usr/bin/git config --local --get-all includeif.gitdir:/home/runner/work/Fine-Art-Archive/Fine-Art-Archive/.git.path
Python CI / lint-format	UNKNOWN STEP	2026-09-08T07:05:02.5675330Z /home/runner/work/_temp/git-credentials-9506a507-a1d0-44bf-bc80-91b1625492aa.config
Python CI / lint-format	UNKNOWN STEP	2026-09-08T07:05:02.5688281Z [command]/usr/bin/git config --local --unset includeif.gitdir:/home/runner/work/Fine-Art-Archive/Fine-Art-Archive/.git.path \/home\/runner\/work\/_temp\/git\-credentials\-9506a507\-a1d0\-44bf\-bc80\-91b1625492aa\.config
Python CI / lint-format	UNKNOWN STEP	2026-09-08T07:05:02.5723955Z [command]/usr/bin/git config --local --get-all includeif.gitdir:/home/runner/work/Fine-Art-Archive/Fine-Art-Archive/.git/worktrees/*.path
Python CI / lint-format	UNKNOWN STEP	2026-09-08T07:05:02.5748018Z /home/runner/work/_temp/git-credentials-9506a507-a1d0-44bf-bc80-91b1625492aa.config
Python CI / lint-format	UNKNOWN STEP	2026-09-08T07:05:02.5758404Z [command]/usr/bin/git config --local --unset includeif.gitdir:/home/runner/work/Fine-Art-Archive/Fine-Art-Archive/.git/worktrees/*.path \/home\/runner\/work\/_temp\/git\-credentials\-9506a507\-a1d0\-44bf\-bc80\-91b1625492aa\.config
Python CI / lint-format	UNKNOWN STEP	2026-09-08T07:05:02.5792361Z [command]/usr/bin/git config --local --get-all includeif.gitdir:/github/workspace/.git.path
Python CI / lint-format	UNKNOWN STEP	2026-09-08T07:05:02.5815489Z /github/runner_temp/git-credentials-9506a507-a1d0-44bf-bc80-91b1625492aa.config
Python CI / lint-format	UNKNOWN STEP	2026-09-08T07:05:02.5823630Z [command]/usr/bin/git config --local --unset includeif.gitdir:/github/workspace/.git.path \/github\/runner_temp\/git\-credentials\-9506a507\-a1d0\-44bf\-bc80\-91b1625492aa\.config
Python CI / lint-format	UNKNOWN STEP	2026-09-08T07:05:02.5855697Z [command]/usr/bin/git config --local --get-all includeif.gitdir:/github/workspace/.git/worktrees/*.path
Python CI / lint-format	UNKNOWN STEP	2026-09-08T07:05:02.5878275Z /github/runner_temp/git-credentials-9506a507-a1d0-44bf-bc80-91b1625492aa.config
Python CI / lint-format	UNKNOWN STEP	2026-09-08T07:05:02.5886701Z [command]/usr/bin/git config --local --unset includeif.gitdir:/github/workspace/.git/worktrees/*.path \/github\/runner_temp\/git\-credentials\-9506a507\-a1d0\-44bf\-bc80\-91b1625492aa\.config
Python CI / lint-format	UNKNOWN STEP	2026-09-08T07:05:02.5922968Z [command]/usr/bin/git submodule foreach --recursive git config --local --show-origin --name-only --get-regexp remote.origin.url
Python CI / lint-format	UNKNOWN STEP	2026-09-08T07:05:02.6167394Z Removing credentials config '/home/runner/work/_temp/git-credentials-9506a507-a1d0-44bf-bc80-91b1625492aa.config'
Python CI / lint-format	UNKNOWN STEP	2026-09-08T07:05:02.6404997Z Post job cleanup.
Python CI / lint-format	UNKNOWN STEP	2026-09-08T07:05:02.7397890Z Evaluate and set job outputs
Python CI / lint-format	UNKNOWN STEP	2026-09-08T07:05:02.7402811Z Set output 'format_outcome'
Python CI / lint-format	UNKNOWN STEP	2026-09-08T07:05:02.7405322Z Cleaning up orphan processes
