Python CI / lint-format	UNKNOWN STEP	﻿2026-09-08T15:11:18.3930651Z Current runner version: '2.337.0'
Python CI / lint-format	UNKNOWN STEP	2026-09-08T15:11:18.3959360Z ##[group]Runner Image Provisioner
Python CI / lint-format	UNKNOWN STEP	2026-09-08T15:11:18.3960823Z Hosted Compute Agent
Python CI / lint-format	UNKNOWN STEP	2026-09-08T15:11:18.3961932Z Version: 20260828.587
Python CI / lint-format	UNKNOWN STEP	2026-09-08T15:11:18.3962905Z Commit: abac92662cab4cc7352de4f9f9d2e2419aad9c29
Python CI / lint-format	UNKNOWN STEP	2026-09-08T15:11:18.3963999Z Build Date: 2026-08-28T16:44:25Z
Python CI / lint-format	UNKNOWN STEP	2026-09-08T15:11:18.3965138Z Worker ID: {c55b0475-1d45-4ce8-9314-2e176ff18dd0}
Python CI / lint-format	UNKNOWN STEP	2026-09-08T15:11:18.3966262Z Azure Region: eastus
Python CI / lint-format	UNKNOWN STEP	2026-09-08T15:11:18.3967179Z ##[endgroup]
Python CI / lint-format	UNKNOWN STEP	2026-09-08T15:11:18.3969463Z ##[group]Operating System
Python CI / lint-format	UNKNOWN STEP	2026-09-08T15:11:18.3970706Z Ubuntu
Python CI / lint-format	UNKNOWN STEP	2026-09-08T15:11:18.3971693Z 24.04.4
Python CI / lint-format	UNKNOWN STEP	2026-09-08T15:11:18.3972520Z LTS
Python CI / lint-format	UNKNOWN STEP	2026-09-08T15:11:18.3973375Z ##[endgroup]
Python CI / lint-format	UNKNOWN STEP	2026-09-08T15:11:18.3974344Z ##[group]Runner Image
Python CI / lint-format	UNKNOWN STEP	2026-09-08T15:11:18.3975362Z Image: ubuntu-24.04
Python CI / lint-format	UNKNOWN STEP	2026-09-08T15:11:18.3976424Z Version: 20260831.293.1
Python CI / lint-format	UNKNOWN STEP	2026-09-08T15:11:18.3978201Z Included Software: https://github.com/actions/runner-images/blob/ubuntu24/20260831.293/images/ubuntu/Ubuntu2404-Readme.md
Python CI / lint-format	UNKNOWN STEP	2026-09-08T15:11:18.3980238Z Image Release: https://github.com/actions/runner-images/releases/tag/ubuntu24%2F20260831.293
Python CI / lint-format	UNKNOWN STEP	2026-09-08T15:11:18.3981979Z ##[endgroup]
Python CI / lint-format	UNKNOWN STEP	2026-09-08T15:11:18.3983680Z ##[group]GITHUB_TOKEN Permissions
Python CI / lint-format	UNKNOWN STEP	2026-09-08T15:11:18.3986223Z Contents: read
Python CI / lint-format	UNKNOWN STEP	2026-09-08T15:11:18.3987218Z Metadata: read
Python CI / lint-format	UNKNOWN STEP	2026-09-08T15:11:18.3988109Z ##[endgroup]
Python CI / lint-format	UNKNOWN STEP	2026-09-08T15:11:18.3991027Z Secret source: Actions
Python CI / lint-format	UNKNOWN STEP	2026-09-08T15:11:18.3992686Z Prepare workflow directory
Python CI / lint-format	UNKNOWN STEP	2026-09-08T15:11:18.4564711Z Prepare all required actions
Python CI / lint-format	UNKNOWN STEP	2026-09-08T15:11:18.4613703Z Getting action download info
Python CI / lint-format	UNKNOWN STEP	2026-09-08T15:11:18.6857629Z Download action repository 'actions/checkout@v7' (SHA:3d3c42e5aac5ba805825da76410c181273ba90b1)
Python CI / lint-format	UNKNOWN STEP	2026-09-08T15:11:18.8224471Z Download action repository 'actions/setup-python@v7' (SHA:5fda3b95a4ea91299a34e894583c3862153e4b97)
Python CI / lint-format	UNKNOWN STEP	2026-09-08T15:11:18.9059343Z Download action repository 'actions/setup-node@820762786026740c76f36085b0efc47a31fe5020' (SHA:820762786026740c76f36085b0efc47a31fe5020)
Python CI / lint-format	UNKNOWN STEP	2026-09-08T15:11:18.9862226Z Download action repository 'actions/cache@55cc8345863c7cc4c66a329aec7e433d2d1c52a9' (SHA:55cc8345863c7cc4c66a329aec7e433d2d1c52a9)
Python CI / lint-format	UNKNOWN STEP	2026-09-08T15:11:19.3226642Z Uses: stranske/Workflows/.github/workflows/reusable-10-ci-python.yml@refs/heads/main (551f1a9194ecd00046258ec37bbd03d27dcc0afb)
Python CI / lint-format	UNKNOWN STEP	2026-09-08T15:11:19.3232978Z ##[group] Inputs
Python CI / lint-format	UNKNOWN STEP	2026-09-08T15:11:19.3234267Z   working-directory: .
Python CI / lint-format	UNKNOWN STEP	2026-09-08T15:11:19.3235538Z   workflows_ref: main
Python CI / lint-format	UNKNOWN STEP	2026-09-08T15:11:19.3236792Z   python-version: 3.12
Python CI / lint-format	UNKNOWN STEP	2026-09-08T15:11:19.3238090Z   python-versions: ["3.12", "3.13"]
Python CI / lint-format	UNKNOWN STEP	2026-09-08T15:11:19.3239510Z   changed-files-json: []
Python CI / lint-format	UNKNOWN STEP	2026-09-08T15:11:19.3241522Z   force-full: false
Python CI / lint-format	UNKNOWN STEP	2026-09-08T15:11:19.3242887Z   primary-python-version: 3.12
Python CI / lint-format	UNKNOWN STEP	2026-09-08T15:11:19.3244242Z   marker: 
Python CI / lint-format	UNKNOWN STEP	2026-09-08T15:11:19.3245410Z   pytest_markers: 
Python CI / lint-format	UNKNOWN STEP	2026-09-08T15:11:19.3246653Z   pytest_args: 
Python CI / lint-format	UNKNOWN STEP	2026-09-08T15:11:19.3247845Z   coverage-min: 80
Python CI / lint-format	UNKNOWN STEP	2026-09-08T15:11:19.3249029Z   lint: true
Python CI / lint-format	UNKNOWN STEP	2026-09-08T15:11:19.3250203Z   format_check: true
Python CI / lint-format	UNKNOWN STEP	2026-09-08T15:11:19.3310994Z   typecheck: true
Python CI / lint-format	UNKNOWN STEP	2026-09-08T15:11:19.3313064Z   run-mypy: true
Python CI / lint-format	UNKNOWN STEP	2026-09-08T15:11:19.3314452Z   coverage: true
Python CI / lint-format	UNKNOWN STEP	2026-09-08T15:11:19.3315661Z   cache: true
Python CI / lint-format	UNKNOWN STEP	2026-09-08T15:11:19.3316856Z   enable-metrics: false
Python CI / lint-format	UNKNOWN STEP	2026-09-08T15:11:19.3318130Z   slow-test-top: 15
Python CI / lint-format	UNKNOWN STEP	2026-09-08T15:11:19.3319388Z   slow-test-min-seconds: 1
Python CI / lint-format	UNKNOWN STEP	2026-09-08T15:11:19.3321008Z   enable-history: false
Python CI / lint-format	UNKNOWN STEP	2026-09-08T15:11:19.3322343Z   enable-classification: false
Python CI / lint-format	UNKNOWN STEP	2026-09-08T15:11:19.3323854Z   history-artifact-name: metrics-history.ndjson
Python CI / lint-format	UNKNOWN STEP	2026-09-08T15:11:19.3325460Z   enable-coverage-delta: false
Python CI / lint-format	UNKNOWN STEP	2026-09-08T15:11:19.3326817Z   baseline-coverage: 0
Python CI / lint-format	UNKNOWN STEP	2026-09-08T15:11:19.3328078Z   coverage-alert-drop: 1
Python CI / lint-format	UNKNOWN STEP	2026-09-08T15:11:19.3329390Z   fail-on-coverage-drop: false
Python CI / lint-format	UNKNOWN STEP	2026-09-08T15:11:19.3331038Z   coverage-drop-label: coverage-drop
Python CI / lint-format	UNKNOWN STEP	2026-09-08T15:11:19.3332544Z   enable-soft-gate: false
Python CI / lint-format	UNKNOWN STEP	2026-09-08T15:11:19.3333849Z   artifact-prefix: gate-
Python CI / lint-format	UNKNOWN STEP	2026-09-08T15:11:19.3335133Z ##[endgroup]
Python CI / lint-format	UNKNOWN STEP	2026-09-08T15:11:19.3336768Z Complete job name: Python CI / lint-format
Python CI / lint-format	UNKNOWN STEP	2026-09-08T15:11:19.4275148Z ##[group]Run actions/checkout@v7
Python CI / lint-format	UNKNOWN STEP	2026-09-08T15:11:19.4276888Z with:
Python CI / lint-format	UNKNOWN STEP	2026-09-08T15:11:19.4278061Z   repository: stranske/Workflows
Python CI / lint-format	UNKNOWN STEP	2026-09-08T15:11:19.4279396Z   ref: main
Python CI / lint-format	UNKNOWN STEP	2026-09-08T15:11:19.4280743Z   path: .workflows-lib
Python CI / lint-format	UNKNOWN STEP	2026-09-08T15:11:19.4282146Z   sparse-checkout: .github/actions/setup-api-client
Python CI / lint-format	UNKNOWN STEP	
Python CI / lint-format	UNKNOWN STEP	2026-09-08T15:11:19.4283800Z   sparse-checkout-cone-mode: false
Python CI / lint-format	UNKNOWN STEP	2026-09-08T15:11:19.4293981Z   token: ***
Python CI / lint-format	UNKNOWN STEP	2026-09-08T15:11:19.4295139Z   ssh-strict: true
Python CI / lint-format	UNKNOWN STEP	2026-09-08T15:11:19.4296314Z   ssh-user: git
Python CI / lint-format	UNKNOWN STEP	2026-09-08T15:11:19.4297497Z   persist-credentials: true
Python CI / lint-format	UNKNOWN STEP	2026-09-08T15:11:19.4298756Z   clean: true
Python CI / lint-format	UNKNOWN STEP	2026-09-08T15:11:19.4299897Z   fetch-depth: 1
Python CI / lint-format	UNKNOWN STEP	2026-09-08T15:11:19.4301251Z   fetch-tags: false
Python CI / lint-format	UNKNOWN STEP	2026-09-08T15:11:19.4302443Z   show-progress: true
Python CI / lint-format	UNKNOWN STEP	2026-09-08T15:11:19.4303644Z   lfs: false
Python CI / lint-format	UNKNOWN STEP	2026-09-08T15:11:19.4304761Z   submodules: false
Python CI / lint-format	UNKNOWN STEP	2026-09-08T15:11:19.4305953Z   set-safe-directory: true
Python CI / lint-format	UNKNOWN STEP	2026-09-08T15:11:19.4307280Z   allow-unsafe-pr-checkout: false
Python CI / lint-format	UNKNOWN STEP	2026-09-08T15:11:19.4308928Z env:
Python CI / lint-format	UNKNOWN STEP	2026-09-08T15:11:19.4310100Z   WORKDIR: .
Python CI / lint-format	UNKNOWN STEP	2026-09-08T15:11:19.4311559Z   WORKSPACE_ROOT: /home/runner/work/Ready/Ready
Python CI / lint-format	UNKNOWN STEP	2026-09-08T15:11:19.4313166Z   PROJECT_ROOT: /home/runner/work/Ready/Ready
Python CI / lint-format	UNKNOWN STEP	2026-09-08T15:11:19.4314653Z ##[endgroup]
Python CI / lint-format	UNKNOWN STEP	2026-09-08T15:11:19.5361632Z Syncing repository: stranske/Workflows
Python CI / lint-format	UNKNOWN STEP	2026-09-08T15:11:19.5365835Z ##[group]Getting Git version info
Python CI / lint-format	UNKNOWN STEP	2026-09-08T15:11:19.5367656Z Working directory is '/home/runner/work/Ready/Ready/.workflows-lib'
Python CI / lint-format	UNKNOWN STEP	2026-09-08T15:11:19.5370925Z [command]/usr/bin/git version
Python CI / lint-format	UNKNOWN STEP	2026-09-08T15:11:19.5401704Z git version 2.55.0
Python CI / lint-format	UNKNOWN STEP	2026-09-08T15:11:19.5428333Z ##[endgroup]
Python CI / lint-format	UNKNOWN STEP	2026-09-08T15:11:19.5439028Z Temporarily overriding HOME='/home/runner/work/_temp/9f6085b9-43e4-415f-8c5c-6ca5d2c59930' before making global git config changes
Python CI / lint-format	UNKNOWN STEP	2026-09-08T15:11:19.5445636Z Adding repository directory to the temporary git global config as a safe directory
Python CI / lint-format	UNKNOWN STEP	2026-09-08T15:11:19.5450185Z [command]/usr/bin/git config --global --add safe.directory /home/runner/work/Ready/Ready/.workflows-lib
Python CI / lint-format	UNKNOWN STEP	2026-09-08T15:11:19.5493965Z ##[group]Determining repository object format
Python CI / lint-format	UNKNOWN STEP	2026-09-08T15:11:19.7500993Z ##[endgroup]
Python CI / lint-format	UNKNOWN STEP	2026-09-08T15:11:19.7503384Z ##[group]Initializing the repository
Python CI / lint-format	UNKNOWN STEP	2026-09-08T15:11:19.7510815Z [command]/usr/bin/git init /home/runner/work/Ready/Ready/.workflows-lib
Python CI / lint-format	UNKNOWN STEP	2026-09-08T15:11:19.7629176Z hint: Using 'master' as the name for the initial branch. This default branch name
Python CI / lint-format	UNKNOWN STEP	2026-09-08T15:11:19.7632553Z hint: will change to "main" in Git 3.0. To configure the initial branch name
Python CI / lint-format	UNKNOWN STEP	2026-09-08T15:11:19.7635653Z hint: to use in all of your new repositories, which will suppress this warning,
Python CI / lint-format	UNKNOWN STEP	2026-09-08T15:11:19.7637911Z hint: call:
Python CI / lint-format	UNKNOWN STEP	2026-09-08T15:11:19.7639116Z hint:
Python CI / lint-format	UNKNOWN STEP	2026-09-08T15:11:19.7640936Z hint: 	git config --global init.defaultBranch <name>
Python CI / lint-format	UNKNOWN STEP	2026-09-08T15:11:19.7642845Z hint:
Python CI / lint-format	UNKNOWN STEP	2026-09-08T15:11:19.7644627Z hint: Names commonly chosen instead of 'master' are 'main', 'trunk' and
Python CI / lint-format	UNKNOWN STEP	2026-09-08T15:11:19.7647636Z hint: 'development'. The just-created branch can be renamed via this command:
Python CI / lint-format	UNKNOWN STEP	2026-09-08T15:11:19.7650262Z hint:
Python CI / lint-format	UNKNOWN STEP	2026-09-08T15:11:19.7652404Z hint: 	git branch -m <name>
Python CI / lint-format	UNKNOWN STEP	2026-09-08T15:11:19.7654162Z hint:
Python CI / lint-format	UNKNOWN STEP	2026-09-08T15:11:19.7656386Z hint: Disable this message with "git config set advice.defaultBranchName false"
Python CI / lint-format	UNKNOWN STEP	2026-09-08T15:11:19.7661475Z Initialized empty Git repository in /home/runner/work/Ready/Ready/.workflows-lib/.git/
Python CI / lint-format	UNKNOWN STEP	2026-09-08T15:11:19.7665709Z [command]/usr/bin/git remote add origin https://github.com/stranske/Workflows
Python CI / lint-format	UNKNOWN STEP	2026-09-08T15:11:19.7716981Z ##[endgroup]
Python CI / lint-format	UNKNOWN STEP	2026-09-08T15:11:19.7719672Z ##[group]Disabling automatic garbage collection
Python CI / lint-format	UNKNOWN STEP	2026-09-08T15:11:19.7722235Z [command]/usr/bin/git config --local gc.auto 0
Python CI / lint-format	UNKNOWN STEP	2026-09-08T15:11:19.7762128Z ##[endgroup]
Python CI / lint-format	UNKNOWN STEP	2026-09-08T15:11:19.7764584Z ##[group]Setting up auth
Python CI / lint-format	UNKNOWN STEP	2026-09-08T15:11:19.7766488Z Removing SSH command configuration
Python CI / lint-format	UNKNOWN STEP	2026-09-08T15:11:19.7772933Z [command]/usr/bin/git config --local --name-only --get-regexp core\.sshCommand
Python CI / lint-format	UNKNOWN STEP	2026-09-08T15:11:19.7805699Z [command]/usr/bin/git submodule foreach --recursive sh -c "git config --local --name-only --get-regexp 'core\.sshCommand' && git config --local --unset-all 'core.sshCommand' || :"
Python CI / lint-format	UNKNOWN STEP	2026-09-08T15:11:19.8141079Z Removing HTTP extra header
Python CI / lint-format	UNKNOWN STEP	2026-09-08T15:11:19.8146388Z [command]/usr/bin/git config --local --name-only --get-regexp http\.https\:\/\/github\.com\/\.extraheader
Python CI / lint-format	UNKNOWN STEP	2026-09-08T15:11:19.8183211Z [command]/usr/bin/git submodule foreach --recursive sh -c "git config --local --name-only --get-regexp 'http\.https\:\/\/github\.com\/\.extraheader' && git config --local --unset-all 'http.https://github.com/.extraheader' || :"
Python CI / lint-format	UNKNOWN STEP	2026-09-08T15:11:19.8401716Z Removing includeIf entries pointing to credentials config files
Python CI / lint-format	UNKNOWN STEP	2026-09-08T15:11:19.8406758Z [command]/usr/bin/git config --local --name-only --get-regexp ^includeIf\.gitdir:
Python CI / lint-format	UNKNOWN STEP	2026-09-08T15:11:19.8441129Z [command]/usr/bin/git submodule foreach --recursive git config --local --show-origin --name-only --get-regexp remote.origin.url
Python CI / lint-format	UNKNOWN STEP	2026-09-08T15:11:19.8679993Z [command]/usr/bin/git config --file /home/runner/work/_temp/git-credentials-48ceb5aa-88f3-46d2-b36f-40a0f873bd4e.config http.https://github.com/.extraheader AUTHORIZATION: basic ***
Python CI / lint-format	UNKNOWN STEP	2026-09-08T15:11:19.8720033Z [command]/usr/bin/git config --local includeIf.gitdir:/home/runner/work/Ready/Ready/.workflows-lib/.git.path /home/runner/work/_temp/git-credentials-48ceb5aa-88f3-46d2-b36f-40a0f873bd4e.config
Python CI / lint-format	UNKNOWN STEP	2026-09-08T15:11:19.8753346Z [command]/usr/bin/git config --local includeIf.gitdir:/home/runner/work/Ready/Ready/.workflows-lib/.git/worktrees/*.path /home/runner/work/_temp/git-credentials-48ceb5aa-88f3-46d2-b36f-40a0f873bd4e.config
Python CI / lint-format	UNKNOWN STEP	2026-09-08T15:11:19.8789344Z [command]/usr/bin/git config --local includeIf.gitdir:/github/workspace/.workflows-lib/.git.path /github/runner_temp/git-credentials-48ceb5aa-88f3-46d2-b36f-40a0f873bd4e.config
Python CI / lint-format	UNKNOWN STEP	2026-09-08T15:11:19.8823848Z [command]/usr/bin/git config --local includeIf.gitdir:/github/workspace/.workflows-lib/.git/worktrees/*.path /github/runner_temp/git-credentials-48ceb5aa-88f3-46d2-b36f-40a0f873bd4e.config
Python CI / lint-format	UNKNOWN STEP	2026-09-08T15:11:19.8853164Z ##[endgroup]
Python CI / lint-format	UNKNOWN STEP	2026-09-08T15:11:19.8854846Z ##[group]Fetching the repository
Python CI / lint-format	UNKNOWN STEP	2026-09-08T15:11:19.8860864Z [command]/usr/bin/git -c protocol.version=2 fetch --no-tags --prune --no-recurse-submodules --filter=blob:none --depth=1 origin +refs/heads/main*:refs/remotes/origin/main* +refs/tags/main*:refs/tags/main*
Python CI / lint-format	UNKNOWN STEP	2026-09-08T15:11:20.1925640Z From https://github.com/stranske/Workflows
Python CI / lint-format	UNKNOWN STEP	2026-09-08T15:11:20.1927434Z  * [new branch]      main       -> origin/main
Python CI / lint-format	UNKNOWN STEP	2026-09-08T15:11:20.1955440Z ##[endgroup]
Python CI / lint-format	UNKNOWN STEP	2026-09-08T15:11:20.1956379Z ##[group]Determining the checkout info
Python CI / lint-format	UNKNOWN STEP	2026-09-08T15:11:20.1957137Z [command]/usr/bin/git branch --list --remote origin/main
Python CI / lint-format	UNKNOWN STEP	2026-09-08T15:11:20.1968378Z   origin/main
Python CI / lint-format	UNKNOWN STEP	2026-09-08T15:11:20.2017491Z ##[endgroup]
Python CI / lint-format	UNKNOWN STEP	2026-09-08T15:11:20.2019141Z ##[group]Setting up sparse checkout
Python CI / lint-format	UNKNOWN STEP	2026-09-08T15:11:20.2020354Z [command]/usr/bin/git config core.sparseCheckout true
Python CI / lint-format	UNKNOWN STEP	2026-09-08T15:11:20.2068571Z [command]/usr/bin/git rev-parse --git-path info/sparse-checkout
Python CI / lint-format	UNKNOWN STEP	2026-09-08T15:11:20.2094969Z .git/info/sparse-checkout
Python CI / lint-format	UNKNOWN STEP	2026-09-08T15:11:20.2103928Z ##[endgroup]
Python CI / lint-format	UNKNOWN STEP	2026-09-08T15:11:20.2105784Z ##[group]Checking out the ref
Python CI / lint-format	UNKNOWN STEP	2026-09-08T15:11:20.2108169Z [command]/usr/bin/git checkout --progress --force -B main refs/remotes/origin/main
Python CI / lint-format	UNKNOWN STEP	2026-09-08T15:11:20.6174797Z Switched to a new branch 'main'
Python CI / lint-format	UNKNOWN STEP	2026-09-08T15:11:20.6179957Z branch 'main' set up to track 'origin/main'.
Python CI / lint-format	UNKNOWN STEP	2026-09-08T15:11:20.6187704Z ##[endgroup]
Python CI / lint-format	UNKNOWN STEP	2026-09-08T15:11:20.6233351Z [command]/usr/bin/git log -1 --format=%H
Python CI / lint-format	UNKNOWN STEP	2026-09-08T15:11:20.6260329Z 551f1a9194ecd00046258ec37bbd03d27dcc0afb
Python CI / lint-format	UNKNOWN STEP	2026-09-08T15:11:20.6871742Z Prepare all required actions
Python CI / lint-format	UNKNOWN STEP	2026-09-08T15:11:20.7168971Z ##[group]Run ./.workflows-lib/.github/actions/setup-api-client
Python CI / lint-format	UNKNOWN STEP	2026-09-08T15:11:20.7169691Z with:
Python CI / lint-format	UNKNOWN STEP	2026-09-08T15:11:20.7173044Z   github_token: ***
Python CI / lint-format	UNKNOWN STEP	2026-09-08T15:11:20.7173631Z   workflows_app_id: ***
Python CI / lint-format	UNKNOWN STEP	2026-09-08T15:11:20.7181210Z   workflows_app_private_key: ***
Python CI / lint-format	UNKNOWN STEP	2026-09-08T15:11:20.7181791Z   skip_deps: false
Python CI / lint-format	UNKNOWN STEP	2026-09-08T15:11:20.7182292Z   verbose: false
Python CI / lint-format	UNKNOWN STEP	2026-09-08T15:11:20.7182776Z env:
Python CI / lint-format	UNKNOWN STEP	2026-09-08T15:11:20.7183249Z   WORKDIR: .
Python CI / lint-format	UNKNOWN STEP	2026-09-08T15:11:20.7184015Z   WORKSPACE_ROOT: /home/runner/work/Ready/Ready
Python CI / lint-format	UNKNOWN STEP	2026-09-08T15:11:20.7184663Z   PROJECT_ROOT: /home/runner/work/Ready/Ready
Python CI / lint-format	UNKNOWN STEP	2026-09-08T15:11:20.7185265Z ##[endgroup]
Python CI / lint-format	UNKNOWN STEP	2026-09-08T15:11:20.7246730Z ##[start-action display=Install API client dependencies;id=__self.__run]
Python CI / lint-format	UNKNOWN STEP	2026-09-08T15:11:20.7314496Z ##[group]Run set -euo pipefail
Python CI / lint-format	UNKNOWN STEP	2026-09-08T15:11:20.7315939Z ^[[36;1mset -euo pipefail^[[0m
Python CI / lint-format	UNKNOWN STEP	2026-09-08T15:11:20.7316489Z ^[[36;1m^[[0m
Python CI / lint-format	UNKNOWN STEP	2026-09-08T15:11:20.7317124Z ^[[36;1m# Use dedicated scripts dir, create if needed^[[0m
Python CI / lint-format	UNKNOWN STEP	2026-09-08T15:11:20.7317777Z ^[[36;1mINSTALL_DIR=""^[[0m
Python CI / lint-format	UNKNOWN STEP	2026-09-08T15:11:20.7318319Z ^[[36;1mif [ -z "$INSTALL_DIR" ]; then^[[0m
Python CI / lint-format	UNKNOWN STEP	2026-09-08T15:11:20.7318970Z ^[[36;1m  INSTALL_DIR="${GITHUB_WORKSPACE}/.github/scripts"^[[0m
Python CI / lint-format	UNKNOWN STEP	2026-09-08T15:11:20.7319609Z ^[[36;1mfi^[[0m
Python CI / lint-format	UNKNOWN STEP	2026-09-08T15:11:20.7320109Z ^[[36;1mmkdir -p "$INSTALL_DIR"^[[0m
Python CI / lint-format	UNKNOWN STEP	2026-09-08T15:11:20.7320882Z ^[[36;1m^[[0m
Python CI / lint-format	UNKNOWN STEP	2026-09-08T15:11:20.7321507Z ^[[36;1mecho "📦 Installing @octokit dependencies in $INSTALL_DIR..."^[[0m
Python CI / lint-format	UNKNOWN STEP	2026-09-08T15:11:20.7322229Z ^[[36;1mcd "$INSTALL_DIR"^[[0m
Python CI / lint-format	UNKNOWN STEP	2026-09-08T15:11:20.7322743Z ^[[36;1m^[[0m
Python CI / lint-format	UNKNOWN STEP	2026-09-08T15:11:20.7323253Z ^[[36;1mdeclare -a VENDORED_ALIAS_DIRS=()^[[0m
Python CI / lint-format	UNKNOWN STEP	2026-09-08T15:11:20.7323833Z ^[[36;1m^[[0m
Python CI / lint-format	UNKNOWN STEP	2026-09-08T15:11:20.7324326Z ^[[36;1mcleanup_vendor_aliases() {^[[0m
Python CI / lint-format	UNKNOWN STEP	2026-09-08T15:11:20.7324947Z ^[[36;1m  if [ "${#VENDORED_ALIAS_DIRS[@]}" -eq 0 ]; then^[[0m
Python CI / lint-format	UNKNOWN STEP	2026-09-08T15:11:20.7325559Z ^[[36;1m    return 0^[[0m
Python CI / lint-format	UNKNOWN STEP	2026-09-08T15:11:20.7326057Z ^[[36;1m  fi^[[0m
Python CI / lint-format	UNKNOWN STEP	2026-09-08T15:11:20.7326528Z ^[[36;1m^[[0m
Python CI / lint-format	UNKNOWN STEP	2026-09-08T15:11:20.7327041Z ^[[36;1m  local cleanup_dir="$INSTALL_DIR"^[[0m
Python CI / lint-format	UNKNOWN STEP	2026-09-08T15:11:20.7327656Z ^[[36;1m  if [ -z "$cleanup_dir" ]; then^[[0m
Python CI / lint-format	UNKNOWN STEP	2026-09-08T15:11:20.7328402Z ^[[36;1m    echo "::warning::Install dir is empty, skipping vendored alias cleanup"^[[0m
Python CI / lint-format	UNKNOWN STEP	2026-09-08T15:11:20.7329107Z ^[[36;1m    return 0^[[0m
Python CI / lint-format	UNKNOWN STEP	2026-09-08T15:11:20.7329615Z ^[[36;1m  fi^[[0m
Python CI / lint-format	UNKNOWN STEP	2026-09-08T15:11:20.7330086Z ^[[36;1m^[[0m
Python CI / lint-format	UNKNOWN STEP	2026-09-08T15:11:20.7330760Z ^[[36;1m  if ! pushd "$cleanup_dir" >/dev/null 2>&1; then^[[0m
Python CI / lint-format	UNKNOWN STEP	2026-09-08T15:11:20.7331629Z ^[[36;1m    echo "::warning::Failed to enter install dir \"$cleanup_dir\"; skipping vendored alias cleanup"^[[0m
Python CI / lint-format	UNKNOWN STEP	2026-09-08T15:11:20.7332450Z ^[[36;1m    return 0^[[0m
Python CI / lint-format	UNKNOWN STEP	2026-09-08T15:11:20.7332942Z ^[[36;1m  fi^[[0m
Python CI / lint-format	UNKNOWN STEP	2026-09-08T15:11:20.7333409Z ^[[36;1m^[[0m
Python CI / lint-format	UNKNOWN STEP	2026-09-08T15:11:20.7333985Z ^[[36;1m  for vendored_alias in "${VENDORED_ALIAS_DIRS[@]}"; do^[[0m
Python CI / lint-format	UNKNOWN STEP	2026-09-08T15:11:20.7334659Z ^[[36;1m    if [ -z "$vendored_alias" ]; then^[[0m
Python CI / lint-format	UNKNOWN STEP	2026-09-08T15:11:20.7335237Z ^[[36;1m      continue^[[0m
Python CI / lint-format	UNKNOWN STEP	2026-09-08T15:11:20.7335752Z ^[[36;1m    fi^[[0m
Python CI / lint-format	UNKNOWN STEP	2026-09-08T15:11:20.7336267Z ^[[36;1m    rm -rf -- "$vendored_alias" || true^[[0m
Python CI / lint-format	UNKNOWN STEP	2026-09-08T15:11:20.7336862Z ^[[36;1m    local parent_dir^[[0m
Python CI / lint-format	UNKNOWN STEP	2026-09-08T15:11:20.7337441Z ^[[36;1m    parent_dir=$(dirname "$vendored_alias")^[[0m
Python CI / lint-format	UNKNOWN STEP	2026-09-08T15:11:20.7338257Z ^[[36;1m    # Remove empty parent directories that may have been created for scoped packages^[[0m
Python CI / lint-format	UNKNOWN STEP	2026-09-08T15:11:20.7339104Z ^[[36;1m    while [ "$parent_dir" != "." ] && [ "$parent_dir" != "/" ]; do^[[0m
Python CI / lint-format	UNKNOWN STEP	2026-09-08T15:11:20.7339812Z ^[[36;1m      rmdir -- "$parent_dir" 2>/dev/null || break^[[0m
Python CI / lint-format	UNKNOWN STEP	2026-09-08T15:11:20.7340655Z ^[[36;1m      parent_dir=$(dirname "$parent_dir")^[[0m
Python CI / lint-format	UNKNOWN STEP	2026-09-08T15:11:20.7341264Z ^[[36;1m    done^[[0m
Python CI / lint-format	UNKNOWN STEP	2026-09-08T15:11:20.7341750Z ^[[36;1m  done^[[0m
Python CI / lint-format	UNKNOWN STEP	2026-09-08T15:11:20.7342217Z ^[[36;1m^[[0m
Python CI / lint-format	UNKNOWN STEP	2026-09-08T15:11:20.7342705Z ^[[36;1m  popd >/dev/null 2>&1 || true^[[0m
Python CI / lint-format	UNKNOWN STEP	2026-09-08T15:11:20.7343263Z ^[[36;1m}^[[0m
Python CI / lint-format	UNKNOWN STEP	2026-09-08T15:11:20.7343724Z ^[[36;1m^[[0m
Python CI / lint-format	UNKNOWN STEP	2026-09-08T15:11:20.7344216Z ^[[36;1mtrap cleanup_vendor_aliases EXIT^[[0m
Python CI / lint-format	UNKNOWN STEP	2026-09-08T15:11:20.7345042Z ^[[36;1m^[[0m
Python CI / lint-format	UNKNOWN STEP	2026-09-08T15:11:20.7345548Z ^[[36;1mcreate_vendor_aliases() {^[[0m
Python CI / lint-format	UNKNOWN STEP	2026-09-08T15:11:20.7346218Z ^[[36;1m  if [ ! -f "package.json" ]; then^[[0m
Python CI / lint-format	UNKNOWN STEP	2026-09-08T15:11:20.7346803Z ^[[36;1m    return 0^[[0m
Python CI / lint-format	UNKNOWN STEP	2026-09-08T15:11:20.7347292Z ^[[36;1m  fi^[[0m
Python CI / lint-format	UNKNOWN STEP	2026-09-08T15:11:20.7347768Z ^[[36;1m^[[0m
Python CI / lint-format	UNKNOWN STEP	2026-09-08T15:11:20.7348240Z ^[[36;1m  local alias_tmp^[[0m
Python CI / lint-format	UNKNOWN STEP	2026-09-08T15:11:20.7348764Z ^[[36;1m  alias_tmp=$(mktemp)^[[0m
Python CI / lint-format	UNKNOWN STEP	2026-09-08T15:11:20.7349293Z ^[[36;1m^[[0m
Python CI / lint-format	UNKNOWN STEP	2026-09-08T15:11:20.7350007Z ^[[36;1m  local helper_root="${GITHUB_ACTION_PATH:-${GITHUB_WORKSPACE}/.github/actions/setup-api-client}"^[[0m
Python CI / lint-format	UNKNOWN STEP	2026-09-08T15:11:20.7351202Z ^[[36;1m  local alias_helper="${helper_root}/create_vendor_aliases.js"^[[0m
Python CI / lint-format	UNKNOWN STEP	2026-09-08T15:11:20.7351914Z ^[[36;1m  if [ ! -f "$alias_helper" ]; then^[[0m
Python CI / lint-format	UNKNOWN STEP	2026-09-08T15:11:20.7352595Z ^[[36;1m    echo "::error::Missing vendored alias helper: $alias_helper"^[[0m
Python CI / lint-format	UNKNOWN STEP	2026-09-08T15:11:20.7353252Z ^[[36;1m    rm -f "$alias_tmp"^[[0m
Python CI / lint-format	UNKNOWN STEP	2026-09-08T15:11:20.7353804Z ^[[36;1m    return 1^[[0m
Python CI / lint-format	UNKNOWN STEP	2026-09-08T15:11:20.7354301Z ^[[36;1m  fi^[[0m
Python CI / lint-format	UNKNOWN STEP	2026-09-08T15:11:20.7354764Z ^[[36;1m^[[0m
Python CI / lint-format	UNKNOWN STEP	2026-09-08T15:11:20.7355331Z ^[[36;1m  if node "$alias_helper" "$INSTALL_DIR" >"$alias_tmp"; then^[[0m
Python CI / lint-format	UNKNOWN STEP	2026-09-08T15:11:20.7355956Z ^[[36;1m    :^[[0m
Python CI / lint-format	UNKNOWN STEP	2026-09-08T15:11:20.7356421Z ^[[36;1m  else^[[0m
Python CI / lint-format	UNKNOWN STEP	2026-09-08T15:11:20.7357026Z ^[[36;1m    echo "::error::Failed to prepare vendored dependency aliases"^[[0m
Python CI / lint-format	UNKNOWN STEP	2026-09-08T15:11:20.7357700Z ^[[36;1m    rm -f "$alias_tmp"^[[0m
Python CI / lint-format	UNKNOWN STEP	2026-09-08T15:11:20.7358242Z ^[[36;1m    return 1^[[0m
Python CI / lint-format	UNKNOWN STEP	2026-09-08T15:11:20.7358743Z ^[[36;1m  fi^[[0m
Python CI / lint-format	UNKNOWN STEP	2026-09-08T15:11:20.7359218Z ^[[36;1m^[[0m
Python CI / lint-format	UNKNOWN STEP	2026-09-08T15:11:20.7359716Z ^[[36;1m  while IFS= read -r vendored_alias; do^[[0m
Python CI / lint-format	UNKNOWN STEP	2026-09-08T15:11:20.7360353Z ^[[36;1m    if [ -z "$vendored_alias" ]; then^[[0m
Python CI / lint-format	UNKNOWN STEP	2026-09-08T15:11:20.7361094Z ^[[36;1m      continue^[[0m
Python CI / lint-format	UNKNOWN STEP	2026-09-08T15:11:20.7361597Z ^[[36;1m    fi^[[0m
Python CI / lint-format	UNKNOWN STEP	2026-09-08T15:11:20.7362127Z ^[[36;1m    VENDORED_ALIAS_DIRS+=("$vendored_alias")^[[0m
Python CI / lint-format	UNKNOWN STEP	2026-09-08T15:11:20.7362742Z ^[[36;1m  done <"$alias_tmp"^[[0m
Python CI / lint-format	UNKNOWN STEP	2026-09-08T15:11:20.7363241Z ^[[36;1m^[[0m
Python CI / lint-format	UNKNOWN STEP	2026-09-08T15:11:20.7363737Z ^[[36;1m  rm -f "$alias_tmp"^[[0m
Python CI / lint-format	UNKNOWN STEP	2026-09-08T15:11:20.7364239Z ^[[36;1m}^[[0m
Python CI / lint-format	UNKNOWN STEP	2026-09-08T15:11:20.7364700Z ^[[36;1m^[[0m
Python CI / lint-format	UNKNOWN STEP	2026-09-08T15:11:20.7365189Z ^[[36;1mcreate_vendor_aliases^[[0m
Python CI / lint-format	UNKNOWN STEP	2026-09-08T15:11:20.7365717Z ^[[36;1m^[[0m
Python CI / lint-format	UNKNOWN STEP	2026-09-08T15:11:20.7366342Z ^[[36;1m# Strip unresolvable file: dependencies from package.json so npm install^[[0m
Python CI / lint-format	UNKNOWN STEP	2026-09-08T15:11:20.7367200Z ^[[36;1m# doesn't choke when vendored packages are missing (e.g. sparse checkout^[[0m
Python CI / lint-format	UNKNOWN STEP	2026-09-08T15:11:20.7368030Z ^[[36;1m# that doesn't include node_modules/).  Back up the original first so we^[[0m
Python CI / lint-format	UNKNOWN STEP	2026-09-08T15:11:20.7368873Z ^[[36;1m# can restore it after npm install — avoids leaking modified state into^[[0m
Python CI / lint-format	UNKNOWN STEP	2026-09-08T15:11:20.7369638Z ^[[36;1m# downstream steps that expect a clean workspace.^[[0m
Python CI / lint-format	UNKNOWN STEP	2026-09-08T15:11:20.7370290Z ^[[36;1mSTRIPPED_PKG_JSON=false^[[0m
Python CI / lint-format	UNKNOWN STEP	2026-09-08T15:11:20.7370991Z ^[[36;1mif [ -f "package.json" ]; then^[[0m
Python CI / lint-format	UNKNOWN STEP	2026-09-08T15:11:20.7371579Z ^[[36;1m  node -e '^[[0m
Python CI / lint-format	UNKNOWN STEP	2026-09-08T15:11:20.7372120Z ^[[36;1m    const fs = require("fs");^[[0m
Python CI / lint-format	UNKNOWN STEP	2026-09-08T15:11:20.7372726Z ^[[36;1m    const path = require("path");^[[0m
Python CI / lint-format	UNKNOWN STEP	2026-09-08T15:11:20.7373419Z ^[[36;1m    const raw = fs.readFileSync("package.json", "utf8");^[[0m
Python CI / lint-format	UNKNOWN STEP	2026-09-08T15:11:20.7374087Z ^[[36;1m    const pkg = JSON.parse(raw);^[[0m
Python CI / lint-format	UNKNOWN STEP	2026-09-08T15:11:20.7374684Z ^[[36;1m    let changed = false;^[[0m
Python CI / lint-format	UNKNOWN STEP	2026-09-08T15:11:20.7375355Z ^[[36;1m    for (const section of ["dependencies", "devDependencies"]) {^[[0m
Python CI / lint-format	UNKNOWN STEP	2026-09-08T15:11:20.7376041Z ^[[36;1m      if (!pkg[section]) continue;^[[0m
Python CI / lint-format	UNKNOWN STEP	2026-09-08T15:11:20.7376741Z ^[[36;1m      for (const [name, spec] of Object.entries(pkg[section])) {^[[0m
Python CI / lint-format	UNKNOWN STEP	2026-09-08T15:11:20.7377522Z ^[[36;1m        if (typeof spec === "string" && spec.startsWith("file:")) {^[[0m
Python CI / lint-format	UNKNOWN STEP	2026-09-08T15:11:20.7378252Z ^[[36;1m          const target = path.resolve(spec.slice(5));^[[0m
Python CI / lint-format	UNKNOWN STEP	2026-09-08T15:11:20.7378902Z ^[[36;1m          if (!fs.existsSync(target)) {^[[0m
Python CI / lint-format	UNKNOWN STEP	2026-09-08T15:11:20.7379513Z ^[[36;1m            delete pkg[section][name];^[[0m
Python CI / lint-format	UNKNOWN STEP	2026-09-08T15:11:20.7380261Z ^[[36;1m            changed = true;^[[0m
Python CI / lint-format	UNKNOWN STEP	2026-09-08T15:11:20.7381267Z ^[[36;1m            console.log("::notice::Stripped unresolvable vendored dep: " + name + " (" + spec + ")");^[[0m
Python CI / lint-format	UNKNOWN STEP	2026-09-08T15:11:20.7382027Z ^[[36;1m          }^[[0m
Python CI / lint-format	UNKNOWN STEP	2026-09-08T15:11:20.7382512Z ^[[36;1m        }^[[0m
Python CI / lint-format	UNKNOWN STEP	2026-09-08T15:11:20.7382998Z ^[[36;1m      }^[[0m
Python CI / lint-format	UNKNOWN STEP	2026-09-08T15:11:20.7383606Z ^[[36;1m      if (pkg[section] && Object.keys(pkg[section]).length === 0) {^[[0m
Python CI / lint-format	UNKNOWN STEP	2026-09-08T15:11:20.7384286Z ^[[36;1m        delete pkg[section];^[[0m
Python CI / lint-format	UNKNOWN STEP	2026-09-08T15:11:20.7384849Z ^[[36;1m      }^[[0m
Python CI / lint-format	UNKNOWN STEP	2026-09-08T15:11:20.7385461Z ^[[36;1m    }^[[0m
Python CI / lint-format	UNKNOWN STEP	2026-09-08T15:11:20.7385949Z ^[[36;1m    if (changed) {^[[0m
Python CI / lint-format	UNKNOWN STEP	2026-09-08T15:11:20.7386599Z ^[[36;1m      fs.copyFileSync("package.json", "package.json.bak");^[[0m
Python CI / lint-format	UNKNOWN STEP	2026-09-08T15:11:20.7387423Z ^[[36;1m      fs.writeFileSync("package.json", JSON.stringify(pkg, null, 2) + "\n");^[[0m
Python CI / lint-format	UNKNOWN STEP	2026-09-08T15:11:20.7388173Z ^[[36;1m      process.stdout.write("STRIPPED");^[[0m
Python CI / lint-format	UNKNOWN STEP	2026-09-08T15:11:20.7388765Z ^[[36;1m    }^[[0m
Python CI / lint-format	UNKNOWN STEP	2026-09-08T15:11:20.7405759Z ^[[36;1m  '^[[0m
Python CI / lint-format	UNKNOWN STEP	2026-09-08T15:11:20.7406376Z ^[[36;1m  if [ -f "package.json.bak" ]; then^[[0m
Python CI / lint-format	UNKNOWN STEP	2026-09-08T15:11:20.7407026Z ^[[36;1m    STRIPPED_PKG_JSON=true^[[0m
Python CI / lint-format	UNKNOWN STEP	2026-09-08T15:11:20.7407624Z ^[[36;1m  fi^[[0m
Python CI / lint-format	UNKNOWN STEP	2026-09-08T15:11:20.7408101Z ^[[36;1mfi^[[0m
Python CI / lint-format	UNKNOWN STEP	2026-09-08T15:11:20.7408569Z ^[[36;1m^[[0m
Python CI / lint-format	UNKNOWN STEP	2026-09-08T15:11:20.7409265Z ^[[36;1m# Vendored packages often ship lifecycle scripts (tshy builds, custom bundlers, etc.)^[[0m
Python CI / lint-format	UNKNOWN STEP	2026-09-08T15:11:20.7410237Z ^[[36;1m# that expect repo-specific tooling. Disable lifecycle scripts globally so npm install^[[0m
Python CI / lint-format	UNKNOWN STEP	2026-09-08T15:11:20.7411529Z ^[[36;1m# never invokes those hooks inside CI.^[[0m
Python CI / lint-format	UNKNOWN STEP	2026-09-08T15:11:20.7412185Z ^[[36;1mexport npm_config_ignore_scripts=true^[[0m
Python CI / lint-format	UNKNOWN STEP	2026-09-08T15:11:20.7412788Z ^[[36;1m^[[0m
Python CI / lint-format	UNKNOWN STEP	2026-09-08T15:11:20.7413378Z ^[[36;1m# Track if we create package.json so we can clean it up^[[0m
Python CI / lint-format	UNKNOWN STEP	2026-09-08T15:11:20.7414064Z ^[[36;1mCREATED_PACKAGE_JSON=false^[[0m
Python CI / lint-format	UNKNOWN STEP	2026-09-08T15:11:20.7414671Z ^[[36;1mif [ ! -f "package.json" ]; then^[[0m
Python CI / lint-format	UNKNOWN STEP	2026-09-08T15:11:20.7415305Z ^[[36;1m  echo '{"private":true}' > package.json^[[0m
Python CI / lint-format	UNKNOWN STEP	2026-09-08T15:11:20.7415982Z ^[[36;1m  CREATED_PACKAGE_JSON=true^[[0m
Python CI / lint-format	UNKNOWN STEP	2026-09-08T15:11:20.7416616Z ^[[36;1mfi^[[0m
Python CI / lint-format	UNKNOWN STEP	2026-09-08T15:11:20.7417087Z ^[[36;1m^[[0m
Python CI / lint-format	UNKNOWN STEP	2026-09-08T15:11:20.7417733Z ^[[36;1m# Check if already installed (including lru-cache@10.4.3, a required^[[0m
Python CI / lint-format	UNKNOWN STEP	2026-09-08T15:11:20.7418586Z ^[[36;1m# transitive dep of @octokit/auth-app used for GitHub App token minting).^[[0m
Python CI / lint-format	UNKNOWN STEP	2026-09-08T15:11:20.7419489Z ^[[36;1mif [ -d "node_modules/@octokit/rest" ] && [ -d "node_modules/lru-cache" ]; then^[[0m
Python CI / lint-format	UNKNOWN STEP	2026-09-08T15:11:20.7420272Z ^[[36;1m  echo "✅ @octokit/rest already installed"^[[0m
Python CI / lint-format	UNKNOWN STEP	2026-09-08T15:11:20.7421097Z ^[[36;1melse^[[0m
Python CI / lint-format	UNKNOWN STEP	2026-09-08T15:11:20.7421709Z ^[[36;1m  # Snapshot vendored package metadata before npm install.^[[0m
Python CI / lint-format	UNKNOWN STEP	2026-09-08T15:11:20.7422485Z ^[[36;1m  # npm may overwrite transitive deps (e.g. minimatch) that are^[[0m
Python CI / lint-format	UNKNOWN STEP	2026-09-08T15:11:20.7423280Z ^[[36;1m  # committed as vendored packages with intentional version pins.^[[0m
Python CI / lint-format	UNKNOWN STEP	2026-09-08T15:11:20.7423967Z ^[[36;1m  VENDORED_SNAPSHOT=""^[[0m
Python CI / lint-format	UNKNOWN STEP	2026-09-08T15:11:20.7424639Z ^[[36;1m  if [ -f "node_modules/minimatch/package.json" ]; then^[[0m
Python CI / lint-format	UNKNOWN STEP	2026-09-08T15:11:20.7425303Z ^[[36;1m    VENDORED_SNAPSHOT=$(mktemp -d)^[[0m
Python CI / lint-format	UNKNOWN STEP	2026-09-08T15:11:20.7425918Z ^[[36;1m    for pkg_dir in node_modules/*/; do^[[0m
Python CI / lint-format	UNKNOWN STEP	2026-09-08T15:11:20.7426554Z ^[[36;1m      if [ -f "${pkg_dir}package.json" ]; then^[[0m
Python CI / lint-format	UNKNOWN STEP	2026-09-08T15:11:20.7427218Z ^[[36;1m        pkg_name=$(basename "$pkg_dir")^[[0m
Python CI / lint-format	UNKNOWN STEP	2026-09-08T15:11:20.7427866Z ^[[36;1m        mkdir -p "${VENDORED_SNAPSHOT}/${pkg_name}"^[[0m
Python CI / lint-format	UNKNOWN STEP	2026-09-08T15:11:20.7428660Z ^[[36;1m        cp "${pkg_dir}package.json" "${VENDORED_SNAPSHOT}/${pkg_name}/package.json"^[[0m
Python CI / lint-format	UNKNOWN STEP	2026-09-08T15:11:20.7429380Z ^[[36;1m      fi^[[0m
Python CI / lint-format	UNKNOWN STEP	2026-09-08T15:11:20.7429862Z ^[[36;1m    done^[[0m
Python CI / lint-format	UNKNOWN STEP	2026-09-08T15:11:20.7430554Z ^[[36;1m    echo "📸 Snapshotted vendored package metadata"^[[0m
Python CI / lint-format	UNKNOWN STEP	2026-09-08T15:11:20.7431194Z ^[[36;1m  fi^[[0m
Python CI / lint-format	UNKNOWN STEP	2026-09-08T15:11:20.7431667Z ^[[36;1m^[[0m
Python CI / lint-format	UNKNOWN STEP	2026-09-08T15:11:20.7432205Z ^[[36;1m  # Install with pinned versions for consistency.^[[0m
Python CI / lint-format	UNKNOWN STEP	2026-09-08T15:11:20.7433199Z ^[[36;1m  # lru-cache is an explicit transitive dep of @octokit/auth-app required for^[[0m
Python CI / lint-format	UNKNOWN STEP	2026-09-08T15:11:20.7434093Z ^[[36;1m  # GitHub App token minting; pin it here so npm always hoists a specific version^[[0m
Python CI / lint-format	UNKNOWN STEP	2026-09-08T15:11:20.7434919Z ^[[36;1m  # even if a prior cached node_modules state is missing it.^[[0m
Python CI / lint-format	UNKNOWN STEP	2026-09-08T15:11:20.7435553Z ^[[36;1m  #^[[0m
Python CI / lint-format	UNKNOWN STEP	2026-09-08T15:11:20.7436221Z ^[[36;1m  # Retry with exponential backoff to survive transient npm registry errors^[[0m
Python CI / lint-format	UNKNOWN STEP	2026-09-08T15:11:20.7437069Z ^[[36;1m  # (e.g. 403 Forbidden from CDN/rate-limit on safe-buffer, undici, etc.).^[[0m
Python CI / lint-format	UNKNOWN STEP	2026-09-08T15:11:20.7437914Z ^[[36;1m  NPM_PACKAGES=(^[[0m
Python CI / lint-format	UNKNOWN STEP	2026-09-08T15:11:20.7438440Z ^[[36;1m    @octokit/rest@20.0.2^[[0m
Python CI / lint-format	UNKNOWN STEP	2026-09-08T15:11:20.7439018Z ^[[36;1m    @octokit/plugin-retry@6.0.1^[[0m
Python CI / lint-format	UNKNOWN STEP	2026-09-08T15:11:20.7439627Z ^[[36;1m    @octokit/plugin-paginate-rest@9.1.5^[[0m
Python CI / lint-format	UNKNOWN STEP	2026-09-08T15:11:20.7440227Z ^[[36;1m    @octokit/auth-app@6.0.3^[[0m
Python CI / lint-format	UNKNOWN STEP	2026-09-08T15:11:20.7440934Z ^[[36;1m    lru-cache@10.4.3^[[0m
Python CI / lint-format	UNKNOWN STEP	2026-09-08T15:11:20.7441448Z ^[[36;1m  )^[[0m
Python CI / lint-format	UNKNOWN STEP	2026-09-08T15:11:20.7441950Z ^[[36;1m  NPM_MAX_RETRIES=3^[[0m
Python CI / lint-format	UNKNOWN STEP	2026-09-08T15:11:20.7442558Z ^[[36;1m  NPM_BACKOFF=5  # seconds; doubles each retry (5, 10)^[[0m
Python CI / lint-format	UNKNOWN STEP	2026-09-08T15:11:20.7443199Z ^[[36;1m  npm_installed=false^[[0m
Python CI / lint-format	UNKNOWN STEP	2026-09-08T15:11:20.7443718Z ^[[36;1m^[[0m
Python CI / lint-format	UNKNOWN STEP	2026-09-08T15:11:20.7444296Z ^[[36;1m  for (( attempt=1; attempt<=NPM_MAX_RETRIES; attempt++ )); do^[[0m
Python CI / lint-format	UNKNOWN STEP	2026-09-08T15:11:20.7444956Z ^[[36;1m    npm_output=$(mktemp)^[[0m
Python CI / lint-format	UNKNOWN STEP	2026-09-08T15:11:20.7445513Z ^[[36;1m^[[0m
Python CI / lint-format	UNKNOWN STEP	2026-09-08T15:11:20.7446183Z ^[[36;1m    if npm install --no-save --location=project "${NPM_PACKAGES[@]}" 2>"$npm_output"; then^[[0m
Python CI / lint-format	UNKNOWN STEP	2026-09-08T15:11:20.7446944Z ^[[36;1m      rm -f "$npm_output"^[[0m
Python CI / lint-format	UNKNOWN STEP	2026-09-08T15:11:20.7447514Z ^[[36;1m      npm_installed=true^[[0m
Python CI / lint-format	UNKNOWN STEP	2026-09-08T15:11:20.7448046Z ^[[36;1m      break^[[0m
Python CI / lint-format	UNKNOWN STEP	2026-09-08T15:11:20.7448517Z ^[[36;1m    fi^[[0m
Python CI / lint-format	UNKNOWN STEP	2026-09-08T15:11:20.7448987Z ^[[36;1m^[[0m
Python CI / lint-format	UNKNOWN STEP	2026-09-08T15:11:20.7449481Z ^[[36;1m    npm_err=$(cat "$npm_output")^[[0m
Python CI / lint-format	UNKNOWN STEP	2026-09-08T15:11:20.7450058Z ^[[36;1m    rm -f "$npm_output"^[[0m
Python CI / lint-format	UNKNOWN STEP	2026-09-08T15:11:20.7451085Z ^[[36;1m    echo "::warning::npm install attempt $attempt/$NPM_MAX_RETRIES failed (see logs)"^[[0m
Python CI / lint-format	UNKNOWN STEP	2026-09-08T15:11:20.7451907Z ^[[36;1m    echo "::group::npm stderr (attempt $attempt)"^[[0m
Python CI / lint-format	UNKNOWN STEP	2026-09-08T15:11:20.7452545Z ^[[36;1m    echo "$npm_err"^[[0m
Python CI / lint-format	UNKNOWN STEP	2026-09-08T15:11:20.7453098Z ^[[36;1m    echo "::endgroup::"^[[0m
Python CI / lint-format	UNKNOWN STEP	2026-09-08T15:11:20.7453637Z ^[[36;1m^[[0m
Python CI / lint-format	UNKNOWN STEP	2026-09-08T15:11:20.7454246Z ^[[36;1m    # On peer-dep / ERESOLVE failures, also try --legacy-peer-deps^[[0m
Python CI / lint-format	UNKNOWN STEP	2026-09-08T15:11:20.7455116Z ^[[36;1m    if echo "$npm_err" | grep -qiE 'ERESOLVE|peer dep|Could not resolve dependency'; then^[[0m
Python CI / lint-format	UNKNOWN STEP	2026-09-08T15:11:20.7456088Z ^[[36;1m      echo "::warning::Detected peer dependency conflict, retrying with --legacy-peer-deps"^[[0m
Python CI / lint-format	UNKNOWN STEP	2026-09-08T15:11:20.7456866Z ^[[36;1m      npm_output=$(mktemp)^[[0m
Python CI / lint-format	UNKNOWN STEP	2026-09-08T15:11:20.7457710Z ^[[36;1m      if npm install --no-save --legacy-peer-deps --location=project "${NPM_PACKAGES[@]}" 2>"$npm_output"; then^[[0m
Python CI / lint-format	UNKNOWN STEP	2026-09-08T15:11:20.7458540Z ^[[36;1m        rm -f "$npm_output"^[[0m
Python CI / lint-format	UNKNOWN STEP	2026-09-08T15:11:20.7459145Z ^[[36;1m        npm_installed=true^[[0m
Python CI / lint-format	UNKNOWN STEP	2026-09-08T15:11:20.7459700Z ^[[36;1m        break^[[0m
Python CI / lint-format	UNKNOWN STEP	2026-09-08T15:11:20.7460190Z ^[[36;1m      fi^[[0m
Python CI / lint-format	UNKNOWN STEP	2026-09-08T15:11:20.7461178Z ^[[36;1m      npm_err_legacy=$(cat "$npm_output")^[[0m
Python CI / lint-format	UNKNOWN STEP	2026-09-08T15:11:20.7461836Z ^[[36;1m      rm -f "$npm_output"^[[0m
Python CI / lint-format	UNKNOWN STEP	2026-09-08T15:11:20.7462580Z ^[[36;1m      echo "::warning::npm install with --legacy-peer-deps failed (see logs)"^[[0m
Python CI / lint-format	UNKNOWN STEP	2026-09-08T15:11:20.7463373Z ^[[36;1m      echo "::group::npm stderr (--legacy-peer-deps)"^[[0m
Python CI / lint-format	UNKNOWN STEP	2026-09-08T15:11:20.7464018Z ^[[36;1m      echo "$npm_err_legacy"^[[0m
Python CI / lint-format	UNKNOWN STEP	2026-09-08T15:11:20.7464593Z ^[[36;1m      echo "::endgroup::"^[[0m
Python CI / lint-format	UNKNOWN STEP	2026-09-08T15:11:20.7465140Z ^[[36;1m    fi^[[0m
Python CI / lint-format	UNKNOWN STEP	2026-09-08T15:11:20.7465601Z ^[[36;1m^[[0m
Python CI / lint-format	UNKNOWN STEP	2026-09-08T15:11:20.7466134Z ^[[36;1m    if [ "$attempt" -lt "$NPM_MAX_RETRIES" ]; then^[[0m
Python CI / lint-format	UNKNOWN STEP	2026-09-08T15:11:20.7466855Z ^[[36;1m      echo "::notice::Waiting ${NPM_BACKOFF}s before retry..."^[[0m
Python CI / lint-format	UNKNOWN STEP	2026-09-08T15:11:20.7467521Z ^[[36;1m      sleep "$NPM_BACKOFF"^[[0m
Python CI / lint-format	UNKNOWN STEP	2026-09-08T15:11:20.7468263Z ^[[36;1m      NPM_BACKOFF=$((NPM_BACKOFF * 2))^[[0m
Python CI / lint-format	UNKNOWN STEP	2026-09-08T15:11:20.7468854Z ^[[36;1m    fi^[[0m
Python CI / lint-format	UNKNOWN STEP	2026-09-08T15:11:20.7469321Z ^[[36;1m  done^[[0m
Python CI / lint-format	UNKNOWN STEP	2026-09-08T15:11:20.7469787Z ^[[36;1m^[[0m
Python CI / lint-format	UNKNOWN STEP	2026-09-08T15:11:20.7470296Z ^[[36;1m  if [ "$npm_installed" != "true" ]; then^[[0m
Python CI / lint-format	UNKNOWN STEP	2026-09-08T15:11:20.7471212Z ^[[36;1m    echo "::error::npm install failed after $NPM_MAX_RETRIES attempts"^[[0m
Python CI / lint-format	UNKNOWN STEP	2026-09-08T15:11:20.7471868Z ^[[36;1m    exit 1^[[0m
Python CI / lint-format	UNKNOWN STEP	2026-09-08T15:11:20.7472355Z ^[[36;1m  fi^[[0m
Python CI / lint-format	UNKNOWN STEP	2026-09-08T15:11:20.7472813Z ^[[36;1m^[[0m
Python CI / lint-format	UNKNOWN STEP	2026-09-08T15:11:20.7473549Z ^[[36;1m  # Restore vendored package metadata that npm may have overwritten^[[0m
Python CI / lint-format	UNKNOWN STEP	2026-09-08T15:11:20.7474381Z ^[[36;1m  if [ -n "${VENDORED_SNAPSHOT:-}" ] && [ -d "${VENDORED_SNAPSHOT}" ]; then^[[0m
Python CI / lint-format	UNKNOWN STEP	2026-09-08T15:11:20.7475130Z ^[[36;1m    for pkg_backup in "${VENDORED_SNAPSHOT}"/*/; do^[[0m
Python CI / lint-format	UNKNOWN STEP	2026-09-08T15:11:20.7475791Z ^[[36;1m      pkg_name=$(basename "$pkg_backup")^[[0m
Python CI / lint-format	UNKNOWN STEP	2026-09-08T15:11:20.7476477Z ^[[36;1m      if [ -f "node_modules/${pkg_name}/package.json" ] && \^[[0m
Python CI / lint-format	UNKNOWN STEP	2026-09-08T15:11:20.7477174Z ^[[36;1m         [ -f "${pkg_backup}package.json" ]; then^[[0m
Python CI / lint-format	UNKNOWN STEP	2026-09-08T15:11:20.7477967Z ^[[36;1m        cp "${pkg_backup}package.json" "node_modules/${pkg_name}/package.json"^[[0m
Python CI / lint-format	UNKNOWN STEP	2026-09-08T15:11:20.7478649Z ^[[36;1m      fi^[[0m
Python CI / lint-format	UNKNOWN STEP	2026-09-08T15:11:20.7479119Z ^[[36;1m    done^[[0m
Python CI / lint-format	UNKNOWN STEP	2026-09-08T15:11:20.7479642Z ^[[36;1m    rm -rf "${VENDORED_SNAPSHOT}"^[[0m
Python CI / lint-format	UNKNOWN STEP	2026-09-08T15:11:20.7480282Z ^[[36;1m    echo "📸 Restored vendored package metadata"^[[0m
Python CI / lint-format	UNKNOWN STEP	2026-09-08T15:11:20.7481032Z ^[[36;1m  fi^[[0m
Python CI / lint-format	UNKNOWN STEP	2026-09-08T15:11:20.7481518Z ^[[36;1m^[[0m
Python CI / lint-format	UNKNOWN STEP	2026-09-08T15:11:20.7482029Z ^[[36;1m  echo "✅ @octokit dependencies installed"^[[0m
Python CI / lint-format	UNKNOWN STEP	2026-09-08T15:11:20.7482628Z ^[[36;1mfi^[[0m
Python CI / lint-format	UNKNOWN STEP	2026-09-08T15:11:20.7483085Z ^[[36;1m^[[0m
Python CI / lint-format	UNKNOWN STEP	2026-09-08T15:11:20.7483687Z ^[[36;1m# Restore original package.json if we stripped file: deps earlier,^[[0m
Python CI / lint-format	UNKNOWN STEP	2026-09-08T15:11:20.7484434Z ^[[36;1m# so downstream steps see an unmodified workspace.^[[0m
Python CI / lint-format	UNKNOWN STEP	2026-09-08T15:11:20.7485262Z ^[[36;1mif [ "$STRIPPED_PKG_JSON" = "true" ] && [ -f "package.json.bak" ]; then^[[0m
Python CI / lint-format	UNKNOWN STEP	2026-09-08T15:11:20.7485968Z ^[[36;1m  mv "package.json.bak" "package.json"^[[0m
Python CI / lint-format	UNKNOWN STEP	2026-09-08T15:11:20.7486544Z ^[[36;1mfi^[[0m
Python CI / lint-format	UNKNOWN STEP	2026-09-08T15:11:20.7487004Z ^[[36;1m^[[0m
Python CI / lint-format	UNKNOWN STEP	2026-09-08T15:11:20.7487489Z ^[[36;1mcleanup_vendor_aliases^[[0m
Python CI / lint-format	UNKNOWN STEP	2026-09-08T15:11:20.7488033Z ^[[36;1mtrap - EXIT^[[0m
Python CI / lint-format	UNKNOWN STEP	2026-09-08T15:11:20.7532189Z shell: /usr/bin/bash --noprofile --norc -e -o pipefail {0}
Python CI / lint-format	UNKNOWN STEP	2026-09-08T15:11:20.7532916Z env:
Python CI / lint-format	UNKNOWN STEP	2026-09-08T15:11:20.7533397Z   WORKDIR: .
Python CI / lint-format	UNKNOWN STEP	2026-09-08T15:11:20.7533928Z   WORKSPACE_ROOT: /home/runner/work/Ready/Ready
Python CI / lint-format	UNKNOWN STEP	2026-09-08T15:11:20.7534594Z   PROJECT_ROOT: /home/runner/work/Ready/Ready
Python CI / lint-format	UNKNOWN STEP	2026-09-08T15:11:20.7535185Z ##[endgroup]
Python CI / lint-format	UNKNOWN STEP	2026-09-08T15:11:20.7638402Z 📦 Installing @octokit dependencies in /home/runner/work/Ready/Ready/.github/scripts...
Python CI / lint-format	UNKNOWN STEP	2026-09-08T15:11:24.0178167Z 
Python CI / lint-format	UNKNOWN STEP	2026-09-08T15:11:24.0179094Z added 66 packages, and audited 67 packages in 3s
Python CI / lint-format	UNKNOWN STEP	2026-09-08T15:11:24.0179783Z 
Python CI / lint-format	UNKNOWN STEP	2026-09-08T15:11:24.0180066Z 1 package is looking for funding
Python CI / lint-format	UNKNOWN STEP	2026-09-08T15:11:24.0181000Z   run `npm fund` for details
Python CI / lint-format	UNKNOWN STEP	2026-09-08T15:11:24.0198096Z 
Python CI / lint-format	UNKNOWN STEP	2026-09-08T15:11:24.0198390Z 1 moderate severity vulnerability
Python CI / lint-format	UNKNOWN STEP	2026-09-08T15:11:24.0198969Z 
Python CI / lint-format	UNKNOWN STEP	2026-09-08T15:11:24.0199208Z To address all issues, run:
Python CI / lint-format	UNKNOWN STEP	2026-09-08T15:11:24.0199762Z   npm audit fix --force
Python CI / lint-format	UNKNOWN STEP	2026-09-08T15:11:24.0200252Z 
Python CI / lint-format	UNKNOWN STEP	2026-09-08T15:11:24.0200744Z Run `npm audit` for details.
Python CI / lint-format	UNKNOWN STEP	2026-09-08T15:11:24.0693491Z ✅ @octokit dependencies installed
Python CI / lint-format	UNKNOWN STEP	2026-09-08T15:11:24.0716481Z ##[end-action id=__self.__run;outcome=success;conclusion=success;duration_ms=3346]
Python CI / lint-format	UNKNOWN STEP	2026-09-08T15:11:24.0720760Z ##[start-action display=Export NODE_PATH for shared deps;id=__self.__run_2]
Python CI / lint-format	UNKNOWN STEP	2026-09-08T15:11:24.0744113Z ##[group]Run set -euo pipefail
Python CI / lint-format	UNKNOWN STEP	2026-09-08T15:11:24.0744585Z ^[[36;1mset -euo pipefail^[[0m
Python CI / lint-format	UNKNOWN STEP	2026-09-08T15:11:24.0744971Z ^[[36;1mINSTALL_DIR=""^[[0m
Python CI / lint-format	UNKNOWN STEP	2026-09-08T15:11:24.0745353Z ^[[36;1mif [ -z "$INSTALL_DIR" ]; then^[[0m
Python CI / lint-format	UNKNOWN STEP	2026-09-08T15:11:24.0745838Z ^[[36;1m  INSTALL_DIR="${GITHUB_WORKSPACE}/.github/scripts"^[[0m
Python CI / lint-format	UNKNOWN STEP	2026-09-08T15:11:24.0746315Z ^[[36;1mfi^[[0m
Python CI / lint-format	UNKNOWN STEP	2026-09-08T15:11:24.0746884Z ^[[36;1mif [ -d "${INSTALL_DIR}/node_modules" ]; then^[[0m
Python CI / lint-format	UNKNOWN STEP	2026-09-08T15:11:24.0747383Z ^[[36;1m  if [ -n "${NODE_PATH:-}" ]; then^[[0m
Python CI / lint-format	UNKNOWN STEP	2026-09-08T15:11:24.0747980Z ^[[36;1m    echo "NODE_PATH=${INSTALL_DIR}/node_modules:${NODE_PATH}" >> "$GITHUB_ENV"^[[0m
Python CI / lint-format	UNKNOWN STEP	2026-09-08T15:11:24.0748547Z ^[[36;1m  else^[[0m
Python CI / lint-format	UNKNOWN STEP	2026-09-08T15:11:24.0748982Z ^[[36;1m    echo "NODE_PATH=${INSTALL_DIR}/node_modules" >> "$GITHUB_ENV"^[[0m
Python CI / lint-format	UNKNOWN STEP	2026-09-08T15:11:24.0749498Z ^[[36;1m  fi^[[0m
Python CI / lint-format	UNKNOWN STEP	2026-09-08T15:11:24.0749816Z ^[[36;1melse^[[0m
Python CI / lint-format	UNKNOWN STEP	2026-09-08T15:11:24.0750399Z ^[[36;1m  echo "::notice::setup-api-client: ${INSTALL_DIR}/node_modules not found; skipping NODE_PATH export."^[[0m
Python CI / lint-format	UNKNOWN STEP	2026-09-08T15:11:24.0751512Z ^[[36;1mfi^[[0m
Python CI / lint-format	UNKNOWN STEP	2026-09-08T15:11:24.0787262Z shell: /usr/bin/bash --noprofile --norc -e -o pipefail {0}
Python CI / lint-format	UNKNOWN STEP	2026-09-08T15:11:24.0787775Z env:
Python CI / lint-format	UNKNOWN STEP	2026-09-08T15:11:24.0788101Z   WORKDIR: .
Python CI / lint-format	UNKNOWN STEP	2026-09-08T15:11:24.0788580Z   WORKSPACE_ROOT: /home/runner/work/Ready/Ready
Python CI / lint-format	UNKNOWN STEP	2026-09-08T15:11:24.0789066Z   PROJECT_ROOT: /home/runner/work/Ready/Ready
Python CI / lint-format	UNKNOWN STEP	2026-09-08T15:11:24.0789549Z ##[endgroup]
Python CI / lint-format	UNKNOWN STEP	2026-09-08T15:11:24.0856121Z ##[end-action id=__self.__run_2;outcome=success;conclusion=success;duration_ms=13]
Python CI / lint-format	UNKNOWN STEP	2026-09-08T15:11:24.0863768Z ##[start-action display=Export load balancer tokens;id=__self.export-tokens]
Python CI / lint-format	UNKNOWN STEP	2026-09-08T15:11:24.0880969Z ##[group]Run set -euo pipefail
Python CI / lint-format	UNKNOWN STEP	2026-09-08T15:11:24.0881646Z ^[[36;1mset -euo pipefail^[[0m
Python CI / lint-format	UNKNOWN STEP	2026-09-08T15:11:24.0881979Z ^[[36;1m^[[0m
Python CI / lint-format	UNKNOWN STEP	2026-09-08T15:11:24.0882269Z ^[[36;1mtoken_count=0^[[0m
Python CI / lint-format	UNKNOWN STEP	2026-09-08T15:11:24.0882691Z ^[[36;1mavailable_tokens=""^[[0m
Python CI / lint-format	UNKNOWN STEP	2026-09-08T15:11:24.0883219Z ^[[36;1m^[[0m
Python CI / lint-format	UNKNOWN STEP	2026-09-08T15:11:24.0883715Z ^[[36;1m# Export a variable to GITHUB_ENV^[[0m
Python CI / lint-format	UNKNOWN STEP	2026-09-08T15:11:24.0884242Z ^[[36;1m# Note: Empty values are intentionally not counted as available tokens^[[0m
Python CI / lint-format	UNKNOWN STEP	2026-09-08T15:11:24.0884734Z ^[[36;1mexport_var() {^[[0m
Python CI / lint-format	UNKNOWN STEP	2026-09-08T15:11:24.0885058Z ^[[36;1m  local name="$1"^[[0m
Python CI / lint-format	UNKNOWN STEP	2026-09-08T15:11:24.0885392Z ^[[36;1m  local value="${2-}"^[[0m
Python CI / lint-format	UNKNOWN STEP	2026-09-08T15:11:24.0885746Z ^[[36;1m  if [ -z "${value}" ]; then^[[0m
Python CI / lint-format	UNKNOWN STEP	2026-09-08T15:11:24.0886111Z ^[[36;1m    return 0^[[0m
Python CI / lint-format	UNKNOWN STEP	2026-09-08T15:11:24.0886430Z ^[[36;1m  fi^[[0m
Python CI / lint-format	UNKNOWN STEP	2026-09-08T15:11:24.0886717Z ^[[36;1m^[[0m
Python CI / lint-format	UNKNOWN STEP	2026-09-08T15:11:24.0887052Z ^[[36;1m  # Handle multiline values (like private keys)^[[0m
Python CI / lint-format	UNKNOWN STEP	2026-09-08T15:11:24.0887501Z ^[[36;1m  if [[ "${value}" == *$'\n'* ]]; then^[[0m
Python CI / lint-format	UNKNOWN STEP	2026-09-08T15:11:24.0887877Z ^[[36;1m    {^[[0m
Python CI / lint-format	UNKNOWN STEP	2026-09-08T15:11:24.0888176Z ^[[36;1m      echo "${name}<<EOF"^[[0m
Python CI / lint-format	UNKNOWN STEP	2026-09-08T15:11:24.0888551Z ^[[36;1m      printf '%s\n' "${value}"^[[0m
Python CI / lint-format	UNKNOWN STEP	2026-09-08T15:11:24.0888919Z ^[[36;1m      echo "EOF"^[[0m
Python CI / lint-format	UNKNOWN STEP	2026-09-08T15:11:24.0889254Z ^[[36;1m    } >>"${GITHUB_ENV}"^[[0m
Python CI / lint-format	UNKNOWN STEP	2026-09-08T15:11:24.0889605Z ^[[36;1m  else^[[0m
Python CI / lint-format	UNKNOWN STEP	2026-09-08T15:11:24.0889988Z ^[[36;1m    printf '%s=%s\n' "${name}" "${value}" >>"${GITHUB_ENV}"^[[0m
Python CI / lint-format	UNKNOWN STEP	2026-09-08T15:11:24.0890679Z ^[[36;1m  fi^[[0m
Python CI / lint-format	UNKNOWN STEP	2026-09-08T15:11:24.0891001Z ^[[36;1m^[[0m
Python CI / lint-format	UNKNOWN STEP	2026-09-08T15:11:24.0891363Z ^[[36;1m  token_count=$((token_count + 1))^[[0m
Python CI / lint-format	UNKNOWN STEP	2026-09-08T15:11:24.0891764Z ^[[36;1m  if [ -n "$available_tokens" ]; then^[[0m
Python CI / lint-format	UNKNOWN STEP	2026-09-08T15:11:24.0892206Z ^[[36;1m    available_tokens="${available_tokens},${name}"^[[0m
Python CI / lint-format	UNKNOWN STEP	2026-09-08T15:11:24.0892646Z ^[[36;1m  else^[[0m
Python CI / lint-format	UNKNOWN STEP	2026-09-08T15:11:24.0892953Z ^[[36;1m    available_tokens="${name}"^[[0m
Python CI / lint-format	UNKNOWN STEP	2026-09-08T15:11:24.0893885Z ^[[36;1m  fi^[[0m
Python CI / lint-format	UNKNOWN STEP	2026-09-08T15:11:24.0894179Z ^[[36;1m^[[0m
Python CI / lint-format	UNKNOWN STEP	2026-09-08T15:11:24.0894493Z ^[[36;1m  if [ "${INPUT_VERBOSE}" = "true" ]; then^[[0m
Python CI / lint-format	UNKNOWN STEP	2026-09-08T15:11:24.0895067Z ^[[36;1m    echo "  ✅ ${name} exported"^[[0m
Python CI / lint-format	UNKNOWN STEP	2026-09-08T15:11:24.0895442Z ^[[36;1m  fi^[[0m
Python CI / lint-format	UNKNOWN STEP	2026-09-08T15:11:24.0895719Z ^[[36;1m}^[[0m
Python CI / lint-format	UNKNOWN STEP	2026-09-08T15:11:24.0896124Z ^[[36;1m^[[0m
Python CI / lint-format	UNKNOWN STEP	2026-09-08T15:11:24.0896479Z ^[[36;1mecho "🔐 Exporting tokens to environment..."^[[0m
Python CI / lint-format	UNKNOWN STEP	2026-09-08T15:11:24.0896886Z ^[[36;1m^[[0m
Python CI / lint-format	UNKNOWN STEP	2026-09-08T15:11:24.0897377Z ^[[36;1m# Try to extract from JSON secrets first (requires jq)^[[0m
Python CI / lint-format	UNKNOWN STEP	2026-09-08T15:11:24.0897951Z ^[[36;1mif [ -n "${INPUT_SECRETS:-}" ] && [ "${INPUT_SECRETS}" != "null" ]; then^[[0m
Python CI / lint-format	UNKNOWN STEP	2026-09-08T15:11:24.0898606Z ^[[36;1m  if ! command -v jq >/dev/null 2>&1; then^[[0m
Python CI / lint-format	UNKNOWN STEP	2026-09-08T15:11:24.0899531Z ^[[36;1m    echo "::warning::'jq' is not installed; falling back to individual token inputs instead of parsing JSON secrets."^[[0m
Python CI / lint-format	UNKNOWN STEP	2026-09-08T15:11:24.0900496Z ^[[36;1m    # Fall back to individual inputs when jq is unavailable^[[0m
Python CI / lint-format	UNKNOWN STEP	2026-09-08T15:11:24.0901195Z ^[[36;1m    SERVICE_BOT_PAT="${INPUT_SERVICE_BOT_PAT:-}"^[[0m
Python CI / lint-format	UNKNOWN STEP	2026-09-08T15:11:24.0901678Z ^[[36;1m    ACTIONS_BOT_PAT="${INPUT_ACTIONS_BOT_PAT:-}"^[[0m
Python CI / lint-format	UNKNOWN STEP	2026-09-08T15:11:24.0902259Z ^[[36;1m    OWNER_PR_PAT="${INPUT_OWNER_PR_PAT:-}"^[[0m
Python CI / lint-format	UNKNOWN STEP	2026-09-08T15:11:24.0902765Z ^[[36;1m    AGENTS_AUTOMATION_PAT="${INPUT_AGENTS_AUTOMATION_PAT:-}"^[[0m
Python CI / lint-format	UNKNOWN STEP	2026-09-08T15:11:24.0903401Z ^[[36;1m    WORKFLOWS_APP_ID="${INPUT_WORKFLOWS_APP_ID:-}"^[[0m
Python CI / lint-format	UNKNOWN STEP	2026-09-08T15:11:24.0904114Z ^[[36;1m    WORKFLOWS_APP_PRIVATE_KEY="${INPUT_WORKFLOWS_APP_PRIVATE_KEY:-}"^[[0m
Python CI / lint-format	UNKNOWN STEP	2026-09-08T15:11:24.0904802Z ^[[36;1m    KEEPALIVE_APP_ID="${INPUT_KEEPALIVE_APP_ID:-}"^[[0m
Python CI / lint-format	UNKNOWN STEP	2026-09-08T15:11:24.0905332Z ^[[36;1m    KEEPALIVE_APP_PRIVATE_KEY="${INPUT_KEEPALIVE_APP_PRIVATE_KEY:-}"^[[0m
Python CI / lint-format	UNKNOWN STEP	2026-09-08T15:11:24.0905989Z ^[[36;1m    GH_APP_ID="${INPUT_GH_APP_ID:-}"^[[0m
Python CI / lint-format	UNKNOWN STEP	2026-09-08T15:11:24.0906448Z ^[[36;1m    GH_APP_PRIVATE_KEY="${INPUT_GH_APP_PRIVATE_KEY:-}"^[[0m
Python CI / lint-format	UNKNOWN STEP	2026-09-08T15:11:24.0907040Z ^[[36;1m    APP_1_ID="${INPUT_APP_1_ID:-}"^[[0m
Python CI / lint-format	UNKNOWN STEP	2026-09-08T15:11:24.0907485Z ^[[36;1m    APP_1_PRIVATE_KEY="${INPUT_APP_1_PRIVATE_KEY:-}"^[[0m
Python CI / lint-format	UNKNOWN STEP	2026-09-08T15:11:24.0908067Z ^[[36;1m    APP_2_ID="${INPUT_APP_2_ID:-}"^[[0m
Python CI / lint-format	UNKNOWN STEP	2026-09-08T15:11:24.0908507Z ^[[36;1m    APP_2_PRIVATE_KEY="${INPUT_APP_2_PRIVATE_KEY:-}"^[[0m
Python CI / lint-format	UNKNOWN STEP	2026-09-08T15:11:24.0908929Z ^[[36;1m  else^[[0m
Python CI / lint-format	UNKNOWN STEP	2026-09-08T15:11:24.0909386Z ^[[36;1m    # Parse JSON secrets using jq^[[0m
Python CI / lint-format	UNKNOWN STEP	2026-09-08T15:11:24.0909782Z ^[[36;1m    extract_secret() {^[[0m
Python CI / lint-format	UNKNOWN STEP	2026-09-08T15:11:24.0910196Z ^[[36;1m      local key="$1"^[[0m
Python CI / lint-format	UNKNOWN STEP	2026-09-08T15:11:24.0910839Z ^[[36;1m      echo "${INPUT_SECRETS}" | jq -r ".${key} // empty" 2>/dev/null || echo ""^[[0m
Python CI / lint-format	UNKNOWN STEP	2026-09-08T15:11:24.0911455Z ^[[36;1m    }^[[0m
Python CI / lint-format	UNKNOWN STEP	2026-09-08T15:11:24.0911949Z ^[[36;1m^[[0m
Python CI / lint-format	UNKNOWN STEP	2026-09-08T15:11:24.0912325Z ^[[36;1m    SERVICE_BOT_PAT=$(extract_secret "SERVICE_BOT_PAT")^[[0m
Python CI / lint-format	UNKNOWN STEP	2026-09-08T15:11:24.0912826Z ^[[36;1m    ACTIONS_BOT_PAT=$(extract_secret "ACTIONS_BOT_PAT")^[[0m
Python CI / lint-format	UNKNOWN STEP	2026-09-08T15:11:24.0913477Z ^[[36;1m    OWNER_PR_PAT=$(extract_secret "OWNER_PR_PAT")^[[0m
Python CI / lint-format	UNKNOWN STEP	2026-09-08T15:11:24.0914012Z ^[[36;1m    AGENTS_AUTOMATION_PAT=$(extract_secret "AGENTS_AUTOMATION_PAT")^[[0m
Python CI / lint-format	UNKNOWN STEP	2026-09-08T15:11:24.0914738Z ^[[36;1m    WORKFLOWS_APP_ID=$(extract_secret "WORKFLOWS_APP_ID")^[[0m
Python CI / lint-format	UNKNOWN STEP	2026-09-08T15:11:24.0915448Z ^[[36;1m    WORKFLOWS_APP_PRIVATE_KEY=$(extract_secret "WORKFLOWS_APP_PRIVATE_KEY")^[[0m
Python CI / lint-format	UNKNOWN STEP	2026-09-08T15:11:24.0916040Z ^[[36;1m    KEEPALIVE_APP_ID=$(extract_secret "KEEPALIVE_APP_ID")^[[0m
Python CI / lint-format	UNKNOWN STEP	2026-09-08T15:11:24.0916760Z ^[[36;1m    KEEPALIVE_APP_PRIVATE_KEY=$(extract_secret "KEEPALIVE_APP_PRIVATE_KEY")^[[0m
Python CI / lint-format	UNKNOWN STEP	2026-09-08T15:11:24.0917305Z ^[[36;1m    GH_APP_ID=$(extract_secret "GH_APP_ID")^[[0m
Python CI / lint-format	UNKNOWN STEP	2026-09-08T15:11:24.0917911Z ^[[36;1m    GH_APP_PRIVATE_KEY=$(extract_secret "GH_APP_PRIVATE_KEY")^[[0m
Python CI / lint-format	UNKNOWN STEP	2026-09-08T15:11:24.0918399Z ^[[36;1m    APP_1_ID=$(extract_secret "APP_1_ID")^[[0m
Python CI / lint-format	UNKNOWN STEP	2026-09-08T15:11:24.0918993Z ^[[36;1m    APP_1_PRIVATE_KEY=$(extract_secret "APP_1_PRIVATE_KEY")^[[0m
Python CI / lint-format	UNKNOWN STEP	2026-09-08T15:11:24.0919477Z ^[[36;1m    APP_2_ID=$(extract_secret "APP_2_ID")^[[0m
Python CI / lint-format	UNKNOWN STEP	2026-09-08T15:11:24.0920084Z ^[[36;1m    APP_2_PRIVATE_KEY=$(extract_secret "APP_2_PRIVATE_KEY")^[[0m
Python CI / lint-format	UNKNOWN STEP	2026-09-08T15:11:24.0920852Z ^[[36;1m  fi^[[0m
Python CI / lint-format	UNKNOWN STEP	2026-09-08T15:11:24.0921592Z ^[[36;1melse^[[0m
Python CI / lint-format	UNKNOWN STEP	2026-09-08T15:11:24.0922127Z ^[[36;1m  # Fall back to individual inputs^[[0m
Python CI / lint-format	UNKNOWN STEP	2026-09-08T15:11:24.0922989Z ^[[36;1m  SERVICE_BOT_PAT="${INPUT_SERVICE_BOT_PAT:-}"^[[0m
Python CI / lint-format	UNKNOWN STEP	2026-09-08T15:11:24.0923813Z ^[[36;1m  ACTIONS_BOT_PAT="${INPUT_ACTIONS_BOT_PAT:-}"^[[0m
Python CI / lint-format	UNKNOWN STEP	2026-09-08T15:11:24.0924470Z ^[[36;1m  OWNER_PR_PAT="${INPUT_OWNER_PR_PAT:-}"^[[0m
Python CI / lint-format	UNKNOWN STEP	2026-09-08T15:11:24.0925373Z ^[[36;1m  AGENTS_AUTOMATION_PAT="${INPUT_AGENTS_AUTOMATION_PAT:-}"^[[0m
Python CI / lint-format	UNKNOWN STEP	2026-09-08T15:11:24.0926237Z ^[[36;1m  WORKFLOWS_APP_ID="${INPUT_WORKFLOWS_APP_ID:-}"^[[0m
Python CI / lint-format	UNKNOWN STEP	2026-09-08T15:11:24.0926951Z ^[[36;1m  WORKFLOWS_APP_PRIVATE_KEY="${INPUT_WORKFLOWS_APP_PRIVATE_KEY:-}"^[[0m
Python CI / lint-format	UNKNOWN STEP	2026-09-08T15:11:24.0927915Z ^[[36;1m  KEEPALIVE_APP_ID="${INPUT_KEEPALIVE_APP_ID:-}"^[[0m
Python CI / lint-format	UNKNOWN STEP	2026-09-08T15:11:24.0928997Z ^[[36;1m  KEEPALIVE_APP_PRIVATE_KEY="${INPUT_KEEPALIVE_APP_PRIVATE_KEY:-}"^[[0m
Python CI / lint-format	UNKNOWN STEP	2026-09-08T15:11:24.0944816Z ^[[36;1m  GH_APP_ID="${INPUT_GH_APP_ID:-}"^[[0m
Python CI / lint-format	UNKNOWN STEP	2026-09-08T15:11:24.0945316Z ^[[36;1m  GH_APP_PRIVATE_KEY="${INPUT_GH_APP_PRIVATE_KEY:-}"^[[0m
Python CI / lint-format	UNKNOWN STEP	2026-09-08T15:11:24.0945782Z ^[[36;1m  APP_1_ID="${INPUT_APP_1_ID:-}"^[[0m
Python CI / lint-format	UNKNOWN STEP	2026-09-08T15:11:24.0946226Z ^[[36;1m  APP_1_PRIVATE_KEY="${INPUT_APP_1_PRIVATE_KEY:-}"^[[0m
Python CI / lint-format	UNKNOWN STEP	2026-09-08T15:11:24.0946784Z ^[[36;1m  APP_2_ID="${INPUT_APP_2_ID:-}"^[[0m
Python CI / lint-format	UNKNOWN STEP	2026-09-08T15:11:24.0947305Z ^[[36;1m  APP_2_PRIVATE_KEY="${INPUT_APP_2_PRIVATE_KEY:-}"^[[0m
Python CI / lint-format	UNKNOWN STEP	2026-09-08T15:11:24.0947916Z ^[[36;1mfi^[[0m
Python CI / lint-format	UNKNOWN STEP	2026-09-08T15:11:24.0948200Z ^[[36;1m^[[0m
Python CI / lint-format	UNKNOWN STEP	2026-09-08T15:11:24.0948613Z ^[[36;1m# Export GITHUB_TOKEN (GH_TOKEN is the same value, only count once)^[[0m
Python CI / lint-format	UNKNOWN STEP	2026-09-08T15:11:24.0949136Z ^[[36;1mif [ -n "${INPUT_GITHUB_TOKEN:-}" ]; then^[[0m
Python CI / lint-format	UNKNOWN STEP	2026-09-08T15:11:24.0949600Z ^[[36;1m  export_var "GITHUB_TOKEN" "${INPUT_GITHUB_TOKEN}"^[[0m
Python CI / lint-format	UNKNOWN STEP	2026-09-08T15:11:24.0950094Z ^[[36;1m  # GH_TOKEN is exported but not double-counted^[[0m
Python CI / lint-format	UNKNOWN STEP	2026-09-08T15:11:24.0950890Z ^[[36;1m  printf '%s=%s\n' "GH_TOKEN" "${INPUT_GITHUB_TOKEN}" >>"${GITHUB_ENV}"^[[0m
Python CI / lint-format	UNKNOWN STEP	2026-09-08T15:11:24.0951385Z ^[[36;1mfi^[[0m
Python CI / lint-format	UNKNOWN STEP	2026-09-08T15:11:24.0951682Z ^[[36;1m^[[0m
Python CI / lint-format	UNKNOWN STEP	2026-09-08T15:11:24.0951978Z ^[[36;1m# Export PATs^[[0m
Python CI / lint-format	UNKNOWN STEP	2026-09-08T15:11:24.0952379Z ^[[36;1mexport_var "SERVICE_BOT_PAT" "${SERVICE_BOT_PAT:-}"^[[0m
Python CI / lint-format	UNKNOWN STEP	2026-09-08T15:11:24.0952887Z ^[[36;1mexport_var "ACTIONS_BOT_PAT" "${ACTIONS_BOT_PAT:-}"^[[0m
Python CI / lint-format	UNKNOWN STEP	2026-09-08T15:11:24.0953365Z ^[[36;1mexport_var "OWNER_PR_PAT" "${OWNER_PR_PAT:-}"^[[0m
Python CI / lint-format	UNKNOWN STEP	2026-09-08T15:11:24.0953892Z ^[[36;1mexport_var "AGENTS_AUTOMATION_PAT" "${AGENTS_AUTOMATION_PAT:-}"^[[0m
Python CI / lint-format	UNKNOWN STEP	2026-09-08T15:11:24.0954359Z ^[[36;1m^[[0m
Python CI / lint-format	UNKNOWN STEP	2026-09-08T15:11:24.0954652Z ^[[36;1m# Export App credentials^[[0m
Python CI / lint-format	UNKNOWN STEP	2026-09-08T15:11:24.0955091Z ^[[36;1mexport_var "WORKFLOWS_APP_ID" "${WORKFLOWS_APP_ID:-}"^[[0m
Python CI / lint-format	UNKNOWN STEP	2026-09-08T15:11:24.0955669Z ^[[36;1mexport_var "WORKFLOWS_APP_PRIVATE_KEY" "${WORKFLOWS_APP_PRIVATE_KEY:-}"^[[0m
Python CI / lint-format	UNKNOWN STEP	2026-09-08T15:11:24.0956253Z ^[[36;1mexport_var "KEEPALIVE_APP_ID" "${KEEPALIVE_APP_ID:-}"^[[0m
Python CI / lint-format	UNKNOWN STEP	2026-09-08T15:11:24.0956833Z ^[[36;1mexport_var "KEEPALIVE_APP_PRIVATE_KEY" "${KEEPALIVE_APP_PRIVATE_KEY:-}"^[[0m
Python CI / lint-format	UNKNOWN STEP	2026-09-08T15:11:24.0957363Z ^[[36;1mexport_var "GH_APP_ID" "${GH_APP_ID:-}"^[[0m
Python CI / lint-format	UNKNOWN STEP	2026-09-08T15:11:24.0957839Z ^[[36;1mexport_var "GH_APP_PRIVATE_KEY" "${GH_APP_PRIVATE_KEY:-}"^[[0m
Python CI / lint-format	UNKNOWN STEP	2026-09-08T15:11:24.0958327Z ^[[36;1mexport_var "APP_1_ID" "${APP_1_ID:-}"^[[0m
Python CI / lint-format	UNKNOWN STEP	2026-09-08T15:11:24.0958786Z ^[[36;1mexport_var "APP_1_PRIVATE_KEY" "${APP_1_PRIVATE_KEY:-}"^[[0m
Python CI / lint-format	UNKNOWN STEP	2026-09-08T15:11:24.0959243Z ^[[36;1mexport_var "APP_2_ID" "${APP_2_ID:-}"^[[0m
Python CI / lint-format	UNKNOWN STEP	2026-09-08T15:11:24.0959708Z ^[[36;1mexport_var "APP_2_PRIVATE_KEY" "${APP_2_PRIVATE_KEY:-}"^[[0m
Python CI / lint-format	UNKNOWN STEP	2026-09-08T15:11:24.0960137Z ^[[36;1m^[[0m
Python CI / lint-format	UNKNOWN STEP	2026-09-08T15:11:24.0960698Z ^[[36;1m# Output summary^[[0m
Python CI / lint-format	UNKNOWN STEP	2026-09-08T15:11:24.0961105Z ^[[36;1mecho "token_count=${token_count}" >> "$GITHUB_OUTPUT"^[[0m
Python CI / lint-format	UNKNOWN STEP	2026-09-08T15:11:24.0961770Z ^[[36;1mecho "available_tokens=${available_tokens}" >> "$GITHUB_OUTPUT"^[[0m
Python CI / lint-format	UNKNOWN STEP	2026-09-08T15:11:24.0962253Z ^[[36;1m^[[0m
Python CI / lint-format	UNKNOWN STEP	2026-09-08T15:11:24.0962569Z ^[[36;1minstall_dir="${INPUT_INSTALL_DIR:-}"^[[0m
Python CI / lint-format	UNKNOWN STEP	2026-09-08T15:11:24.0962983Z ^[[36;1mif [ -z "$install_dir" ]; then^[[0m
Python CI / lint-format	UNKNOWN STEP	2026-09-08T15:11:24.0963427Z ^[[36;1m  install_dir="${GITHUB_WORKSPACE}/.github/scripts"^[[0m
Python CI / lint-format	UNKNOWN STEP	2026-09-08T15:11:24.0963854Z ^[[36;1mfi^[[0m
Python CI / lint-format	UNKNOWN STEP	2026-09-08T15:11:24.0964159Z ^[[36;1msetup_contract="$(^[[0m
Python CI / lint-format	UNKNOWN STEP	2026-09-08T15:11:24.0964540Z ^[[36;1m  AVAILABLE_TOKENS="${available_tokens}" \^[[0m
Python CI / lint-format	UNKNOWN STEP	2026-09-08T15:11:24.0964952Z ^[[36;1m  TOKEN_COUNT="${token_count}" \^[[0m
Python CI / lint-format	UNKNOWN STEP	2026-09-08T15:11:24.0965340Z ^[[36;1m  INSTALL_DIR="${install_dir}" \^[[0m
Python CI / lint-format	UNKNOWN STEP	2026-09-08T15:11:24.0965710Z ^[[36;1m  node <<'NODE'^[[0m
Python CI / lint-format	UNKNOWN STEP	2026-09-08T15:11:24.0966046Z ^[[36;1mconst fs = require('node:fs');^[[0m
Python CI / lint-format	UNKNOWN STEP	2026-09-08T15:11:24.0966436Z ^[[36;1mconst path = require('node:path');^[[0m
Python CI / lint-format	UNKNOWN STEP	2026-09-08T15:11:24.0966808Z ^[[36;1m^[[0m
Python CI / lint-format	UNKNOWN STEP	2026-09-08T15:11:24.0967151Z ^[[36;1mconst installDir = process.env.INSTALL_DIR || '';^[[0m
Python CI / lint-format	UNKNOWN STEP	2026-09-08T15:11:24.0967661Z ^[[36;1mconst tokenNames = (process.env.AVAILABLE_TOKENS || '')^[[0m
Python CI / lint-format	UNKNOWN STEP	2026-09-08T15:11:24.0968107Z ^[[36;1m  .split(',')^[[0m
Python CI / lint-format	UNKNOWN STEP	2026-09-08T15:11:24.0968585Z ^[[36;1m  .map((value) => value.trim())^[[0m
Python CI / lint-format	UNKNOWN STEP	2026-09-08T15:11:24.0968964Z ^[[36;1m  .filter(Boolean);^[[0m
Python CI / lint-format	UNKNOWN STEP	2026-09-08T15:11:24.0969332Z ^[[36;1mconst tokenSet = new Set(tokenNames);^[[0m
Python CI / lint-format	UNKNOWN STEP	2026-09-08T15:11:24.0969729Z ^[[36;1mconst appPairs = [^[[0m
Python CI / lint-format	UNKNOWN STEP	2026-09-08T15:11:24.0970166Z ^[[36;1m  ['WORKFLOWS_APP', 'WORKFLOWS_APP_ID', 'WORKFLOWS_APP_PRIVATE_KEY'],^[[0m
Python CI / lint-format	UNKNOWN STEP	2026-09-08T15:11:24.0971025Z ^[[36;1m  ['KEEPALIVE_APP', 'KEEPALIVE_APP_ID', 'KEEPALIVE_APP_PRIVATE_KEY'],^[[0m
Python CI / lint-format	UNKNOWN STEP	2026-09-08T15:11:24.0971548Z ^[[36;1m  ['GH_APP', 'GH_APP_ID', 'GH_APP_PRIVATE_KEY'],^[[0m
Python CI / lint-format	UNKNOWN STEP	2026-09-08T15:11:24.0972131Z ^[[36;1m  ['APP_1', 'APP_1_ID', 'APP_1_PRIVATE_KEY'],^[[0m
Python CI / lint-format	UNKNOWN STEP	2026-09-08T15:11:24.0972571Z ^[[36;1m  ['APP_2', 'APP_2_ID', 'APP_2_PRIVATE_KEY'],^[[0m
Python CI / lint-format	UNKNOWN STEP	2026-09-08T15:11:24.0972956Z ^[[36;1m];^[[0m
Python CI / lint-format	UNKNOWN STEP	2026-09-08T15:11:24.0973253Z ^[[36;1mconst authModes = [];^[[0m
Python CI / lint-format	UNKNOWN STEP	2026-09-08T15:11:24.0973624Z ^[[36;1mif (tokenSet.has('GITHUB_TOKEN')) {^[[0m
Python CI / lint-format	UNKNOWN STEP	2026-09-08T15:11:24.0974111Z ^[[36;1m  authModes.push({ source: 'GITHUB_TOKEN', mode: 'github-token' });^[[0m
Python CI / lint-format	UNKNOWN STEP	2026-09-08T15:11:24.0974588Z ^[[36;1m}^[[0m
Python CI / lint-format	UNKNOWN STEP	2026-09-08T15:11:24.0974893Z ^[[36;1mfor (const name of tokenNames) {^[[0m
Python CI / lint-format	UNKNOWN STEP	2026-09-08T15:11:24.0975281Z ^[[36;1m  if (name.endsWith('_PAT')) {^[[0m
Python CI / lint-format	UNKNOWN STEP	2026-09-08T15:11:24.0975707Z ^[[36;1m    authModes.push({ source: name, mode: 'pat' });^[[0m
Python CI / lint-format	UNKNOWN STEP	2026-09-08T15:11:24.0976115Z ^[[36;1m  }^[[0m
Python CI / lint-format	UNKNOWN STEP	2026-09-08T15:11:24.0976390Z ^[[36;1m}^[[0m
Python CI / lint-format	UNKNOWN STEP	2026-09-08T15:11:24.0976745Z ^[[36;1mfor (const [source, idName, keyName] of appPairs) {^[[0m
Python CI / lint-format	UNKNOWN STEP	2026-09-08T15:11:24.0977237Z ^[[36;1m  if (tokenSet.has(idName) && tokenSet.has(keyName)) {^[[0m
Python CI / lint-format	UNKNOWN STEP	2026-09-08T15:11:24.0977679Z ^[[36;1m    authModes.push({^[[0m
Python CI / lint-format	UNKNOWN STEP	2026-09-08T15:11:24.0978015Z ^[[36;1m      source,^[[0m
Python CI / lint-format	UNKNOWN STEP	2026-09-08T15:11:24.0978332Z ^[[36;1m      mode: 'github-app',^[[0m
Python CI / lint-format	UNKNOWN STEP	2026-09-08T15:11:24.0978724Z ^[[36;1m      credential_names: [idName, keyName],^[[0m
Python CI / lint-format	UNKNOWN STEP	2026-09-08T15:11:24.0979113Z ^[[36;1m    });^[[0m
Python CI / lint-format	UNKNOWN STEP	2026-09-08T15:11:24.0979398Z ^[[36;1m  }^[[0m
Python CI / lint-format	UNKNOWN STEP	2026-09-08T15:11:24.0979674Z ^[[36;1m}^[[0m
Python CI / lint-format	UNKNOWN STEP	2026-09-08T15:11:24.0979956Z ^[[36;1m^[[0m
Python CI / lint-format	UNKNOWN STEP	2026-09-08T15:11:24.0980336Z ^[[36;1mconst moduleDir = path.join(installDir, 'node_modules');^[[0m
Python CI / lint-format	UNKNOWN STEP	2026-09-08T15:11:24.0981189Z ^[[36;1mconst hasModule = (name) => fs.existsSync(path.join(moduleDir, ...name.split('/')));^[[0m
Python CI / lint-format	UNKNOWN STEP	2026-09-08T15:11:24.0981765Z ^[[36;1mconst contract = {^[[0m
Python CI / lint-format	UNKNOWN STEP	2026-09-08T15:11:24.0982145Z ^[[36;1m  schema: 'workflows-api-client-setup/v1',^[[0m
Python CI / lint-format	UNKNOWN STEP	2026-09-08T15:11:24.0982692Z ^[[36;1m  token_count: Number.parseInt(process.env.TOKEN_COUNT || '0', 10) || 0,^[[0m
Python CI / lint-format	UNKNOWN STEP	2026-09-08T15:11:24.0983226Z ^[[36;1m  available_token_names: tokenNames,^[[0m
Python CI / lint-format	UNKNOWN STEP	2026-09-08T15:11:24.0983628Z ^[[36;1m  auth_modes: authModes,^[[0m
Python CI / lint-format	UNKNOWN STEP	2026-09-08T15:11:24.0983990Z ^[[36;1m  dependency_state: {^[[0m
Python CI / lint-format	UNKNOWN STEP	2026-09-08T15:11:24.0984372Z ^[[36;1m    node_path_ready: fs.existsSync(moduleDir),^[[0m
Python CI / lint-format	UNKNOWN STEP	2026-09-08T15:11:24.0984837Z ^[[36;1m    octokit_rest_ready: hasModule('@octokit/rest'),^[[0m
Python CI / lint-format	UNKNOWN STEP	2026-09-08T15:11:24.0985343Z ^[[36;1m    octokit_auth_app_ready: hasModule('@octokit/auth-app'),^[[0m
Python CI / lint-format	UNKNOWN STEP	2026-09-08T15:11:24.0985829Z ^[[36;1m    lru_cache_ready: hasModule('lru-cache'),^[[0m
Python CI / lint-format	UNKNOWN STEP	2026-09-08T15:11:24.0986220Z ^[[36;1m  },^[[0m
Python CI / lint-format	UNKNOWN STEP	2026-09-08T15:11:24.0986562Z ^[[36;1m};^[[0m
Python CI / lint-format	UNKNOWN STEP	2026-09-08T15:11:24.0987024Z ^[[36;1mprocess.stdout.write(JSON.stringify(contract));^[[0m
Python CI / lint-format	UNKNOWN STEP	2026-09-08T15:11:24.0987464Z ^[[36;1mNODE^[[0m
Python CI / lint-format	UNKNOWN STEP	2026-09-08T15:11:24.0987835Z ^[[36;1m)"^[[0m
Python CI / lint-format	UNKNOWN STEP	2026-09-08T15:11:24.0988287Z ^[[36;1mprintf 'setup_contract=%s\n' "$setup_contract" >> "$GITHUB_OUTPUT"^[[0m
Python CI / lint-format	UNKNOWN STEP	2026-09-08T15:11:24.0988761Z ^[[36;1m^[[0m
Python CI / lint-format	UNKNOWN STEP	2026-09-08T15:11:24.0989035Z ^[[36;1mecho ""^[[0m
Python CI / lint-format	UNKNOWN STEP	2026-09-08T15:11:24.0989356Z ^[[36;1mecho "📊 Token Setup Summary:"^[[0m
Python CI / lint-format	UNKNOWN STEP	2026-09-08T15:11:24.0989791Z ^[[36;1mecho "  Total tokens exported: ${token_count}"^[[0m
Python CI / lint-format	UNKNOWN STEP	2026-09-08T15:11:24.0990327Z ^[[36;1mecho "  Setup contract schema: workflows-api-client-setup/v1"^[[0m
Python CI / lint-format	UNKNOWN STEP	2026-09-08T15:11:24.0991070Z ^[[36;1mif [ "${INPUT_VERBOSE}" = "true" ]; then^[[0m
Python CI / lint-format	UNKNOWN STEP	2026-09-08T15:11:24.0991508Z ^[[36;1m  echo "  Available: ${available_tokens}"^[[0m
Python CI / lint-format	UNKNOWN STEP	2026-09-08T15:11:24.0991944Z ^[[36;1m  echo "  Setup contract: ${setup_contract}"^[[0m
Python CI / lint-format	UNKNOWN STEP	2026-09-08T15:11:24.0992334Z ^[[36;1mfi^[[0m
Python CI / lint-format	UNKNOWN STEP	2026-09-08T15:11:24.0992618Z ^[[36;1m^[[0m
Python CI / lint-format	UNKNOWN STEP	2026-09-08T15:11:24.0993073Z ^[[36;1m# Warn if no tokens were exported^[[0m
Python CI / lint-format	UNKNOWN STEP	2026-09-08T15:11:24.0993483Z ^[[36;1mif [ "${token_count}" -eq 0 ]; then^[[0m
Python CI / lint-format	UNKNOWN STEP	2026-09-08T15:11:24.0993966Z ^[[36;1m  echo "::warning::No tokens were exported! API calls may fail."^[[0m
Python CI / lint-format	UNKNOWN STEP	2026-09-08T15:11:24.0994521Z ^[[36;1m  echo "::warning::Ensure secrets are passed to this action."^[[0m
Python CI / lint-format	UNKNOWN STEP	2026-09-08T15:11:24.0994976Z ^[[36;1mfi^[[0m
Python CI / lint-format	UNKNOWN STEP	2026-09-08T15:11:24.1031792Z shell: /usr/bin/bash --noprofile --norc -e -o pipefail {0}
Python CI / lint-format	UNKNOWN STEP	2026-09-08T15:11:24.1032248Z env:
Python CI / lint-format	UNKNOWN STEP	2026-09-08T15:11:24.1032690Z   WORKDIR: .
Python CI / lint-format	UNKNOWN STEP	2026-09-08T15:11:24.1033193Z   WORKSPACE_ROOT: /home/runner/work/Ready/Ready
Python CI / lint-format	UNKNOWN STEP	2026-09-08T15:11:24.1033669Z   PROJECT_ROOT: /home/runner/work/Ready/Ready
Python CI / lint-format	UNKNOWN STEP	2026-09-08T15:11:24.1034271Z   NODE_PATH: /home/runner/work/Ready/Ready/.github/scripts/node_modules
Python CI / lint-format	UNKNOWN STEP	2026-09-08T15:11:24.1034751Z   INPUT_SECRETS: 
Python CI / lint-format	UNKNOWN STEP	2026-09-08T15:11:24.1038144Z   INPUT_GITHUB_TOKEN: ***
Python CI / lint-format	UNKNOWN STEP	2026-09-08T15:11:24.1038656Z   INPUT_SERVICE_BOT_PAT: 
Python CI / lint-format	UNKNOWN STEP	2026-09-08T15:11:24.1038987Z   INPUT_ACTIONS_BOT_PAT: 
Python CI / lint-format	UNKNOWN STEP	2026-09-08T15:11:24.1039314Z   INPUT_OWNER_PR_PAT: 
Python CI / lint-format	UNKNOWN STEP	2026-09-08T15:11:24.1039775Z   INPUT_AGENTS_AUTOMATION_PAT: 
Python CI / lint-format	UNKNOWN STEP	2026-09-08T15:11:24.1040173Z   INPUT_WORKFLOWS_APP_ID: ***
Python CI / lint-format	UNKNOWN STEP	2026-09-08T15:11:24.1048786Z   INPUT_WORKFLOWS_APP_PRIVATE_KEY: ***
Python CI / lint-format	UNKNOWN STEP	2026-09-08T15:11:24.1049340Z   INPUT_KEEPALIVE_APP_ID: 
Python CI / lint-format	UNKNOWN STEP	2026-09-08T15:11:24.1049695Z   INPUT_KEEPALIVE_APP_PRIVATE_KEY: 
Python CI / lint-format	UNKNOWN STEP	2026-09-08T15:11:24.1050120Z   INPUT_GH_APP_ID: 
Python CI / lint-format	UNKNOWN STEP	2026-09-08T15:11:24.1050614Z   INPUT_GH_APP_PRIVATE_KEY: 
Python CI / lint-format	UNKNOWN STEP	2026-09-08T15:11:24.1050946Z   INPUT_APP_1_ID: 
Python CI / lint-format	UNKNOWN STEP	2026-09-08T15:11:24.1051437Z   INPUT_APP_1_PRIVATE_KEY: 
Python CI / lint-format	UNKNOWN STEP	2026-09-08T15:11:24.1051870Z   INPUT_APP_2_ID: 
Python CI / lint-format	UNKNOWN STEP	2026-09-08T15:11:24.1052175Z   INPUT_APP_2_PRIVATE_KEY: 
Python CI / lint-format	UNKNOWN STEP	2026-09-08T15:11:24.1052562Z   INPUT_INSTALL_DIR: 
Python CI / lint-format	UNKNOWN STEP	2026-09-08T15:11:24.1052958Z   INPUT_VERBOSE: false
Python CI / lint-format	UNKNOWN STEP	2026-09-08T15:11:24.1053269Z ##[endgroup]
Python CI / lint-format	UNKNOWN STEP	2026-09-08T15:11:24.1116096Z 🔐 Exporting tokens to environment...
Python CI / lint-format	UNKNOWN STEP	2026-09-08T15:11:24.1446244Z 
Python CI / lint-format	UNKNOWN STEP	2026-09-08T15:11:24.1447271Z 📊 Token Setup Summary:
Python CI / lint-format	UNKNOWN STEP	2026-09-08T15:11:24.1447953Z   Total tokens exported: 3
Python CI / lint-format	UNKNOWN STEP	2026-09-08T15:11:24.1448869Z   Setup contract schema: workflows-api-client-setup/v1
Python CI / lint-format	UNKNOWN STEP	2026-09-08T15:11:24.1474743Z ##[end-action id=__self.export-tokens;outcome=success;conclusion=success;duration_ms=60]
Python CI / lint-format	UNKNOWN STEP	2026-09-08T15:11:24.1617107Z ##[group]Run actions/checkout@v7
Python CI / lint-format	UNKNOWN STEP	2026-09-08T15:11:24.1617491Z with:
Python CI / lint-format	UNKNOWN STEP	2026-09-08T15:11:24.1617783Z   submodules: false
Python CI / lint-format	UNKNOWN STEP	2026-09-08T15:11:24.1618091Z   fetch-depth: 1
Python CI / lint-format	UNKNOWN STEP	2026-09-08T15:11:24.1618402Z   repository: stranske/Ready
Python CI / lint-format	UNKNOWN STEP	2026-09-08T15:11:24.1621680Z   token: ***
Python CI / lint-format	UNKNOWN STEP	2026-09-08T15:11:24.1622012Z   ssh-strict: true
Python CI / lint-format	UNKNOWN STEP	2026-09-08T15:11:24.1622339Z   ssh-user: git
Python CI / lint-format	UNKNOWN STEP	2026-09-08T15:11:24.1622660Z   persist-credentials: true
Python CI / lint-format	UNKNOWN STEP	2026-09-08T15:11:24.1622988Z   clean: true
Python CI / lint-format	UNKNOWN STEP	2026-09-08T15:11:24.1623293Z   sparse-checkout-cone-mode: true
Python CI / lint-format	UNKNOWN STEP	2026-09-08T15:11:24.1623648Z   fetch-tags: false
Python CI / lint-format	UNKNOWN STEP	2026-09-08T15:11:24.1623950Z   show-progress: true
Python CI / lint-format	UNKNOWN STEP	2026-09-08T15:11:24.1624248Z   lfs: false
Python CI / lint-format	UNKNOWN STEP	2026-09-08T15:11:24.1624547Z   set-safe-directory: true
Python CI / lint-format	UNKNOWN STEP	2026-09-08T15:11:24.1624885Z   allow-unsafe-pr-checkout: false
Python CI / lint-format	UNKNOWN STEP	2026-09-08T15:11:24.1625224Z env:
Python CI / lint-format	UNKNOWN STEP	2026-09-08T15:11:24.1625501Z   WORKDIR: .
Python CI / lint-format	UNKNOWN STEP	2026-09-08T15:11:24.1625828Z   WORKSPACE_ROOT: /home/runner/work/Ready/Ready
Python CI / lint-format	UNKNOWN STEP	2026-09-08T15:11:24.1626303Z   PROJECT_ROOT: /home/runner/work/Ready/Ready
Python CI / lint-format	UNKNOWN STEP	2026-09-08T15:11:24.1626796Z   NODE_PATH: /home/runner/work/Ready/Ready/.github/scripts/node_modules
Python CI / lint-format	UNKNOWN STEP	2026-09-08T15:11:24.1629886Z   GITHUB_TOKEN: ***
Python CI / lint-format	UNKNOWN STEP	2026-09-08T15:11:24.1632846Z   GH_TOKEN: ***
Python CI / lint-format	UNKNOWN STEP	2026-09-08T15:11:24.1633185Z   WORKFLOWS_APP_ID: ***
Python CI / lint-format	UNKNOWN STEP	2026-09-08T15:11:24.1640296Z   WORKFLOWS_APP_PRIVATE_KEY: ***
Python CI / lint-format	UNKNOWN STEP	2026-09-08T15:11:24.1640910Z ##[endgroup]
Python CI / lint-format	UNKNOWN STEP	2026-09-08T15:11:24.2468879Z Syncing repository: stranske/Ready
Python CI / lint-format	UNKNOWN STEP	2026-09-08T15:11:24.2472398Z ##[group]Getting Git version info
Python CI / lint-format	UNKNOWN STEP	2026-09-08T15:11:24.2473171Z Working directory is '/home/runner/work/Ready/Ready'
Python CI / lint-format	UNKNOWN STEP	2026-09-08T15:11:24.2508968Z [command]/usr/bin/git version
Python CI / lint-format	UNKNOWN STEP	2026-09-08T15:11:24.2557214Z git version 2.55.0
Python CI / lint-format	UNKNOWN STEP	2026-09-08T15:11:24.2577990Z ##[endgroup]
Python CI / lint-format	UNKNOWN STEP	2026-09-08T15:11:24.2588539Z Temporarily overriding HOME='/home/runner/work/_temp/94f6df09-36af-402d-bf8e-8ae999a74f79' before making global git config changes
Python CI / lint-format	UNKNOWN STEP	2026-09-08T15:11:24.2590091Z Adding repository directory to the temporary git global config as a safe directory
Python CI / lint-format	UNKNOWN STEP	2026-09-08T15:11:24.2595121Z [command]/usr/bin/git config --global --add safe.directory /home/runner/work/Ready/Ready
Python CI / lint-format	UNKNOWN STEP	2026-09-08T15:11:24.2625736Z Deleting the contents of '/home/runner/work/Ready/Ready'
Python CI / lint-format	UNKNOWN STEP	2026-09-08T15:11:24.3024537Z ##[group]Determining repository object format
Python CI / lint-format	UNKNOWN STEP	2026-09-08T15:11:24.3025793Z ##[endgroup]
Python CI / lint-format	UNKNOWN STEP	2026-09-08T15:11:24.3026763Z ##[group]Initializing the repository
Python CI / lint-format	UNKNOWN STEP	2026-09-08T15:11:24.3031553Z [command]/usr/bin/git init /home/runner/work/Ready/Ready
Python CI / lint-format	UNKNOWN STEP	2026-09-08T15:11:24.3078452Z hint: Using 'master' as the name for the initial branch. This default branch name
Python CI / lint-format	UNKNOWN STEP	2026-09-08T15:11:24.3079695Z hint: will change to "main" in Git 3.0. To configure the initial branch name
Python CI / lint-format	UNKNOWN STEP	2026-09-08T15:11:24.3081287Z hint: to use in all of your new repositories, which will suppress this warning,
Python CI / lint-format	UNKNOWN STEP	2026-09-08T15:11:24.3082198Z hint: call:
Python CI / lint-format	UNKNOWN STEP	2026-09-08T15:11:24.3082730Z hint:
Python CI / lint-format	UNKNOWN STEP	2026-09-08T15:11:24.3083375Z hint: 	git config --global init.defaultBranch <name>
Python CI / lint-format	UNKNOWN STEP	2026-09-08T15:11:24.3084154Z hint:
Python CI / lint-format	UNKNOWN STEP	2026-09-08T15:11:24.3084892Z hint: Names commonly chosen instead of 'master' are 'main', 'trunk' and
Python CI / lint-format	UNKNOWN STEP	2026-09-08T15:11:24.3086035Z hint: 'development'. The just-created branch can be renamed via this command:
Python CI / lint-format	UNKNOWN STEP	2026-09-08T15:11:24.3086933Z hint:
Python CI / lint-format	UNKNOWN STEP	2026-09-08T15:11:24.3087504Z hint: 	git branch -m <name>
Python CI / lint-format	UNKNOWN STEP	2026-09-08T15:11:24.3088114Z hint:
Python CI / lint-format	UNKNOWN STEP	2026-09-08T15:11:24.3088909Z hint: Disable this message with "git config set advice.defaultBranchName false"
Python CI / lint-format	UNKNOWN STEP	2026-09-08T15:11:24.3090161Z Initialized empty Git repository in /home/runner/work/Ready/Ready/.git/
Python CI / lint-format	UNKNOWN STEP	2026-09-08T15:11:24.3092412Z [command]/usr/bin/git remote add origin https://github.com/stranske/Ready
Python CI / lint-format	UNKNOWN STEP	2026-09-08T15:11:24.3122890Z ##[endgroup]
Python CI / lint-format	UNKNOWN STEP	2026-09-08T15:11:24.3123803Z ##[group]Disabling automatic garbage collection
Python CI / lint-format	UNKNOWN STEP	2026-09-08T15:11:24.3127716Z [command]/usr/bin/git config --local gc.auto 0
Python CI / lint-format	UNKNOWN STEP	2026-09-08T15:11:24.3171372Z ##[endgroup]
Python CI / lint-format	UNKNOWN STEP	2026-09-08T15:11:24.3171944Z ##[group]Setting up auth
Python CI / lint-format	UNKNOWN STEP	2026-09-08T15:11:24.3172332Z Removing SSH command configuration
Python CI / lint-format	UNKNOWN STEP	2026-09-08T15:11:24.3173150Z [command]/usr/bin/git config --local --name-only --get-regexp core\.sshCommand
Python CI / lint-format	UNKNOWN STEP	2026-09-08T15:11:24.3199028Z [command]/usr/bin/git submodule foreach --recursive sh -c "git config --local --name-only --get-regexp 'core\.sshCommand' && git config --local --unset-all 'core.sshCommand' || :"
Python CI / lint-format	UNKNOWN STEP	2026-09-08T15:11:24.3425514Z Removing HTTP extra header
Python CI / lint-format	UNKNOWN STEP	2026-09-08T15:11:24.3431110Z [command]/usr/bin/git config --local --name-only --get-regexp http\.https\:\/\/github\.com\/\.extraheader
Python CI / lint-format	UNKNOWN STEP	2026-09-08T15:11:24.3461555Z [command]/usr/bin/git submodule foreach --recursive sh -c "git config --local --name-only --get-regexp 'http\.https\:\/\/github\.com\/\.extraheader' && git config --local --unset-all 'http.https://github.com/.extraheader' || :"
Python CI / lint-format	UNKNOWN STEP	2026-09-08T15:11:24.3682186Z Removing includeIf entries pointing to credentials config files
Python CI / lint-format	UNKNOWN STEP	2026-09-08T15:11:24.3688416Z [command]/usr/bin/git config --local --name-only --get-regexp ^includeIf\.gitdir:
Python CI / lint-format	UNKNOWN STEP	2026-09-08T15:11:24.3719983Z [command]/usr/bin/git submodule foreach --recursive git config --local --show-origin --name-only --get-regexp remote.origin.url
Python CI / lint-format	UNKNOWN STEP	2026-09-08T15:11:24.3939761Z [command]/usr/bin/git config --file /home/runner/work/_temp/git-credentials-560ba453-2b2f-4150-8bd4-faa90c70dd78.config http.https://github.com/.extraheader AUTHORIZATION: basic ***
Python CI / lint-format	UNKNOWN STEP	2026-09-08T15:11:24.3975075Z [command]/usr/bin/git config --local includeIf.gitdir:/home/runner/work/Ready/Ready/.git.path /home/runner/work/_temp/git-credentials-560ba453-2b2f-4150-8bd4-faa90c70dd78.config
Python CI / lint-format	UNKNOWN STEP	2026-09-08T15:11:24.4006236Z [command]/usr/bin/git config --local includeIf.gitdir:/home/runner/work/Ready/Ready/.git/worktrees/*.path /home/runner/work/_temp/git-credentials-560ba453-2b2f-4150-8bd4-faa90c70dd78.config
Python CI / lint-format	UNKNOWN STEP	2026-09-08T15:11:24.4037064Z [command]/usr/bin/git config --local includeIf.gitdir:/github/workspace/.git.path /github/runner_temp/git-credentials-560ba453-2b2f-4150-8bd4-faa90c70dd78.config
Python CI / lint-format	UNKNOWN STEP	2026-09-08T15:11:24.4069296Z [command]/usr/bin/git config --local includeIf.gitdir:/github/workspace/.git/worktrees/*.path /github/runner_temp/git-credentials-560ba453-2b2f-4150-8bd4-faa90c70dd78.config
Python CI / lint-format	UNKNOWN STEP	2026-09-08T15:11:24.4095438Z ##[endgroup]
Python CI / lint-format	UNKNOWN STEP	2026-09-08T15:11:24.4096096Z ##[group]Fetching the repository
Python CI / lint-format	UNKNOWN STEP	2026-09-08T15:11:24.4102360Z [command]/usr/bin/git -c protocol.version=2 fetch --no-tags --prune --no-recurse-submodules --depth=1 origin +d1a4aa222367e90ab89337d2eaab1c9115a646b4:refs/remotes/origin/main
Python CI / lint-format	UNKNOWN STEP	2026-09-08T15:11:25.0096676Z From https://github.com/stranske/Ready
Python CI / lint-format	UNKNOWN STEP	2026-09-08T15:11:25.0097268Z  * [new ref]         d1a4aa222367e90ab89337d2eaab1c9115a646b4 -> origin/main
Python CI / lint-format	UNKNOWN STEP	2026-09-08T15:11:25.0107169Z [command]/usr/bin/git branch --list --remote origin/main
Python CI / lint-format	UNKNOWN STEP	2026-09-08T15:11:25.0131815Z   origin/main
Python CI / lint-format	UNKNOWN STEP	2026-09-08T15:11:25.0140789Z [command]/usr/bin/git rev-parse refs/remotes/origin/main
Python CI / lint-format	UNKNOWN STEP	2026-09-08T15:11:25.0162263Z d1a4aa222367e90ab89337d2eaab1c9115a646b4
Python CI / lint-format	UNKNOWN STEP	2026-09-08T15:11:25.0166487Z ##[endgroup]
Python CI / lint-format	UNKNOWN STEP	2026-09-08T15:11:25.0167248Z ##[group]Determining the checkout info
Python CI / lint-format	UNKNOWN STEP	2026-09-08T15:11:25.0168029Z ##[endgroup]
Python CI / lint-format	UNKNOWN STEP	2026-09-08T15:11:25.0170802Z [command]/usr/bin/git sparse-checkout disable
Python CI / lint-format	UNKNOWN STEP	2026-09-08T15:11:25.0210305Z [command]/usr/bin/git config --local --unset-all extensions.worktreeConfig
Python CI / lint-format	UNKNOWN STEP	2026-09-08T15:11:25.0237675Z ##[group]Checking out the ref
Python CI / lint-format	UNKNOWN STEP	2026-09-08T15:11:25.0242259Z [command]/usr/bin/git checkout --progress --force -B main refs/remotes/origin/main
Python CI / lint-format	UNKNOWN STEP	2026-09-08T15:11:25.1351668Z Switched to a new branch 'main'
Python CI / lint-format	UNKNOWN STEP	2026-09-08T15:11:25.1352943Z branch 'main' set up to track 'origin/main'.
Python CI / lint-format	UNKNOWN STEP	2026-09-08T15:11:25.1366000Z ##[endgroup]
Python CI / lint-format	UNKNOWN STEP	2026-09-08T15:11:25.1409632Z [command]/usr/bin/git log -1 --format=%H
Python CI / lint-format	UNKNOWN STEP	2026-09-08T15:11:25.1435005Z d1a4aa222367e90ab89337d2eaab1c9115a646b4
Python CI / lint-format	UNKNOWN STEP	2026-09-08T15:11:25.1619497Z ##[group]Run actions/setup-python@v7
Python CI / lint-format	UNKNOWN STEP	2026-09-08T15:11:25.1619895Z with:
Python CI / lint-format	UNKNOWN STEP	2026-09-08T15:11:25.1620218Z   python-version: 3.12
Python CI / lint-format	UNKNOWN STEP	2026-09-08T15:11:25.1621145Z   check-latest: false
Python CI / lint-format	UNKNOWN STEP	2026-09-08T15:11:25.1623848Z   token: ***
Python CI / lint-format	UNKNOWN STEP	2026-09-08T15:11:25.1624158Z   update-environment: true
Python CI / lint-format	UNKNOWN STEP	2026-09-08T15:11:25.1624506Z   allow-prereleases: false
Python CI / lint-format	UNKNOWN STEP	2026-09-08T15:11:25.1624836Z   freethreaded: false
Python CI / lint-format	UNKNOWN STEP	2026-09-08T15:11:25.1625261Z env:
Python CI / lint-format	UNKNOWN STEP	2026-09-08T15:11:25.1625538Z   WORKDIR: .
Python CI / lint-format	UNKNOWN STEP	2026-09-08T15:11:25.1625869Z   WORKSPACE_ROOT: /home/runner/work/Ready/Ready
Python CI / lint-format	UNKNOWN STEP	2026-09-08T15:11:25.1626289Z   PROJECT_ROOT: /home/runner/work/Ready/Ready
Python CI / lint-format	UNKNOWN STEP	2026-09-08T15:11:25.1626781Z   NODE_PATH: /home/runner/work/Ready/Ready/.github/scripts/node_modules
Python CI / lint-format	UNKNOWN STEP	2026-09-08T15:11:25.1629576Z   GITHUB_TOKEN: ***
Python CI / lint-format	UNKNOWN STEP	2026-09-08T15:11:25.1632331Z   GH_TOKEN: ***
Python CI / lint-format	UNKNOWN STEP	2026-09-08T15:11:25.1632651Z   WORKFLOWS_APP_ID: ***
Python CI / lint-format	UNKNOWN STEP	2026-09-08T15:11:25.1639698Z   WORKFLOWS_APP_PRIVATE_KEY: ***
Python CI / lint-format	UNKNOWN STEP	2026-09-08T15:11:25.1640047Z ##[endgroup]
Python CI / lint-format	UNKNOWN STEP	2026-09-08T15:11:25.2803633Z ##[group]Installed versions
Python CI / lint-format	UNKNOWN STEP	2026-09-08T15:11:25.2891200Z Successfully set up CPython (3.12.14)
Python CI / lint-format	UNKNOWN STEP	2026-09-08T15:11:25.2892217Z ##[endgroup]
Python CI / lint-format	UNKNOWN STEP	2026-09-08T15:11:25.3038806Z ##[group]Run actions/setup-node@820762786026740c76f36085b0efc47a31fe5020
Python CI / lint-format	UNKNOWN STEP	2026-09-08T15:11:25.3039311Z with:
Python CI / lint-format	UNKNOWN STEP	2026-09-08T15:11:25.3039599Z   node-version: 24
Python CI / lint-format	UNKNOWN STEP	2026-09-08T15:11:25.3039900Z   check-latest: false
Python CI / lint-format	UNKNOWN STEP	2026-09-08T15:11:25.3042835Z   token: ***
Python CI / lint-format	UNKNOWN STEP	2026-09-08T15:11:25.3043152Z   package-manager-cache: true
Python CI / lint-format	UNKNOWN STEP	2026-09-08T15:11:25.3043487Z env:
Python CI / lint-format	UNKNOWN STEP	2026-09-08T15:11:25.3043764Z   WORKDIR: .
Python CI / lint-format	UNKNOWN STEP	2026-09-08T15:11:25.3044086Z   WORKSPACE_ROOT: /home/runner/work/Ready/Ready
Python CI / lint-format	UNKNOWN STEP	2026-09-08T15:11:25.3044504Z   PROJECT_ROOT: /home/runner/work/Ready/Ready
Python CI / lint-format	UNKNOWN STEP	2026-09-08T15:11:25.3044997Z   NODE_PATH: /home/runner/work/Ready/Ready/.github/scripts/node_modules
Python CI / lint-format	UNKNOWN STEP	2026-09-08T15:11:25.3047787Z   GITHUB_TOKEN: ***
Python CI / lint-format	UNKNOWN STEP	2026-09-08T15:11:25.3050359Z   GH_TOKEN: ***
Python CI / lint-format	UNKNOWN STEP	2026-09-08T15:11:25.3050975Z   WORKFLOWS_APP_ID: ***
Python CI / lint-format	UNKNOWN STEP	2026-09-08T15:11:25.3058017Z   WORKFLOWS_APP_PRIVATE_KEY: ***
Python CI / lint-format	UNKNOWN STEP	2026-09-08T15:11:25.3058432Z   pythonLocation: /opt/hostedtoolcache/Python/3.12.14/x64
Python CI / lint-format	UNKNOWN STEP	2026-09-08T15:11:25.3059013Z   PKG_CONFIG_PATH: /opt/hostedtoolcache/Python/3.12.14/x64/lib/pkgconfig
Python CI / lint-format	UNKNOWN STEP	2026-09-08T15:11:25.3059538Z   Python_ROOT_DIR: /opt/hostedtoolcache/Python/3.12.14/x64
Python CI / lint-format	UNKNOWN STEP	2026-09-08T15:11:25.3060029Z   Python2_ROOT_DIR: /opt/hostedtoolcache/Python/3.12.14/x64
Python CI / lint-format	UNKNOWN STEP	2026-09-08T15:11:25.3060636Z   Python3_ROOT_DIR: /opt/hostedtoolcache/Python/3.12.14/x64
Python CI / lint-format	UNKNOWN STEP	2026-09-08T15:11:25.3061124Z   LD_LIBRARY_PATH: /opt/hostedtoolcache/Python/3.12.14/x64/lib
Python CI / lint-format	UNKNOWN STEP	2026-09-08T15:11:25.3061556Z ##[endgroup]
Python CI / lint-format	UNKNOWN STEP	2026-09-08T15:11:25.4362071Z Found in cache @ /opt/hostedtoolcache/node/24.20.0/x64
Python CI / lint-format	UNKNOWN STEP	2026-09-08T15:11:25.4363359Z ##[group]Environment details
Python CI / lint-format	UNKNOWN STEP	2026-09-08T15:11:25.8345152Z node: v24.20.0
Python CI / lint-format	UNKNOWN STEP	2026-09-08T15:11:25.8361264Z npm: 11.19.0
Python CI / lint-format	UNKNOWN STEP	2026-09-08T15:11:25.8361933Z yarn: 1.22.22
Python CI / lint-format	UNKNOWN STEP	2026-09-08T15:11:25.8362993Z ##[endgroup]
Python CI / lint-format	UNKNOWN STEP	2026-09-08T15:11:25.8465472Z ##[group]Run curl -LsSf https://astral.sh/uv/install.sh | sh
Python CI / lint-format	UNKNOWN STEP	2026-09-08T15:11:25.8466356Z ^[[36;1mcurl -LsSf https://astral.sh/uv/install.sh | sh^[[0m
Python CI / lint-format	UNKNOWN STEP	2026-09-08T15:11:25.8467210Z ^[[36;1mecho "$HOME/.local/bin" >> "$GITHUB_PATH"^[[0m
Python CI / lint-format	UNKNOWN STEP	2026-09-08T15:11:25.8516567Z shell: /usr/bin/bash --noprofile --norc -e -o pipefail {0}
Python CI / lint-format	UNKNOWN STEP	2026-09-08T15:11:25.8517075Z env:
Python CI / lint-format	UNKNOWN STEP	2026-09-08T15:11:25.8517390Z   WORKDIR: .
Python CI / lint-format	UNKNOWN STEP	2026-09-08T15:11:25.8517753Z   WORKSPACE_ROOT: /home/runner/work/Ready/Ready
Python CI / lint-format	UNKNOWN STEP	2026-09-08T15:11:25.8518236Z   PROJECT_ROOT: /home/runner/work/Ready/Ready
Python CI / lint-format	UNKNOWN STEP	2026-09-08T15:11:25.8518791Z   NODE_PATH: /home/runner/work/Ready/Ready/.github/scripts/node_modules
Python CI / lint-format	UNKNOWN STEP	2026-09-08T15:11:25.8522437Z   GITHUB_TOKEN: ***
Python CI / lint-format	UNKNOWN STEP	2026-09-08T15:11:25.8525461Z   GH_TOKEN: ***
Python CI / lint-format	UNKNOWN STEP	2026-09-08T15:11:25.8525816Z   WORKFLOWS_APP_ID: ***
Python CI / lint-format	UNKNOWN STEP	2026-09-08T15:11:25.8534127Z   WORKFLOWS_APP_PRIVATE_KEY: ***
Python CI / lint-format	UNKNOWN STEP	2026-09-08T15:11:25.8534573Z   pythonLocation: /opt/hostedtoolcache/Python/3.12.14/x64
Python CI / lint-format	UNKNOWN STEP	2026-09-08T15:11:25.8535175Z   PKG_CONFIG_PATH: /opt/hostedtoolcache/Python/3.12.14/x64/lib/pkgconfig
Python CI / lint-format	UNKNOWN STEP	2026-09-08T15:11:25.8535706Z   Python_ROOT_DIR: /opt/hostedtoolcache/Python/3.12.14/x64
Python CI / lint-format	UNKNOWN STEP	2026-09-08T15:11:25.8536199Z   Python2_ROOT_DIR: /opt/hostedtoolcache/Python/3.12.14/x64
Python CI / lint-format	UNKNOWN STEP	2026-09-08T15:11:25.8536687Z   Python3_ROOT_DIR: /opt/hostedtoolcache/Python/3.12.14/x64
Python CI / lint-format	UNKNOWN STEP	2026-09-08T15:11:25.8537174Z   LD_LIBRARY_PATH: /opt/hostedtoolcache/Python/3.12.14/x64/lib
Python CI / lint-format	UNKNOWN STEP	2026-09-08T15:11:25.8537604Z ##[endgroup]
Python CI / lint-format	UNKNOWN STEP	2026-09-08T15:11:25.9859230Z downloading uv 0.12.10 x86_64-unknown-linux-gnu
Python CI / lint-format	UNKNOWN STEP	2026-09-08T15:11:26.4826513Z installing to /home/runner/.local/bin
Python CI / lint-format	UNKNOWN STEP	2026-09-08T15:11:26.4884585Z   uv
Python CI / lint-format	UNKNOWN STEP	2026-09-08T15:11:26.4904023Z   uvx
Python CI / lint-format	UNKNOWN STEP	2026-09-08T15:11:26.4940979Z everything's installed!
Python CI / lint-format	UNKNOWN STEP	2026-09-08T15:11:26.6172837Z ##[group]Run actions/cache@55cc8345863c7cc4c66a329aec7e433d2d1c52a9
Python CI / lint-format	UNKNOWN STEP	2026-09-08T15:11:26.6173356Z with:
Python CI / lint-format	UNKNOWN STEP	2026-09-08T15:11:26.6173659Z   path: ~/.cache/uv
Python CI / lint-format	UNKNOWN STEP	
Python CI / lint-format	UNKNOWN STEP	2026-09-08T15:11:26.6174489Z   key: uv-Linux-3.12-207e3610e8779eaffffdd3bda9afb628da5cec7b985adab394c688a08278d797-fe3bb89833759f0fed833213997e1272e8ff2363d4e938309a1ce8b5961ab82c
Python CI / lint-format	UNKNOWN STEP	2026-09-08T15:11:26.6175368Z   restore-keys: uv-Linux-
Python CI / lint-format	UNKNOWN STEP	
Python CI / lint-format	UNKNOWN STEP	2026-09-08T15:11:26.6175715Z   enableCrossOsArchive: false
Python CI / lint-format	UNKNOWN STEP	2026-09-08T15:11:26.6176066Z   fail-on-cache-miss: false
Python CI / lint-format	UNKNOWN STEP	2026-09-08T15:11:26.6176404Z   lookup-only: false
Python CI / lint-format	UNKNOWN STEP	2026-09-08T15:11:26.6176714Z   save-always: false
Python CI / lint-format	UNKNOWN STEP	2026-09-08T15:11:26.6177012Z env:
Python CI / lint-format	UNKNOWN STEP	2026-09-08T15:11:26.6177291Z   WORKDIR: .
Python CI / lint-format	UNKNOWN STEP	2026-09-08T15:11:26.6177626Z   WORKSPACE_ROOT: /home/runner/work/Ready/Ready
Python CI / lint-format	UNKNOWN STEP	2026-09-08T15:11:26.6178040Z   PROJECT_ROOT: /home/runner/work/Ready/Ready
Python CI / lint-format	UNKNOWN STEP	2026-09-08T15:11:26.6178528Z   NODE_PATH: /home/runner/work/Ready/Ready/.github/scripts/node_modules
Python CI / lint-format	UNKNOWN STEP	2026-09-08T15:11:26.6181701Z   GITHUB_TOKEN: ***
Python CI / lint-format	UNKNOWN STEP	2026-09-08T15:11:26.6184395Z   GH_TOKEN: ***
Python CI / lint-format	UNKNOWN STEP	2026-09-08T15:11:26.6184717Z   WORKFLOWS_APP_ID: ***
Python CI / lint-format	UNKNOWN STEP	2026-09-08T15:11:26.6192206Z   WORKFLOWS_APP_PRIVATE_KEY: ***
Python CI / lint-format	UNKNOWN STEP	2026-09-08T15:11:26.6192683Z   pythonLocation: /opt/hostedtoolcache/Python/3.12.14/x64
Python CI / lint-format	UNKNOWN STEP	2026-09-08T15:11:26.6193273Z   PKG_CONFIG_PATH: /opt/hostedtoolcache/Python/3.12.14/x64/lib/pkgconfig
Python CI / lint-format	UNKNOWN STEP	2026-09-08T15:11:26.6193791Z   Python_ROOT_DIR: /opt/hostedtoolcache/Python/3.12.14/x64
Python CI / lint-format	UNKNOWN STEP	2026-09-08T15:11:26.6194275Z   Python2_ROOT_DIR: /opt/hostedtoolcache/Python/3.12.14/x64
Python CI / lint-format	UNKNOWN STEP	2026-09-08T15:11:26.6194747Z   Python3_ROOT_DIR: /opt/hostedtoolcache/Python/3.12.14/x64
Python CI / lint-format	UNKNOWN STEP	2026-09-08T15:11:26.6195222Z   LD_LIBRARY_PATH: /opt/hostedtoolcache/Python/3.12.14/x64/lib
Python CI / lint-format	UNKNOWN STEP	2026-09-08T15:11:26.6195641Z ##[endgroup]
Python CI / lint-format	UNKNOWN STEP	2026-09-08T15:11:26.8075020Z Cache hit for: uv-Linux-3.12-207e3610e8779eaffffdd3bda9afb628da5cec7b985adab394c688a08278d797-fe3bb89833759f0fed833213997e1272e8ff2363d4e938309a1ce8b5961ab82c
Python CI / lint-format	UNKNOWN STEP	2026-09-08T15:11:27.8515350Z Received 234881024 of 336157658 (69.9%), 223.1 MBs/sec
Python CI / lint-format	UNKNOWN STEP	2026-09-08T15:11:28.2534435Z Received 336157658 of 336157658 (100.0%), 228.0 MBs/sec
Python CI / lint-format	UNKNOWN STEP	2026-09-08T15:11:28.2536338Z Cache Size: ~321 MB (336157658 B)
Python CI / lint-format	UNKNOWN STEP	2026-09-08T15:11:28.2613811Z [command]/usr/bin/tar -xf /home/runner/work/_temp/db846160-1fd5-4e18-89dd-6b5d0a1d0068/cache.tzst -P -C /home/runner/work/Ready/Ready --use-compress-program unzstd
Python CI / lint-format	UNKNOWN STEP	2026-09-08T15:11:30.4929512Z Cache restored successfully
Python CI / lint-format	UNKNOWN STEP	2026-09-08T15:11:30.5157504Z Cache restored from key: uv-Linux-3.12-207e3610e8779eaffffdd3bda9afb628da5cec7b985adab394c688a08278d797-fe3bb89833759f0fed833213997e1272e8ff2363d4e938309a1ce8b5961ab82c
Python CI / lint-format	UNKNOWN STEP	2026-09-08T15:11:30.5303949Z ##[group]Run set -euo pipefail
Python CI / lint-format	UNKNOWN STEP	2026-09-08T15:11:30.5304605Z ^[[36;1mset -euo pipefail^[[0m
Python CI / lint-format	UNKNOWN STEP	2026-09-08T15:11:30.5304965Z ^[[36;1mstart_ts=$(date +%s)^[[0m
Python CI / lint-format	UNKNOWN STEP	2026-09-08T15:11:30.5305315Z ^[[36;1m^[[0m
Python CI / lint-format	UNKNOWN STEP	2026-09-08T15:11:30.5305618Z ^[[36;1mto_bool() {^[[0m
Python CI / lint-format	UNKNOWN STEP	2026-09-08T15:11:30.5306044Z ^[[36;1m  case "$(printf '%s' "${1:-}" | tr '[:upper:]' '[:lower:]')" in^[[0m
Python CI / lint-format	UNKNOWN STEP	2026-09-08T15:11:30.5306545Z ^[[36;1m    1|true|yes|y|on) echo "true" ;;^[[0m
Python CI / lint-format	UNKNOWN STEP	2026-09-08T15:11:30.5306954Z ^[[36;1m    *) echo "false" ;;^[[0m
Python CI / lint-format	UNKNOWN STEP	2026-09-08T15:11:30.5307302Z ^[[36;1m  esac^[[0m
Python CI / lint-format	UNKNOWN STEP	2026-09-08T15:11:30.5307601Z ^[[36;1m}^[[0m
Python CI / lint-format	UNKNOWN STEP	2026-09-08T15:11:30.5307885Z ^[[36;1m^[[0m
Python CI / lint-format	UNKNOWN STEP	2026-09-08T15:11:30.5308228Z ^[[36;1mlint_enabled=$(to_bool "$INPUT_LINT")^[[0m
Python CI / lint-format	UNKNOWN STEP	2026-09-08T15:11:30.5308978Z ^[[36;1mformat_enabled=$(to_bool "$INPUT_FORMAT_CHECK")^[[0m
Python CI / lint-format	UNKNOWN STEP	2026-09-08T15:11:30.5309538Z ^[[36;1mtypecheck_enabled=$(to_bool "$INPUT_TYPECHECK")^[[0m
Python CI / lint-format	UNKNOWN STEP	2026-09-08T15:11:30.5310022Z ^[[36;1mrun_mypy_enabled=$(to_bool "$INPUT_RUN_MYPY")^[[0m
Python CI / lint-format	UNKNOWN STEP	2026-09-08T15:11:30.5310982Z ^[[36;1mcoverage_enabled=$(to_bool "$INPUT_COVERAGE")^[[0m
Python CI / lint-format	UNKNOWN STEP	2026-09-08T15:11:30.5311880Z ^[[36;1minstall_project_deps=$(to_bool "${INPUT_INSTALL_PROJECT_DEPS:-true}")^[[0m
Python CI / lint-format	UNKNOWN STEP	2026-09-08T15:11:30.5312678Z ^[[36;1mmypy_enabled="false"^[[0m
Python CI / lint-format	UNKNOWN STEP	2026-09-08T15:11:30.5313149Z ^[[36;1mif [ "$typecheck_enabled" = "true" ] && [ "$run_mypy_enabled" = "true" ]; then^[[0m
Python CI / lint-format	UNKNOWN STEP	2026-09-08T15:11:30.5313663Z ^[[36;1m  mypy_enabled="true"^[[0m
Python CI / lint-format	UNKNOWN STEP	2026-09-08T15:11:30.5313987Z ^[[36;1mfi^[[0m
Python CI / lint-format	UNKNOWN STEP	2026-09-08T15:11:30.5314267Z ^[[36;1m^[[0m
Python CI / lint-format	UNKNOWN STEP	2026-09-08T15:11:30.5314544Z ^[[36;1madd_tool() {^[[0m
Python CI / lint-format	UNKNOWN STEP	2026-09-08T15:11:30.5314861Z ^[[36;1m  specs+=("$1")^[[0m
Python CI / lint-format	UNKNOWN STEP	2026-09-08T15:11:30.5315184Z ^[[36;1m  tools_installed+=("$2")^[[0m
Python CI / lint-format	UNKNOWN STEP	2026-09-08T15:11:30.5315536Z ^[[36;1m}^[[0m
Python CI / lint-format	UNKNOWN STEP	2026-09-08T15:11:30.5315808Z ^[[36;1m^[[0m
Python CI / lint-format	UNKNOWN STEP	2026-09-08T15:11:30.5316088Z ^[[36;1mskip_tool() {^[[0m
Python CI / lint-format	UNKNOWN STEP	2026-09-08T15:11:30.5316405Z ^[[36;1m  tools_skipped+=("$1")^[[0m
Python CI / lint-format	UNKNOWN STEP	2026-09-08T15:11:30.5316742Z ^[[36;1m}^[[0m
Python CI / lint-format	UNKNOWN STEP	2026-09-08T15:11:30.5317012Z ^[[36;1m^[[0m
Python CI / lint-format	UNKNOWN STEP	2026-09-08T15:11:30.5317399Z ^[[36;1m# A pyproject.toml that only carries tool configuration (e.g.^[[0m
Python CI / lint-format	UNKNOWN STEP	2026-09-08T15:11:30.5317994Z ^[[36;1m# [tool.coverage]) is not an installable distribution. Treat the repo^[[0m
Python CI / lint-format	UNKNOWN STEP	2026-09-08T15:11:30.5318553Z ^[[36;1m# as a package only when it declares [project] (PEP 621),^[[0m
Python CI / lint-format	UNKNOWN STEP	2026-09-08T15:11:30.5319116Z ^[[36;1m# [build-system], or [tool.poetry]; otherwise `-e .[app,dev]` fails^[[0m
Python CI / lint-format	UNKNOWN STEP	2026-09-08T15:11:30.5319698Z ^[[36;1m# for a consumer that merely wants somewhere to keep tool config.^[[0m
Python CI / lint-format	UNKNOWN STEP	2026-09-08T15:11:30.5320198Z ^[[36;1mpyproject_declares_distribution() {^[[0m
Python CI / lint-format	UNKNOWN STEP	2026-09-08T15:11:30.5320860Z ^[[36;1m  [ -f pyproject.toml ] || return 1^[[0m
Python CI / lint-format	UNKNOWN STEP	2026-09-08T15:11:30.5321249Z ^[[36;1m  grep -Eq \^[[0m
Python CI / lint-format	UNKNOWN STEP	2026-09-08T15:11:30.5321710Z ^[[36;1m    '^[[:space:]]*\[[[:space:]]*(project|build-system|tool\.poetry)[[:space:]]*\]' \^[[0m
Python CI / lint-format	UNKNOWN STEP	2026-09-08T15:11:30.5322222Z ^[[36;1m    pyproject.toml^[[0m
Python CI / lint-format	UNKNOWN STEP	2026-09-08T15:11:30.5322546Z ^[[36;1m}^[[0m
Python CI / lint-format	UNKNOWN STEP	2026-09-08T15:11:30.5322823Z ^[[36;1m^[[0m
Python CI / lint-format	UNKNOWN STEP	2026-09-08T15:11:30.5323151Z ^[[36;1mif [ -n "${PRIVATE_PYPI_TOKEN:-}" ]; then^[[0m
Python CI / lint-format	UNKNOWN STEP	2026-09-08T15:11:30.5323746Z ^[[36;1m  export PIP_INDEX_URL="https://__token__:${PRIVATE_PYPI_TOKEN}@pypi.org/simple"^[[0m
Python CI / lint-format	UNKNOWN STEP	2026-09-08T15:11:30.5324269Z ^[[36;1mfi^[[0m
Python CI / lint-format	UNKNOWN STEP	2026-09-08T15:11:30.5324552Z ^[[36;1mspecs=()^[[0m
Python CI / lint-format	UNKNOWN STEP	2026-09-08T15:11:30.5324874Z ^[[36;1mtools_installed=()^[[0m
Python CI / lint-format	UNKNOWN STEP	2026-09-08T15:11:30.5325210Z ^[[36;1mtools_skipped=()^[[0m
Python CI / lint-format	UNKNOWN STEP	2026-09-08T15:11:30.5325531Z ^[[36;1m^[[0m
Python CI / lint-format	UNKNOWN STEP	2026-09-08T15:11:30.5325857Z ^[[36;1mif [ "$install_project_deps" = "true" ]; then^[[0m
Python CI / lint-format	UNKNOWN STEP	2026-09-08T15:11:30.5326298Z ^[[36;1m  if [ -f requirements.lock ]; then^[[0m
Python CI / lint-format	UNKNOWN STEP	2026-09-08T15:11:30.5326706Z ^[[36;1m    specs+=('-r' 'requirements.lock')^[[0m
Python CI / lint-format	UNKNOWN STEP	2026-09-08T15:11:30.5327083Z ^[[36;1m  fi^[[0m
Python CI / lint-format	UNKNOWN STEP	2026-09-08T15:11:30.5327592Z ^[[36;1m^[[0m
Python CI / lint-format	UNKNOWN STEP	2026-09-08T15:11:30.5327904Z ^[[36;1m  if pyproject_declares_distribution \^[[0m
Python CI / lint-format	UNKNOWN STEP	2026-09-08T15:11:30.5328340Z ^[[36;1m    || [ -f setup.cfg ] || [ -f setup.py ]; then^[[0m
Python CI / lint-format	UNKNOWN STEP	2026-09-08T15:11:30.5328756Z ^[[36;1m    specs+=('-e' '.[app,dev]')^[[0m
Python CI / lint-format	UNKNOWN STEP	2026-09-08T15:11:30.5329116Z ^[[36;1m  fi^[[0m
Python CI / lint-format	UNKNOWN STEP	2026-09-08T15:11:30.5344541Z ^[[36;1mfi^[[0m
Python CI / lint-format	UNKNOWN STEP	2026-09-08T15:11:30.5345310Z ^[[36;1m^[[0m
Python CI / lint-format	UNKNOWN STEP	2026-09-08T15:11:30.5345792Z ^[[36;1mblack_spec="black"^[[0m
Python CI / lint-format	UNKNOWN STEP	2026-09-08T15:11:30.5346354Z ^[[36;1mdocformatter_spec="docformatter"^[[0m
Python CI / lint-format	UNKNOWN STEP	2026-09-08T15:11:30.5346776Z ^[[36;1misort_spec="isort"^[[0m
Python CI / lint-format	UNKNOWN STEP	2026-09-08T15:11:30.5347136Z ^[[36;1mruff_spec="ruff"^[[0m
Python CI / lint-format	UNKNOWN STEP	2026-09-08T15:11:30.5347465Z ^[[36;1mmypy_spec="mypy"^[[0m
Python CI / lint-format	UNKNOWN STEP	2026-09-08T15:11:30.5347794Z ^[[36;1mpytest_spec=""^[[0m
Python CI / lint-format	UNKNOWN STEP	2026-09-08T15:11:30.5348120Z ^[[36;1mpytest_cov_spec=""^[[0m
Python CI / lint-format	UNKNOWN STEP	2026-09-08T15:11:30.5348454Z ^[[36;1mcoverage_spec=""^[[0m
Python CI / lint-format	UNKNOWN STEP	2026-09-08T15:11:30.5348775Z ^[[36;1mpytest_xdist_spec=""^[[0m
Python CI / lint-format	UNKNOWN STEP	2026-09-08T15:11:30.5349225Z ^[[36;1m# Do not install heavyweight "baseline" test deps implicitly.^[[0m
Python CI / lint-format	UNKNOWN STEP	2026-09-08T15:11:30.5349816Z ^[[36;1m# Repos should declare their own runtime/test dependencies.^[[0m
Python CI / lint-format	UNKNOWN STEP	2026-09-08T15:11:30.5350265Z ^[[36;1m^[[0m
Python CI / lint-format	UNKNOWN STEP	2026-09-08T15:11:30.5350855Z ^[[36;1mresolve_spec() {^[[0m
Python CI / lint-format	UNKNOWN STEP	2026-09-08T15:11:30.5351208Z ^[[36;1m  local package=$1^[[0m
Python CI / lint-format	UNKNOWN STEP	2026-09-08T15:11:30.5351553Z ^[[36;1m  local version=${2:-}^[[0m
Python CI / lint-format	UNKNOWN STEP	2026-09-08T15:11:30.5351922Z ^[[36;1m  local default_version=${3:-}^[[0m
Python CI / lint-format	UNKNOWN STEP	2026-09-08T15:11:30.5352303Z ^[[36;1m  if [ -n "$version" ]; then^[[0m
Python CI / lint-format	UNKNOWN STEP	2026-09-08T15:11:30.5352692Z ^[[36;1m    echo "${package}==${version}"^[[0m
Python CI / lint-format	UNKNOWN STEP	2026-09-08T15:11:30.5353098Z ^[[36;1m  elif [ -n "$default_version" ]; then^[[0m
Python CI / lint-format	UNKNOWN STEP	2026-09-08T15:11:30.5353523Z ^[[36;1m    echo "${package}>=${default_version}"^[[0m
Python CI / lint-format	UNKNOWN STEP	2026-09-08T15:11:30.5353911Z ^[[36;1m  else^[[0m
Python CI / lint-format	UNKNOWN STEP	2026-09-08T15:11:30.5354206Z ^[[36;1m    echo "$package"^[[0m
Python CI / lint-format	UNKNOWN STEP	2026-09-08T15:11:30.5354537Z ^[[36;1m  fi^[[0m
Python CI / lint-format	UNKNOWN STEP	2026-09-08T15:11:30.5354818Z ^[[36;1m}^[[0m
Python CI / lint-format	UNKNOWN STEP	2026-09-08T15:11:30.5355102Z ^[[36;1m^[[0m
Python CI / lint-format	UNKNOWN STEP	2026-09-08T15:11:30.5355526Z ^[[36;1mautofix_env="${GITHUB_WORKSPACE}/.github/workflows/autofix-versions.env"^[[0m
Python CI / lint-format	UNKNOWN STEP	2026-09-08T15:11:30.5356060Z ^[[36;1mrequire_exact_pin() {^[[0m
Python CI / lint-format	UNKNOWN STEP	2026-09-08T15:11:30.5356404Z ^[[36;1m  local tool=$1^[[0m
Python CI / lint-format	UNKNOWN STEP	2026-09-08T15:11:30.5356736Z ^[[36;1m  local spec=${2:-}^[[0m
Python CI / lint-format	UNKNOWN STEP	2026-09-08T15:11:30.5357126Z ^[[36;1m  if [ -z "$spec" ] || [ "${spec#*==}" = "$spec" ]; then^[[0m
Python CI / lint-format	UNKNOWN STEP	2026-09-08T15:11:30.5357779Z ^[[36;1m    echo "Error: ${tool} must be pinned in ${autofix_env}; refusing to install unpinned tooling." >&2^[[0m
Python CI / lint-format	UNKNOWN STEP	2026-09-08T15:11:30.5358345Z ^[[36;1m    exit 1^[[0m
Python CI / lint-format	UNKNOWN STEP	2026-09-08T15:11:30.5358648Z ^[[36;1m  fi^[[0m
Python CI / lint-format	UNKNOWN STEP	2026-09-08T15:11:30.5358924Z ^[[36;1m}^[[0m
Python CI / lint-format	UNKNOWN STEP	2026-09-08T15:11:30.5359401Z ^[[36;1m# Always honor tool pins when present. Lock files typically only capture runtime deps.^[[0m
Python CI / lint-format	UNKNOWN STEP	2026-09-08T15:11:30.5359975Z ^[[36;1mif [ -f "$autofix_env" ]; then^[[0m
Python CI / lint-format	UNKNOWN STEP	2026-09-08T15:11:30.5360689Z ^[[36;1m  # shellcheck source=.github/workflows/autofix-versions.env^[[0m
Python CI / lint-format	UNKNOWN STEP	2026-09-08T15:11:30.5361192Z ^[[36;1m  source "$autofix_env"^[[0m
Python CI / lint-format	UNKNOWN STEP	2026-09-08T15:11:30.5361643Z ^[[36;1m  black_spec=$(resolve_spec "black" "${BLACK_VERSION:-}" "")^[[0m
Python CI / lint-format	UNKNOWN STEP	2026-09-08T15:11:30.5362266Z ^[[36;1m  docformatter_spec=$(resolve_spec "docformatter" "${DOCFORMATTER_VERSION:-}" "")^[[0m
Python CI / lint-format	UNKNOWN STEP	2026-09-08T15:11:30.5362922Z ^[[36;1m  isort_spec=$(resolve_spec "isort" "${ISORT_VERSION:-}" "")^[[0m
Python CI / lint-format	UNKNOWN STEP	2026-09-08T15:11:30.5363441Z ^[[36;1m  ruff_spec=$(resolve_spec "ruff" "${RUFF_VERSION:-}" "")^[[0m
Python CI / lint-format	UNKNOWN STEP	2026-09-08T15:11:30.5363961Z ^[[36;1m  mypy_spec=$(resolve_spec "mypy" "${MYPY_VERSION:-}" "")^[[0m
Python CI / lint-format	UNKNOWN STEP	2026-09-08T15:11:30.5364494Z ^[[36;1m  pytest_spec=$(resolve_spec "pytest" "${PYTEST_VERSION:-}" "")^[[0m
Python CI / lint-format	UNKNOWN STEP	2026-09-08T15:11:30.5365101Z ^[[36;1m  pytest_cov_spec=$(resolve_spec "pytest-cov" "${PYTEST_COV_VERSION:-}" "")^[[0m
Python CI / lint-format	UNKNOWN STEP	2026-09-08T15:11:30.5365728Z ^[[36;1m  coverage_spec=$(resolve_spec "coverage" "${COVERAGE_VERSION:-}" "")^[[0m
Python CI / lint-format	UNKNOWN STEP	2026-09-08T15:11:30.5366372Z ^[[36;1m  pytest_xdist_spec=$(resolve_spec "pytest-xdist" "${PYTEST_XDIST_VERSION:-}" "")^[[0m
Python CI / lint-format	UNKNOWN STEP	2026-09-08T15:11:30.5366887Z ^[[36;1melse^[[0m
Python CI / lint-format	UNKNOWN STEP	2026-09-08T15:11:30.5367356Z ^[[36;1m  echo "Error: ${autofix_env} is required; refusing to install unpinned tooling." >&2^[[0m
Python CI / lint-format	UNKNOWN STEP	2026-09-08T15:11:30.5368066Z ^[[36;1m  exit 1^[[0m
Python CI / lint-format	UNKNOWN STEP	2026-09-08T15:11:30.5368369Z ^[[36;1mfi^[[0m
Python CI / lint-format	UNKNOWN STEP	2026-09-08T15:11:30.5368644Z ^[[36;1m^[[0m
Python CI / lint-format	UNKNOWN STEP	2026-09-08T15:11:30.5368976Z ^[[36;1mrequire_exact_pin "pytest" "$pytest_spec"^[[0m
Python CI / lint-format	UNKNOWN STEP	2026-09-08T15:11:30.5369464Z ^[[36;1mrequire_exact_pin "pytest-xdist" "$pytest_xdist_spec"^[[0m
Python CI / lint-format	UNKNOWN STEP	2026-09-08T15:11:30.5370054Z ^[[36;1mif [ "$coverage_enabled" = "true" ]; then^[[0m
Python CI / lint-format	UNKNOWN STEP	2026-09-08T15:11:30.5370748Z ^[[36;1m  require_exact_pin "pytest-cov" "$pytest_cov_spec"^[[0m
Python CI / lint-format	UNKNOWN STEP	2026-09-08T15:11:30.5371265Z ^[[36;1m  require_exact_pin "coverage" "$coverage_spec"^[[0m
Python CI / lint-format	UNKNOWN STEP	2026-09-08T15:11:30.5371665Z ^[[36;1mfi^[[0m
Python CI / lint-format	UNKNOWN STEP	2026-09-08T15:11:30.5371949Z ^[[36;1m^[[0m
Python CI / lint-format	UNKNOWN STEP	2026-09-08T15:11:30.5372384Z ^[[36;1m# Always install dev tools - lock files only contain runtime deps, not dev tools^[[0m
Python CI / lint-format	UNKNOWN STEP	2026-09-08T15:11:30.5372932Z ^[[36;1mif [ "$format_enabled" = "true" ]; then^[[0m
Python CI / lint-format	UNKNOWN STEP	2026-09-08T15:11:30.5373333Z ^[[36;1m  add_tool "$black_spec" "black"^[[0m
Python CI / lint-format	UNKNOWN STEP	2026-09-08T15:11:30.5373766Z ^[[36;1m  add_tool "$docformatter_spec" "docformatter"^[[0m
Python CI / lint-format	UNKNOWN STEP	2026-09-08T15:11:30.5374194Z ^[[36;1m  add_tool "$isort_spec" "isort"^[[0m
Python CI / lint-format	UNKNOWN STEP	2026-09-08T15:11:30.5374561Z ^[[36;1melse^[[0m
Python CI / lint-format	UNKNOWN STEP	2026-09-08T15:11:30.5374898Z ^[[36;1m  skip_tool "black (format_check disabled)"^[[0m
Python CI / lint-format	UNKNOWN STEP	2026-09-08T15:11:30.5375371Z ^[[36;1m  skip_tool "docformatter (format_check disabled)"^[[0m
Python CI / lint-format	UNKNOWN STEP	2026-09-08T15:11:30.5375854Z ^[[36;1m  skip_tool "isort (format_check disabled)"^[[0m
Python CI / lint-format	UNKNOWN STEP	2026-09-08T15:11:30.5376258Z ^[[36;1mfi^[[0m
Python CI / lint-format	UNKNOWN STEP	2026-09-08T15:11:30.5376542Z ^[[36;1m^[[0m
Python CI / lint-format	UNKNOWN STEP	2026-09-08T15:11:30.5376850Z ^[[36;1mif [ "$lint_enabled" = "true" ]; then^[[0m
Python CI / lint-format	UNKNOWN STEP	2026-09-08T15:11:30.5377262Z ^[[36;1m  add_tool "$ruff_spec" "ruff"^[[0m
Python CI / lint-format	UNKNOWN STEP	2026-09-08T15:11:30.5377626Z ^[[36;1melse^[[0m
Python CI / lint-format	UNKNOWN STEP	2026-09-08T15:11:30.5377951Z ^[[36;1m  skip_tool "ruff (lint disabled)"^[[0m
Python CI / lint-format	UNKNOWN STEP	2026-09-08T15:11:30.5378326Z ^[[36;1mfi^[[0m
Python CI / lint-format	UNKNOWN STEP	2026-09-08T15:11:30.5378610Z ^[[36;1m^[[0m
Python CI / lint-format	UNKNOWN STEP	2026-09-08T15:11:30.5378916Z ^[[36;1mif [ "$mypy_enabled" = "true" ]; then^[[0m
Python CI / lint-format	UNKNOWN STEP	2026-09-08T15:11:30.5379311Z ^[[36;1m  add_tool "$mypy_spec" "mypy"^[[0m
Python CI / lint-format	UNKNOWN STEP	2026-09-08T15:11:30.5379690Z ^[[36;1melse^[[0m
Python CI / lint-format	UNKNOWN STEP	2026-09-08T15:11:30.5380045Z ^[[36;1m  skip_tool "mypy (typecheck disabled)"^[[0m
Python CI / lint-format	UNKNOWN STEP	2026-09-08T15:11:30.5380637Z ^[[36;1mfi^[[0m
Python CI / lint-format	UNKNOWN STEP	2026-09-08T15:11:30.5380935Z ^[[36;1m^[[0m
Python CI / lint-format	UNKNOWN STEP	2026-09-08T15:11:30.5381229Z ^[[36;1madd_tool "$pytest_spec" "pytest"^[[0m
Python CI / lint-format	UNKNOWN STEP	2026-09-08T15:11:30.5381658Z ^[[36;1madd_tool "$pytest_xdist_spec" "pytest-xdist"^[[0m
Python CI / lint-format	UNKNOWN STEP	2026-09-08T15:11:30.5382049Z ^[[36;1m^[[0m
Python CI / lint-format	UNKNOWN STEP	2026-09-08T15:11:30.5382367Z ^[[36;1mif [ "$coverage_enabled" = "true" ]; then^[[0m
Python CI / lint-format	UNKNOWN STEP	2026-09-08T15:11:30.5382793Z ^[[36;1m  add_tool "$pytest_cov_spec" "pytest-cov"^[[0m
Python CI / lint-format	UNKNOWN STEP	2026-09-08T15:11:30.5383221Z ^[[36;1m  add_tool "$coverage_spec" "coverage"^[[0m
Python CI / lint-format	UNKNOWN STEP	2026-09-08T15:11:30.5383592Z ^[[36;1melse^[[0m
Python CI / lint-format	UNKNOWN STEP	2026-09-08T15:11:30.5383928Z ^[[36;1m  skip_tool "pytest-cov (coverage disabled)"^[[0m
Python CI / lint-format	UNKNOWN STEP	2026-09-08T15:11:30.5384360Z ^[[36;1m  skip_tool "coverage (coverage disabled)"^[[0m
Python CI / lint-format	UNKNOWN STEP	2026-09-08T15:11:30.5384739Z ^[[36;1mfi^[[0m
Python CI / lint-format	UNKNOWN STEP	2026-09-08T15:11:30.5385014Z ^[[36;1m^[[0m
Python CI / lint-format	UNKNOWN STEP	2026-09-08T15:11:30.5385301Z ^[[36;1mif [ ${#specs[@]} -eq 0 ]; then^[[0m
Python CI / lint-format	UNKNOWN STEP	2026-09-08T15:11:30.5385795Z ^[[36;1m  echo "No install targets found; skipping dependency installation."^[[0m
Python CI / lint-format	UNKNOWN STEP	2026-09-08T15:11:30.5386283Z ^[[36;1melse^[[0m
Python CI / lint-format	UNKNOWN STEP	2026-09-08T15:11:30.5386609Z ^[[36;1m  uv pip install --system "${specs[@]}"^[[0m
Python CI / lint-format	UNKNOWN STEP	2026-09-08T15:11:30.5386989Z ^[[36;1mfi^[[0m
Python CI / lint-format	UNKNOWN STEP	2026-09-08T15:11:30.5387267Z ^[[36;1m^[[0m
Python CI / lint-format	UNKNOWN STEP	2026-09-08T15:11:30.5387547Z ^[[36;1mend_ts=$(date +%s)^[[0m
Python CI / lint-format	UNKNOWN STEP	2026-09-08T15:11:30.5387902Z ^[[36;1mduration=$((end_ts - start_ts))^[[0m
Python CI / lint-format	UNKNOWN STEP	2026-09-08T15:11:30.5388308Z ^[[36;1mif [ -n "${GITHUB_STEP_SUMMARY:-}" ]; then^[[0m
Python CI / lint-format	UNKNOWN STEP	2026-09-08T15:11:30.5388713Z ^[[36;1m  installed_label="none"^[[0m
Python CI / lint-format	UNKNOWN STEP	2026-09-08T15:11:30.5389069Z ^[[36;1m  skipped_label="none"^[[0m
Python CI / lint-format	UNKNOWN STEP	2026-09-08T15:11:30.5389452Z ^[[36;1m  if [ ${#tools_installed[@]} -gt 0 ]; then^[[0m
Python CI / lint-format	UNKNOWN STEP	2026-09-08T15:11:30.5389931Z ^[[36;1m    installed_label=$(printf '%s, ' "${tools_installed[@]}")^[[0m
Python CI / lint-format	UNKNOWN STEP	2026-09-08T15:11:30.5390635Z ^[[36;1m    installed_label=${installed_label%, }^[[0m
Python CI / lint-format	UNKNOWN STEP	2026-09-08T15:11:30.5391039Z ^[[36;1m  fi^[[0m
Python CI / lint-format	UNKNOWN STEP	2026-09-08T15:11:30.5391352Z ^[[36;1m  if [ ${#tools_skipped[@]} -gt 0 ]; then^[[0m
Python CI / lint-format	UNKNOWN STEP	2026-09-08T15:11:30.5391949Z ^[[36;1m    skipped_label=$(printf '%s, ' "${tools_skipped[@]}")^[[0m
Python CI / lint-format	UNKNOWN STEP	2026-09-08T15:11:30.5392413Z ^[[36;1m    skipped_label=${skipped_label%, }^[[0m
Python CI / lint-format	UNKNOWN STEP	2026-09-08T15:11:30.5392779Z ^[[36;1m  fi^[[0m
Python CI / lint-format	UNKNOWN STEP	2026-09-08T15:11:30.5393058Z ^[[36;1m  {^[[0m
Python CI / lint-format	UNKNOWN STEP	2026-09-08T15:11:30.5393395Z ^[[36;1m    printf '## Dependency installation timing\n'^[[0m
Python CI / lint-format	UNKNOWN STEP	2026-09-08T15:11:30.5393965Z ^[[36;1m    printf -- '- Duration: %ss\n' "$duration"^[[0m
Python CI / lint-format	UNKNOWN STEP	2026-09-08T15:11:30.5394451Z ^[[36;1m    printf -- '- Tools installed: %s\n' "$installed_label"^[[0m
Python CI / lint-format	UNKNOWN STEP	2026-09-08T15:11:30.5394989Z ^[[36;1m    printf -- '- Tools skipped (disabled): %s\n' "$skipped_label"^[[0m
Python CI / lint-format	UNKNOWN STEP	2026-09-08T15:11:30.5395482Z ^[[36;1m    if [ ${#tools_skipped[@]} -gt 0 ]; then^[[0m
Python CI / lint-format	UNKNOWN STEP	2026-09-08T15:11:30.5396049Z ^[[36;1m      printf -- '- Note: skipping %d tool(s) avoids extra setup time when disabled.\n' \^[[0m
Python CI / lint-format	UNKNOWN STEP	2026-09-08T15:11:30.5396598Z ^[[36;1m        "${#tools_skipped[@]}"^[[0m
Python CI / lint-format	UNKNOWN STEP	2026-09-08T15:11:30.5396960Z ^[[36;1m    fi^[[0m
Python CI / lint-format	UNKNOWN STEP	2026-09-08T15:11:30.5397426Z ^[[36;1m    req_hash=$(sha256sum requirements.lock 2>/dev/null | cut -d' ' -f1 || echo none)^[[0m
Python CI / lint-format	UNKNOWN STEP	2026-09-08T15:11:30.5398141Z ^[[36;1m    pyproject_hash=$(sha256sum pyproject.toml 2>/dev/null | cut -d' ' -f1 || echo none)^[[0m
Python CI / lint-format	UNKNOWN STEP	2026-09-08T15:11:30.5398736Z ^[[36;1m    printf -- '- Cache key: uv-%s-%s-%s-%s\n' \^[[0m
Python CI / lint-format	UNKNOWN STEP	2026-09-08T15:11:30.5399194Z ^[[36;1m      "Linux" \^[[0m
Python CI / lint-format	UNKNOWN STEP	2026-09-08T15:11:30.5399530Z ^[[36;1m      "$INPUT_PYTHON_VERSION" \^[[0m
Python CI / lint-format	UNKNOWN STEP	2026-09-08T15:11:30.5399909Z ^[[36;1m      "$req_hash" \^[[0m
Python CI / lint-format	UNKNOWN STEP	2026-09-08T15:11:30.5400239Z ^[[36;1m      "$pyproject_hash"^[[0m
Python CI / lint-format	UNKNOWN STEP	2026-09-08T15:11:30.5400798Z ^[[36;1m  } >>"${GITHUB_STEP_SUMMARY}"^[[0m
Python CI / lint-format	UNKNOWN STEP	2026-09-08T15:11:30.5401157Z ^[[36;1mfi^[[0m
Python CI / lint-format	UNKNOWN STEP	2026-09-08T15:11:30.5436699Z shell: /usr/bin/bash --noprofile --norc -e -o pipefail {0}
Python CI / lint-format	UNKNOWN STEP	2026-09-08T15:11:30.5437151Z env:
Python CI / lint-format	UNKNOWN STEP	2026-09-08T15:11:30.5437427Z   WORKDIR: .
Python CI / lint-format	UNKNOWN STEP	2026-09-08T15:11:30.5437750Z   WORKSPACE_ROOT: /home/runner/work/Ready/Ready
Python CI / lint-format	UNKNOWN STEP	2026-09-08T15:11:30.5438178Z   PROJECT_ROOT: /home/runner/work/Ready/Ready
Python CI / lint-format	UNKNOWN STEP	2026-09-08T15:11:30.5438666Z   NODE_PATH: /home/runner/work/Ready/Ready/.github/scripts/node_modules
Python CI / lint-format	UNKNOWN STEP	2026-09-08T15:11:30.5441866Z   GITHUB_TOKEN: ***
Python CI / lint-format	UNKNOWN STEP	2026-09-08T15:11:30.5444534Z   GH_TOKEN: ***
Python CI / lint-format	UNKNOWN STEP	2026-09-08T15:11:30.5444861Z   WORKFLOWS_APP_ID: ***
Python CI / lint-format	UNKNOWN STEP	2026-09-08T15:11:30.5452222Z   WORKFLOWS_APP_PRIVATE_KEY: ***
Python CI / lint-format	UNKNOWN STEP	2026-09-08T15:11:30.5452652Z   pythonLocation: /opt/hostedtoolcache/Python/3.12.14/x64
Python CI / lint-format	UNKNOWN STEP	2026-09-08T15:11:30.5453219Z   PKG_CONFIG_PATH: /opt/hostedtoolcache/Python/3.12.14/x64/lib/pkgconfig
Python CI / lint-format	UNKNOWN STEP	2026-09-08T15:11:30.5453746Z   Python_ROOT_DIR: /opt/hostedtoolcache/Python/3.12.14/x64
Python CI / lint-format	UNKNOWN STEP	2026-09-08T15:11:30.5454239Z   Python2_ROOT_DIR: /opt/hostedtoolcache/Python/3.12.14/x64
Python CI / lint-format	UNKNOWN STEP	2026-09-08T15:11:30.5454717Z   Python3_ROOT_DIR: /opt/hostedtoolcache/Python/3.12.14/x64
Python CI / lint-format	UNKNOWN STEP	2026-09-08T15:11:30.5455206Z   LD_LIBRARY_PATH: /opt/hostedtoolcache/Python/3.12.14/x64/lib
Python CI / lint-format	UNKNOWN STEP	2026-09-08T15:11:30.5455637Z   PRIVATE_PYPI_TOKEN: 
Python CI / lint-format	UNKNOWN STEP	2026-09-08T15:11:30.5455949Z   INPUT_LINT: true
Python CI / lint-format	UNKNOWN STEP	2026-09-08T15:11:30.5456248Z   INPUT_FORMAT_CHECK: true
Python CI / lint-format	UNKNOWN STEP	2026-09-08T15:11:30.5456583Z   INPUT_INSTALL_PROJECT_DEPS: false
Python CI / lint-format	UNKNOWN STEP	2026-09-08T15:11:30.5456943Z   INPUT_TYPECHECK: false
Python CI / lint-format	UNKNOWN STEP	2026-09-08T15:11:30.5457255Z   INPUT_RUN_MYPY: false
Python CI / lint-format	UNKNOWN STEP	2026-09-08T15:11:30.5457561Z   INPUT_COVERAGE: false
Python CI / lint-format	UNKNOWN STEP	2026-09-08T15:11:30.5457872Z   INPUT_PYTHON_VERSION: 3.12
Python CI / lint-format	UNKNOWN STEP	2026-09-08T15:11:30.5458190Z ##[endgroup]
Python CI / lint-format	UNKNOWN STEP	2026-09-08T15:11:30.5759719Z Using Python 3.12.14 environment at: /opt/hostedtoolcache/Python/3.12.14/x64
Python CI / lint-format	UNKNOWN STEP	2026-09-08T15:11:30.6758979Z Resolved 17 packages in 97ms
Python CI / lint-format	UNKNOWN STEP	2026-09-08T15:11:30.6834537Z Downloading pygments (1.2MiB)
Python CI / lint-format	UNKNOWN STEP	2026-09-08T15:11:30.7150859Z  Downloaded pygments
Python CI / lint-format	UNKNOWN STEP	2026-09-08T15:11:30.7153270Z Prepared 7 packages in 38ms
Python CI / lint-format	UNKNOWN STEP	2026-09-08T15:11:30.7254688Z Installed 17 packages in 10ms
Python CI / lint-format	UNKNOWN STEP	2026-09-08T15:11:30.7255319Z  + black==26.5.1
Python CI / lint-format	UNKNOWN STEP	2026-09-08T15:11:30.7255872Z  + charset-normalizer==3.5.1
Python CI / lint-format	UNKNOWN STEP	2026-09-08T15:11:30.7256436Z  + click==8.5.0
Python CI / lint-format	UNKNOWN STEP	2026-09-08T15:11:30.7256939Z  + docformatter==1.7.8
Python CI / lint-format	UNKNOWN STEP	2026-09-08T15:11:30.7257457Z  + execnet==2.1.2
Python CI / lint-format	UNKNOWN STEP	2026-09-08T15:11:30.7257959Z  + iniconfig==2.3.0
Python CI / lint-format	UNKNOWN STEP	2026-09-08T15:11:30.7258451Z  + isort==8.0.1
Python CI / lint-format	UNKNOWN STEP	2026-09-08T15:11:30.7259245Z  + mypy-extensions==1.1.0
Python CI / lint-format	UNKNOWN STEP	2026-09-08T15:11:30.7259793Z  + packaging==26.3
Python CI / lint-format	UNKNOWN STEP	2026-09-08T15:11:30.7260292Z  + pathspec==1.1.1
Python CI / lint-format	UNKNOWN STEP	2026-09-08T15:11:30.7261123Z  + platformdirs==4.11.7
Python CI / lint-format	UNKNOWN STEP	2026-09-08T15:11:30.7261651Z  + pluggy==1.6.0
Python CI / lint-format	UNKNOWN STEP	2026-09-08T15:11:30.7262292Z  + pygments==2.21.0
Python CI / lint-format	UNKNOWN STEP	2026-09-08T15:11:30.7262788Z  + pytest==9.1.1
Python CI / lint-format	UNKNOWN STEP	2026-09-08T15:11:30.7263295Z  + pytest-xdist==3.8.0
Python CI / lint-format	UNKNOWN STEP	2026-09-08T15:11:30.7264017Z  + pytokens==0.4.1
Python CI / lint-format	UNKNOWN STEP	2026-09-08T15:11:30.7264528Z  + ruff==0.16.5
Python CI / lint-format	UNKNOWN STEP	2026-09-08T15:11:30.7424320Z ##[group]Run set -euo pipefail
Python CI / lint-format	UNKNOWN STEP	2026-09-08T15:11:30.7424734Z ^[[36;1mset -euo pipefail^[[0m
Python CI / lint-format	UNKNOWN STEP	2026-09-08T15:11:30.7425203Z ^[[36;1m# Exclude repo-local tooling directories created during CI setup.^[[0m
Python CI / lint-format	UNKNOWN STEP	2026-09-08T15:11:30.7425859Z ^[[36;1mblack --check --line-length 100 --exclude '(\.venv|\.workflows-lib|node_modules)' .^[[0m
Python CI / lint-format	UNKNOWN STEP	2026-09-08T15:11:30.7462518Z shell: /usr/bin/bash --noprofile --norc -e -o pipefail {0}
Python CI / lint-format	UNKNOWN STEP	2026-09-08T15:11:30.7462956Z env:
Python CI / lint-format	UNKNOWN STEP	2026-09-08T15:11:30.7463222Z   WORKDIR: .
Python CI / lint-format	UNKNOWN STEP	2026-09-08T15:11:30.7463549Z   WORKSPACE_ROOT: /home/runner/work/Ready/Ready
Python CI / lint-format	UNKNOWN STEP	2026-09-08T15:11:30.7463990Z   PROJECT_ROOT: /home/runner/work/Ready/Ready
Python CI / lint-format	UNKNOWN STEP	2026-09-08T15:11:30.7464474Z   NODE_PATH: /home/runner/work/Ready/Ready/.github/scripts/node_modules
Python CI / lint-format	UNKNOWN STEP	2026-09-08T15:11:30.7467320Z   GITHUB_TOKEN: ***
Python CI / lint-format	UNKNOWN STEP	2026-09-08T15:11:30.7469983Z   GH_TOKEN: ***
Python CI / lint-format	UNKNOWN STEP	2026-09-08T15:11:30.7470290Z   WORKFLOWS_APP_ID: ***
Python CI / lint-format	UNKNOWN STEP	2026-09-08T15:11:30.7477636Z   WORKFLOWS_APP_PRIVATE_KEY: ***
Python CI / lint-format	UNKNOWN STEP	2026-09-08T15:11:30.7478119Z   pythonLocation: /opt/hostedtoolcache/Python/3.12.14/x64
Python CI / lint-format	UNKNOWN STEP	2026-09-08T15:11:30.7478680Z   PKG_CONFIG_PATH: /opt/hostedtoolcache/Python/3.12.14/x64/lib/pkgconfig
Python CI / lint-format	UNKNOWN STEP	2026-09-08T15:11:30.7479199Z   Python_ROOT_DIR: /opt/hostedtoolcache/Python/3.12.14/x64
Python CI / lint-format	UNKNOWN STEP	2026-09-08T15:11:30.7479681Z   Python2_ROOT_DIR: /opt/hostedtoolcache/Python/3.12.14/x64
Python CI / lint-format	UNKNOWN STEP	2026-09-08T15:11:30.7480158Z   Python3_ROOT_DIR: /opt/hostedtoolcache/Python/3.12.14/x64
Python CI / lint-format	UNKNOWN STEP	2026-09-08T15:11:30.7480888Z   LD_LIBRARY_PATH: /opt/hostedtoolcache/Python/3.12.14/x64/lib
Python CI / lint-format	UNKNOWN STEP	2026-09-08T15:11:30.7481315Z ##[endgroup]
Python CI / lint-format	UNKNOWN STEP	2026-09-08T15:11:31.7172437Z would reformat /home/runner/work/Ready/Ready/research-program/artifacts/audits/Fine-Art-Archive-2026-09-05-resume/finalize.py
Python CI / lint-format	UNKNOWN STEP	2026-09-08T15:11:31.7252412Z would reformat /home/runner/work/Ready/Ready/research-program/artifacts/audits/Travel-Plan-Permission-2026-09-05-assets/expense-proof.py
Python CI / lint-format	UNKNOWN STEP	2026-09-08T15:11:31.7982576Z would reformat /home/runner/work/Ready/Ready/research-program/artifacts/audits/Fine-Art-Archive-2026-09-05-resume/reproduce.py
Python CI / lint-format	UNKNOWN STEP	2026-09-08T15:11:31.8122348Z would reformat /home/runner/work/Ready/Ready/research-program/artifacts/audits/Travel-Plan-Permission-2026-09-05-assets/serve-seeded.py
Python CI / lint-format	UNKNOWN STEP	2026-09-08T15:11:31.8162104Z would reformat /home/runner/work/Ready/Ready/research-program/artifacts/audits/Travel-Plan-Permission-2026-09-05-assets/run-panel.py
Python CI / lint-format	UNKNOWN STEP	2026-09-08T15:11:31.8191946Z would reformat /home/runner/work/Ready/Ready/research-program/artifacts/audits/Travel-Plan-Permission-2026-09-05-assets/serve.py
Python CI / lint-format	UNKNOWN STEP	2026-09-08T15:11:31.8692528Z would reformat /home/runner/work/Ready/Ready/research-program/artifacts/audits/Travel-Plan-Permission-2026-09-05-assets/finalize.py
Python CI / lint-format	UNKNOWN STEP	2026-09-08T15:11:31.9902487Z would reformat /home/runner/work/Ready/Ready/research-program/artifacts/audits/paem-20260907/finalize_report.py
Python CI / lint-format	UNKNOWN STEP	2026-09-08T15:11:32.0021832Z would reformat /home/runner/work/Ready/Ready/research-program/artifacts/audits/lms-20260908-reconciliation/reproduce.py
Python CI / lint-format	UNKNOWN STEP	2026-09-08T15:11:32.0192186Z would reformat /home/runner/work/Ready/Ready/research-program/artifacts/audits/Travel-Plan-Permission-2026-09-05-assets/write-issues.py
Python CI / lint-format	UNKNOWN STEP	2026-09-08T15:11:32.0532197Z would reformat /home/runner/work/Ready/Ready/research-program/artifacts/audits/paem-20260907/probe_cli_plotly7.py
Python CI / lint-format	UNKNOWN STEP	2026-09-08T15:11:32.0611987Z would reformat /home/runner/work/Ready/Ready/research-program/artifacts/audits/paem-20260907/probe_cli_bundle.py
Python CI / lint-format	UNKNOWN STEP	2026-09-08T15:11:32.0672078Z would reformat /home/runner/work/Ready/Ready/research-program/artifacts/audits/paem-20260907/probe_cvar_interval.py
Python CI / lint-format	UNKNOWN STEP	2026-09-08T15:11:32.0711955Z would reformat /home/runner/work/Ready/Ready/research-program/artifacts/audits/paem-20260907/probe_installed_sample.py
Python CI / lint-format	UNKNOWN STEP	2026-09-08T15:11:32.0922281Z would reformat /home/runner/work/Ready/Ready/research-program/artifacts/audits/paem-20260907/probe_run_logs_apptest.py
Python CI / lint-format	UNKNOWN STEP	2026-09-08T15:11:32.1041955Z would reformat /home/runner/work/Ready/Ready/research-program/artifacts/audits/paem-20260907/numeric_repro.py
Python CI / lint-format	UNKNOWN STEP	2026-09-08T15:11:32.1102473Z would reformat /home/runner/work/Ready/Ready/research-program/artifacts/audits/paem-20260907/repros/repro_bundle_index_hash_verify.py
Python CI / lint-format	UNKNOWN STEP	2026-09-08T15:11:32.1252025Z would reformat /home/runner/work/Ready/Ready/research-program/artifacts/audits/paem-20260907/repros/repro_manifest_missing_data_files.py
Python CI / lint-format	UNKNOWN STEP	2026-09-08T15:11:32.1311986Z would reformat /home/runner/work/Ready/Ready/research-program/artifacts/audits/paem-20260907/repros/repro_pip_asset_sample_missing.py
Python CI / lint-format	UNKNOWN STEP	2026-09-08T15:11:32.1401956Z would reformat /home/runner/work/Ready/Ready/research-program/artifacts/audits/paem-20260907/repros/repro_manifest_relative_cwd.py
Python CI / lint-format	UNKNOWN STEP	2026-09-08T15:11:32.1461944Z would reformat /home/runner/work/Ready/Ready/research-program/artifacts/audits/paem-20260907/repros/repro_bundle_manifest_stale.py
Python CI / lint-format	UNKNOWN STEP	2026-09-08T15:11:32.1942033Z would reformat /home/runner/work/Ready/Ready/research-program/artifacts/audits/paem-20260907/repros/repro_run_logs_stale_manifest.py
Python CI / lint-format	UNKNOWN STEP	2026-09-08T15:11:32.2141869Z would reformat /home/runner/work/Ready/Ready/research-program/artifacts/audits/tpp-20260907-recovery/reproduce.py
Python CI / lint-format	UNKNOWN STEP	2026-09-08T15:11:32.2862259Z would reformat /home/runner/work/Ready/Ready/research-program/artifacts/audits/paem-20260907/write_issue_drafts.py
Python CI / lint-format	UNKNOWN STEP	2026-09-08T15:11:34.8789657Z 
Python CI / lint-format	UNKNOWN STEP	2026-09-08T15:11:34.8790905Z Oh no! 💥 💔 💥
Python CI / lint-format	UNKNOWN STEP	2026-09-08T15:11:34.8791830Z 24 files would be reformatted, 80 files would be left unchanged.
Python CI / lint-format	UNKNOWN STEP	2026-09-08T15:11:34.9053326Z ##[error]Process completed with exit code 1.
Python CI / lint-format	UNKNOWN STEP	2026-09-08T15:11:34.9120134Z ##[group]Run set -euo pipefail
Python CI / lint-format	UNKNOWN STEP	2026-09-08T15:11:34.9120863Z ^[[36;1mset -euo pipefail^[[0m
Python CI / lint-format	UNKNOWN STEP	2026-09-08T15:11:34.9121313Z ^[[36;1mecho "outcome=${FORMAT_OUTCOME}" >> "${GITHUB_OUTPUT}"^[[0m
Python CI / lint-format	UNKNOWN STEP	2026-09-08T15:11:34.9121859Z ^[[36;1mif [ -n "${GITHUB_STEP_SUMMARY:-}" ]; then^[[0m
Python CI / lint-format	UNKNOWN STEP	2026-09-08T15:11:34.9122285Z ^[[36;1m  {^[[0m
Python CI / lint-format	UNKNOWN STEP	2026-09-08T15:11:34.9122603Z ^[[36;1m    printf '## Format check\n'^[[0m
Python CI / lint-format	UNKNOWN STEP	2026-09-08T15:11:34.9123068Z ^[[36;1m    printf -- '- Outcome: %s\n' "${FORMAT_OUTCOME}"^[[0m
Python CI / lint-format	UNKNOWN STEP	2026-09-08T15:11:34.9123528Z ^[[36;1m  } >>"${GITHUB_STEP_SUMMARY}"^[[0m
Python CI / lint-format	UNKNOWN STEP	2026-09-08T15:11:34.9123893Z ^[[36;1mfi^[[0m
Python CI / lint-format	UNKNOWN STEP	2026-09-08T15:11:34.9124333Z ^[[36;1mif [ "${FORMAT_OUTCOME}" != "success" ] && [ "${FORMAT_OUTCOME}" != "skipped" ]; then^[[0m
Python CI / lint-format	UNKNOWN STEP	2026-09-08T15:11:34.9125040Z ^[[36;1m  printf 'Format check failed with outcome: %s\n' "${FORMAT_OUTCOME}" >&2^[[0m
Python CI / lint-format	UNKNOWN STEP	2026-09-08T15:11:34.9125536Z ^[[36;1m  exit 1^[[0m
Python CI / lint-format	UNKNOWN STEP	2026-09-08T15:11:34.9125837Z ^[[36;1mfi^[[0m
Python CI / lint-format	UNKNOWN STEP	2026-09-08T15:11:34.9161975Z shell: /usr/bin/bash --noprofile --norc -e -o pipefail {0}
Python CI / lint-format	UNKNOWN STEP	2026-09-08T15:11:34.9162447Z env:
Python CI / lint-format	UNKNOWN STEP	2026-09-08T15:11:34.9162742Z   WORKDIR: .
Python CI / lint-format	UNKNOWN STEP	2026-09-08T15:11:34.9163092Z   WORKSPACE_ROOT: /home/runner/work/Ready/Ready
Python CI / lint-format	UNKNOWN STEP	2026-09-08T15:11:34.9163557Z   PROJECT_ROOT: /home/runner/work/Ready/Ready
Python CI / lint-format	UNKNOWN STEP	2026-09-08T15:11:34.9164074Z   NODE_PATH: /home/runner/work/Ready/Ready/.github/scripts/node_modules
Python CI / lint-format	UNKNOWN STEP	2026-09-08T15:11:34.9167136Z   GITHUB_TOKEN: ***
Python CI / lint-format	UNKNOWN STEP	2026-09-08T15:11:34.9169933Z   GH_TOKEN: ***
Python CI / lint-format	UNKNOWN STEP	2026-09-08T15:11:34.9170261Z   WORKFLOWS_APP_ID: ***
Python CI / lint-format	UNKNOWN STEP	2026-09-08T15:11:34.9177758Z   WORKFLOWS_APP_PRIVATE_KEY: ***
Python CI / lint-format	UNKNOWN STEP	2026-09-08T15:11:34.9178185Z   pythonLocation: /opt/hostedtoolcache/Python/3.12.14/x64
Python CI / lint-format	UNKNOWN STEP	2026-09-08T15:11:34.9178736Z   PKG_CONFIG_PATH: /opt/hostedtoolcache/Python/3.12.14/x64/lib/pkgconfig
Python CI / lint-format	UNKNOWN STEP	2026-09-08T15:11:34.9179255Z   Python_ROOT_DIR: /opt/hostedtoolcache/Python/3.12.14/x64
Python CI / lint-format	UNKNOWN STEP	2026-09-08T15:11:34.9179734Z   Python2_ROOT_DIR: /opt/hostedtoolcache/Python/3.12.14/x64
Python CI / lint-format	UNKNOWN STEP	2026-09-08T15:11:34.9180210Z   Python3_ROOT_DIR: /opt/hostedtoolcache/Python/3.12.14/x64
Python CI / lint-format	UNKNOWN STEP	2026-09-08T15:11:34.9180964Z   LD_LIBRARY_PATH: /opt/hostedtoolcache/Python/3.12.14/x64/lib
Python CI / lint-format	UNKNOWN STEP	2026-09-08T15:11:34.9181396Z   FORMAT_OUTCOME: failure
Python CI / lint-format	UNKNOWN STEP	2026-09-08T15:11:34.9181722Z ##[endgroup]
Python CI / lint-format	UNKNOWN STEP	2026-09-08T15:11:34.9242137Z Format check failed with outcome: failure
Python CI / lint-format	UNKNOWN STEP	2026-09-08T15:11:34.9245408Z ##[error]Process completed with exit code 1.
Python CI / lint-format	UNKNOWN STEP	2026-09-08T15:11:34.9355076Z Post job cleanup.
Python CI / lint-format	UNKNOWN STEP	2026-09-08T15:11:35.0159246Z [command]/usr/bin/git version
Python CI / lint-format	UNKNOWN STEP	2026-09-08T15:11:35.0204756Z git version 2.55.0
Python CI / lint-format	UNKNOWN STEP	2026-09-08T15:11:35.0243049Z Temporarily overriding HOME='/home/runner/work/_temp/154c979e-13e6-48f6-a4fb-3f2577db408c' before making global git config changes
Python CI / lint-format	UNKNOWN STEP	2026-09-08T15:11:35.0244792Z Adding repository directory to the temporary git global config as a safe directory
Python CI / lint-format	UNKNOWN STEP	2026-09-08T15:11:35.0249108Z [command]/usr/bin/git config --global --add safe.directory /home/runner/work/Ready/Ready
Python CI / lint-format	UNKNOWN STEP	2026-09-08T15:11:35.0279037Z Removing SSH command configuration
Python CI / lint-format	UNKNOWN STEP	2026-09-08T15:11:35.0285953Z [command]/usr/bin/git config --local --name-only --get-regexp core\.sshCommand
Python CI / lint-format	UNKNOWN STEP	2026-09-08T15:11:35.0320894Z [command]/usr/bin/git submodule foreach --recursive sh -c "git config --local --name-only --get-regexp 'core\.sshCommand' && git config --local --unset-all 'core.sshCommand' || :"
Python CI / lint-format	UNKNOWN STEP	2026-09-08T15:11:35.0545573Z Removing HTTP extra header
Python CI / lint-format	UNKNOWN STEP	2026-09-08T15:11:35.0553396Z [command]/usr/bin/git config --local --name-only --get-regexp http\.https\:\/\/github\.com\/\.extraheader
Python CI / lint-format	UNKNOWN STEP	2026-09-08T15:11:35.0587882Z [command]/usr/bin/git submodule foreach --recursive sh -c "git config --local --name-only --get-regexp 'http\.https\:\/\/github\.com\/\.extraheader' && git config --local --unset-all 'http.https://github.com/.extraheader' || :"
Python CI / lint-format	UNKNOWN STEP	2026-09-08T15:11:35.0812647Z Removing includeIf entries pointing to credentials config files
Python CI / lint-format	UNKNOWN STEP	2026-09-08T15:11:35.0819368Z [command]/usr/bin/git config --local --name-only --get-regexp ^includeIf\.gitdir:
Python CI / lint-format	UNKNOWN STEP	2026-09-08T15:11:35.0848405Z includeif.gitdir:/home/runner/work/Ready/Ready/.git.path
Python CI / lint-format	UNKNOWN STEP	2026-09-08T15:11:35.0849845Z includeif.gitdir:/home/runner/work/Ready/Ready/.git/worktrees/*.path
Python CI / lint-format	UNKNOWN STEP	2026-09-08T15:11:35.0851290Z includeif.gitdir:/github/workspace/.git.path
Python CI / lint-format	UNKNOWN STEP	2026-09-08T15:11:35.0852395Z includeif.gitdir:/github/workspace/.git/worktrees/*.path
Python CI / lint-format	UNKNOWN STEP	2026-09-08T15:11:35.0858537Z [command]/usr/bin/git config --local --get-all includeif.gitdir:/home/runner/work/Ready/Ready/.git.path
Python CI / lint-format	UNKNOWN STEP	2026-09-08T15:11:35.0880122Z /home/runner/work/_temp/git-credentials-560ba453-2b2f-4150-8bd4-faa90c70dd78.config
Python CI / lint-format	UNKNOWN STEP	2026-09-08T15:11:35.0890275Z [command]/usr/bin/git config --local --unset includeif.gitdir:/home/runner/work/Ready/Ready/.git.path \/home\/runner\/work\/_temp\/git\-credentials\-560ba453\-2b2f\-4150\-8bd4\-faa90c70dd78\.config
Python CI / lint-format	UNKNOWN STEP	2026-09-08T15:11:35.0924736Z [command]/usr/bin/git config --local --get-all includeif.gitdir:/home/runner/work/Ready/Ready/.git/worktrees/*.path
Python CI / lint-format	UNKNOWN STEP	2026-09-08T15:11:35.0948007Z /home/runner/work/_temp/git-credentials-560ba453-2b2f-4150-8bd4-faa90c70dd78.config
Python CI / lint-format	UNKNOWN STEP	2026-09-08T15:11:35.0959029Z [command]/usr/bin/git config --local --unset includeif.gitdir:/home/runner/work/Ready/Ready/.git/worktrees/*.path \/home\/runner\/work\/_temp\/git\-credentials\-560ba453\-2b2f\-4150\-8bd4\-faa90c70dd78\.config
Python CI / lint-format	UNKNOWN STEP	2026-09-08T15:11:35.0990612Z [command]/usr/bin/git config --local --get-all includeif.gitdir:/github/workspace/.git.path
Python CI / lint-format	UNKNOWN STEP	2026-09-08T15:11:35.1013405Z /github/runner_temp/git-credentials-560ba453-2b2f-4150-8bd4-faa90c70dd78.config
Python CI / lint-format	UNKNOWN STEP	2026-09-08T15:11:35.1021379Z [command]/usr/bin/git config --local --unset includeif.gitdir:/github/workspace/.git.path \/github\/runner_temp\/git\-credentials\-560ba453\-2b2f\-4150\-8bd4\-faa90c70dd78\.config
Python CI / lint-format	UNKNOWN STEP	2026-09-08T15:11:35.1051825Z [command]/usr/bin/git config --local --get-all includeif.gitdir:/github/workspace/.git/worktrees/*.path
Python CI / lint-format	UNKNOWN STEP	2026-09-08T15:11:35.1078986Z /github/runner_temp/git-credentials-560ba453-2b2f-4150-8bd4-faa90c70dd78.config
Python CI / lint-format	UNKNOWN STEP	2026-09-08T15:11:35.1086829Z [command]/usr/bin/git config --local --unset includeif.gitdir:/github/workspace/.git/worktrees/*.path \/github\/runner_temp\/git\-credentials\-560ba453\-2b2f\-4150\-8bd4\-faa90c70dd78\.config
Python CI / lint-format	UNKNOWN STEP	2026-09-08T15:11:35.1120891Z [command]/usr/bin/git submodule foreach --recursive git config --local --show-origin --name-only --get-regexp remote.origin.url
Python CI / lint-format	UNKNOWN STEP	2026-09-08T15:11:35.1356622Z Removing credentials config '/home/runner/work/_temp/git-credentials-560ba453-2b2f-4150-8bd4-faa90c70dd78.config'
Python CI / lint-format	UNKNOWN STEP	2026-09-08T15:11:35.1564455Z Post job cleanup.
Python CI / lint-format	UNKNOWN STEP	2026-09-08T15:11:35.2510841Z Evaluate and set job outputs
Python CI / lint-format	UNKNOWN STEP	2026-09-08T15:11:35.2515714Z Set output 'format_outcome'
Python CI / lint-format	UNKNOWN STEP	2026-09-08T15:11:35.2517757Z Cleaning up orphan processes
